work_key,doi,title,venue,venue_type,publication_date,type,lang,axis_primary,axis_secondary,lens,mechanism_centrality,first_author_institution,cited_by_count,oa_status,in_depth_tier
10.1088/1674-4926/26010044,10.1088/1674-4926/26010044,Pyroelectrically enhanced high-sensitivity self-powered position-sensitive detector based on ZnO/P(VDF-TrFE)-MAPbI 3 heterojunction with multifunctional imaging capability,Journal of Semiconductors,journal,2026-08-01,article,en,composition,,experimental,0.0,Affiliated Hospital Of Chengde Medical College,2,closed,0
10.1016/j.joule.2026.102645,10.1016/j.joule.2026.102645,"CsCl seed layer homogenizes co-evaporated perovskite growth for high-efficiency, fully textured perovskite-silicon tandem solar cells",Joule,journal,2026-08-01,article,en,architecture,,experimental,0.1935,,0,hybrid,1
10.1016/j.joule.2026.102635,10.1016/j.joule.2026.102635,Scalable dual-step deposition of cascaded nickel oxide enables high-efficiency inverted perovskite solar cells and mini-modules,Joule,journal,2026-08-01,article,en,scale_up,,experimental,0.0606,Ingenierie Des Materiaux Polymeres,0,green,0
10.1016/j.nxener.2026.100867,10.1016/j.nxener.2026.100867,Comprehensive multiscale analysis and performance optimization of triple-layer perovskite solar cell,Next Energy,journal,2026-08-01,article,en,interfaces,,theory,0.16,Netaji Subhas University Of Technology,0,gold,0
10.1016/j.apenergy.2026.128576,10.1016/j.apenergy.2026.128576,Turning current mismatch into advantage: suppressing hysteresis and improving operational stability in two-terminal perovskite/silicon tandem solar cells,Applied Energy,journal,2026-08-01,article,en,architecture,stability,experimental,0.0968,,0,hybrid,0
10.1002/adma.74469,10.1002/adma.74469,Synergistic Crystallization Regulation by Substituent Electronic Effects of Polyfluoroarenes Toward Large Area Perovskite Solar Module Fabrication,Advanced Materials,journal,2026-08-01,article,en,scale_up,,scale_up,0.1212,Ingenierie Des Materiaux Polymeres,0,closed,1
10.1007/s43621-026-04206-5,10.1007/s43621-026-04206-5,SCAPS-1dD and explainable machine learning framework for performance optimization of lead-free $$\hbox {Cs}_{2}\hbox {AgInBr}_{6}$$ double perovskite solar cells,Discover Sustainability,journal,2026-08-01,article,en,composition,,theory,0.1667,Symbiosis International University,0,gold,0
10.1002/adma.74388,10.1002/adma.74388,Crystallization Modulation for Stable Wide‐Bandgap Perovskite Solar Cells and Modules,Advanced Materials,journal,2026-08-01,article,en,composition,architecture,review,0.05,City University Of Hong Kong,0,closed,1
10.1002/ente.70607,10.1002/ente.70607,Ambient Processing of Large‐Area and Fully Slot‐Die‐Coated MAPbI 3 Perovskite Solar Cells,Energy Technology,journal,2026-08-01,article,en,interfaces,,experimental,0.08,Universidade Do Porto,0,closed,1
10.1016/j.joule.2026.102599,10.1016/j.joule.2026.102599,Inline millisecond subcell current metrology for perovskite/silicon tandem solar cells,Joule,journal,2026-08-01,article,en,architecture,,experimental,0.0968,,0,closed,0
10.1016/j.joule.2026.102597,10.1016/j.joule.2026.102597,Interfacial charge transfer acceleration and thermal stress release for high-performance perovskite/silicon tandem solar cells,Joule,journal,2026-08-01,article,en,architecture,,experimental,0.0968,Wuhan University,0,closed,0
10.1016/j.joule.2026.102600,10.1016/j.joule.2026.102600,Topology-governed self-assembled monolayers enable perovskite solar cells stable at −100°C to +100°C,Joule,journal,2026-08-01,article,en,composition,,experimental,0.0,Ulsan National,0,closed,0
10.1016/j.matlit.2026.100069,10.1016/j.matlit.2026.100069,Universal buried-interface engineering via a multifunctional interlayer for Pb- and Sn-halide perovskite solar cells,Matter & Light,journal,2026-08-01,article,en,interfaces,,experimental,0.08,Hanyang University,0,hybrid,0
10.1002/adts.70491,10.1002/adts.70491,Exploring the Potential of CsGeI 3 Photovoltaics: Simulation Based Investigation for Optimal Device Configuration and Efficiency,Advanced Theory and Simulations,journal,2026-08-01,article,en,interfaces,,theory,0.16,National,0,closed,0
10.1016/j.checir.2026.100101,10.1016/j.checir.2026.100101,Upcycling lead waste for circular photovoltaics,Chem Circularity,journal,2026-08-01,article,en,composition,,experimental,0.0,Pohang University Of Science And Technology,0,closed,0
10.1007/s13204-026-03184-4,10.1007/s13204-026-03184-4,"Machine learning-assisted first-principles investigation of structural, electronic, and photovoltaic properties of perovskite materials",Applied Nanoscience,journal,2026-08-01,article,en,composition,,theory,0.0,Itm University,0,closed,0
10.1002/ente.70559,10.1002/ente.70559,Defect Passivation and Stability Enhancement in Perovskite Solar Cells for Tandem Devices Using 2D Materials: A Review,Energy Technology,journal,2026-08-01,article,en,defects,,review,0.2955,Shenzhen University,0,closed,1
10.1002/rar2.70465,10.1002/rar2.70465,Electron‐Donating Multifunctional Molecules: A Strategy for High‐Performance Perovskite Solar Cells,Rare Metals,journal,2026-08-01,article,en,defects,,review,0.1136,Henan Academy Of Sciences,0,hybrid,1
10.1016/j.chempr.2026.103193,10.1016/j.chempr.2026.103193,Multidentate anchoring molecule-assisted blade-coated self-assembled monolayer for scalable and stable perovskite photovoltaics,Chem,journal,2026-08-01,article,en,interfaces,,experimental,0.12,Qingdao University Of Science And Technology,0,closed,0
10.1007/s10854-026-18192-x,10.1007/s10854-026-18192-x,Enhanced photoanodic charge transfer in dye-sensitized solar cells using Thespesia populnea leaf extract as natural sensitizer via synergistic strontium titanate and gadolinium-doped TiO2 nanocomposites,Journal of Materials Science Materials in Electronics,journal,2026-08-01,article,en,composition,,experimental,0.0,Koneru Lakshmaiah Education Foundation,0,closed,0
10.1016/j.cpblue.2026.100084,10.1016/j.cpblue.2026.100084,Solvent engineering with hexafluorobenzene for reproducible 2D/3D perovskite heterojunction solar cells,Cell Press Blue,journal,2026-08-01,article,en,composition,,experimental,0.1,King Abdullah University Of Science And Technology,0,hybrid,0
10.1002/aelm.70539,10.1002/aelm.70539,Proton Irradiation Tolerance of Fully Printed Self‐Powered Carbon‐Electrode Perovskite Photodetectors,Advanced Electronic Materials,journal,2026-08-01,article,en,defects,,experimental,0.0455,Astana Medical University,0,gold,0
10.1002/adts.70512,10.1002/adts.70512,Harnessing Machine Learning to Predict and Optimize the Performance of MASnI 3 /FASnI 3 Double‐Absorber Lead‐Free Perovskite Solar Cells,Advanced Theory and Simulations,journal,2026-08-01,article,en,composition,,theory,0.0167,National,0,closed,0
10.1002/ente.70616,10.1002/ente.70616,Elucidating the Inverse Relation Between Current Density and Electron Transport Layer Thickness in Perovskite‐Based Organic In‐Organic Heterojunction Solar Cells,Energy Technology,journal,2026-08-01,article,en,interfaces,,experimental,0.12,University Of The Punjab,0,hybrid,1
10.1002/slct.74174,10.1002/slct.74174,DFT Investigation of the Influence of Be Substitution on the Physical Properties of CsCdCl 3 Perovskite,ChemistrySelect,journal,2026-08-01,article,en,composition,,theory,0.0,Khwaja Fareed University Of Engineering And Information Technology,0,closed,0
10.1002/adma.74507,10.1002/adma.74507,Lattice‐Matched 2D Template Enables Efficient Cesium Tin Halide Perovskite Solar Cells (Adv. Mater. 45/2026),Advanced Materials,journal,2026-08-01,article,en,defects,,experimental,0.0682,The University Of Queensland,0,closed,0
10.1002/smsc.70379,10.1002/smsc.70379,Scalable Coating of Spatially Uniform WBG Perovskites via Inhibiting SAM Aggregation for Flexible All‐Perovskite Tandem Modules,Small Science,journal,2026-08-01,article,en,scale_up,interfaces,experimental,0.1061,Swiss Federal Laboratories For Materials Science And Technology,0,gold,0
10.1016/j.joule.2026.102637,10.1016/j.joule.2026.102637,Supramolecular coordination homogenizes multi-cation wide-band-gap perovskites for high-voltage all-perovskite tandem solar cells,Joule,journal,2026-08-01,article,en,architecture,,experimental,0.1935,City University Of Hong Kong,0,closed,0
10.1007/s10854-026-18243-3,10.1007/s10854-026-18243-3,"Enhancement of carbon-based perovskite solar cell performance through additive engineering using 2,4-dichlorobenzoic acid",Journal of Materials Science Materials in Electronics,journal,2026-08-01,article,en,composition,,experimental,0.0333,,0,closed,0
10.1002/cnma.70352,10.1002/cnma.70352,Solvent Selection for Deposition of Benzodithiophene‐Based Hole Transport Layer Determines Perovskite Solar Cell Efficiency,ChemNanoMat,journal,2026-08-01,article,en,interfaces,,experimental,0.08,Skolkovo,0,closed,0
10.1016/j.joule.2026.102636,10.1016/j.joule.2026.102636,Ordered liquid crystal-SAM supramolecules stabilize perovskite interfaces,Joule,journal,2026-08-01,article,en,,,,,Tianjin University,0,closed,0
10.1016/j.cclet.2026.113323,10.1016/j.cclet.2026.113323,Recent advances in carbon-based materials for hole transport layer-free perovskite solar cells: A mini review,Chinese Chemical Letters,journal,2026-08-01,article,en,interfaces,,review,0.08,Shenzhen University,0,closed,0
10.1016/j.esen.2026.100120,10.1016/j.esen.2026.100120,Vacuum-deposited self-assembled monolayers: A scalable paradigm in perovskite–silicon tandem solar cells,eScience Energy,journal,2026-08-01,article,en,architecture,,review,0.0968,Shenzhen University,0,hybrid,0
10.1016/j.esen.2026.100121,10.1016/j.esen.2026.100121,Aggregation controlled homogeneous 2D capping layer for efficient perovskite solar cells and modules,eScience Energy,journal,2026-08-01,article,en,stability,,experimental,0.0909,East China Normal University,0,hybrid,0
10.1016/j.cclet.2026.113324,10.1016/j.cclet.2026.113324,Isomerization of π-bridge phenylcarbazole in D-π-D-type hole-transporting materials for perovskite solar cells: Theoretical and experimental study,Chinese Chemical Letters,journal,2026-08-01,article,en,composition,,experimental,0.0,Southwest University,0,closed,0
10.1002/sstr.70585,10.1002/sstr.70585,Ultra‐Thin Polyimide‐Embedded Carbon Nanotube‐Based Transparent Conductor and Its Application to Foldable Perovskite Solar Cells,Small Structures,journal,2026-08-01,article,en,composition,,experimental,0.0,,0,gold,0
10.1002/adts.70529,10.1002/adts.70529,Advanced Modeling of CdTe BSF‐Based Multi‐Layer Antimony Chalcogenide (Sb 2 Se 3 /Sb 2 S 3 ) Double Absorber Solar Cells: Optimization of Key Physical Parameters Using SCAPS‐1D,Advanced Theory and Simulations,journal,2026-08-01,article,en,interfaces,,theory,0.08,National,0,closed,0
10.1002/pssb.70305,10.1002/pssb.70305,Excitonic Features in Optical Permittivity of Polycrystalline Metal‐Halide Perovskite Layers Described by an Extension of the Elliott–Tanguy Model With Gaussian Distributed Bandgap Energies,physica status solidi (b),journal,2026-08-01,article,en,composition,,experimental,0.0,Institut Für Solarenergieforschung,0,closed,0
10.1002/smsc.70329,10.1002/smsc.70329,Luminescent Imaging of the Reverse Bias Behavior of Perovskite Solar Cells Using ReBEL,Small Science,journal,2026-08-01,article,en,stability,,experimental,0.0758,Delft University Of Technology,0,gold,0
10.1016/j.joule.2026.102644,10.1016/j.joule.2026.102644,Steric-gated dual-site chelation enables 27.3% efficient perovskite solar cells and ultra-stable 22% bifacial modules,Joule,journal,2026-08-01,article,en,composition,,experimental,0.0,Hebei University Of Technology,0,closed,0
10.1016/j.ceramint.2026.08.387,10.1016/j.ceramint.2026.08.387,Ultra-high stability and tunable full-color luminescence of lead-free NaYF4:Eu@CsGeBr3 core-shell structure through resin coating via 3D printing,Ceramics International,journal,2026-08-01,article,en,composition,,experimental,0.1,Heilongjiang University,0,closed,0
10.1016/j.greenca.2026.08.003,10.1016/j.greenca.2026.08.003,Perovskite-driven artificial photosynthesis: A perspective,Green Carbon,journal,2026-08-01,article,en,architecture,,review,0.0484,École Polytechnique Fédérale De Lausanne,0,diamond,0
10.1016/j.cpblue.2026.100105,10.1016/j.cpblue.2026.100105,Advancing perovskite photovoltaics lifetimes with high-impact research—An industrial perspective,Cell Press Blue,journal,2026-08-01,article,en,stability,,review,0.0152,Oxford Photovoltaics (united Kingdom),0,hybrid,0
10.1007/s10854-026-18307-4,10.1007/s10854-026-18307-4,Boosting the stability of FAPbI3 perovskite films by doping with bismuth for solar cells,Journal of Materials Science Materials in Electronics,journal,2026-08-01,article,en,composition,,experimental,0.0,Université Nangui Abrogoua,0,closed,0
10.1002/aenm.71345,10.1002/aenm.71345,Sputtering Mechanism of an Unsintered Organic–Inorganic Sputtering Target for Perovskite Solar Cells (Adv. Energy Mater. 32/2026),Advanced Energy Materials,journal,2026-08-01,article,en,scale_up,,experimental,0.0303,Sungkyunkwan University,0,bronze,1
10.1016/j.joule.2026.102646,10.1016/j.joule.2026.102646,Impact of silicon substrate topography on sequentially evaporated perovskite film growth,Joule,journal,2026-08-01,article,en,architecture,,experimental,0.1452,University Of Freiburg,0,hybrid,1
10.56975/ijvra.v4i8.710333,10.56975/ijvra.v4i8.710333,Interface-Engineered Lead-Free FASnI₃ Perovskite Solar Cell with NiO and CeO₂ Charge-Transport Layers: A SCAPS-1D Numerical Study,International Journal of Versatile Research and Analysis,journal,2026-08-01,article,en,interfaces,,theory,0.2,Madurai Kamaraj University,0,hybrid,0
10.56975/ijvra.v4i8.710330,10.56975/ijvra.v4i8.710330,SCAPS-1D-Based Design and Multivariable Optimization of a Lead-Free FTO/CeO₂/FASnI₃/CuSbS₂ Perovskite Solar Cell,International Journal of Versatile Research and Analysis,journal,2026-08-01,article,en,composition,,theory,0.1167,Madurai Kamaraj University,0,hybrid,0
10.1002/adfm.77664,10.1002/adfm.77664,Extremely Long Electron Lifetime in Spontaneously Passivated Polycrystalline Perovskite Layers via Illumination‐Assisted Trap Filling (Adv. Funct. Mater. 69/2026),Advanced Functional Materials,journal,2026-08-01,article,en,defects,,experimental,0.1364,National,0,bronze,0
10.1016/j.xinn.2026.101544,10.1016/j.xinn.2026.101544,Gradient-Doped SnO2 for Perovskite Photovoltaics,The Innovation,journal,2026-08-01,article,en,composition,,experimental,0.0,,0,gold,0
10.1007/s10854-026-18318-1,10.1007/s10854-026-18318-1,Optoelectronic properties of methylammonium bismuth iodide chloride (MA3Bi2IxCl9-x) (x=3) perovskite nanoparticles,Journal of Materials Science Materials in Electronics,journal,2026-08-01,article,en,composition,,experimental,0.0,Amet University,0,closed,0
10.56975/ijvra.v4i8.710334,10.56975/ijvra.v4i8.710334,Scaps -1D-Based Numerical Optimization MApbl3 Perovskite solar cells of Enhancement photovoltaic performance,International Journal of Versatile Research and Analysis,journal,2026-08-01,article,en,interfaces,,theory,0.16,Madurai Kamaraj University,0,hybrid,0
10.1016/j.cpblue.2026.100104,10.1016/j.cpblue.2026.100104,Modulation on energy band bending for balanced charge transport in high-efficiency perovskite solar cells,Cell Press Blue,journal,2026-08-01,article,en,defects,stability,experimental,0.0682,Nanjing Tech University,0,hybrid,0
10.1016/j.rineng.2026.112717,10.1016/j.rineng.2026.112717,Multi-Scale Simulation and Optimization of Semi-Transparent Perovskite Solar Cells for Building-Integrated Photovoltaics under Tropical Conditions,Results in Engineering,journal,2026-08-01,article,en,composition,,theory,0.0,Bangladesh University Of Business And Technology,0,gold,0
10.1002/pssa.70466,10.1002/pssa.70466,"Effects of Lanthanoid Codoping on Hysteresis Suppression, Long‐Term Stability, and Fill Factor Improvement in Perovskite Solar Cells",physica status solidi (a),journal,2026-08-02,article,en,defects,,experimental,0.1818,University Of Shiga Prefecture,0,closed,0
10.1016/j.inoche.2026.117308,10.1016/j.inoche.2026.117308,"Establishing an absorber-centric baseline for Cs₂AgBiBr₆ double perovskites in a simplified FTO/Cs₂AgBiBr₆/Ag stack: phase purity, band-tailing and photoactivity",Inorganic Chemistry Communications,journal,2026-08-02,article,en,composition,,experimental,0.0,University Of Malaya,0,closed,0
10.1016/j.mseb.2026.119748,10.1016/j.mseb.2026.119748,Zn2+ modification for enhancing performance of CsPbBr3 perovskite solar cells,Materials Science and Engineering B,journal,2026-08-02,article,en,composition,,experimental,0.0,Guangdong University Of Technology,0,closed,0
10.1016/j.mne.2026.100385,10.1016/j.mne.2026.100385,Electrical performance of the perovskite solar cells with 3D patterned layers,Micro and Nano Engineering,journal,2026-08-02,article,en,scale_up,,experimental,0.0303,Technical University Of Sofia,0,gold,0
10.26434/chemrxiv.15006937/v1,10.26434/chemrxiv.15006937/v1,Simple models for band gap estimations in halide perovskites,ChemRxiv,repository,2026-08-03,preprint,en,composition,,theory,0.0,,0,green,0
10.1016/j.egyr.2026.109563,10.1016/j.egyr.2026.109563,"Eco-design suggestions for innovative, lab-scaled perovskite solar cells",Energy Reports,journal,2026-08-03,article,en,composition,,experimental,0.0,,0,gold,0
10.1002/cssc.70929,10.1002/cssc.70929,One Stone Two Birds: Sustainable Perovskite Solar Cells Obtained by Using Water‐Based Recycled PbI 2 and Guanidinium Thiocyanate Post‐Treatment,ChemSusChem,journal,2026-08-03,article,en,defects,,experimental,0.0682,Queensland University Of Technology,0,green,0
10.1364/optcon.593354,10.1364/optcon.593354,Eco-friendly perovskite photovoltaics bridging lead-free and lead-based absorbers,Optics Continuum,journal,2026-08-03,article,en,composition,,experimental,0.1,,0,gold,0
10.1016/j.physb.2026.419117,10.1016/j.physb.2026.419117,Influence of the orientation of organic cations on carrier recombination and its correlation to photovoltaic efficiency in MAPbI3 hybrid perovskite,Physica B Condensed Matter,journal,2026-08-03,article,en,composition,,experimental,0.0,Universidad De Morelia,0,closed,0
10.1016/j.cej.2026.180207,10.1016/j.cej.2026.180207,Phenothiazine-based self-assembled monolayer enabling high-efficiency and scalable inverted perovskite solar cells,Chemical Engineering Journal,journal,2026-08-03,article,en,interfaces,,experimental,0.12,Southwest University,0,closed,0
10.1016/j.nxmate.2026.102923,10.1016/j.nxmate.2026.102923,Thermally activated defect-assisted recombination and stability degradation in MASnI3 perovskite solar cells: A correlated J-V and impedance study,Next Materials,journal,2026-08-03,article,en,composition,defects,experimental,0.0667,University Of Jeddah,0,gold,0
10.1016/j.synthmet.2026.118258,10.1016/j.synthmet.2026.118258,Dicyandiamide as a precursor additive for improved tin-based perovskite solar cell performance,Synthetic Metals,journal,2026-08-03,article,en,composition,,experimental,0.0333,,0,closed,0
10.1007/s11664-026-13087-3,10.1007/s11664-026-13087-3,Design and Screening of High-Valence Metal-Doped ZnO for Photovoltaic Applications: From First-Principles Calculations to Macroscopic Device Simulation,Journal of Electronic Materials,journal,2026-08-03,article,en,composition,,theory,0.0,Yunnan Open University,0,closed,0
10.1038/s41467-026-76266-0,10.1038/s41467-026-76266-0,Non-competitive additives regulate molecular assembly for compact monolayers in perovskite/silicon tandems,Nature Communications,journal,2026-08-03,article,en,interfaces,architecture,experimental,0.06,Xi'an Jiaotong University,0,gold,1
10.1002/solr.70445,10.1002/solr.70445,"Interfacial Modulation of Perovskite Solar Cells: Defect Suppression, Ion Migration, and Mechanical Stability",Solar RRL,journal,2026-08-03,article,en,defects,,review,0.2273,Lingnan Normal University,0,closed,1
10.1016/j.renene.2026.126225,10.1016/j.renene.2026.126225,Fabrication and performance study of semi-transparent perovskite solar cells for photovoltaic windows,Renewable Energy,journal,2026-08-03,article,en,composition,,experimental,0.0,Harbin,0,closed,0
10.1021/jacs.6c05503,10.1021/jacs.6c05503,Mixed-Ligand-Driven Phase-Pure 2D Perovskite for Interfacial Passivation of Perovskite Photovoltaics,Journal of the American Chemical Society,journal,2026-08-03,article,en,defects,,experimental,0.1818,Massachusetts,0,closed,1
10.1021/acsami.6c11467,10.1021/acsami.6c11467,Dipole-Moment-Tuned Self-Assembled Monolayers for Efficient Perovskite Solar Cells,ACS Applied Materials & Interfaces,journal,2026-08-03,article,en,interfaces,,experimental,0.14,Guangdong University Of Technology,0,closed,1
10.1021/acsaem.6c02041,10.1021/acsaem.6c02041,Simultaneous Enhancement of Efficiency and Stability in Perovskite Solar Cells via Perfluoroadipic Acid Incorporation,ACS Applied Energy Materials,journal,2026-08-03,article,en,defects,,experimental,0.0682,Henan University Of Technology,0,closed,1
10.1063/5.0331546,10.1063/5.0331546,Bandgap-dependent defect properties in mixed-halide perovskites,Applied Physics Letters,journal,2026-08-03,article,en,defects,,experimental,0.25,Wuhan National Laboratory For Optoelectronics,0,closed,0
10.1063/5.0343201,10.1063/5.0343201,Comparative analysis of voltage losses in perovskite and GaAs solar cells at low temperatures,Applied Physics Letters,journal,2026-08-03,article,en,composition,,experimental,0.0,National,0,closed,0
10.1038/s41563-026-02664-w,10.1038/s41563-026-02664-w,Molecular engineering of self-assembled layers,Nature Materials,journal,2026-08-04,article,en,composition,,experimental,0.0,University Of Turku,0,closed,0
10.1016/j.solener.2026.114882,10.1016/j.solener.2026.114882,Effect of ZnO nanorod length on hysteresis in perovskite solar,Solar Energy,journal,2026-08-04,article,en,composition,,experimental,0.0,Chang Gung University,0,closed,0
10.1007/s11664-026-13067-7,10.1007/s11664-026-13067-7,Transport-Layer Screening for Indoor CsPbI2Br Perovskite Solar Cells via Machine-Learning-Augmented SCAPS-1D Simulation,Journal of Electronic Materials,journal,2026-08-04,article,en,composition,,theory,0.0,National Changhua University Of Education,0,closed,0
10.1002/adma.74441,10.1002/adma.74441,Homogenizing Vertical Strain Distribution Enables High‐Performance Tin‐Based Perovskite Solar Cells With Thicker Absorber via Two‐Step Deposition,Advanced Materials,journal,2026-08-04,article,en,defects,,experimental,0.0455,Nanchang University,0,closed,0
10.1021/acs.iecr.6c02244,10.1021/acs.iecr.6c02244,Interface Engineering: The Critical Pathway to High-Efficiency and Stable Perovskite Solar Cells,Industrial & Engineering Chemistry Research,journal,2026-08-04,article,en,interfaces,,review,0.24,Sichuan University,0,closed,0
10.1016/j.solener.2026.114961,10.1016/j.solener.2026.114961,Stable lead-free bismuth perovskite solar cells via thermally activated bilayer conversion,Solar Energy,journal,2026-08-04,article,en,composition,,experimental,0.1167,Centre National De La Recherche Scientifique,0,hybrid,1
10.1021/acs.jpclett.6c02178,10.1021/acs.jpclett.6c02178,Slot-Die Coating 30 nm Thick Perovskite Films for Large-Area Red Light-Emitting Diodes,The Journal of Physical Chemistry Letters,journal,2026-08-04,article,en,scale_up,,scale_up,0.1364,Nanjing Tech University,0,closed,1
10.1002/adma.74461,10.1002/adma.74461,Universal Sacrificial Coordination Strategy for ALD‐Resilient SAMs Achieving High‐Performance Perovskite/Organic Tandem Solar Cells,Advanced Materials,journal,2026-08-04,article,en,architecture,stability,experimental,0.0968,Soochow University,0,closed,1
10.5281/zenodo.21790600,10.5281/zenodo.21790600,"Recent Advances, Efficiency Limits, and Commercialization Challenges in Perovskite-Based Tandem Solar Cells: A Comprehensive Review",Zenodo (CERN European Organization for Nuclear Research),repository,2026-08-04,preprint,en,architecture,,review,0.0968,City University,0,green,1
10.59314/tujes.1771161,10.59314/tujes.1771161,"Chalcogenide Perovskites For Photovoltaic Applications: Properties, Advantages, Solar Cell And Optoelectronic Applications",Trakya Üniversitesi Mühendislik Bilimleri Dergisi,journal,2026-08-04,article,tr,interfaces,scale_up,review,0.04,Konya Technical University,0,bronze,0
10.1021/acsami.6c11057,10.1021/acsami.6c11057,Fluorinated Phenethylammonium and Pre-Annealing Static Stage Enable Intermediate-Mediated Stepwise Crystallization in Tin Perovskite Solar Cells,ACS Applied Materials & Interfaces,journal,2026-08-04,article,en,composition,,experimental,0.1167,Museum Of Japanese Art Yamato Bunkakan,0,closed,1
10.5281/zenodo.21790599,10.5281/zenodo.21790599,"Recent Advances, Efficiency Limits, and Commercialization Challenges in Perovskite-Based Tandem Solar Cells: A Comprehensive Review",Zenodo (CERN European Organization for Nuclear Research),repository,2026-08-04,preprint,en,architecture,,review,0.0968,City University,0,green,1
10.1002/smll.75052,10.1002/smll.75052,Non‐Phosphonic Self‐Assembled Molecules with Weak Acidity for Inverted Perovskite Solar Cells,Small,journal,2026-08-04,article,en,stability,,experimental,0.1061,East China Normal University,0,closed,0
10.1016/j.jpowsour.2026.241120,10.1016/j.jpowsour.2026.241120,Lignin-based functional materials for advanced photovoltaics: From natural polymer to high-efficiency solar cells,Journal of Power Sources,journal,2026-08-04,article,en,composition,,experimental,0.0,Nanjing Forestry University,0,closed,0
10.1002/solr.70449,10.1002/solr.70449,Decoupling Bulk Energetics and Interfacial Passivation in Low‐Temperature TiO 2 for High‐Performance Carbon Electrode‐Based Perovskite Solar Cells,Solar RRL,journal,2026-08-04,article,en,defects,,scale_up,0.1818,Chiang Mai University,0,closed,1
10.26434/chemrxiv.15006632/v2,10.26434/chemrxiv.15006632/v2,Multilayer Assembly of Perovskite Heterostructures via Colloidal Suspensions,ChemRxiv,repository,2026-08-04,preprint,en,composition,architecture,experimental,0.0333,Rice University,0,green,0
10.1021/acs.jpclett.6c01761,10.1021/acs.jpclett.6c01761,Easily Prepared Carbon Nanotubes Enabling Low Cost and Hole Transport Layer Free Perovskite Solar Cells,The Journal of Physical Chemistry Letters,journal,2026-08-04,article,en,interfaces,,experimental,0.08,Jilin University,0,closed,1
10.1002/adfm.77572,10.1002/adfm.77572,4‐Octylaniline Enables Sustainable Perovskite Solar Cells Through Efficient Recycling and Suppressed Lead Leakage,Advanced Functional Materials,journal,2026-08-04,article,en,defects,stability,experimental,0.0682,Fuzhou University,0,closed,0
10.1002/aenm.71372,10.1002/aenm.71372,Beyond the Gold Standard: Towards Industrially Viable Electrodes for Durable Perovskite Solar Cells,Advanced Energy Materials,journal,2026-08-04,article,en,stability,,experimental,0.0606,Chinese University Of Hong Kong,0,hybrid,1
10.1021/jacs.6c12975,10.1021/jacs.6c12975,Lowering the δ-to-α Phase-Transition Barrier via a Transient Vapor Mediator in Perovskite Formation,Journal of the American Chemical Society,journal,2026-08-04,article,en,defects,stability,experimental,0.0682,University Of Science And Technology Of China,0,closed,1
10.60787/tnamp.v25.715,10.60787/tnamp.v25.715,UNIFIED OPTICAL DISPERSION MODELLING OF PEROVSKITE SOLAR CELLS,Afrischolar Discovery,repository,2026-08-04,article,en,stability,,theory,0.0303,Yobe State University,0,green,0
10.1016/j.solmat.2026.114604,10.1016/j.solmat.2026.114604,Spray-coated perovskite solar cells fabricated on carbon fibre-reinforced polymer substrates,Solar Energy Materials and Solar Cells,journal,2026-08-05,article,en,composition,,experimental,0.0,University Of Sheffield,0,green,0
10.3390/molecules31152718,10.3390/molecules31152718,High-Efficient Cs2AgBiBr6 Perovskite Solar Cells with Rare-Earth-Doped Absorber and Front Contact: A Numerical Modeling in SCAPS-1D Framework,Molecules,journal,2026-08-05,article,en,interfaces,,theory,0.12,Central University Of Technology,0,gold,0
10.1002/ange.2425823,10.1002/ange.2425823,Mitigating Stress‐Induced Nonphotoactive Phase Transition Through Sodium Sulfonate Engineering for Stable and Efficient Perovskite Solar Cells,Angewandte Chemie,journal,2026-08-05,article,en,stability,,experimental,0.0758,Shaanxi Normal University,0,hybrid,0
10.1021/acs.jpcc.6c03620,10.1021/acs.jpcc.6c03620,"Probing Local Coordination and Halide Miscibility in Single-, Double-, and Triple-Halide Perovskites Using EXAFS",The Journal of Physical Chemistry C,journal,2026-08-05,article,en,defects,,experimental,0.0455,Wellesley College,0,hybrid,0
10.1038/s41560-026-02125-3,10.1038/s41560-026-02125-3,"Improving interface-mediated carrier transport for efficient perovskite/Cu(In,Ga)Se2 tandem solar cells",Nature Energy,journal,2026-08-05,article,en,architecture,,experimental,0.0968,Wuhan University Of Technology,0,closed,0
10.1002/anie.2425823,10.1002/anie.2425823,Mitigating Stress‐Induced Nonphotoactive Phase Transition Through Sodium Sulfonate Engineering for Stable and Efficient Perovskite Solar Cells,Angewandte Chemie International Edition,journal,2026-08-05,article,en,stability,,experimental,0.0758,Shaanxi Normal University,0,hybrid,1
10.1002/adma.74438,10.1002/adma.74438,Acid‐Base Complexation Induced Dipole Engineering for Durable Inverted Perovskite Photovoltaics,Advanced Materials,journal,2026-08-05,article,en,stability,,experimental,0.0455,Chongqing University,0,closed,1
10.1016/j.poly.2026.118315,10.1016/j.poly.2026.118315,Toward next-generation perovskite photovoltaics: High-efficiency AcPbI3 solar cells enabled by optimized ETL/HTL interfaces,Polyhedron,journal,2026-08-05,article,en,interfaces,,experimental,0.16,Begum Rokeya University,0,closed,0
10.1002/adma.74486,10.1002/adma.74486,Engineering the Assembly Freedom of Donor–Acceptor Type Self‐Assembled Monolayers Toward Efficient and Stable Flexible Perovskite Photovoltaics,Advanced Materials,journal,2026-08-05,article,en,stability,,experimental,0.0455,Education University Of Hong Kong,0,hybrid,1
10.1002/ange.3883037,10.1002/ange.3883037,Asymmetric Conjugated Molecule Co‐Deposition for High‐Performance HTL‐Free Carbon‐Based Perovskite Solar Cells,Angewandte Chemie,journal,2026-08-05,article,en,interfaces,,experimental,0.08,Soochow University,0,closed,0
10.1021/acsaom.6c00341,10.1021/acsaom.6c00341,"P-Type Ni-Doped α-GaCrO3 (α-GaCrO3:Ni) Thin Films: Investigations of Structural, Optical, and Electronic Properties for Hole Transport Layer and Transparent Photodetector Applications",ACS Applied Optical Materials,journal,2026-08-05,article,en,interfaces,,experimental,0.16,Raja Ramanna Centre For Advanced Technology,0,closed,0
10.1016/j.mtphys.2026.102187,10.1016/j.mtphys.2026.102187,Halide double perovskite Cs2TlBiBr6 as a potential absorber for perovskite solar cells: Material simulation to device engineering using DFT and SCAPS-1D simulation,Materials Today Physics,journal,2026-08-05,article,en,composition,,theory,0.0,Queensland University Of Technology,0,closed,0
10.1002/anie.3883037,10.1002/anie.3883037,Asymmetric Conjugated Molecule Co‐Deposition for High‐Performance HTL‐Free Carbon‐Based Perovskite Solar Cells,Angewandte Chemie International Edition,journal,2026-08-05,article,en,interfaces,,experimental,0.08,Soochow University,0,closed,1
10.48550/arxiv.2608.04328,10.48550/arxiv.2608.04328,Quantum optoelectronics in semiconductor solar cell materials and devices,arXiv (Cornell University),repository,2026-08-05,preprint,en,composition,,theory,0.0167,,0,green,0
10.48550/arxiv.2608.04736,10.48550/arxiv.2608.04736,Performance Analysis of Double Perovskite-Based Solar Cells Using SCAPS-1D Simulation: A brief review,arXiv (Cornell University),repository,2026-08-05,preprint,en,composition,,theory,0.05,,0,green,1
quantum optoelectronics in semiconductor solar cell materials and devices|liu,,Quantum optoelectronics in semiconductor solar cell materials and devices,arXiv (Cornell University),repository,2026-08-05,preprint,en,composition,,experimental,0.0,Tsinghua University,0,green,0
performance analysis of double perovskite based solar cells using scaps 1d simulation a brief review|laltlanmawii,,Performance Analysis of Double Perovskite-Based Solar Cells Using SCAPS-1D Simulation: A brief review,arXiv (Cornell University),repository,2026-08-05,preprint,en,composition,,theory,0.0,Mizoram University,0,green,0
10.1016/j.solmat.2026.114626,10.1016/j.solmat.2026.114626,Separation of Hoke and Schottky effects for improvement of mixed halide perovskite solar cell stability,Solar Energy Materials and Solar Cells,journal,2026-08-06,article,en,composition,,experimental,0.0,Itmo University,1,closed,0
10.1007/s12648-026-04130-4,10.1007/s12648-026-04130-4,Unveiling the versatile characteristics of lead-free K2CuSbCl6 double perovskite for advanced optoelectronic applications,Indian Journal of Physics,journal,2026-08-06,article,en,composition,,experimental,0.1,Begum Rokeya University,0,closed,0
10.1016/j.nxmate.2026.103022,10.1016/j.nxmate.2026.103022,A review of transition metal-based double perovskite oxides for photovoltaic applications,Next Materials,journal,2026-08-06,article,en,composition,,review,0.0,,0,gold,0
10.21203/rs.3.rs-10264916/v1,10.21203/rs.3.rs-10264916/v1,Pr3+-Doped SnO2 Electron Transport Layers for 23-Fold Indoor PCE Recovery in Flexible CsPbBr3 Perovskite Solar Cells,Research Square,repository,2026-08-06,preprint,en,interfaces,,experimental,0.08,University Of Malaya,0,green,0
10.26434/chemrxiv.15007124/v1,10.26434/chemrxiv.15007124/v1,"From Sb2S3 to SbSI: An Orientation-First Roadmap for Quasi-1D Chalcohalide Photovoltaics, Indoor Energy Harvesting, and Outdoor Durability",ChemRxiv,repository,2026-08-06,preprint,en,defects,,review,0.0909,Daegu Gyeongbuk,0,green,1
10.1002/adfm.77504,10.1002/adfm.77504,Synergistic Dipole and Dual‐Passivation Enabled Highly Efficient Two‐Dimensional Perovskite Solar Cells,Advanced Functional Materials,journal,2026-08-06,article,en,defects,,experimental,0.25,Nanchang University,0,closed,1
10.1021/acsami.6c09864,10.1021/acsami.6c09864,"The Modulation Strategies, Applications, and Future Directions of Polyoxometalates in Perovskite-Based Materials: A Review",ACS Applied Materials & Interfaces,journal,2026-08-06,article,en,stability,,review,0.0152,Jiangxi University Of Technology,0,closed,0
10.1002/aenm.71419,10.1002/aenm.71419,Molecular Disaggregation‐Bridging Engineered SnO 2 Interfaces for Scalable Perovskite Photovoltaics,Advanced Energy Materials,journal,2026-08-06,article,en,defects,scale_up,experimental,0.1818,South China University Of Technology,0,closed,1
10.1002/adma.74497,10.1002/adma.74497,Wide‐Bandgap Subcells for Tandem Solar Cells: From Metal Halides to Metal Chalcogenides and Metal Chalcohalides,Advanced Materials,journal,2026-08-06,article,en,architecture,,review,0.0968,Nanjing University Of Aeronautics And Astronautics,0,closed,0
10.1002/adfm.202529273,10.1002/adfm.202529273,Manipulating Formation Kinetics in Low‐Toxicity Solvent Methanol‐Based Inks for Perovskite Solar Cells via Multifunctional Pore‐guiding Agents,Advanced Functional Materials,journal,2026-08-06,article,en,defects,,review,0.0455,Shaanxi Normal University,0,closed,0
10.1016/j.mssp.2026.111020,10.1016/j.mssp.2026.111020,Defect states and charge carrier dynamics in lead-free metal halide perovskites,Materials Science in Semiconductor Processing,journal,2026-08-06,article,en,composition,,experimental,0.1,Ahmadu Bello University,0,closed,0
10.1002/adma.74464,10.1002/adma.74464,Dual‐Site Synergistic Regulation Enabled Interface Passivation and Strain Release Toward Efficient Perovskite Solar Cells,Advanced Materials,journal,2026-08-06,article,en,defects,interfaces,scale_up,0.2273,Henan University Of Technology,0,closed,0
10.3390/nano16150965,10.3390/nano16150965,Design of MAPb(BrxI1−x)3-Based Solar Cells: Compositional Optimization for Thermally Stable and Defect-Tolerant Devices,Nanomaterials,journal,2026-08-06,article,en,defects,,theory,0.1591,Umm Al-qura University,0,gold,0
10.1109/jphotov.2026.3714144,10.1109/jphotov.2026.3714144,Impact of Light-Soaking Preconditioning for Measurements of Perovskite/Silicon Tandem Solar Cells,IEEE Journal of Photovoltaics,journal,2026-08-06,article,en,architecture,,experimental,0.0968,University Of Shanghai For Science And Technology,0,closed,0
10.1007/s10853-026-13485-2,10.1007/s10853-026-13485-2,"Review: two-dimensional hybrid organic–inorganic perovskite–polymer materials: design, properties, and applications",Journal of Materials Science,journal,2026-08-06,article,en,composition,,review,0.0,Najran University,0,closed,0
10.1016/j.solener.2026.114987,10.1016/j.solener.2026.114987,Origins of perovskite solar cell degradation under dry ambient storage in arid climates,Solar Energy,journal,2026-08-06,article,en,defects,,experimental,0.0682,Hamad Bin Khalifa University,0,hybrid,0
10.1002/ange.4221605,10.1002/ange.4221605,Decoupling Bidirectional Photochemical Degradation via Radical Scavenging for Stable Inverted Perovskite Solar Cells,Angewandte Chemie,journal,2026-08-06,article,en,stability,,experimental,0.1667,Zhengzhou University,0,closed,0
10.1016/j.jallcom.2026.190293,10.1016/j.jallcom.2026.190293,Buried interface modification with carbazole derivative for high-performance wide-band perovskite solar cells,Journal of Alloys and Compounds,journal,2026-08-06,article,en,interfaces,,experimental,0.2,Hubei University Of Arts And Science,0,closed,0
10.3390/ma19153341,10.3390/ma19153341,First-Principles DFT Investigation of CsSn0.5Ge0.5I3 and Machine Learning-Assisted Numerical Simulation of Lead-Free Solar Cells,Materials,journal,2026-08-06,article,en,composition,,theory,0.1,Nanjing University Of Posts And Telecommunications,0,gold,0
10.1002/aenm.71396,10.1002/aenm.71396,Fluorinated Methylammonium Cation Containing Perovskite Solar Cells With Over 25% Power Conversion Efficiency,Advanced Energy Materials,journal,2026-08-06,article,en,composition,,experimental,0.1333,Kaunas University Of Technology,0,hybrid,1
10.1016/j.jphotochem.2026.117596,10.1016/j.jphotochem.2026.117596,Interfacial charge transfer dynamics between MA0.5Cs0.5PbBr3 and 8-aminoquinoline and the application of AI–ML-based soft computing to predict photoluminescence quantum yield,Journal of Photochemistry and Photobiology A Chemistry,journal,2026-08-06,article,en,composition,,experimental,0.0,Vidyasagar University,0,closed,0
10.1021/acsaem.6c01708,10.1021/acsaem.6c01708,Bifunctional NiO x /Perovskite Interface Engineering for Efficient Air-Processed Wide-Bandgap Perovskite Solar Cells,ACS Applied Energy Materials,journal,2026-08-06,article,en,interfaces,,experimental,0.18,Xi'an Jiaotong University,0,closed,1
10.1002/smll.75089,10.1002/smll.75089,Buried Interface Modulation via Molecular Dipole Passivation for High‐Efficiency Methylammonium‐Free Pb–Sn Perovskite Solar Cells,Small,journal,2026-08-06,article,en,interfaces,,experimental,0.2,Guangdong University Of Technology,0,closed,1
10.1016/j.nxnano.2026.100658,10.1016/j.nxnano.2026.100658,Thickness optimization of nickel oxide (NiO) hole transport layers for bifacial perovskite solar cells,Next Nanotechnology,journal,2026-08-06,article,en,interfaces,,theory,0.12,Hamad Bin Khalifa University,0,gold,0
10.1016/j.optcom.2026.133654,10.1016/j.optcom.2026.133654,Engineering bimetallic core–shell plasmonic nanospheres for enhanced optical absorption in MAPbI3 perovskite solar cells,Optics Communications,journal,2026-08-06,article,en,composition,,experimental,0.0,University Of Mazandaran,0,closed,0
10.1002/anie.4221605,10.1002/anie.4221605,Decoupling Bidirectional Photochemical Degradation via Radical Scavenging for Stable Inverted Perovskite Solar Cells,Angewandte Chemie International Edition,journal,2026-08-06,article,en,stability,,experimental,0.1667,Zhengzhou University,0,closed,1
10.1002/advs.77051,10.1002/advs.77051,In Situ Construction of n‐Type SnO x Interlayer by Converting Surface Sn 4+ for Efficient Tin Perovskite Solar Cells,Advanced Science,journal,2026-08-06,article,en,composition,,experimental,0.1,Northwestern Polytechnical University,0,gold,1
10.1016/j.solener.2026.114959,10.1016/j.solener.2026.114959,Comparative benchmark of machine learning models for predicting perovskite solar cell performance,Solar Energy,journal,2026-08-07,article,en,defects,,theory,0.0455,Institución Universitaria Esumer,0,hybrid,0
10.1021/acs.jpclett.6c02136,10.1021/acs.jpclett.6c02136,Hydrophobic Dilauroyl Peroxide Improves the Electrical Performance and Stability of PTAA in both n-i-p and p-i-n Perovskite Solar Cells,The Journal of Physical Chemistry Letters,journal,2026-08-07,article,en,architecture,,experimental,0.129,North China Electric Power University,0,closed,1
10.1016/j.mtchem.2026.103896,10.1016/j.mtchem.2026.103896,Chloride-retained crystallization enables high-performance hybrid-processed perovskite solar cells for low-light photovoltaics,Materials Today Chemistry,journal,2026-08-07,article,en,composition,,experimental,0.0,Ming Chi University Of Technology,0,closed,0
10.1016/j.cocom.2026.e01418,10.1016/j.cocom.2026.e01418,"Effects of selected transition metal dopants (Sn, Bi, and Sb) on the optoelectronic properties of formamidinium lead halide perovskite materials: A density functional theory study",Computational Condensed Matter,journal,2026-08-07,article,en,composition,,experimental,0.0,Moi University,0,closed,0
10.1007/s12596-026-03257-1,10.1007/s12596-026-03257-1,Doping asymmetry engineering for enhanced efficiency in the double absorber based perovskite solar cell,Journal of Optics,journal,2026-08-07,article,en,composition,,experimental,0.0,Koneru Lakshmaiah Education Foundation,0,closed,0
10.1002/advs.77024,10.1002/advs.77024,Optically Tunable Threshold Switching and Thermally Activated Transport in Planar Ag/MAPbI 3 Thin Single‐Crystal Devices,Advanced Science,journal,2026-08-07,article,en,composition,,experimental,0.0,University Of Salerno,0,gold,0
10.1007/s12596-026-03261-5,10.1007/s12596-026-03261-5,"High-efficiency design of non-toxic Cs2TiF6 double perovskite absorbers: optimized single absorber, bilayer absorber, and top cell for two-terminal tandems",Journal of Optics,journal,2026-08-07,article,en,composition,,experimental,0.0,King Fahd University Of Petroleum And Minerals,0,closed,0
10.1021/acsnano.5c21962,10.1021/acsnano.5c21962,Fully Inorganic Hole Contacts Enabled by CeI3 for High-Performance Perovskite Solar Modules,ACS Nano,journal,2026-08-07,article,en,scale_up,,scale_up,0.0758,University Of Jinan,0,closed,1
10.1002/ange.6932848,10.1002/ange.6932848,Molecularly Templated Buried Interfaces for Inverted Perovskite Solar Cells,Angewandte Chemie,journal,2026-08-07,article,en,interfaces,,experimental,0.16,City University Of Hong Kong,0,hybrid,0
10.1021/acs.orglett.6c02798,10.1021/acs.orglett.6c02798,Molecular Engineering of Ionization-Responsive Self-Assembled Hole-Transport Materials for High-Performance Inverted Perovskite Solar Cells,Organic Letters,journal,2026-08-07,article,en,defects,,experimental,0.1136,National Taipei University Of Technology,0,hybrid,0
10.1021/acsenergylett.6c01444,10.1021/acsenergylett.6c01444,Controlling Interfacial Hole Tunneling To Mitigate Reverse-Bias Breakdown in Perovskite Solar Cells,ACS Energy Letters,journal,2026-08-07,article,en,defects,,experimental,0.0682,Yonsei University,0,closed,1
10.21203/rs.3.rs-10617391/v1,10.21203/rs.3.rs-10617391/v1,"Comparative Technical-Economic Analysis of Perovskite-Silicon Tandem Cells vs. Last-Generation Commercial N-Type Technologies (TOPCon, HJT, and BC)",Research Square,repository,2026-08-07,preprint,en,architecture,,experimental,0.1935,Oxford Photovoltaics (united Kingdom),0,green,0
10.1002/anie.6932848,10.1002/anie.6932848,Molecularly Templated Buried Interfaces for Inverted Perovskite Solar Cells,Angewandte Chemie International Edition,journal,2026-08-07,article,en,interfaces,,experimental,0.16,City University Of Hong Kong,0,hybrid,1
10.1002/adfm.77558,10.1002/adfm.77558,Understanding the Role of Intermolecular Interactions among Passivators in Surface Passivation for Tin–Lead Perovskite Solar Cells,Advanced Functional Materials,journal,2026-08-07,article,en,defects,,experimental,0.1364,Qingdao University Of Science And Technology,0,closed,0
10.1063/5.0337271,10.1063/5.0337271,"Boosting indoor perovskite photovoltaic performance via integrated compositional tuning, solvent engineering, and interfacial passivation",APL Energy,journal,2026-08-07,article,en,defects,,experimental,0.25,Pennsylvania State University,0,diamond,0
10.1016/j.mssp.2026.111061,10.1016/j.mssp.2026.111061,Carbon electrodes for perovskite solar cells: From material design to commercialization,Materials Science in Semiconductor Processing,journal,2026-08-07,article,en,composition,,experimental,0.0,Jackson State University,0,closed,0
10.64071/3080-5724.1037,10.64071/3080-5724.1037,"Advances in Perovskite Solar Cells: Efficiency, Stability, and Commercialization Prospects",Terra Joule Journal,journal,2026-08-07,article,en,scale_up,,review,0.1212,University Of Technology - Iraq,0,closed,0
10.64229/9mfvbg71,10.64229/9mfvbg71,Numerical Modeling to Optimize the Parameters for Ga2CeCl6 based Solar Cell,Renewable Energy and Power Quality Journal,journal,2026-08-07,article,en,interfaces,,theory,0.16,Jamia Hamdard,0,hybrid,0
10.1038/s41467-026-76497-1,10.1038/s41467-026-76497-1,Self-Assembled Multilayers Reduce Interfacial Energy Loss in Perovskite Solar Cells,Nature Communications,journal,2026-08-08,article,en,interfaces,,experimental,0.2,Chongqing University,1,gold,1
10.1016/j.commatsci.2026.114983,10.1016/j.commatsci.2026.114983,Electronic structure and optical properties of transition metal based on lead-free double perovskite crystals using first-principles calculations,Computational Materials Science,journal,2026-08-08,article,en,composition,,theory,0.1,University Of Shiga Prefecture,0,closed,0
10.1021/acsomega.6c04307,10.1021/acsomega.6c04307,Model-Driven Performance Optimization of Lead-Free RbGeI3 Perovskite Solar Cells Using SCAPS-1D,ACS Omega,journal,2026-08-08,article,en,composition,interfaces,theory,0.1,National Taipei University Of Technology,0,gold,0
10.1016/j.physb.2026.419190,10.1016/j.physb.2026.419190,"Li2TlSbX6 (X= Cl, Br) double perovskites for photovoltaic applications: Integrating first-principles insights with device-level benchmarking against Si, MAPbI3, and GaAs",Physica B Condensed Matter,journal,2026-08-08,article,en,composition,,theory,0.0,University Of Science And Technology Bannu,0,closed,0
10.1016/j.jechem.2026.07.082,10.1016/j.jechem.2026.07.082,Stable inorganic perovskite solar cells with 20.96% efficiency via sulfonamide-based π-conjugated molecule surface passivation,Journal of Energy Chemistry,journal,2026-08-08,article,en,defects,,experimental,0.1364,Yunnan University,0,closed,0
10.1016/j.rineng.2026.112369,10.1016/j.rineng.2026.112369,Numerical modelling and simulation of a high efficiency lead free tandem solar cell with double ETL architecture,Results in Engineering,journal,2026-08-08,article,en,interfaces,architecture,theory,0.12,Vellore,0,gold,0
10.1002/adfm.77462,10.1002/adfm.77462,Molecular Glue: 1D/3D Heterojunction Suppresses Nonradiative Recombination and C 60 Aggregation for Efficient and Stable Perovskite Solar Cells,Advanced Functional Materials,journal,2026-08-08,article,en,interfaces,,experimental,0.08,University Of Science And Technology Liaoning,0,closed,0
10.1002/smll.75074,10.1002/smll.75074,Chiral Bifacial Indacenodithiophene‐Based Hole‐Transport Materials With Chirality‐Induced Spin Selectivity: Chirality‐Spin Polarity Correspondence and Perovskite Passivation,Small,journal,2026-08-08,article,en,defects,,experimental,0.1364,Osaka Gakuin University,0,hybrid,1
10.1002/adfm.76323,10.1002/adfm.76323,"Controlled Activation of Self‐assembled Molecules Enabling Reproducible Flexible Perovskite/Cu(In,Ga)Se 2 Tandems",Advanced Functional Materials,journal,2026-08-08,article,en,interfaces,,experimental,0.1,Zhejiang University,0,closed,0
10.1016/j.apsusc.2026.168026,10.1016/j.apsusc.2026.168026,Acid dissociation constant-guided defect passivation for efficient carbon-based planar n-i-p perovskite solar cells,Applied Surface Science,journal,2026-08-08,article,en,defects,,experimental,0.2273,Chiang Mai University,0,closed,0
10.1007/s00894-026-06883-5,10.1007/s00894-026-06883-5,"A-site cation engineering in lead-free halide double perovskites A2AgSbBr6 (A = Na, K, Rb): a comprehensive first-principles study",Journal of Molecular Modeling,journal,2026-08-08,article,en,composition,,theory,0.2333,Université Sultan Moulay Slimane,0,closed,0
10.3390/cryst16080521,10.3390/cryst16080521,Plasma-Enhanced Atomic Layer Deposition of III-Nitride Thin Films and Heterostructures: Mechanisms and Applications,Crystals,journal,2026-08-08,article,en,interfaces,,review,0.08,Hunan,0,gold,0
10.70917/ijcisim-2026-4465,10.70917/ijcisim-2026-4465,Comparative Study of Perovskite PV Cells with other PV Cells and Analysis of Experimental Perovskite solar cells with Simulation Results and their Efficiency Analysis,International Journal of Computer Information Systems and Industrial Management Applications,journal,2026-08-08,article,en,composition,,theory,0.0,Karunya University,0,diamond,0
10.1002/adma.74538,10.1002/adma.74538,Antiphase Boundaries Regulate Phase Stability and Performance in DMA + ‐Assisted CsPbI 3 ‐Based Perovskites,Advanced Materials,journal,2026-08-09,article,en,composition,defects,experimental,0.1167,Wuhan University Of Technology,0,closed,1
10.5281/zenodo.21864326,10.5281/zenodo.21864326,Perovskite in Orbit: Reviewing Radiation Hardness and Degradation Pathways for Next-Generation Solar Arrays on Low Earth Orbit (LEO) Satellites,Zenodo (CERN European Organization for Nuclear Research),repository,2026-08-09,article,en,defects,stability,review,0.1136,,0,green,0
10.1021/acsenergylett.6c01363,10.1021/acsenergylett.6c01363,Material Selection through Accelerated Aging Enables >95% Performance Retention of a Perovskite–Silicon Tandem Solar Cell after 1 Year of Outdoor Monitoring,ACS Energy Letters,journal,2026-08-09,article,en,architecture,,experimental,0.0968,Université Grenoble Alpes,0,closed,1
10.5281/zenodo.21864327,10.5281/zenodo.21864327,Perovskite in Orbit: Reviewing Radiation Hardness and Degradation Pathways for Next-Generation Solar Arrays on Low Earth Orbit (LEO) Satellites,Zenodo (CERN European Organization for Nuclear Research),repository,2026-08-09,article,en,defects,stability,review,0.1136,,0,green,0
10.3390/ceramics9080087,10.3390/ceramics9080087,"Manufacturing of Perovskite Solar Cells: Materials, Processing Strategies, and Pathways to Scalable Production",Ceramics,journal,2026-08-09,article,en,scale_up,,theory,0.1061,University Of Nevada Reno,0,gold,0
10.1007/s40820-026-02327-0,10.1007/s40820-026-02327-0,Designing Efficient Inverted Perovskite Solar Cells with Self-Assembled Monolayer Hole Transport Layers,Nano-Micro Letters,journal,2026-08-10,article,en,interfaces,,review,0.26,Xidian University,0,gold,1
10.1016/j.nanoen.2026.112283,10.1016/j.nanoen.2026.112283,Thiocyanate-mediated additive engineering enables oriented crystallization and suppressed halide migration for efficient and stable perovskite/silicon tandem solar cells,Nano Energy,journal,2026-08-10,article,en,architecture,,experimental,0.0968,Tsinghua University,0,closed,0
10.1016/j.solener.2026.114995,10.1016/j.solener.2026.114995,Engineering strategies for high-efficiency indoor perovskite energy harvesters and low-current energy storage systems: a comprehensive review,Solar Energy,journal,2026-08-10,article,en,composition,,review,0.0,Wuhan National Laboratory For Optoelectronics,0,closed,0
10.1002/advs.76791,10.1002/advs.76791,Precise Management of n‐Value Distribution at the 2D/3D Interface Enabling Efficient Wide‐Bandgap Perovskite Solar Cells,Advanced Science,journal,2026-08-10,article,en,composition,interfaces,experimental,0.0667,Sichuan University,0,gold,1
10.34133/energymatadv.0384,10.34133/energymatadv.0384,SnOx as a Transparent Electrode for Perovskite/Silicon Tandem Solar Cells,Energy Material Advances,journal,2026-08-10,article,en,architecture,,experimental,0.0968,,0,diamond,0
10.1063/5.0343792,10.1063/5.0343792,Intriguing optoelectronic properties of 2D Ca2ZrSe4 chalcogenide perovskite from first principles,Applied Physics Letters,journal,2026-08-10,article,en,composition,,theory,0.0,Kim Il-sung University,0,closed,0
10.1016/j.cocom.2026.e01436,10.1016/j.cocom.2026.e01436,Effect of hydrostatic pressure on the eco-friendly Cs2InAgCl6 perovskite through DFT study for optoelectronic applications,Computational Condensed Matter,journal,2026-08-10,article,en,composition,,theory,0.0,Bangladesh University Of Business And Technology,0,closed,0
10.1016/j.cej.2026.180467,10.1016/j.cej.2026.180467,Hierarchical interfacial electric field engineering: Integrating plasmonic oscillation and dipole broadening for efficient perovskite solar cells,Chemical Engineering Journal,journal,2026-08-10,article,en,composition,,experimental,0.0,Jilin Normal University,0,closed,0
10.1021/acs.inorgchem.6c02216,10.1021/acs.inorgchem.6c02216,Stable Inverted Antimony–Bismuth Alloyed Inorganic Perovskite Solar Cells via Crystallization Control and Defect Passivation,Inorganic Chemistry,journal,2026-08-10,article,en,defects,,experimental,0.2273,Shaoxing University,0,closed,0
10.1063/5.0321736,10.1063/5.0321736,Anisotropic cation migration and strain driving compositional segregation in FACsPbI3,Applied Physics Letters,journal,2026-08-10,article,en,composition,,experimental,0.1333,Hebei University,0,closed,0
10.5281/zenodo.21873922,10.5281/zenodo.21873922,Impact of a Short-Pulse High-Intense Proton Irradiation on High-Performance Perovskite Solar Cells,Zenodo (CERN European Organization for Nuclear Research),repository,2026-08-10,article,en,composition,,experimental,0.0,Adam Mickiewicz University In Poznań,0,green,0
10.1016/j.comptc.2026.115997,10.1016/j.comptc.2026.115997,"Tuning the solvation behavior of 2,7-carbazole-based hole-transport materials by π-bridge insertion: a structure-property investigation for efficient perovskite solar cells",Computational and Theoretical Chemistry,journal,2026-08-10,article,en,composition,,experimental,0.0,,0,closed,0
10.1088/1402-4896/ae979e,10.1088/1402-4896/ae979e,PGMEA-based interlayer engineering for thermally stable and efficient perovskite solar cells,Physica Scripta,journal,2026-08-10,article,en,defects,stability,experimental,0.0682,Anhui University Of Technology,0,closed,0
10.1007/s12596-026-03230-y,10.1007/s12596-026-03230-y,Numerical modeling of optical generation rate and photocurrent density in optimized perovskite solar cells with ETL/absorber/HTL architecture,Journal of Optics,journal,2026-08-10,article,en,interfaces,,experimental,0.16,Indian,0,closed,0
10.3390/en19163761,10.3390/en19163761,Perovskite Tandem Solar Cells: A Review of Recent Progress and Future Perspectives,Energies,journal,2026-08-10,article,en,architecture,,review,0.1452,Chengdu University Of Information Technology,0,gold,0
10.1002/smll.75068,10.1002/smll.75068,Closed‐Loop Slit‐Flushing Antisolvent Strategy Enables Controlled Three‐Dimensional Mass Transfer for Large‐Area Perovskite Solar Cells,Small,journal,2026-08-10,article,en,scale_up,,scale_up,0.0455,Yangzhou University,0,closed,1
10.1002/smll.75159,10.1002/smll.75159,Navigating Molecular Structures of Self‐Assembled Monolayers for High Efficiency Perovskite Photovoltaics,Small,journal,2026-08-10,article,en,defects,,review,0.1136,Beijing University Of Technology,0,closed,1
10.3390/photonics13080752,10.3390/photonics13080752,Underwater Optical Communications: From Photodiodes to Single-Photon Detectors,Photonics,journal,2026-08-10,article,en,architecture,,experimental,0.0323,Military University Of Technology In Warsaw,0,gold,0
10.5281/zenodo.21873921,10.5281/zenodo.21873921,Impact of a Short-Pulse High-Intense Proton Irradiation on High-Performance Perovskite Solar Cells,Zenodo (CERN European Organization for Nuclear Research),repository,2026-08-10,article,en,composition,,experimental,0.0,Adam Mickiewicz University In Poznań,0,green,0
10.1016/j.mattod.2026.103475,10.1016/j.mattod.2026.103475,Advanced strategies on oxidation of Spiro-OMeTAD materials for efficient and stable perovskite solar cells,Materials Today,journal,2026-08-10,article,en,composition,,experimental,0.0,,0,closed,0
10.11648/j.ijctc.20261402.11,10.11648/j.ijctc.20261402.11,Theoretical Approach of the Rational Design of Methoxy Diphenylamine-Substituted Fluorine-Based HTMs for Highly Efficient Perovskite Solar Cells: DFT/TD-DFT,International Journal of Computational and Theoretical Chemistry,journal,2026-08-10,article,en,composition,,theory,0.0,University Of Agriculture Faisalabad,0,diamond,0
10.1038/s41467-026-76713-y,10.1038/s41467-026-76713-y,Healing intervention for improving the efficiency and stability of tandem devices on industrial textured silicon,Nature Communications,journal,2026-08-11,article,en,architecture,,experimental,0.0968,Suzhou University Of Technology,0,gold,1
10.1007/s44503-026-00015-z,10.1007/s44503-026-00015-z,Homogenizing inter-grain recombination stabilizes perovskite solar cells,Watt,journal,2026-08-11,article,en,stability,,experimental,0.0606,Sungkyunkwan University,0,hybrid,0
10.1016/j.mtchem.2026.103917,10.1016/j.mtchem.2026.103917,Lead-free NaSiI3 halide perovskite: Linking photovoltaic performance and photocatalytic activity through first-principles and SCAPS-1D modeling,Materials Today Chemistry,journal,2026-08-11,article,en,composition,,theory,0.1,,0,closed,0
10.1016/j.solener.2026.115010,10.1016/j.solener.2026.115010,Alkylthiol coordination-hydrophobic synergy for high-performance perovskite solar cells,Solar Energy,journal,2026-08-11,article,en,composition,,experimental,0.0,,0,closed,0
10.1016/j.cej.2026.180548,10.1016/j.cej.2026.180548,Reinforced 1D perovskite growth via molecular synergy for enhanced perovskite solar cells stability,Chemical Engineering Journal,journal,2026-08-11,article,en,composition,,experimental,0.0,Hangzhou Dianzi University,0,closed,0
10.1134/s0036023626601042,10.1134/s0036023626601042,"First-Principles Study of Cs2TlCoX6 (X = I, Br): Structural Stability, Electronic, Elastic, and Optoelectronic Properties",Russian Journal of Inorganic Chemistry,journal,2026-08-11,article,en,composition,,theory,0.0,Shaoxing University,0,closed,0
10.1016/j.apsusc.2026.168094,10.1016/j.apsusc.2026.168094,A defect-resilient and stable C5H5N@MgO/CsPbI3 heterojunction toward high-efficiency perovskite solar cells,Applied Surface Science,journal,2026-08-11,article,en,defects,,experimental,0.0909,,0,closed,0
10.1002/ange.3716107,10.1002/ange.3716107,Efficient and Stable Inverted Perovskite Solar Cells Via a Multi‐Arm Donor–Acceptor Dipole Molecular Bridge,Angewandte Chemie,journal,2026-08-11,article,en,interfaces,,experimental,0.1,Henan Normal University,0,closed,0
10.1021/acsaem.6c01436,10.1021/acsaem.6c01436,Synergistic Passivation Effect via a Bidentate Anchoring Molecule between the Perovskite Layer and Electron Transport Layer for Perovskite Solar Cells,ACS Applied Energy Materials,journal,2026-08-11,article,en,interfaces,,experimental,0.22,Jilin Normal University,0,closed,1
10.1002/anie.3716107,10.1002/anie.3716107,Efficient and Stable Inverted Perovskite Solar Cells Via a Multi‐Arm Donor–Acceptor Dipole Molecular Bridge,Angewandte Chemie International Edition,journal,2026-08-11,article,en,interfaces,,experimental,0.1,Henan Normal University,0,closed,1
10.3390/nano16160989,10.3390/nano16160989,Interfacial Engineering Strategies of Self-Assembled Monolayers for Inverted Perovskite Solar Cells,Nanomaterials,journal,2026-08-11,article,en,interfaces,,review,0.2,Beijing University Of Chemical Technology,0,gold,1
10.1002/adma.74582,10.1002/adma.74582,Synergistic Interface Stabilization and Dynamic Defect Passivation for High‐Performance Ultraviolet‐Stable Perovskite Solar Cells,Advanced Materials,journal,2026-08-11,article,en,defects,,experimental,0.2273,South China University Of Technology,0,closed,0
10.1021/acsnano.6c10992,10.1021/acsnano.6c10992,Synergistic Self-Passivation of Vacancy Complexes in Metal Halide Perovskites,ACS Nano,journal,2026-08-11,article,en,defects,,theory,0.4545,Central South University,0,closed,1
10.13140/rg.2.2.33286.95046,10.13140/rg.2.2.33286.95046,"A Closed-Form Spectral Operator for Predicting Ion Migration, Phase Segregation, and Efficiency Collapse in Perovskite Solar Cells",,,2026-08-11,article,en,defects,,experimental,0.1364,,0,gold,0
10.1016/j.jphotochem.2026.117622,10.1016/j.jphotochem.2026.117622,An N-type dimeric organic molecule as interfacial modifier for inverted perovskite solar cells,Journal of Photochemistry and Photobiology A Chemistry,journal,2026-08-11,article,en,composition,,experimental,0.0,,0,closed,0
10.1021/acsaem.6c01323,10.1021/acsaem.6c01323,Distinct Functions of Additives during Thermal Aging in Vacuum-Flash-Assisted Perovskite Solar Cells,ACS Applied Energy Materials,journal,2026-08-11,article,en,defects,,experimental,0.1136,Pusan National University,0,closed,1
10.1016/j.chemphys.2026.113439,10.1016/j.chemphys.2026.113439,Pressure-driven band gap engineering and enhanced optical properties of lead-free Rb₂AgInBr₆ and Rb₂AgInI₆ double perovskites: a first-principles study,Chemical Physics,journal,2026-08-11,article,en,composition,,theory,0.1,Islamia College University,0,closed,0
10.1016/j.cej.2026.180595,10.1016/j.cej.2026.180595,High gravity technology based lead recovery for sustainable perovskite solar cells upgrading,Chemical Engineering Journal,journal,2026-08-11,article,en,composition,,experimental,0.0,,0,closed,0
10.1016/j.cej.2026.180596,10.1016/j.cej.2026.180596,Synergistic surface engineering enables high-efficiency and stable operation of low-bromine wide-bandgap perovskite solar cells,Chemical Engineering Journal,journal,2026-08-11,article,en,composition,,experimental,0.0,,0,closed,0
10.1021/acs.langmuir.6c03740,10.1021/acs.langmuir.6c03740,Physical-Chemical Synergistic Interface Engineering via Mesoporous SnO2/Thiophene-Graphdiyne Heterostructure in Perovskite Solar Cells,Langmuir,journal,2026-08-11,article,en,interfaces,,experimental,0.12,Shandong University,0,closed,0
10.1021/acs.langmuir.6c02642,10.1021/acs.langmuir.6c02642,Intermediate-Phase-Mediated Crystallization and A-Site Doping in CsPbI2Br Perovskite Solar Cells Enabled by Dimethylammonium Iodide,Langmuir,journal,2026-08-11,article,en,defects,composition,experimental,0.1136,Changsha University Of Science And Technology,0,closed,0
10.1038/s41467-026-76425-3,10.1038/s41467-026-76425-3,Regulating lattice evolution via an ordered two-dimensional intermediate phase for resilient perovskite solar cells,Nature Communications,journal,2026-08-11,article,en,stability,,experimental,0.0606,Huazhong University Of Science And Technology,0,gold,1
10.48084/etasr.19387,10.48084/etasr.19387,A Hybrid Physics-Guided Residual Multi-Task Neural Network Framework for Predictive Modeling of Power Conversion Efficiency and Static Electrical Stability in Perovskite Solar Cells,Engineering Technology & Applied Science Research,journal,2026-08-11,article,en,composition,,experimental,0.0167,City University Of Hong Kong,0,gold,0
10.1002/smll.75122,10.1002/smll.75122,Inhibiting Buried Mechanical Failure via Vapor‐Induced Chemical Reconstruction for Durable Solar Cells,Small,journal,2026-08-11,article,en,interfaces,,experimental,0.18,Sun Yat-sen University,0,closed,1
analysis of degradation in perovskite solar cells through physics based machine learning|jensen,,Analysis of degradation in perovskite solar cells through physics-based machine learning,arXiv (Cornell University),repository,2026-08-11,preprint,en,stability,,theory,0.0303,University Of Bath,0,green,0
10.1002/adom.71601,10.1002/adom.71601,Photodoping in Wide‐Bandgap Perovskite Solar Cells With MXenes,Advanced Optical Materials,journal,2026-08-12,article,en,defects,,experimental,0.1136,University Of Cagliari,0,hybrid,0
10.1021/acsomega.5c12575,10.1021/acsomega.5c12575,Perovskite Surface Treatment with Cu2O-MIL-53 (Al) Metal-Organic Frameworks for Enhanced Efficiency and Stable Perovskite Solar Cells,ACS Omega,journal,2026-08-12,article,en,defects,,experimental,0.1136,National Science And Technology Development Agency,0,gold,0
10.1007/s43939-026-00884-0,10.1007/s43939-026-00884-0,A reduced-order physics-informed framework for time-dependent ion-assisted moisture degradation in perovskite solar cells,Discover Materials,journal,2026-08-12,article,en,stability,defects,theory,0.1364,Central University Of Gujarat,0,gold,0
10.1038/s41586-026-10994-7,10.1038/s41586-026-10994-7,Lead carboxylates passivation for meter-scale perovskite solar modules,Nature,journal,2026-08-12,article,en,defects,,experimental,0.1364,Collaborative Innovation Center Of Advanced Microstructures,0,closed,0
10.1016/j.solcom.2026.100186,10.1016/j.solcom.2026.100186,"Direct band gap lead-free double perovskite semiconductors Rb2AgB’F6 (B’ = In, Ir) for efficient solar cells: Ab-initio study",Solar Compass,journal,2026-08-12,article,en,composition,,theory,0.1167,Université Ibn-tofail,0,gold,0
10.1002/anie.8256065,10.1002/anie.8256065,Polyfluorinated‐Regulator‐Assisted Scaffold‐Directed Tilted 1D/3D Heterointerfaces for High‐Voltage and Stable Perovskite Solar Cells,Angewandte Chemie International Edition,journal,2026-08-12,article,en,defects,,experimental,0.1136,National Taiwan University,0,closed,1
10.1002/cssc.70947,10.1002/cssc.70947,Lead Management in Perovskite Photovoltaics: Status and Perspectives,ChemSusChem,journal,2026-08-12,article,en,stability,,review,0.0303,Southwest Petroleum University,0,green,0
10.1038/s41467-026-76786-9,10.1038/s41467-026-76786-9,Stacking-order-driven interfacial dipole flip and chlorine-iodine exchange for high-performance perovskite-organic tandem solar cells,Nature Communications,journal,2026-08-12,article,en,interfaces,,experimental,0.22,Chengdu University Of Information Technology,0,gold,1
10.1016/j.solener.2026.114990,10.1016/j.solener.2026.114990,Analytical framework for charge-transport-layer-induced current density–voltage distortions in perovskite solar cells,Solar Energy,journal,2026-08-12,article,en,composition,,experimental,0.0,Fujian Normal University,0,closed,0
10.1002/aenm.71424,10.1002/aenm.71424,Decoding Light‐Soaking Pre‐Stabilization for Real‐World Performance Benchmarking in Large‐Area Perovskite Modules,Advanced Energy Materials,journal,2026-08-12,article,en,interfaces,,experimental,0.08,Jinan University,0,closed,0
10.1016/j.cej.2026.180637,10.1016/j.cej.2026.180637,"Synergistic co-passivation strategies in perovskite solar cells: Additives, interfacial, and dipole engineering",Chemical Engineering Journal,journal,2026-08-12,article,en,defects,,experimental,0.1364,University Of Tehran,0,closed,0
10.1002/adfm.77712,10.1002/adfm.77712,Dual Modulation of the Buried Interface in Inverted Perovskite Solar Cells With Heteroatom‐Conjugated Asymmetric Self‐Assembled Molecules,Advanced Functional Materials,journal,2026-08-12,article,en,interfaces,,experimental,0.26,Macau University Of Science And Technology,0,closed,1
10.1002/ange.8256065,10.1002/ange.8256065,Polyfluorinated‐Regulator‐Assisted Scaffold‐Directed Tilted 1D/3D Heterointerfaces for High‐Voltage and Stable Perovskite Solar Cells,Angewandte Chemie,journal,2026-08-12,article,en,defects,,experimental,0.1136,National Taiwan University,0,closed,0
10.1038/s41598-026-56476-8,10.1038/s41598-026-56476-8,Novel lead-free Cs$$_2$$NaFeBr$$_6$$ double perovskite exhibiting multifunctional energy-relevant properties: A comprehensive first-principles study,Scientific Reports,journal,2026-08-12,article,en,composition,,theory,0.1333,Bangladesh University Of Engineering And Technology,0,gold,0
10.1002/adma.74643,10.1002/adma.74643,Vertically Oriented Calixarene Self‐Assembled Monolayers Enable Efficient Tin‐Based Perovskite Solar Cells,Advanced Materials,journal,2026-08-12,article,en,interfaces,,experimental,0.24,Fudan University,0,closed,0
10.1051/epjconf/202638301010/pdf,10.1051/epjconf/202638301010/pdf,Numerical investigation and optimization of Cs,Springer Link (Chiba Institute of Technology),repository,2026-08-12,article,en,composition,,theory,0.1,,0,closed,0
10.1016/j.solmat.2026.114639,10.1016/j.solmat.2026.114639,Annealing-free sputtered NiO hole transport layers for large-area perovskite solar modules,Solar Energy Materials and Solar Cells,journal,2026-08-13,article,en,interfaces,,experimental,0.08,,0,closed,0
10.1021/acsaem.6c02063,10.1021/acsaem.6c02063,Solvent-Dependent Role of SnF2 in DMSO-Free Tin Halide Perovskite Solar Cells,ACS Applied Energy Materials,journal,2026-08-13,article,en,composition,,experimental,0.0667,University Of Electro-communications,0,closed,1
10.1016/j.egyr.2026.109583,10.1016/j.egyr.2026.109583,A robust series-connected diode model tailored for perovskite solar cells,Energy Reports,journal,2026-08-13,article,en,composition,,experimental,0.0,Budapest University Of Technology And Economics,0,gold,0
10.1002/solr.70454,10.1002/solr.70454,Steric Hindrance‐Assisted Coordination for Efficient and Stable Tin‐Based Perovskite Solar Cells,Solar RRL,journal,2026-08-13,article,en,defects,,experimental,0.0455,Shanghai University Of Engineering Science,0,bronze,1
10.1080/01411594.2026.2693087,10.1080/01411594.2026.2693087,"Exploring phase stability and functional properties of lead-free Rb₂CuMoX₆ (X = Cl, Br) double perovskites for next generation energy solutions",Phase Transitions,journal,2026-08-13,article,en,composition,,experimental,0.2,Bahauddin Zakariya University,0,closed,0
10.1038/s41893-026-01916-6,10.1038/s41893-026-01916-6,Scalable ambient fabrication of single-junction and perovskite–silicon tandem solar cells,Nature Sustainability,journal,2026-08-13,article,en,architecture,,experimental,0.0968,Nanjing Tech University,0,closed,0
10.1002/tcr.70228,10.1002/tcr.70228,The Chemical Record of Carbon Quantum Dots: Charting the Course From Mechanistic Insights to Sustainable Technologies,The Chemical Record,journal,2026-08-13,article,en,stability,,review,0.0152,Indian,0,closed,0
10.1016/j.cej.2026.180540,10.1016/j.cej.2026.180540,Interconnection layer engineering and configuration matching for high-performance perovskite/PbS quantum dot tandem solar cells,Chemical Engineering Journal,journal,2026-08-13,article,en,architecture,,experimental,0.129,Huazhong University Of Science And Technology,0,closed,0
10.21203/rs.3.rs-10271290/v1,10.21203/rs.3.rs-10271290/v1,Ba- and Mg-Doped Perovskites on Engineered TiO2 Interfaces for Efficient HTL-Free Solar Cells,Research Square,repository,2026-08-13,preprint,en,interfaces,,experimental,0.08,King Faisal University,0,green,0
10.1016/j.mtchem.2026.103903,10.1016/j.mtchem.2026.103903,Bandgap grading engineering in Cs2Ag(SbxBi1-x)Br6 double perovskites for high-performance photovoltaics: Insights from explainable machine learning,Materials Today Chemistry,journal,2026-08-13,article,en,composition,,theory,0.0,,0,closed,0
10.7716/aem.v15i3.3119,10.7716/aem.v15i3.3119,Carrier Mobility Prediction and Device Stability Evaluation of Perovskite Optoelectronic Thin Films Using Small-Sample Deep Learning Algorithms,Advanced Electromagnetics,journal,2026-08-13,article,en,defects,,experimental,0.1818,Nantong University,0,diamond,0
10.1002/adfm.77729,10.1002/adfm.77729,Suppression of Lattice Heterogeneity for Efficient Inverted Perovskite Solar Cells,Advanced Functional Materials,journal,2026-08-13,article,en,stability,,experimental,0.1364,University Of Science And Technology Of China,0,closed,1
10.1002/adma.74675,10.1002/adma.74675,Advancing 1.84 eV Wide‐Bandgap Perovskite Photovoltaics Beyond 20% via Single‐Facet‐Oriented Self‐Assembled Molecules,Advanced Materials,journal,2026-08-13,article,en,architecture,stability,experimental,0.0484,Shenzhen Polytechnic University,0,closed,0
10.1002/adma.74668,10.1002/adma.74668,Molecular Bridge Overcomes Carrier Transport Limitations for High‐Efficiency Quantum Dot Photovoltaic,Advanced Materials,journal,2026-08-13,article,en,defects,,experimental,0.0682,Soochow University,0,closed,0
10.1016/j.cap.2026.08.010,10.1016/j.cap.2026.08.010,Cross-linked hole extracting contacts for efficient inverted perovskite solar cells,Current Applied Physics,journal,2026-08-14,article,en,composition,,experimental,0.0,Guilin University Of Electronic Technology,0,closed,0
10.1002/adfm.77692,10.1002/adfm.77692,Halogen‐Acupuncture Stabilization of Pure‐Iodide Wide‐Bandgap Perovskites for Efficient and Stable Solar Cells under Simulated Low‐Earth‐Orbit Cycling,Advanced Functional Materials,journal,2026-08-14,article,en,architecture,,experimental,0.0484,Northwestern Polytechnical University,0,closed,0
10.1016/j.physb.2026.419232,10.1016/j.physb.2026.419232,Temperature-driven evolution of optical and excitonic properties in FAPbI3 and its influence on perovskite solar cells,Physica B Condensed Matter,journal,2026-08-14,article,en,composition,,experimental,0.0,,0,closed,0
10.1002/ange.5667084,10.1002/ange.5667084,Dual‐Action Sulfonium‐Amino Acid Additive Enabling Crystallization Regulation and Defect Passivation for High‐Performance Carbon‐Electrode Printable Mesoscopic Perovskite Solar Cells,Angewandte Chemie,journal,2026-08-14,article,en,defects,,experimental,0.2273,Wuhan National Laboratory For Optoelectronics,0,closed,0
10.1126/sciadv.aec3096,10.1126/sciadv.aec3096,Self-assembled monolayers with cross-linkable header on the linker for durable perovskite photovoltaics,Science Advances,journal,2026-08-14,article,en,stability,,experimental,0.0152,University Of,0,gold,1
10.1002/anie.5667084,10.1002/anie.5667084,Dual‐Action Sulfonium‐Amino Acid Additive Enabling Crystallization Regulation and Defect Passivation for High‐Performance Carbon‐Electrode Printable Mesoscopic Perovskite Solar Cells,Angewandte Chemie International Edition,journal,2026-08-14,article,en,defects,,experimental,0.2273,Wuhan National Laboratory For Optoelectronics,0,closed,1
10.3390/eng7080412,10.3390/eng7080412,SCAPS-1D Simulation of Lead-Free CH3NH3SnBr3 Perovskite Solar Cells: Impact of Temperature on Photovoltaic and Impedance Performance,Eng—Advances in Engineering,journal,2026-08-14,article,en,composition,,theory,0.1,Chouaib Doukkali University,0,gold,0
10.1016/j.jechem.2026.08.006,10.1016/j.jechem.2026.08.006,Configuration-driven co-assembly of molecular contacts for improved efficiency and stability of perovskite solar cells,Journal of Energy Chemistry,journal,2026-08-14,article,en,composition,,experimental,0.0,East China University Of Science And Technology,0,closed,0
10.1088/1402-4896/ae9a0e,10.1088/1402-4896/ae9a0e,Ammonium chloride mediated defect and energy-level regulation in FASnI 3 perovskite solar cells,Physica Scripta,journal,2026-08-14,article,en,defects,composition,experimental,0.1591,Yanshan University,0,hybrid,0
10.14288/1.0454688,10.14288/1.0454688,Unraveling degradation pathways in perovskites solar cells via impedance spectroscopy,Open Collections,repository,2026-08-14,article,en,stability,,experimental,0.0303,,0,green,0
10.1038/s43246-026-01321-8,10.1038/s43246-026-01321-8,Static antisolvent processing for scalable and sustainable perovskite photovoltaics,Communications Materials,journal,2026-08-14,article,en,scale_up,,experimental,0.0606,Friedrich-alexander-universität Erlangen-nürnberg,0,gold,1
10.1002/smtd.70962,10.1002/smtd.70962,When the Substrate Matters in Solar Cells: Photoinduced Force Microscopy Uncovers How ITO Pretreatment Governs Self‐Assembled Monolayers,Small Methods,journal,2026-08-14,article,en,interfaces,,experimental,0.06,National Taiwan University,0,closed,0
10.1021/acsenergylett.6c01191,10.1021/acsenergylett.6c01191,Architecting Percolating Ionic Networks in Spiro-OMeTAD via Radical-Dopant Cooperation for Enhanced Hole Transport and Stability,ACS Energy Letters,journal,2026-08-14,article,en,composition,interfaces,experimental,0.0667,Pohang University Of Science And Technology,0,hybrid,1
10.1016/j.solcom.2026.100187,10.1016/j.solcom.2026.100187,Defect-aware adaptive metallization framework for perovskite solar cells using FPGA edge-AI,Solar Compass,journal,2026-08-14,article,en,scale_up,defects,scale_up,0.0758,Manipal Academy Of Higher Education,0,gold,0
10.1007/s40820-026-02278-6,10.1007/s40820-026-02278-6,A Buried Sulfonate Molecular Bridge for Synchronous Charge Transport and Defect Passivation in High-Performance Perovskite Solar Cells,Nano-Micro Letters,journal,2026-08-14,article,en,defects,,experimental,0.3409,Zhengzhou,0,gold,1
10.48550/arxiv.2608.14368,10.48550/arxiv.2608.14368,"Unraveling the Roles of Shallow, Deep and Auger Trapping in Charge Carrier Recombination in Triple-Cation Perovskites",arXiv (Cornell University),repository,2026-08-14,preprint,en,composition,,experimental,0.0667,,0,green,1
10.48550/arxiv.2608.14292,10.48550/arxiv.2608.14292,Efficient simulation of second-order phase transitions in quantum anharmonic materials,arXiv (Cornell University),repository,2026-08-14,preprint,en,composition,,theory,0.1,,0,green,1
10.1016/j.solmat.2026.114643,10.1016/j.solmat.2026.114643,Orchestrating crystal orientation and charge transfer dynamics via cation-adsorbing 2D MOF interlayer for efficient perovskite solar cells,Solar Energy Materials and Solar Cells,journal,2026-08-15,article,en,composition,,experimental,0.0667,Jilin Normal University,0,green,0
10.1016/j.nxener.2026.100883,10.1016/j.nxener.2026.100883,"Review on halide perovskites: Progress, issues and prospects in the aspect of photovoltaic applications",Next Energy,journal,2026-08-15,article,en,defects,,review,0.1136,Niger State Polytechnic,0,gold,0
10.5281/zenodo.21960465,10.5281/zenodo.21960465,From Diffusion to Work: A Unified Theory of Thermoelectric–Photovoltaic Energy Conversion within the Causal Set Gauge-Flow Theory Framework,Zenodo (CERN European Organization for Nuclear Research),repository,2026-08-15,preprint,en,composition,,review,0.0,,0,green,0
10.5281/zenodo.21960464,10.5281/zenodo.21960464,From Diffusion to Work: A Unified Theory of Thermoelectric–Photovoltaic Energy Conversion within the Causal Set Gauge-Flow Theory Framework,Zenodo (CERN European Organization for Nuclear Research),repository,2026-08-15,preprint,en,composition,,review,0.0,,0,green,0
10.3390/en19163831,10.3390/en19163831,Synergistic Defect Passivation with Enhanced Light and Thermal Resilience for p-i-n CsFA-Based Perovskite Solar Cells,Energies,journal,2026-08-15,article,en,defects,,experimental,0.2273,Hebei University Of Technology,0,gold,0
10.1016/j.apsusc.2026.168128,10.1016/j.apsusc.2026.168128,Sequential hybrid self-assembled monolayers enabling uniform coverage and efficient hole extraction in perovskite photoelectronics,Applied Surface Science,journal,2026-08-16,article,en,composition,,experimental,0.0,Chung-ang University,0,green,0
10.1021/acsami.6c07537,10.1021/acsami.6c07537,Stabilization of All-Slot-Die-Coated Perovskite Solar Cells by MXene Nanospheres Unleashes Thousand-Hour Operational Lifetimes,ACS Applied Materials & Interfaces,journal,2026-08-16,article,en,scale_up,,scale_up,0.1212,National University Of Science And Technology,0,closed,1
10.1016/j.optlastec.2026.116142,10.1016/j.optlastec.2026.116142,"Device-level photovoltaic assessment of lead-free X2SnCl6 (X = K, Rb) perovskites: Ab-initio study",Optics & Laser Technology,journal,2026-08-16,article,en,composition,,experimental,0.1,Khwaja Fareed University Of Engineering And Information Technology,0,closed,0
10.1016/j.jpowsour.2026.241249,10.1016/j.jpowsour.2026.241249,One-dimensional capping layer and surface composition gradient synergistically enable the efficient and stable inorganic cesium halide perovskite solar cells,Journal of Power Sources,journal,2026-08-16,article,en,composition,,experimental,0.0,Bohai University,0,closed,0
10.1002/adfm.77759,10.1002/adfm.77759,A Dual‐Site Molecule‐Engineered Hole‐Transporting Layer: Boosting Efficiency in Both Perovskite and Non‐Fullerene Organic Solar Cells,Advanced Functional Materials,journal,2026-08-16,article,en,interfaces,,experimental,0.1,Soochow University,0,closed,0
10.1002/adfm.77726,10.1002/adfm.77726,Hidden Potential of Halide Perovskites in Photo‐Electrocatalytic Syngas Production: Triumph or Trial?,Advanced Functional Materials,journal,2026-08-16,article,en,composition,defects,theory,0.0333,Indian,0,closed,1
10.1021/acsami.6c11722,10.1021/acsami.6c11722,Overcoming Uncontrolled Nucleation and Cesium Salt Solubility Limits in Scalable Perovskite Deposition through All-Inorganic Perovskite Nanocrystal Seeding,ACS Applied Materials & Interfaces,journal,2026-08-17,article,en,scale_up,,scale_up,0.1061,Technical University Of Munich,0,hybrid,1
10.1038/s41586-026-11010-8,10.1038/s41586-026-11010-8,Defect passivation and optical management of triple-junction solar cells,Nature,journal,2026-08-17,article,en,defects,,experimental,0.2273,Changzhou,0,closed,0
10.1002/adma.74639,10.1002/adma.74639,Synergistic Molecular Modulation via Coordination and Hydrogen Bonding for Efficient Perovskite and Tandem Solar Cells,Advanced Materials,journal,2026-08-17,article,en,architecture,defects,experimental,0.0968,Shenzhen Polytechnic University,0,closed,0
10.1038/s41560-026-02124-4,10.1038/s41560-026-02124-4,Interface engineering towards high-efficiency perovskite/CIGS tandem solar cells,Nature Energy,journal,2026-08-17,article,en,architecture,,experimental,0.0968,,0,closed,0
10.1002/adfm.77758,10.1002/adfm.77758,Fullerene‐Mediated Iodine Immobilization at Buried Interfaces in Sn–Pb Perovskite Solar Cells,Advanced Functional Materials,journal,2026-08-17,article,en,interfaces,,experimental,0.08,National Chung Hsing University,0,hybrid,0
10.1002/adma.74623,10.1002/adma.74623,Organic n‐Type Molecule Mediated Crystallization Regulation for Sn‐Pb Perovskite Solar Cells,Advanced Materials,journal,2026-08-17,article,en,architecture,stability,review,0.0484,City University Of Hong Kong,0,closed,0
10.1002/adma.74653,10.1002/adma.74653,Synergistic Bidirectional Crystallization for High‐Performance Perovskite Solar Cells,Advanced Materials,journal,2026-08-17,article,en,interfaces,,experimental,0.1,Nanjing Tech University,0,closed,0
10.1002/admt.71225,10.1002/admt.71225,Effective Light Trapping Structures in Perovskite Solar Cells with Tunable‐Refractive‐Index Microlens Arrays,Advanced Materials Technologies,journal,2026-08-17,article,en,scale_up,,theory,0.0758,Xi'an Jiaotong University,0,closed,0
10.1016/j.jechem.2026.08.013,10.1016/j.jechem.2026.08.013,Perovskite-based triple-junction tandem solar cells,Journal of Energy Chemistry,journal,2026-08-17,article,en,architecture,,experimental,0.0968,Hebei University Of Technology,0,closed,0
10.1021/acsenergylett.6c00547,10.1021/acsenergylett.6c00547,The Physics of Ultra-Long Cooling Times in Metal Halide Perovskites,ACS Energy Letters,journal,2026-08-17,article,en,composition,,experimental,0.0,University Of Groningen,0,hybrid,1
10.1038/s41598-026-66569-z,10.1038/s41598-026-66569-z,Influence of synthesis pH and temperature on the structural properties of hydroxyapatite for perovskite solar cell application,Scientific Reports,journal,2026-08-17,article,en,composition,,experimental,0.0,University Of South Africa,0,gold,0
10.1021/acsaom.6c00350,10.1021/acsaom.6c00350,Spatiotemporal Monitoring of MAPbI3 Films under Outdoor Conditions by Using Hyperspectral Imaging,ACS Applied Optical Materials,journal,2026-08-17,article,en,composition,stability,experimental,0.0167,Universidad De Los Andes,0,closed,0
10.1038/s44160-026-01142-0,10.1038/s44160-026-01142-0,An enthalpy–entropy competition strategy enables moisture-stable and scalable perovskite photovoltaics,Nature Synthesis,journal,2026-08-17,article,en,stability,scale_up,experimental,0.0606,Nanchang University,0,closed,0
10.34133/energymatadv.0417,10.34133/energymatadv.0417,Potassium Sorbate Regulate SnO2 and Passivate Cation Defect for Flexible Perovskite Solar Cells,Energy Material Advances,journal,2026-08-17,article,en,defects,,experimental,0.1818,,0,diamond,0
10.3390/photonics13080779,10.3390/photonics13080779,AI-Driven Photonic Front-Ends for 6G Visible Light Communication: From Micro-LEDs and Reconfigurable Optics to Energy-Autonomous Receivers,Photonics,journal,2026-08-17,article,en,composition,,review,0.0,Qingdao University Of Science And Technology,0,gold,0
10.13140/rg.2.2.19940.54400,10.13140/rg.2.2.19940.54400,PEROVSKITE SOLAR CELLS: From Fundamental Science to Commercial Reality A Comprehensive Academic Review,,,2026-08-17,article,en,composition,,review,0.0,,0,gold,0
10.1016/j.mtener.2026.102384,10.1016/j.mtener.2026.102384,Thermal ionic stability under ISOS-D-2 decouples room-temperature efficiency from durability in CsFAPbI3 perovskite solar cells,Materials Today Energy,journal,2026-08-18,article,en,stability,,experimental,0.0909,,0,green,0
10.1016/j.cej.2026.180824,10.1016/j.cej.2026.180824,Synergistic modulation of electron transport layer and perovskite via CrB MBene interfacial engineering in hole transport layer-free carbon-based CsPbI2Br perovskite solar cells,Chemical Engineering Journal,journal,2026-08-18,article,en,interfaces,,experimental,0.16,Hebei Normal University,0,green,0
10.1016/j.materresbull.2026.114399,10.1016/j.materresbull.2026.114399,Buried interfacial engineering enables efficient charge transfer in air-processed carbon-based all-inorganic perovskite solar cells with an efficiency over 15%,Materials Research Bulletin,journal,2026-08-18,article,en,composition,,experimental,0.0,,0,closed,0
10.1002/adma.74681,10.1002/adma.74681,Diketopyrrolopyrrole‐Based Cation as a Semiconducting Spacer in Layered Perovskite,Advanced Materials,journal,2026-08-18,article,en,composition,,experimental,0.0667,École Polytechnique Fédérale De Lausanne,0,hybrid,1
10.1002/adma.74663,10.1002/adma.74663,Diffusion‐Driven Macromolecular Self‐Organization Enables Conformal Perovskite/Silicon Tandems,Advanced Materials,journal,2026-08-18,article,en,defects,,experimental,0.1136,,0,closed,0
10.1016/j.surfin.2026.110437,10.1016/j.surfin.2026.110437,Numerical investigation of high-efficiency two-terminal Rb₁MAFA/In₂S₃ tandem perovskite solar cells,Surfaces and Interfaces,journal,2026-08-18,article,en,architecture,,experimental,0.0968,Graphic Era University,0,closed,0
10.1186/s40712-026-00571-1,10.1186/s40712-026-00571-1,Carbon-engineered perovskite solar cells for stable and scalable photovoltaics,Journal of Materials Science Materials in Engineering,journal,2026-08-18,article,en,scale_up,,review,0.0606,Sharda University,0,gold,0
10.1016/j.cej.2026.180889,10.1016/j.cej.2026.180889,Sequential oxidation inhibition of perovskite precursor for efficient and stable perovskite solar cells,Chemical Engineering Journal,journal,2026-08-18,article,en,composition,,experimental,0.0,,0,closed,0
10.1002/solr.70461,10.1002/solr.70461,Ionic Liquid Engineering Induced Hydrogen‐Bond Networks for Efficient Wide‐Bandgap Perovskite Photovoltaics,Solar RRL,journal,2026-08-18,article,en,defects,,experimental,0.1818,Shenzhen Polytechnic University,0,closed,1
10.1002/solr.70458,10.1002/solr.70458,Applying Texturization Methods for Luminescent Down‐Shifting Films to Enhance the Light Absorption in High‐Efficiency Photovoltaic Devices,Solar RRL,journal,2026-08-18,article,en,stability,,experimental,0.0303,Yangtze River Delta Physics Research Center (china),0,closed,1
10.21203/rs.3.rs-10545483/v1,10.21203/rs.3.rs-10545483/v1,Efficient and stable industrial-size perovskite/silicon tandems with long-span bisphosphonic self-assembled molecules,Research Square,repository,2026-08-18,preprint,en,composition,,experimental,0.0,Peking University,0,green,0
10.1021/acs.jpclett.6c02253,10.1021/acs.jpclett.6c02253,Sulfamethoxazole-Induced Synergistic Interfacial Passivation for Efficient and Stable Perovskite Solar Cells,The Journal of Physical Chemistry Letters,journal,2026-08-18,article,en,defects,,experimental,0.3182,Chongqing Normal University,0,closed,1
10.25259/ajc_85_2026,10.25259/ajc_85_2026,Unlocking high hole mobility in D-A-D hole transport materials via asymmetric donor engineering for perovskite solar cells,Arabian Journal of Chemistry,journal,2026-08-18,article,en,interfaces,,theory,0.08,Northeast Forestry University,0,hybrid,0
10.1016/j.decarb.2026.100190,10.1016/j.decarb.2026.100190,Hydrogen-bond network-reinforced self-assembled monolayer enables high efficiency and operational stability in pure-iodide wide-bandgap perovskite solar cells,DeCarbon,journal,2026-08-18,article,en,interfaces,,experimental,0.28,Southwest Forestry University,0,gold,1
10.1016/j.materresbull.2026.114382,10.1016/j.materresbull.2026.114382,CuBr2-mediated anion-cation co-passivation for enhanced perovskite solar cells,Materials Research Bulletin,journal,2026-08-18,article,en,defects,,experimental,0.1364,Taizhou University,0,closed,0
10.55092/aimat20260009,10.55092/aimat20260009,Highly vertically oriented 2D/3D tin perovskite films for efficient and stable solar cells,AI & Materials,journal,2026-08-18,article,en,composition,,experimental,0.15,Northwestern Polytechnical University,0,closed,0
10.48550/arxiv.2608.17577,10.48550/arxiv.2608.17577,Operando multidimensional spectroscopy reveals A-site-dependent carrier cooling in perovskite solar cells,arXiv (Cornell University),repository,2026-08-18,preprint,en,composition,,experimental,0.1333,,0,green,1
10.1002/smtd.70977,10.1002/smtd.70977,Inverted Perovskite Solar Cells With Acid‐Base Neutralized Self‐Assembled Molecules,Small Methods,journal,2026-08-18,article,en,stability,,experimental,0.0606,East China Normal University,0,closed,0
10.1002/aenm.71462,10.1002/aenm.71462,Selenocyanate Driven Organic Cations Homogenization in Wide‐Bandgap Perovskite,Advanced Energy Materials,journal,2026-08-18,article,en,defects,,experimental,0.1591,City University Of Hong Kong,0,hybrid,1
10.1002/admi.70644,10.1002/admi.70644,Spike‐Type Band Alignment via in 2 Se 3 /CuI Charge‐Transport Engineering Enables 26% Efficient Lead‐Free RbSn 0.5 Ge 0.5 I 3 Perovskite Solar Cells,Advanced Materials Interfaces,journal,2026-08-18,article,en,interfaces,,theory,0.2,Pabna University Of Science And Technology,0,gold,0
10.48550/arxiv.2608.24924,10.48550/arxiv.2608.24924,Polyaniline as a conductive polymer and its role in improving the efficiency and conductivity of perovskite solar cells,arXiv (Cornell University),repository,2026-08-18,preprint,en,interfaces,,experimental,0.04,,0,green,1
10.1002/smll.75056,10.1002/smll.75056,Structural Compensation Strategy: Composite NiO x Hole Transport Layers Enabling High‐Efficiency and Scalable Inverted Perovskite Solar Cells,Small,journal,2026-08-19,article,en,interfaces,,scale_up,0.18,Baoding University,0,closed,1
10.3390/coatings16080986,10.3390/coatings16080986,The Influence of Meniscus Characteristics on Slot-Die Coating Uniformity,Coatings,journal,2026-08-19,article,en,scale_up,,scale_up,0.0909,Xi'an University Of Technology,0,gold,0
10.1007/s11664-026-13112-5,10.1007/s11664-026-13112-5,Multifunctional Properties of Lead-Free Vacancy-Ordered Cs2SnI6 Double Perovskite for Energy Conversion Applications,Journal of Electronic Materials,journal,2026-08-19,article,en,composition,,experimental,0.1,University Ferhat Abbas Of Setif,0,closed,0
10.1007/s11664-026-13097-1,10.1007/s11664-026-13097-1,Comparative Analysis of Inorganic Hole Transport Materials for High-efficiency CsSnI3 Perovskite Solar Cells,Journal of Electronic Materials,journal,2026-08-19,article,en,interfaces,,experimental,0.08,Yancheng,0,closed,0
10.1016/j.cocom.2026.e01440,10.1016/j.cocom.2026.e01440,"High-performance of simple halide perovskites RbGaX3 (X=Cl, Br) for photovoltaic solar energy through DFT and SCAPS-1D methods",Computational Condensed Matter,journal,2026-08-19,article,en,composition,,theory,0.0,,0,closed,0
10.1002/anie.2298813,10.1002/anie.2298813,Orientation‐Engineered Interfacial Bi‐Anchoring Molecules for Efficient and Stable Perovskite Solar Cells,Angewandte Chemie International Edition,journal,2026-08-19,article,en,stability,,experimental,0.0455,Anhui Normal University,0,bronze,0
10.1021/acs.jpclett.6c01871,10.1021/acs.jpclett.6c01871,Non-Negligible Intrinsic Nonradiative Recombination in Ideal Wide-Bandgap Mixed-Halide Perovskites,The Journal of Physical Chemistry Letters,journal,2026-08-19,article,en,composition,,theory,0.1167,Fuyang Normal University,0,closed,1
10.1016/j.surfin.2026.110441,10.1016/j.surfin.2026.110441,Ambient-air fabrication of high-efficiency perovskite solar cells unlocked by sodium cyclamate dual-site passivation,Surfaces and Interfaces,journal,2026-08-19,article,en,defects,,experimental,0.1364,,0,closed,0
10.1002/adfm.77856,10.1002/adfm.77856,Reconstruction of Hole‐Selective Perovskite Contact Enables Highly Efficient Two‐Step Perovskite Solar Cells via Improved Energetics,Advanced Functional Materials,journal,2026-08-19,article,en,stability,,experimental,0.0455,East China Normal University,0,closed,0
10.1002/adfm.202532038,10.1002/adfm.202532038,Large‐Scale Perovskite Photovoltaics: Mitigating Defect Challenges in Upscaled Modules and Monolithic Tandem Cells,Advanced Functional Materials,journal,2026-08-19,article,en,architecture,,review,0.0968,Yangzhou University,0,closed,1
10.1002/ange.2298813,10.1002/ange.2298813,Orientation‐Engineered Interfacial Bi‐Anchoring Molecules for Efficient and Stable Perovskite Solar Cells,Angewandte Chemie,journal,2026-08-19,article,en,stability,,experimental,0.0455,Anhui Normal University,0,closed,0
10.1016/j.dyepig.2026.114120,10.1016/j.dyepig.2026.114120,Self-doped multifunctional and sustainable naphthalene diimide for buffer-layer-free perovskite solar cells,Dyes and Pigments,journal,2026-08-19,article,en,composition,,experimental,0.0,Ajou University,0,closed,0
10.1002/adma.74489,10.1002/adma.74489,Graded Supramolecular Frameworks for Extending Space‐Charge Modulation Regions and Boosting Carrier Dynamics in Perovskite Solar Cells,Advanced Materials,journal,2026-08-19,article,en,stability,,experimental,0.0758,Dalian University Of Technology,0,closed,1
10.1002/aenm.71474,10.1002/aenm.71474,Suppressing Non‐Radiative Recombination in Perovskite Solar Cells Through Integrated Tuning of Out‐of‐Plane Lattice Texture and Strain,Advanced Energy Materials,journal,2026-08-19,article,en,composition,,experimental,0.0,Shenzhen University,0,closed,1
10.1002/adma.74629,10.1002/adma.74629,Geometrically Asymmetric Phosphonium Zwitterions Enable Efficient Printable Mesoscopic Perovskite Solar Cells,Advanced Materials,journal,2026-08-19,article,en,stability,,experimental,0.0455,Wuhan National Laboratory For Optoelectronics,0,closed,1
10.1002/aenm.71465,10.1002/aenm.71465,"A Practical, Technology‐Agnostic Framework For Shockley–Queisser Benchmarking of Solar Cells: Robust Bandgap Definitions and Loss Decomposition From EQE, Electroluminescence, and J – V Data",Advanced Energy Materials,journal,2026-08-19,article,en,composition,,experimental,0.0,Korea University,0,closed,1
10.1016/j.physb.2026.419209,10.1016/j.physb.2026.419209,Effects of structural distortion on the photovoltaic and thermoelectric properties of RbGeI3: A comparative first-principles study of cubic and D-cubic phases,Physica B Condensed Matter,journal,2026-08-19,article,en,composition,,theory,0.0,Université Sultan Moulay Slimane,0,closed,0
10.1016/j.cej.2026.180942,10.1016/j.cej.2026.180942,Polymer-reinforced self-assembled monolayers via solubility selectivity enable dense buried interfaces in inverted perovskite solar cells,Chemical Engineering Journal,journal,2026-08-19,article,en,composition,,experimental,0.0,,0,closed,0
10.1016/j.orgel.2026.107472,10.1016/j.orgel.2026.107472,Multifunctional antisolvent-assisted crystallization and surface defect passivation for efficient and stable perovskite solar cells,Organic Electronics,journal,2026-08-19,article,en,defects,,experimental,0.2273,Jackson State University,0,closed,0
10.70917/ijcisim-2026-4889,10.70917/ijcisim-2026-4889,Numerical Analysis of High-Efficiency Inverted Perovskite Solar Cells: Impact of ETL Selection and Device Parameter Optimization,International Journal of Computer Information Systems and Industrial Management Applications,journal,2026-08-19,article,en,interfaces,,theory,0.28,Oriental University,0,diamond,0
10.70917/ijcisim-2026-4888,10.70917/ijcisim-2026-4888,The Impact of Back-Contact Materials and Absorber Layer Optimization on the Efficiency of Silicon and Tin-Based Perovskite Solar Cells-A SCAPS-1D Comparative Study,International Journal of Computer Information Systems and Industrial Management Applications,journal,2026-08-19,article,en,composition,,theory,0.05,Oriental University,0,diamond,0
10.21203/rs.3.rs-10667647/v1,10.21203/rs.3.rs-10667647/v1,Modeling efficiency penalties of narrow-bandgap perovskites in Si-based tandem solar cells: Incorporating luminescent coupling at non-ideal absorption,Research Square,repository,2026-08-20,preprint,en,architecture,,experimental,0.0968,Leibniz University Hannover,0,green,0
10.1016/j.jallcom.2026.190538,10.1016/j.jallcom.2026.190538,Unlocking high efficiency in lead-free Cs2AgSbBr6 perovskite solar cells enabled by LaFeO3 hole transport layer,Journal of Alloys and Compounds,journal,2026-08-20,article,en,composition,,experimental,0.1,Liaoning Technical University,0,closed,0
10.1016/j.solener.2026.115025,10.1016/j.solener.2026.115025,Research progress of inorganic CsPbX3 perovskite solar cells,Solar Energy,journal,2026-08-20,article,en,composition,,experimental,0.0,Northeast Electric Power University,0,closed,0
10.1002/adfm.77637,10.1002/adfm.77637,High‐Performance Perovskite/Silicon Tandem Solar Cells via Ion Modulation,Advanced Functional Materials,journal,2026-08-20,article,en,architecture,,theory,0.0968,University Of Science And Technology Of China,0,closed,1
10.1002/adma.74694,10.1002/adma.74694,Pathways to High‐Efficiency Perovskite‐Organic Tandem Solar Cells,Advanced Materials,journal,2026-08-20,article,en,architecture,,review,0.0968,Beijing National Laboratory For Molecular Sciences,0,closed,0
10.1007/s12596-026-03269-x,10.1007/s12596-026-03269-x,"Modelling, optimization, and numerical simulation for efficiency enhancement of lead-free Cs2AgBiI6 perovskite solar cells using a double electron transport layer",Journal of Optics,journal,2026-08-20,article,en,composition,,theory,0.1,Indian,0,closed,0
10.1038/s41467-026-76848-y,10.1038/s41467-026-76848-y,Symmetry-breaking co-assembly of conjugated molecules boosts perovskite photovoltaics,Nature Communications,journal,2026-08-20,article,en,stability,interfaces,experimental,0.0909,Hong Kong Polytechnic University,0,gold,1
10.1016/j.nxnano.2026.100697,10.1016/j.nxnano.2026.100697,Strain-mediated electronic and optoelectronic attributes of cubic MAPbCl3 perovskites: A first-principles viewpoint,Next Nanotechnology,journal,2026-08-20,article,en,stability,,theory,0.0152,Jahangirnagar University,0,gold,0
10.1038/s43246-026-01261-3,10.1038/s43246-026-01261-3,Eco-friendly water-synthesis of lead-free Cs2AgBiBr6 perovskites,Communications Materials,journal,2026-08-20,article,en,composition,,experimental,0.1,,0,gold,1
10.1002/adfm.77814,10.1002/adfm.77814,Aromatic Interaction Tailored Interfacial Chemical Reactivity of the Perovskite/Self‐Assembled Monolayers for Efficient and Stable Perovskite Solar Cells,Advanced Functional Materials,journal,2026-08-20,article,en,interfaces,stability,experimental,0.1,Nanjing University Of Aeronautics And Astronautics,0,closed,0
10.1016/j.cej.2026.181004,10.1016/j.cej.2026.181004,Vitamin C-engineered lamellar PbI2 framework for efficient and stable FAPbI3 perovskite solar cells,Chemical Engineering Journal,journal,2026-08-20,article,en,composition,,experimental,0.0,Fujian Jiangxia University,0,closed,0
10.1126/science.aeg8415,10.1126/science.aeg8415,Redirecting wet–interfacial redox pathways for efficient inverted perovskite solar cells,Science,journal,2026-08-20,article,en,stability,,experimental,0.1061,Sungkyunkwan University,0,closed,1
10.1002/adfm.77833,10.1002/adfm.77833,Defect Healing of Electron Transport Layers Using Multifunctional Carboxyl Acid for Carbon‐Based Flexible Perovskite Solar Cells,Advanced Functional Materials,journal,2026-08-20,article,en,defects,interfaces,experimental,0.1591,Yan'an University,0,closed,1
10.1002/adfm.77828,10.1002/adfm.77828,Buried‑Interface Seeded Bottom‑Up Growth for Universal High‑Efficiency p–i–n Perovskites,Advanced Functional Materials,journal,2026-08-20,article,en,interfaces,,experimental,0.14,Nanjing Tech University,0,closed,0
10.1016/j.dyepig.2026.114137,10.1016/j.dyepig.2026.114137,Y-shaped asymmetric triphenylamine-substituted small-molecule hole-transporting materials: the role of functional groups,Dyes and Pigments,journal,2026-08-20,article,en,composition,,experimental,0.0,Skolkovo,0,closed,0
10.1002/adfm.77750,10.1002/adfm.77750,Benzothiadiazole Suppresses Hydrogen Bond‐Driven Aggregation to Enable Highly Uniform SAMs for 26.67%‐Efficient Perovskite Solar Cells,Advanced Functional Materials,journal,2026-08-20,article,en,interfaces,scale_up,scale_up,0.1,University Of South China,0,closed,0
10.1007/s40843-026-4463-3,10.1007/s40843-026-4463-3,TMPU-based phase-locking strategy for spatiotemporally homogeneous crystallization enables ambient scalable perovskite photovoltaics,Science China Materials,journal,2026-08-20,article,en,scale_up,,experimental,0.0606,University Of Washington,0,closed,0
10.1002/advs.76950,10.1002/advs.76950,Anchor Engineering of Hole‐Selective Enamine‐Based Self‐Assembling Monolayers for Perovskite Solar Cells,Advanced Science,journal,2026-08-21,article,en,interfaces,,scale_up,0.14,Kaunas University Of Technology,0,gold,1
10.1007/s10904-026-04473-9,10.1007/s10904-026-04473-9,Integration of SCAPS-1D and Machine Learning for Optimizing CuAgBi2I8 Solar Cells by Employing Copper-Based Chalcogenide Hole Transport Layers,Journal of Inorganic and Organometallic Polymers and Materials,journal,2026-08-21,article,en,interfaces,,theory,0.08,Tianjin University,0,closed,0
10.1002/adfm.77815,10.1002/adfm.77815,Tailoring Light Management in All‐Perovskite Tandem Solar Cells: The Impact of Nanotextures,Advanced Functional Materials,journal,2026-08-21,article,en,architecture,,experimental,0.0968,Helmholtz-zentrum Berlin Für Materialien Und Energie,0,hybrid,0
10.1016/j.cej.2026.181033,10.1016/j.cej.2026.181033,Durable and efficient 2D/3D perovskite bulk heterojunction solar cells via BA2MAPb2I7 single crystal addition,Chemical Engineering Journal,journal,2026-08-21,article,en,composition,,experimental,0.0667,Guangzhou University,0,closed,0
10.22541/authorea.15007746/v1,10.22541/authorea.15007746/v1,Hierarchical MOF Buried Interfaces Enable Directed Perovskite Growth toward Efficient and Durable Solar Cells,,,2026-08-21,preprint,en,interfaces,,experimental,0.1,Zhengzhou University Of Light Industry,0,closed,1
10.26434/chemrxiv.15007735/v1,10.26434/chemrxiv.15007735/v1,Risk-Aware Design of Nanostructured All-Perovskite Tandem Solar Cells under Fabrication Variability Using Gaussian Process Surrogates and CVaR Optimization,ChemRxiv,repository,2026-08-21,preprint,en,architecture,,experimental,0.1935,Tarbiat Modares University,0,green,1
10.1038/s41598-026-67175-9,10.1038/s41598-026-67175-9,Strain-enhanced performance in ultra-soft CsSn(Br3−xClx) perovskites for flexible optoelectronics,Scientific Reports,journal,2026-08-21,article,en,composition,interfaces,theory,0.0833,Shahid Beheshti University,0,gold,0
10.1002/adfm.77855,10.1002/adfm.77855,Diminishing Defect and Ion Migration in Perovskite‐Organic Tandem Solar Cells by Ordered Anion‐Cation Modification Approach,Advanced Functional Materials,journal,2026-08-21,article,en,defects,,experimental,0.2955,Qingdao University,0,closed,1
10.1088/2631-8695/ae9cfe,10.1088/2631-8695/ae9cfe,"Redefining tropical photovoltaics: an AI–DFT-driven physics-constrained framework linking electronic structure, climate response, and device-level performance in CsPbI 3 perovskites",Engineering Research Express,journal,2026-08-21,article,en,composition,defects,theory,0.0333,University Of Mines And Technology,0,hybrid,0
10.1021/acs.nanolett.6c03508,10.1021/acs.nanolett.6c03508,All-Perovskite Low-Dimensional/Quantum Dot Heterojunctions for Long-Term Efficient Quantum Dot Solar Cells,Nano Letters,journal,2026-08-21,article,en,architecture,,experimental,0.0968,Xi'an Jiaotong University,0,closed,1
10.1134/s1063782626600385,10.1134/s1063782626600385,Improving Lead-Free MAGeI3 Perovskite Solar Cell Performance with Ce-ZnO:Al Electron Transport Layer: a Numerical Study,Semiconductors,journal,2026-08-21,article,en,interfaces,composition,theory,0.16,Indian,0,closed,0
10.1088/1361-648x/ae9d0d,10.1088/1361-648x/ae9d0d,"Lead-free tin halide perovskites: progress, photophysics, and applications in next-generation optoelectronics",Journal of Physics Condensed Matter,journal,2026-08-21,article,en,composition,,review,0.1,Indian,0,hybrid,0
10.1016/j.cej.2026.181013,10.1016/j.cej.2026.181013,Liquid crystal directed spatiotemporal crystallization regulation for phase segregation suppression in wide-bandgap perovskite solar cells,Chemical Engineering Journal,journal,2026-08-21,article,en,composition,,experimental,0.0,Inner Mongolia University,0,closed,0
10.1016/j.physb.2026.419238,10.1016/j.physb.2026.419238,Tailoring the perovskite solar cell performance through Ti3C2 MXene-modified Sm2O3 electron transport layers with improved recombination resistance,Physica B Condensed Matter,journal,2026-08-21,article,en,interfaces,,experimental,0.08,University Of The Punjab,0,closed,0
10.1126/sciadv.aef7693,10.1126/sciadv.aef7693,Molecular-driven lead-free halide photoferroelectric solid solution for high-temperature sensitive self-powered x-ray detection,Science Advances,journal,2026-08-21,article,en,,,,,Fujian,0,gold,0
10.1002/adfm.77805,10.1002/adfm.77805,Two Birds With One Stone: Modifier Interfacial Engineering for High‐Efficiency Stable p‐i‐n All‐Inorganic Perovskite/Organic Tandem Solar Cells,Advanced Functional Materials,journal,2026-08-21,article,en,stability,,experimental,0.1364,South China University Of Technology,0,closed,1
10.1007/s11468-026-03411-2,10.1007/s11468-026-03411-2,Plasmonic Metal Nanoparticles for Enhanced Photon Management in Perovskite Solar Cells,Plasmonics,journal,2026-08-21,article,en,stability,,experimental,0.0303,Hamad Bin Khalifa University,0,hybrid,0
10.1021/acsomega.6c06694,10.1021/acsomega.6c06694,Systematic Optimization of Sputtered AZO Thin Films and Their Integration as Alternative Transparent Electrodes for Perovskite Solar Cells,ACS Omega,journal,2026-08-21,article,en,architecture,,experimental,0.0484,Necmettin Erbakan University,0,gold,0
10.1021/acsami.6c12347,10.1021/acsami.6c12347,Synergistic Effect of Guanidinium Iodide and Cesium Iodide for Enhanced Perovskite Crystal Quality and Device Performance in Hybrid Perovskite Solar Cells,ACS Applied Materials & Interfaces,journal,2026-08-21,article,en,composition,,experimental,0.05,Ningbo University Of Technology,0,closed,0
10.1021/acsaem.6c01031,10.1021/acsaem.6c01031,"Stability and Hole-Conductivity Advantages of a Spiro[1,3-dithiolane-2,9′-fluorene] Core Relative to a Dibenzothiophene in Hole-Transporting Materials with Outdoor and Indoor Photovoltaic Applications",ACS Applied Energy Materials,journal,2026-08-21,article,en,composition,,experimental,0.0,Kaunas University Of Technology,0,hybrid,1
10.1142/s0217984926502076,10.1142/s0217984926502076,High-performance lead-free perovskite photovoltaics using copper phthalocyanine hole transport layer,Modern Physics Letters B,journal,2026-08-21,article,en,interfaces,composition,experimental,0.16,Twitter (united States),0,closed,0
10.1142/s0217984926502118,10.1142/s0217984926502118,"DFT Insights on Physical Characteristics of Halide Double Perovskites Rb 2 AuXZ 6 (X=Al, Ga; Z=Cl, Br) for Energy Harvesting Technologies",Modern Physics Letters B,journal,2026-08-21,article,en,stability,,theory,0.0152,,0,closed,0
10.1016/j.mser.2026.101281,10.1016/j.mser.2026.101281,Supramolecular orchestration of fullerene transport layer propelling wide-bandgap inverted perovskite solar cells toward Shockley-Queisser limit,Materials Science and Engineering R Reports,journal,2026-08-22,article,en,composition,,experimental,0.0,Southwest Jiaotong University,0,closed,0
10.1016/j.egyr.2026.109682,10.1016/j.egyr.2026.109682,Advances in carbon nanostructures and organic semiconductors for next-generation solar cells: A comprehensive review,Energy Reports,journal,2026-08-22,article,en,scale_up,,review,0.0303,Islamic Azad University Of Gachsaran,0,gold,1
10.1016/j.synthmet.2026.118280,10.1016/j.synthmet.2026.118280,The evolutionary journey of indolocarbazoles in photovoltaic materials,Synthetic Metals,journal,2026-08-22,article,en,composition,,experimental,0.0,,0,closed,0
10.1002/adma.74786,10.1002/adma.74786,Air‐Processed Perovskite/Silicon Tandem Solar Cells via Iodide Oxidation Suppression,Advanced Materials,journal,2026-08-22,article,en,architecture,,experimental,0.0968,Jilin University,0,closed,0
10.1002/adma.74784,10.1002/adma.74784,Intermediate‐Phase‐Mediated Homogeneous Crystallization of Wide‐Bandgap Perovskite for Efficient Silicon/Perovskite Tandem Solar Cells,Advanced Materials,journal,2026-08-22,article,en,architecture,stability,experimental,0.0968,Dalian University Of Technology,0,closed,0
10.1088/2053-1591/ae9d20,10.1088/2053-1591/ae9d20,Active learning and explainable machine intelligence for lead-free chalcogenide perovskite photovoltaics: Gaussian process Bayesian optimization and SHAP interpretability applied to CaZrSe 3 /CdZnS solar cells,Materials Research Express,journal,2026-08-22,article,en,composition,,theory,0.1333,Universitat Politècnica De València,0,gold,0
10.1016/j.mtphys.2026.102194,10.1016/j.mtphys.2026.102194,Performance loss management of wide-bandgap perovskite in all-perovskite tandem photovoltaic applications,Materials Today Physics,journal,2026-08-22,article,en,architecture,,experimental,0.1935,Advanced Energy (united States),0,closed,0
10.1016/j.solmat.2026.114662,10.1016/j.solmat.2026.114662,Carbazole-based organic ammonium iodide salts as a versatile interlayer for the HTL/perovskite interface in inverted perovskite solar cells,Solar Energy Materials and Solar Cells,journal,2026-08-22,article,en,interfaces,,experimental,0.16,Imec The Netherlands,0,closed,0
10.1002/adma.74771,10.1002/adma.74771,Conformational Elasticity at the Buried Interface: 26.89% Perovskite Solar Cells and 23.95% Certified Modules,Advanced Materials,journal,2026-08-22,article,en,interfaces,,experimental,0.2,Changzhou University,0,closed,0
10.1038/s41598-026-66524-y,10.1038/s41598-026-66524-y,Multiscale first-principles investigation of vacancy-ordered lead halide double perovskites for photocatalytic oxidation and high-efficiency photovoltaic applications,Scientific Reports,journal,2026-08-22,article,en,defects,,theory,0.1364,Khulna University Of Engineering And Technology,0,gold,0
10.1016/j.nxmate.2026.103267,10.1016/j.nxmate.2026.103267,Efficiency enhancement of lead-free CH3NH3SnI3 perovskite solar cells using SCAPS-1D simulation and machine learning optimization,Next Materials,journal,2026-08-22,article,en,interfaces,composition,theory,0.16,University Of Barishal,0,gold,0
10.1002/smll.74689,10.1002/smll.74689,"Stoichiometry‐Driven Interdependencies in PECVD a‐SiN x :H Films: Linking Hydrogen Behavior, Optical Properties, and c‐Si Solar Cell Performance",Small,journal,2026-08-22,article,en,defects,,experimental,0.1136,Korea University,0,hybrid,1
10.1002/adma.74758,10.1002/adma.74758,Molecular Synergy‐Enabled Buried Interface Engineering Toward Highly Efficient and Operationally Stable Flexible Perovskite Photovoltaics,Advanced Materials,journal,2026-08-22,article,en,interfaces,,experimental,0.2,Zhejiang University Of Science And Technology,0,closed,0
10.1007/s10904-026-04511-6,10.1007/s10904-026-04511-6,Enhanced Photovoltaic Performance of Cs2AgBiBr6 Solar Cells Through Mg/Cu co-Doped TiO2 and Ge-Substituted Cu2ZnSnS4 Transport Layers,Journal of Inorganic and Organometallic Polymers and Materials,journal,2026-08-22,article,en,composition,,experimental,0.0,Chouaib Doukkali University,0,closed,0
10.1002/smll.75360,10.1002/smll.75360,Competitive Ligand Modulation Reduces Buried Interfacial Voids and Defects Enabling 26.17% Efficient Perovskite Solar Cells,Small,journal,2026-08-22,article,en,defects,,experimental,0.1591,Beihang University,0,closed,1
10.1021/acsanm.6c03215,10.1021/acsanm.6c03215,ZnCl2-Mediated Facet Engineering of RP-Phase Nanocrystals for Perovskite Solar Cells,ACS Applied Nano Materials,journal,2026-08-22,article,en,interfaces,,experimental,0.04,Hebei University Of Technology,0,closed,0
10.3390/polym18172037,10.3390/polym18172037,Organic and Perovskite Solar Cells with Printed Electrodes,Polymers,journal,2026-08-22,article,en,interfaces,scale_up,review,0.04,Incheon National University,0,gold,0
10.1002/smll.75320,10.1002/smll.75320,Asymmetric Doping–Driven Internal Field Engineering in p–n Homojunctions for Efficient Perovskite Solar Cells,Small,journal,2026-08-23,article,en,defects,,experimental,0.0455,Kyungpook National University,0,bronze,0
10.1007/s43939-026-00904-z,10.1007/s43939-026-00904-z,Predictive insights and optimization of $${\textrm{Rb}_{2}\textrm{AgInCl}_{6}}$$ double perovskite solar cells using SCAPS 1D and machine learning,Discover Materials,journal,2026-08-23,article,en,composition,,theory,0.05,Symbiosis International University,0,gold,0
10.1002/anie.3095986,10.1002/anie.3095986,Ga Doping Enables (110) Facet Control and Surface Passivation of SnO 2 for Efficient and Stable Inverted Perovskite Solar Cells,Angewandte Chemie International Edition,journal,2026-08-23,article,en,defects,,experimental,0.2045,Beijing National Laboratory For Molecular Sciences,0,closed,1
10.1002/ange.3095986,10.1002/ange.3095986,Ga Doping Enables (110) Facet Control and Surface Passivation of SnO 2 for Efficient and Stable Inverted Perovskite Solar Cells,Angewandte Chemie,journal,2026-08-23,article,en,defects,,experimental,0.2045,Beijing National Laboratory For Molecular Sciences,0,closed,0
10.1063/5.0337228,10.1063/5.0337228,Energy-level alignment of vacancy-ordered halide double perovskites,Applied Physics Letters,journal,2026-08-24,article,en,defects,,theory,0.1591,Centre National De La Recherche Scientifique,0,green,0
10.1016/j.cej.2026.181052,10.1016/j.cej.2026.181052,"Modulation of thermal stability, bandgap energy and photovoltaic performance in CsGeX3 perovskites by their valence electron structures",Chemical Engineering Journal,journal,2026-08-24,article,en,stability,,experimental,0.0606,North China Electric Power University,0,closed,0
10.1088/2399-1984/ae9dcb,10.1088/2399-1984/ae9dcb,Enhanced photocurrent response in epitaxial multiferroic 0.5PZT–0.5PFN thin films,Nano Futures,journal,2026-08-24,article,en,,,,,Czech Academy Of Sciences,0,hybrid,0
10.1016/j.orgel.2026.107475,10.1016/j.orgel.2026.107475,Protonation as a simple strategy to activate interfacial modifiers for high-performance perovskite solar cells,Organic Electronics,journal,2026-08-24,article,en,composition,,experimental,0.0,Jackson State University,0,closed,0
10.1007/s11082-026-09099-2,10.1007/s11082-026-09099-2,SCAPS-1D simulation of sulfide and selenide based electron transport layers for lead-free GaGeI3 perovskite solar cells,Optical and Quantum Electronics,journal,2026-08-24,article,en,composition,,theory,0.1,Begum Rokeya University,0,closed,0
10.1038/s41598-026-68598-0,10.1038/s41598-026-68598-0,Predictive modeling and discovery of double perovskite oxides for photovoltaics,Scientific Reports,journal,2026-08-24,article,en,composition,,theory,0.0,University Of Moratuwa,0,gold,0
10.1063/5.0348988,10.1063/5.0348988,Photo-pyroelectric effect induced by interfacial symmetry breaking in van der Waals contacts for self-powered dual-mode photodetection,Applied Physics Letters,journal,2026-08-24,article,en,composition,,experimental,0.0333,Jinan University,0,closed,0
10.7759/s44388-026-00241-0,10.7759/s44388-026-00241-0,Evolution of Two-Dimensional Perovskite Solar Cells: A Bibliometric Analysis of Research Trends and Collaborations,Cureus Journal of Engineering.,journal,2026-08-24,article,en,composition,,review,0.05,,0,hybrid,0
10.1007/s11082-026-09098-3,10.1007/s11082-026-09098-3,High-efficiency Cs2SnI6 double-perovskite solar cell design and optimization achieving 30.45% PCE,Optical and Quantum Electronics,journal,2026-08-24,article,en,composition,,experimental,0.0,Pravara,0,closed,0
10.1002/ange.7848549,10.1002/ange.7848549,Harnessing Molecular Tautomerism to Tune Precursor Coordination Chemistry for Efficient and Stable Perovskite Solar Cells,Angewandte Chemie,journal,2026-08-24,article,en,scale_up,,scale_up,0.0758,Soochow University,0,closed,0
10.1016/j.psep.2026.109498,10.1016/j.psep.2026.109498,Particle size dependent water leaching of lead and associated elements from a commercially developed film-type perovskite solar cell,Process Safety and Environmental Protection,journal,2026-08-24,article,en,composition,,experimental,0.0,Waseda University,0,hybrid,0
10.1002/anie.7848549,10.1002/anie.7848549,Harnessing Molecular Tautomerism to Tune Precursor Coordination Chemistry for Efficient and Stable Perovskite Solar Cells,Angewandte Chemie International Edition,journal,2026-08-24,article,en,scale_up,,scale_up,0.0758,Soochow University,0,closed,1
10.1007/s11082-026-09078-7,10.1007/s11082-026-09078-7,Computational design and machine learning assisted optimization of MXene-engineered MAPbI3/MASnI3 double-absorber perovskite solar cells,Optical and Quantum Electronics,journal,2026-08-24,article,en,composition,,theory,0.0,Bose Institute,0,closed,0
10.1038/s41467-026-76847-z,10.1038/s41467-026-76847-z,Dipole-engineered co-adsorbed self-assembled monolayers boost Cs-based inorganic Pb-Sn perovskite tandem efficiency beyond 20%,Nature Communications,journal,2026-08-24,article,en,interfaces,,experimental,0.16,Ningbo University Of Technology,0,gold,1
10.70729/se26817004756,10.70729/se26817004756,ML-Based Bayesian Optimization of Indoor Perovskite Solar Cells for IoT Integration,International Journal of Scientific Engineering and Research,journal,2026-08-24,article,en,composition,architecture,experimental,0.0333,Indian,0,hybrid,0
10.1016/j.nxmate.2026.103293,10.1016/j.nxmate.2026.103293,Electronic structure and stability of lead-free CsSnBr3 perovskites: Insights from density functional theory,Next Materials,journal,2026-08-24,article,en,composition,,theory,0.1167,Tshwane University Of Technology,0,gold,0
10.34133/energymatadv.0446,10.34133/energymatadv.0446,A Conjugated Bridge Boosts Charge Extraction and Stability in Eco-friendly Perovskite Solar Cells,Energy Material Advances,journal,2026-08-24,article,en,composition,,experimental,0.0,Ludong University,0,diamond,0
10.1002/aenm.71482,10.1002/aenm.71482,Molecular Regulation toward SAM/Perovskite Interface for Efficient p‐i‐n Perovskite Solar Cells,Advanced Energy Materials,journal,2026-08-24,article,en,interfaces,,experimental,0.26,Academy Of Opto-electronics,0,closed,1
10.1002/advs.77365,10.1002/advs.77365,Design Rules for Quantitative Control of Intragrain Planar Defects in Halide Perovskites,Advanced Science,journal,2026-08-24,article,en,stability,,experimental,0.0455,Seoul National University,0,gold,0
10.1002/admi.70646,10.1002/admi.70646,Halogen Surface Terminations in Ti 3 C 2 MXenes for Interface Engineering in Perovskite Solar Cells,Advanced Materials Interfaces,journal,2026-08-24,article,en,interfaces,,experimental,0.12,Universidade Tecnológica Federal Do Paraná,0,gold,0
10.1016/j.porgcoat.2026.110561,10.1016/j.porgcoat.2026.110561,UV-curable anti-reflective superhydrophilic SiO2 – PVP coatings for self-cleaning solar panels,Progress in Organic Coatings,journal,2026-08-24,article,en,composition,,experimental,0.0,Henan University,0,closed,0
10.71330/thenucleus.2026.1520,10.71330/thenucleus.2026.1520,"Structural, Electronic, Magnetic, and Thermoelectric Properties of Cr-doped DPs Cs2GeX6 (X= Cl, Br): DFT calculations",The Nucleus,journal,2026-08-24,article,en,,,,,,0,diamond,0
10.1002/smll.75420,10.1002/smll.75420,Metal Halide Perovskite‐Based Field‐Effect Transistors,Small,journal,2026-08-24,article,en,defects,,review,0.1364,Hebei University Of Technology,0,hybrid,1
10.1021/acsaem.6c01544,10.1021/acsaem.6c01544,"Photovoltaics beyond Silicon: Interfacial Engineering, Sustainable Processing, and Data-Driven Design for High-Efficiency and Durable Solar Energy Systems",ACS Applied Energy Materials,journal,2026-08-24,article,en,defects,,theory,0.1136,Shiraz University,0,closed,1
10.1021/acsenergylett.6c01485,10.1021/acsenergylett.6c01485,The Impact of C60-Self-Assembled Monolayer Electron-Transport Layers in Negative–Intrinsic–Positive Perovskite Solar Cells,ACS Energy Letters,journal,2026-08-24,article,en,interfaces,,experimental,0.22,Clarendon College,0,hybrid,1
10.1021/acsenergylett.6c01966,10.1021/acsenergylett.6c01966,Self-Assembled Monolayers for High-Efficiency Perovskite/Si Tandem Solar Cells,ACS Energy Letters,journal,2026-08-24,article,en,architecture,defects,review,0.0968,Seoul National University,0,closed,1
10.1021/acs.energyfuels.6c03016,10.1021/acs.energyfuels.6c03016,Ba-Doped VO2-Modified Mesoporous TiO2 Electron Transport Layers for Enhanced Perovskite Solar Cell Performance,Energy & Fuels,journal,2026-08-24,article,en,interfaces,,experimental,0.08,Ferdowsi University Of Mashhad,0,closed,0
10.1021/acsenergylett.6c01692,10.1021/acsenergylett.6c01692,Photoinduced Charge Transfer from Lead-Halide Perovskites to Self-Assembled Molecular Layers,ACS Energy Letters,journal,2026-08-24,article,en,interfaces,,experimental,0.1,Uppsala University,0,hybrid,1
10.1088/1402-4896/ae9e97,10.1088/1402-4896/ae9e97,Influence of simultaneous p- and d-orbital modulation on the photovoltaic properties of BiFeO 3,Physica Scripta,journal,2026-08-25,article,en,composition,,experimental,0.0,Chengdu University Of Technology,0,hybrid,0
10.1002/anie.5241611,10.1002/anie.5241611,Thienyl Self‐Assembled Molecule Enabled Stable Perovskite/TOPCon Silicon Tandem,Angewandte Chemie International Edition,journal,2026-08-25,article,en,interfaces,,experimental,0.16,Zhejiang University,0,bronze,1
10.1002/aelm.70540,10.1002/aelm.70540,Incorporation of Extrinsic Alkali Cations Modulates Ion Migration and Hysteresis in Lateral MAPbBr 3 Devices,Advanced Electronic Materials,journal,2026-08-25,article,en,defects,,theory,0.1364,Nanyang Technological University,0,gold,0
10.1016/j.cej.2026.181162,10.1016/j.cej.2026.181162,Molecular dipole engineering with acridone-based self-assembled monolayers for efficient and stable inverted perovskite solar cells,Chemical Engineering Journal,journal,2026-08-25,article,en,composition,,experimental,0.0,Pukyong National University,0,closed,0
10.5445/ir/1000196388,10.5445/ir/1000196388,Back-contact charge selectivity enables efficient Cs$_2$AgBi$_2$I$_9$ indoor photovoltaics under ambient office lighting,Repository KITopen (Karlsruhe Institute of Technology),repository,2026-08-25,article,en,composition,,experimental,0.0833,,0,green,0
10.1002/aenm.71512,10.1002/aenm.71512,Rationally Designed Cooperative Self‐Assembled Monolayers Enable Holistic Modulations of Wide‐Bandgap Perovskites for High‐Performance Perovskite‐Silicon Tandem Solar Cells,Advanced Energy Materials,journal,2026-08-25,article,en,architecture,interfaces,experimental,0.0968,National Engineering Research Center Of Electromagnetic Radiation Control Materi,0,bronze,1
10.1002/adma.74769,10.1002/adma.74769,Plasmon‐Driven Light Absorption and Hole Extraction in Efficient Tin‐Based Perovskite Solar Cells,Advanced Materials,journal,2026-08-25,article,en,composition,stability,experimental,0.05,Shanghai University,0,closed,1
10.1002/jcc.70489,10.1002/jcc.70489,Theoretical Investigation on Pyrene‐Based Self‐Assembled Molecules Toward Efficient Interface Performance of Perovskite/Transparent Electrode,Journal of Computational Chemistry,journal,2026-08-25,article,en,interfaces,,experimental,0.14,Nanjing Tech University,0,bronze,0
10.1002/aenm.71508,10.1002/aenm.71508,"An All‑in‑One Bridging Coordination Additive for Scalable, High‐Efficiency Perovskite Solar Modules",Advanced Energy Materials,journal,2026-08-25,article,en,defects,scale_up,experimental,0.0909,Yangzhou University,0,closed,0
10.1016/j.cej.2026.181155,10.1016/j.cej.2026.181155,Novel D-A1-A2-π-A self-assembled monolayer in suppressing the Voc deficit of the wide-bandgap perovskite solar cells,Chemical Engineering Journal,journal,2026-08-25,article,en,interfaces,,experimental,0.12,Nan Kai University Of Technology,0,closed,0
10.21203/rs.3.rs-10789780/v1,10.21203/rs.3.rs-10789780/v1,Corrected Spectral Current-Matching and Physically Bounded Temperature Sensitivity in Perovskite-Silicon Tandem Solar Cells: Implications for Climate-Aware Bandgap Optimization,Research Square,repository,2026-08-25,preprint,en,architecture,,experimental,0.1935,Mewar University,0,green,0
10.1093/nsr/nwag484,10.1093/nsr/nwag484,Solid-solution-induced lattice hardening reinforces perovskite stiffness for stable solar cell,National Science Review,journal,2026-08-25,article,en,defects,,experimental,0.1136,Sun Yat-sen University,0,gold,1
10.1016/j.jallcom.2026.190637,10.1016/j.jallcom.2026.190637,Y2FeMnO6: A promising lead-free double perovskite for dielectric applications,Journal of Alloys and Compounds,journal,2026-08-25,article,en,composition,,experimental,0.1,Kiit University,0,closed,0
10.1088/1674-1056/ae9e19,10.1088/1674-1056/ae9e19,All-Electrical Control of Shift Current and Persistent Spin Textures in Two-Dimensional Ferroelectric Ruddlesden–Popper Perovskites,Chinese Physics B,journal,2026-08-25,article,en,,,,,North University Of China,0,hybrid,0
10.1002/adfm.77923,10.1002/adfm.77923,High‐Entropy Perovskites: A Multifunctional Platform for Next‐Generation Energy and Optoelectronic Devices,Advanced Functional Materials,journal,2026-08-25,article,en,composition,,review,0.0,Wuhan University Of Science And Technology,0,closed,0
10.3390/mi17091005,10.3390/mi17091005,Degradation of the Intermediate Band Caused by Disorder in Quantum-Dot Intermediate-Band Solar Cells,Micromachines,journal,2026-08-25,article,en,stability,,experimental,0.0303,Universidad De Alcalá,0,gold,0
10.26434/chemrxiv.15007814/v1,10.26434/chemrxiv.15007814/v1,Halide Exchange via Perovskite Nanocrystals for Interfacial Defect Passivation in Solar Cells,ChemRxiv,repository,2026-08-25,preprint,en,defects,,experimental,0.2955,,0,green,1
10.1016/j.matlet.2026.141513,10.1016/j.matlet.2026.141513,Resilience of mixed-cation perovskite solar cells under 15.5 MeV proton irradiation,Materials Letters,journal,2026-08-25,article,en,composition,,experimental,0.0667,A. Alikhanyan National Laboratory,0,closed,0
10.1016/j.jacomc.2026.100251,10.1016/j.jacomc.2026.100251,Numerical analysis of novel Cs2PtI6 perovskite-inspired solar cells with carbon nanotube HTL: A pathway toward high-performance photovoltaics,Journal of Alloys and Compounds Communications,journal,2026-08-25,article,en,interfaces,,experimental,0.08,Prince Mohammad Bin Fahd University,0,closed,0
10.1007/s44308-026-00031-4,10.1007/s44308-026-00031-4,A comprehensive review of perovskite materials for electronic device applications,Journal of Materials Science Materials in Energy,journal,2026-08-25,article,en,composition,,review,0.05,The University Of Texas Rio Grande Valley,0,hybrid,0
10.1016/j.cej.2026.181159,10.1016/j.cej.2026.181159,TCEP-regulated PbI2 surface reconstruction enables infiltration-reaction engineering for high-performance perovskite solar cells,Chemical Engineering Journal,journal,2026-08-25,article,en,composition,,experimental,0.0,Hubei University Of Arts And Science,0,closed,0
10.1002/ange.5241611,10.1002/ange.5241611,Thienyl Self‐Assembled Molecule Enabled Stable Perovskite/TOPCon Silicon Tandem,Angewandte Chemie,journal,2026-08-25,article,en,architecture,interfaces,experimental,0.0968,Zhejiang University,0,closed,0
10.1002/aenm.71497,10.1002/aenm.71497,Dynamic Strain Homogenization Regulation for Thermomechanically Robust Sn─Pb Perovskite Solar Cells,Advanced Energy Materials,journal,2026-08-25,article,en,defects,stability,experimental,0.1136,Of The People's Republic Of China,0,bronze,1
10.62292/njp.v35(s).2026.712,10.62292/njp.v35(s).2026.712,Determination of the Optical Band Gap of TiO2 and Perovskite Absorber Layers in an Organic-Inorganic Hybrid Lead-Halide Perovskite Solar Cell Using UV-Visible Spectroscopy,Nigerian Journal of Physics,journal,2026-08-25,article,en,interfaces,,experimental,0.12,Federal University Of Technology Minna,0,hybrid,0
10.1021/acsaem.6c02581,10.1021/acsaem.6c02581,Editor’s Highlights in Perovskite Solar Cells 2024−2025,ACS Applied Energy Materials,journal,2026-08-25,article,en,composition,,experimental,0.0,,0,closed,0
10.1021/acsenergylett.6c02033,10.1021/acsenergylett.6c02033,Thiourea Derivatives for Mitigating Photodegradation-Mediated Lead Leakage in Sustainable Perovskite Solar Cells and Modules,ACS Energy Letters,journal,2026-08-25,article,en,defects,,experimental,0.1136,Qingdao University Of Science And Technology,0,closed,1
building energy modeling and life cycle assessment of semi transparent photovoltaic windows|akbarieh,,Building Energy Modeling and Life Cycle Assessment of Semi-Transparent Photovoltaic Windows,PDXScholar  (Portland State University),repository,2026-08-25,article,en,scale_up,,experimental,0.0606,,0,closed,0
10.1007/s44308-026-00033-2,10.1007/s44308-026-00033-2,Numerical simulations of inorganic HTL-free perovskite Cs2PtI6 solar cell using SCAPS-1D,Journal of Materials Science Materials in Energy,journal,2026-08-26,article,en,interfaces,,theory,0.12,Beni-suef University,0,hybrid,0
10.1002/ange.9296585,10.1002/ange.9296585,An X‑Shaped Chiral Non‑Fullerene n‐Type Semiconductor: Application in Perovskite Solar Cells and Chirality‑Induced Spin Selectivity,Angewandte Chemie,journal,2026-08-26,article,en,interfaces,,experimental,0.04,Nagoya University,0,hybrid,0
10.1002/aesr.70251,10.1002/aesr.70251,Defects Induced Instability of Perovskite Solar Cells,Advanced Energy and Sustainability Research,journal,2026-08-26,article,en,defects,,review,0.1818,Cornell University,0,gold,1
10.3390/mi17091009,10.3390/mi17091009,Acetonitrile-Based Antisolvent Strategy for Performance Enhancement of CsPbBr3 Perovskite Solar Cells,Micromachines,journal,2026-08-26,article,en,defects,interfaces,experimental,0.0455,Hubei University Of Technology,0,gold,0
10.1038/d41586-026-02469-6,10.1038/d41586-026-02469-6,Vaporization trick enables ‘tandem’ solar cells to be made at lower temperatures,Nature,journal,2026-08-26,article,en,architecture,,experimental,0.0968,Karlsruhe,0,closed,0
10.3390/ma19173635,10.3390/ma19173635,Beyond SrTiO3: Emerging Perovskite Photocatalysts for Solar Water Splitting,Materials,journal,2026-08-26,article,en,,,,,University Of Tehran,0,gold,0
10.1016/j.solmat.2026.114656,10.1016/j.solmat.2026.114656,Three-terminal back-contact all-perovskite tandem solar cells with enhanced light confinement,Solar Energy Materials and Solar Cells,journal,2026-08-26,article,en,architecture,,experimental,0.1935,Nankai University,0,closed,0
10.3390/ma19173618,10.3390/ma19173618,Optimization of Perovskite Tandem Photovoltaic Devices for Terrestrial and Space-Based Applications Using External Quantum Efficiency Simulations,Materials,journal,2026-08-26,article,en,architecture,,experimental,0.1452,University Of Toledo,0,gold,0
10.1016/j.solmat.2026.114657,10.1016/j.solmat.2026.114657,Oxalic-acid-mediated reconstruction of chemical-bath-deposited NiO for High-VOC wide-bandgap perovskite solar cells,Solar Energy Materials and Solar Cells,journal,2026-08-26,article,en,composition,,experimental,0.0,Wuhan National Laboratory For Optoelectronics,0,closed,0
10.1002/smsc.70369,10.1002/smsc.70369,Interfacial Defect Passivation by Molecular Dipole‐Moment Engineering in Perovskite Solar Cells,Small Science,journal,2026-08-26,article,en,defects,,experimental,0.2273,Center For Integrated Quantum Science And Technology,0,gold,0
10.1002/rar2.70509,10.1002/rar2.70509,Machine Learning‐Driven Discovery and Experimental Validation of Effective Precursor Additives in Perovskite Solar Cells,Rare Metals,journal,2026-08-26,article,en,defects,,theory,0.1136,Hunan University Of Technology,0,hybrid,1
10.1002/adfm.77942,10.1002/adfm.77942,Regulating Molecular Adsorption Configuration via Spatially Balanced Polarity for High‐Performance Inverted Perovskite Solar Cells,Advanced Functional Materials,journal,2026-08-26,article,en,stability,defects,experimental,0.0909,South China Normal University,0,closed,1
10.18720/spbpu/3/2026/vr/vr26-5544,10.18720/spbpu/3/2026/vr/vr26-5544,Application of Innovative Solar Photovoltaic Modules in Civil Buildings,Electronic Library of Peter the Great Polytechnic University,repository,2026-08-26,article,ru,scale_up,architecture,scale_up,0.1061,,0,green,0
10.1007/s11426-026-3524-2,10.1007/s11426-026-3524-2,Printable fullerene electronic transport layer for high-throughput fabrication of efficient and stable large-area perovskite solar modules,Science China Chemistry,journal,2026-08-26,article,en,composition,,experimental,0.0,Nanchang University,0,closed,0
10.1021/acsphotonics.6c01413,10.1021/acsphotonics.6c01413,Lithium Fluoride Nanolayer Modification of Substrates Upgrading the Performance of Perovskite Solar Cells,ACS Photonics,journal,2026-08-26,article,en,interfaces,,experimental,0.12,Huaqiao University,0,closed,0
10.1021/acs.chemrev.5c00782,10.1021/acs.chemrev.5c00782,Interfacial Energetics in Metal Halide Perovskite Solar Cells,Chemical Reviews,journal,2026-08-26,article,en,defects,,review,0.0682,Leibniz Institute For Solid State And Materials Research,0,hybrid,1
10.1016/j.jcis.2026.141449,10.1016/j.jcis.2026.141449,Macroporous PbI2 template and dual-mode coordination enable efficient perovskite solar cells,Journal of Colloid and Interface Science,journal,2026-08-27,article,en,composition,architecture,experimental,0.05,Southwest Petroleum University,0,green,1
10.1016/j.synthmet.2026.118282,10.1016/j.synthmet.2026.118282,Carbazole-based phosphonic acid SAMs for interface engineering in inverted ambient-air processed perovskite solar cells,Synthetic Metals,journal,2026-08-27,article,en,interfaces,,experimental,0.08,Tunis University,0,closed,0
10.25259/ajc_1306_2025,10.25259/ajc_1306_2025,Performance enhancement of perovskite solar cells for energy storage applications: Materials and device engineering,Arabian Journal of Chemistry,journal,2026-08-27,article,en,defects,,experimental,0.25,Changchun University Of Science And Technology,0,hybrid,0
10.1002/advs.77395,10.1002/advs.77395,Effective Solvent‐Engineered All‐Inorganic CsPbI 2 Br Perovskite Solar Cells,Advanced Science,journal,2026-08-27,article,en,composition,defects,experimental,0.05,University Of Stuttgart,0,gold,0
10.1007/s11664-026-13106-3,10.1007/s11664-026-13106-3,Engineering Optimized Transport Layers for Eco-friendly High-Performance Dual Absorber Solar Cell,Journal of Electronic Materials,journal,2026-08-27,article,en,composition,,experimental,0.0,Pundra University Of Science And Technology,0,closed,0
10.1038/s41566-026-01991-3,10.1038/s41566-026-01991-3,Fluid motion and crystallization control enable air-processed fully screen-printed perovskite solar cells,Nature Photonics,journal,2026-08-27,article,en,composition,,experimental,0.0,Nanjing Tech University,0,closed,0
10.1002/crat.70128,10.1002/crat.70128,Simulation of a High‐Efficiency MASnI 3 /SWCNT Tandem Solar Cell Using SCAPS‐1D,Crystal Research and Technology,journal,2026-08-27,article,en,architecture,,theory,0.0968,Xi'an University Of Science And Technology,0,bronze,0
10.1002/cssc.71029,10.1002/cssc.71029,Interfacial Enhancement of Self‐Assembled Monolayer by Thermal Annealing and its Impact on Perovskite Solar Cells,ChemSusChem,journal,2026-08-27,article,en,interfaces,,experimental,0.08,Pusan National University,0,bronze,0
10.1007/s00339-026-10137-9,10.1007/s00339-026-10137-9,Improving the efficiency of perovskite solar cells by incorporating CdS nanorods into the active layer,Applied Physics A,journal,2026-08-27,article,en,composition,,experimental,0.0,Koç University,0,closed,0
10.1002/smll.75466,10.1002/smll.75466,"UV‐Assisted Interfacial Oxygen Desorption for High‐Performance Hole‐Conductor‐Free, Printable Mesoscopic Sn‐Pb Perovskite Solar Cells",Small,journal,2026-08-27,article,en,interfaces,,experimental,0.08,Wuhan National Laboratory For Optoelectronics,0,bronze,0
10.1149/2162-8777/ae9f92,10.1149/2162-8777/ae9f92,DFT-Material Parameters and SCAPS-1D Simulation of Lead-Free CsSnCl₃ Perovskite Solar Cells,ECS Journal of Solid State Science and Technology,journal,2026-08-27,article,en,composition,,theory,0.1,Sidi Mohamed Ben Abdellah University,0,bronze,0
10.3389/fphy.2026.1914997,10.3389/fphy.2026.1914997,Enhanced performance of a lead-free double perovskite solar cell using the dual absorber architecture and D-PBTTT-14 as hole transport layer: a SCAPS study,Frontiers in Physics,journal,2026-08-27,article,en,composition,interfaces,theory,0.1167,Vellore,0,gold,0
10.1007/s40843-026-4264-1,10.1007/s40843-026-4264-1,A composite electron transport layer enables functionally self-healing and high-efficiency perovskite solar cells,Science China Materials,journal,2026-08-27,article,en,interfaces,,experimental,0.08,Harbin,0,closed,0
10.1021/acsami.6c07884,10.1021/acsami.6c07884,Near-Surface Sulfidation-Induced p-n Junction Enabling High-Efficiency Inverted Perovskite Solar Cells,ACS Applied Materials & Interfaces,journal,2026-08-27,article,en,interfaces,,experimental,0.08,Ningbo University Of Technology,0,closed,1
10.3389/frai.2026.1882410,10.3389/frai.2026.1882410,Deep generative modeling for AI-guided inverse design of perovskite photovoltaic devices,Frontiers in Artificial Intelligence,journal,2026-08-28,article,en,defects,,theory,0.0455,California State University Northridge,0,gold,0
10.1088/1402-4896/aea037,10.1088/1402-4896/aea037,Designing and performance evaluation of solar cells with RbGeI 3 and RbGeBr 3 perovskites as double absorber layers: a numerical approach by SCAPS-1D,Physica Scripta,journal,2026-08-28,article,en,composition,interfaces,theory,0.0667,Islamic Azad University Tehran,0,hybrid,0
10.1016/j.chemphys.2026.113471,10.1016/j.chemphys.2026.113471,First principles investigation of CsMnF4 layered perovskite-like structure for optoelectronic and mechanical applications,Chemical Physics,journal,2026-08-28,article,en,composition,,theory,0.0,Qatar University,0,hybrid,0
10.1007/s12596-026-03272-2,10.1007/s12596-026-03272-2,Interface engineering and machine learning assisted optimization of lead-free (FA)₂BiCuI6 perovskite solar cells with organic electron transport layers,Journal of Optics,journal,2026-08-28,article,en,composition,interfaces,theory,0.1333,Shenzhen University,0,closed,0
10.1016/j.cej.2026.181309,10.1016/j.cej.2026.181309,Tailoring buried interfaces for robust and efficient perovskite photovoltaics with carboxylic acid-functionalized PTAA,Chemical Engineering Journal,journal,2026-08-28,article,en,composition,,experimental,0.0,Ajou University,0,closed,0
10.3390/nano16171072,10.3390/nano16171072,Terahertz Time-Domain Spectroscopy as a Defect Fingerprinting Tool for Halide Perovskite Solar Cells: Toward a Universal Framework,Nanomaterials,journal,2026-08-28,article,en,defects,,experimental,0.2273,Yonsei University Health System,0,gold,1
10.1088/1402-4896/aea02b,10.1088/1402-4896/aea02b,Cationic fluorination of ammonium salts boosts defect passivation for efficient and stable inverted perovskite solar cells,Physica Scripta,journal,2026-08-28,article,en,defects,,experimental,0.2955,Chengdu University Of Information Technology,0,hybrid,0
10.1002/solr.70473,10.1002/solr.70473,Hidden but Not Forgotten: Unraveling and Engineering the Buried Interface of Inverted Perovskite Solar Cells,Solar RRL,journal,2026-08-28,article,en,interfaces,,review,0.2,Guangdong University Of Technology,0,closed,1
10.1007/s11664-026-13094-4,10.1007/s11664-026-13094-4,Energy Band Alignment and Interface Defect Optimization in 2D Dion–Jacobson PeDAMA5Pb6I19/3D-CsGeI3 Bilayer Perovskite Solar Cells: A Numerical Study,Journal of Electronic Materials,journal,2026-08-28,article,en,interfaces,,experimental,0.16,Visvesvaraya National,0,closed,0
10.1002/smll.75482,10.1002/smll.75482,Molecular Cross‐Linking of Perovskites by Boronic Acid for Ambient‐Air Fabrication of Stable and Scalable MA‐Free Solar Cells,Small,journal,2026-08-28,article,en,stability,,experimental,0.1212,Wuhan University Of Technology,0,bronze,1
10.1142/s0217984926502167,10.1142/s0217984926502167,"First-Principles Investigation of the Optoelectronic Properties, Photocatalytic Activity and Solar Cell Efficiency of Rb 3 Cr 2 X 9 (X= Cl, Br and I) Halide Perovskites",Modern Physics Letters B,journal,2026-08-28,article,en,composition,,theory,0.0,,0,closed,0
10.1002/smll.75536,10.1002/smll.75536,Constructing Vertically Oriented 2D Perovskite Passivation Layer by Surface Chemical Polishing for Efficient Carbon‐Based Perovskite Solar Cells,Small,journal,2026-08-28,article,en,defects,,experimental,0.2273,South China Agricultural University,0,bronze,1
10.1002/adma.74828,10.1002/adma.74828,Laser‐Defined Reaction Topology Enables Controllable Solid‐State Transformations for Scalable Perovskite Photovoltaics,Advanced Materials,journal,2026-08-28,article,en,scale_up,,experimental,0.0606,Yangzhou University,0,bronze,1
10.1021/acsnano.6c07355,10.1021/acsnano.6c07355,Dimensional Seed Engineering of Strain in Wide-Bandgap Perovskites for Efficient and Stable Tandem Solar Cells,ACS Nano,journal,2026-08-28,article,en,architecture,,experimental,0.1452,Zhengzhou University,0,closed,1
10.1021/acsami.6c13903,10.1021/acsami.6c13903,Novel Multi-Pyridyl-Functionalized Spirobifluorenes as Precursor Additives for Improving Efficient and Stable Perovskite Solar Cells,ACS Applied Materials & Interfaces,journal,2026-08-28,article,en,defects,,experimental,0.1136,Chongqing Normal University,0,closed,1
10.1021/acsaem.6c02083,10.1021/acsaem.6c02083,Identifying an Ambient Humidity Processing Window for the Slot-Die Coating of Perovskite Solar Cells,ACS Applied Energy Materials,journal,2026-08-28,article,en,scale_up,,scale_up,0.1364,University Of Saskatchewan,0,closed,1
10.1007/s11082-026-09101-x,10.1007/s11082-026-09101-x,Interfacial band engineering of lead-free CaZrSe3 chalcogenide perovskite solar cells with compositionally tuned Cd1₋xZnxS electron transport layers,Optical and Quantum Electronics,journal,2026-08-29,article,en,composition,,experimental,0.1,Universitat Politècnica De València,0,closed,0
10.1016/j.surfin.2026.110509,10.1016/j.surfin.2026.110509,"Transpiration-induced uneven crystallization of lead halide perovskite in carbon-electrode based, low-temperature mesoscopic perovskite solar cell",Surfaces and Interfaces,journal,2026-08-29,article,en,composition,,experimental,0.0,Central South University,0,closed,0
10.1016/j.nanoso.2026.101753,10.1016/j.nanoso.2026.101753,Accounting for dynamical scattering in HRTEM FFT interpretation using electron diffraction simulations of hybrid perovskites,Nano-Structures & Nano-Objects,journal,2026-08-29,article,en,composition,,theory,0.0333,Universidad Nacional Autónoma De México,0,hybrid,0
10.48550/arxiv.2608.29341,10.48550/arxiv.2608.29341,Advancing Lead-Free FASnI3 Perovskite Solar Cells via Cu-Doped NiOx HTL Engineering: An Optoelectronic Analysis,arXiv (Cornell University),repository,2026-08-29,preprint,en,composition,interfaces,theory,0.1167,,0,green,1
10.1021/acs.jpcc.6c04031,10.1021/acs.jpcc.6c04031,Molecular Engineering of 2D Hybrid Perovskites: Tailoring Alkyl Chain Length for Tunable Ferroelectricity and Spin Properties,The Journal of Physical Chemistry C,journal,2026-08-29,article,en,,,,,Shanghai University,0,closed,0
10.1038/s41598-026-68937-1,10.1038/s41598-026-68937-1,Bridging efficiency and heat-generation analysis in perovskite solar cells through integrated opto–electro–thermal modeling,Scientific Reports,journal,2026-08-30,article,en,architecture,,theory,0.0484,K. N. Toosi University Of Technology,0,gold,0
10.1016/j.physb.2026.419274,10.1016/j.physb.2026.419274,"First-principles DFT and SCAPS-1D simulation study of BiTeX (X = Cl, Br, I) chalcohalides for efficient lead-free solar cells",Physica B Condensed Matter,journal,2026-08-30,article,en,composition,,theory,0.1,Allama Iqbal Open University,0,closed,0
10.1016/j.solener.2026.115062,10.1016/j.solener.2026.115062,SnO2/Mg-Doped SnO2 bilayer ETL layer for improving interfacial performance in CsPbBr3 perovskite solar cells,Solar Energy,journal,2026-08-30,article,en,interfaces,,experimental,0.2,Guizhou University,0,hybrid,1
10.1016/j.matchemphys.2026.133078,10.1016/j.matchemphys.2026.133078,"DFT-based exploration of structural, electronic, and optical properties, MD, population analysis of M3TlBr6 (M = Na, K, Cs, Fr) vacancy order double perovskite using CASTEP",Materials Chemistry and Physics,journal,2026-08-30,article,en,defects,,theory,0.0909,Jazan University,0,closed,0
10.1016/j.chemphys.2026.113474,10.1016/j.chemphys.2026.113474,First-principles calculations of lead-free CsSnI3(1-x)Br3(x) mixed-halide perovskite materials for solar cell applications: Electronic and optical properties,Chemical Physics,journal,2026-08-30,article,en,composition,,theory,0.1667,Academy Of Sciences Of The Republic Of Tajikistan,0,closed,0
10.1002/aenm.71514,10.1002/aenm.71514,Clean Tin Oxide via Volatile Additive Engineering for High‐performance Perovskite Photovoltaics,Advanced Energy Materials,journal,2026-08-30,article,en,interfaces,,experimental,0.14,Shanghai Polytechnic University,0,closed,1
10.1002/adfm.78067,10.1002/adfm.78067,Sustainable Stabilization of Perovskite Solar Cells Using Multifunctional Ammonium Alginate for over 26% Efficiency,Advanced Functional Materials,journal,2026-08-30,article,en,defects,,experimental,0.2273,Fuzhou University,0,bronze,1
10.1002/anie.6548693,10.1002/anie.6548693,Pushing the Interconnection Limit in Perovskite‐Organic Tandem Solar Cells Through Recombination Channels Delocalization,Angewandte Chemie International Edition,journal,2026-08-30,article,en,architecture,,experimental,0.129,Soochow University,0,bronze,1
10.70917/ijcisim-2026-5338,10.70917/ijcisim-2026-5338,"Material and Device Parameter Optimization for High-Efficiency Silicon, CdTe, CIGS, and Perovskite Solar Cells: A Comparative SCAPS-1D Simulation Study",International Journal of Computer Information Systems and Industrial Management Applications,journal,2026-08-30,article,en,defects,,theory,0.0455,Oriental University,0,diamond,0
10.26434/chemrxiv.15008057/v1,10.26434/chemrxiv.15008057/v1,Site-selective alkali ion alloying in double perovskites via liquid-assisted mechanosynthesis revealed by solid-state NMR,ChemRxiv,repository,2026-08-30,preprint,en,composition,,experimental,0.1333,University Of Birmingham,0,green,1
10.1002/adfm.78011,10.1002/adfm.78011,Spatio‐Temporal Evolution of 2D Templates Enables Synchronized Crystallization and Efficient Charge Extraction in Perovskite Solar Cells,Advanced Functional Materials,journal,2026-08-30,article,en,stability,,experimental,0.0455,Shanghai,0,bronze,0
10.70917/ijcisim-2026-5297,10.70917/ijcisim-2026-5297,"COUPLED OPTIMIZATION OF DEFECT DENSITY, ABSORBER PROPERTIES, AND INTERFACES FOR HIGH-PERFORMANCE PEROVSKITE SOLAR CELLS: A SCAPS-1D STUDY",International Journal of Computer Information Systems and Industrial Management Applications,journal,2026-08-30,article,en,defects,,theory,0.2273,Oriental University,0,diamond,0
10.1007/s11082-026-09075-w,10.1007/s11082-026-09075-w,SCAPS-1D simulation of all –perovskite tandem solar cells: a comparative analysis of lead-free CsBi3I10 top-cell with low-lead MAPbI1-xClx and FAPbI3 bottom-cell configurations for enhanced efficiency,Optical and Quantum Electronics,journal,2026-08-31,article,en,composition,architecture,theory,0.1,,0,closed,0
10.20517/energyz.2026.27,10.20517/energyz.2026.27,Hole transport layers regulate polaron formation in perovskite solar cells,Energy Z,journal,2026-08-31,article,en,interfaces,,experimental,0.16,,0,hybrid,0
10.1007/s12596-026-03159-2,10.1007/s12596-026-03159-2,Numerical optimization of HTL-free Cs2AgBiBr6 double perovskite solar cells,Journal of Optics,journal,2026-08-31,article,en,interfaces,,theory,0.08,Qatar University,0,hybrid,0
10.1016/j.cocom.2026.e01450,10.1016/j.cocom.2026.e01450,"First principle study of anion-doping effect on structural, electronic, elastic, thermodynamic and optical properties of CaHfS3−xTex(x=0,1,2,3) for photovoltaic and optoelectronic applications",Computational Condensed Matter,journal,2026-08-31,article,en,composition,,experimental,0.0,Arba Minch University,0,closed,0
10.1557/s43577-026-01164-1,10.1557/s43577-026-01164-1,Enabling high-performance transparent photovoltaics through atomic layer deposition techniques,MRS Bulletin,journal,2026-08-31,article,en,defects,,scale_up,0.1818,University Of Johannesburg,0,hybrid,0
10.1016/j.solmat.2026.114669,10.1016/j.solmat.2026.114669,Ag:Nb2O5 interfacial passivation for suppressing trap-assisted recombination and enhancing electron extraction in mesoporous perovskite solar cells,Solar Energy Materials and Solar Cells,journal,2026-08-31,article,en,defects,,experimental,0.2727,Bharathidasan University,0,closed,0
10.1002/ange.6548693,10.1002/ange.6548693,Pushing the Interconnection Limit in Perovskite‐Organic Tandem Solar Cells Through Recombination Channels Delocalization,Angewandte Chemie,journal,2026-08-31,article,en,architecture,,experimental,0.129,Soochow University,0,closed,0
10.53799/sj1pdd74,10.53799/sj1pdd74,Numerical Simulation and Optimization of Lead-Free CsGeI2Br/FASnI3 Dual-Absorber Perovskite Solar Cell with Organic Charge Transport Layer,AIUB Journal of Science and Engineering (AJSE),journal,2026-08-31,article,en,composition,,theory,0.1167,Finance And Economics,0,diamond,0
10.1016/j.mser.2026.101283,10.1016/j.mser.2026.101283,Cooperative thermal crystallization enables interfacial homogenization in antisolvent- and HTL-free Sn-Pb perovskite solar cells,Materials Science and Engineering R Reports,journal,2026-08-31,article,en,interfaces,,experimental,0.08,National Chung Hsing University,0,closed,0
10.21203/rs.3.rs-10067132/v1,10.21203/rs.3.rs-10067132/v1,Correlated Oxide Nanocrystal Inks for Hole-Selective Contacts in n-i-p Perovskite Photovoltaics,Research Square,repository,2026-08-31,preprint,en,architecture,,experimental,0.0645,The University Of Tokyo,0,green,0
10.1016/j.mser.2026.101286,10.1016/j.mser.2026.101286,Synergistic nanoimprinting and ternary blending enable 23.37% efficiency and exceptional stability in 2D-metal halide/organic interdigitated photovoltaics,Materials Science and Engineering R Reports,journal,2026-08-31,article,en,composition,,experimental,0.0,Ingenierie Des Materiaux Polymeres,0,closed,0
10.1002/slct.74365,10.1002/slct.74365,Device Optimization of CsGeI 2 Br Perovskite Solar Cell With Enhanced Efficiency of 25.76%,ChemistrySelect,journal,2026-08-31,article,en,defects,interfaces,theory,0.0455,Kiit University,0,bronze,0
10.1088/1402-4896/aea0aa,10.1088/1402-4896/aea0aa,Advancements in Perovskite Solar Cell Efficiency through Organic Sulfide Interface Modification Engineering,Physica Scripta,journal,2026-08-31,article,en,interfaces,,experimental,0.08,National Taipei University Of Technology,0,hybrid,0
10.1002/ente.70623,10.1002/ente.70623,"Progress in PV, PV/T, and CPV Technologies: Thermal Management Strategies, Performances, Challenges, and Prospects",Energy Technology,journal,2026-08-31,article,en,architecture,,review,0.0484,University Of Jeddah,0,hybrid,1
10.1016/j.jacomc.2026.100253,10.1016/j.jacomc.2026.100253,A review of aqueous lead nitrate precursor systems for perovskite solar cells,Journal of Alloys and Compounds Communications,journal,2026-08-31,article,en,composition,,review,0.0,National Taiwan University Of Science And Technology,0,closed,0
10.1038/s41598-026-46107-7,10.1038/s41598-026-46107-7,Lacunary polyoxometalate nanoclusters as versatile interface modifiers for perovskite solar cells,Scientific Reports,journal,2026-08-31,article,en,interfaces,,experimental,0.12,"National Centre Of Scientific Research ""demokritos""",0,gold,0
10.26434/chemrxiv.15008059/v1,10.26434/chemrxiv.15008059/v1,Synergistic Energetic Realignment and Interfacial Passivation via Perovskite Nanocrystal-Doped Spiro-OMeTAD for Efficient Planar Perovskite Solar Cells,ChemRxiv,repository,2026-08-31,preprint,en,defects,interfaces,experimental,0.1364,Centre For Environment Education,0,green,1
10.1021/acsami.6c13768,10.1021/acsami.6c13768,Unlocking Triple Interfacial Synergy in All-Inorganic Carbon-Based CsPbI2Br Perovskite Solar Cells via Molecular Interface Engineering,ACS Applied Materials & Interfaces,journal,2026-08-31,article,en,interfaces,,experimental,0.08,Shanghai University Of Engineering Science,0,closed,0
10.1021/acs.jpclett.6c02564,10.1021/acs.jpclett.6c02564,Dipole Orientation Influences Electron Transfer and Carrier Recombination at CH3NH3PbI3/C60 Interface: A Time-Domain Ab Initio Study,The Journal of Physical Chemistry Letters,journal,2026-08-31,article,en,interfaces,defects,theory,0.12,Central South University,0,closed,1
10.1021/acsami.6c10456,10.1021/acsami.6c10456,Multiple Passivation on High-Quality Perovskite Crystals Based on Low-Cost Polyfunctional Food Additive for High-Performance Perovskite Solar Cells in Ambient Air,ACS Applied Materials & Interfaces,journal,2026-08-31,article,en,defects,,experimental,0.3182,Zhengzhou University,0,closed,1
10.5281/zenodo.22318497,10.5281/zenodo.22318497,"Solar Technology: Concept, Evolution and Future Perspective",Zenodo (CERN European Organization for Nuclear Research),repository,2026-08-31,article,en,scale_up,,review,0.0455,Hans Raj Mahila Maha Vidyalaya,0,green,0
10.5281/zenodo.22318498,10.5281/zenodo.22318498,"Solar Technology: Concept, Evolution and Future Perspective",Zenodo (CERN European Organization for Nuclear Research),repository,2026-08-31,article,en,scale_up,,review,0.0455,Hans Raj Mahila Maha Vidyalaya,0,green,0
