work_key,doi,title,venue,venue_type,publication_date,type,lang,axis_primary,axis_secondary,lens,mechanism_centrality,first_author_institution,cited_by_count,oa_status,in_depth_tier
10.1021/jacs.5c16976,10.1021/jacs.5c16976,Fused-Ring Electron Acceptors as a Versatile Additive Platform for Efficient Perovskite Photovoltaics,Journal of the American Chemical Society,journal,2026-01-02,article,en,,,,,Peking University,10,closed,1
10.1002/adma.202519934,10.1002/adma.202519934,Multidentate Chelation by Imine‐Linked Covalent Organic Framework Enables High‐Performance Tin‐Based Perovskite Solar Cells,Advanced Materials,journal,2026-01-02,article,en,,,,,Beijing National Laboratory For Molecular Sciences,7,closed,1
10.1016/j.materresbull.2026.113989,10.1016/j.materresbull.2026.113989,Low-cost bimolecular synergistic passivation of the perovskite buried interface for the perovskite solar cell,Materials Research Bulletin,journal,2026-01-02,article,en,,,,,Quanzhou Normal University,6,closed,0
10.1002/aenm.202504060,10.1002/aenm.202504060,Decoding Interfacial Charge‐Carrier Dynamics in Integrated Perovskite/Organic Solar Cells via Numerical Modeling,Advanced Energy Materials,journal,2026-01-02,article,en,,,,,Friedrich-alexander-universität Erlangen-nürnberg,5,hybrid,0
10.1021/acs.jpclett.5c03476,10.1021/acs.jpclett.5c03476,Co-passivation of Buried Interfaces in Perovskite Solar Cells with Sulfonate and Amine Salts,The Journal of Physical Chemistry Letters,journal,2026-01-02,article,en,,,,,University Of Science And Technology Of China,3,closed,1
10.1016/j.nanoen.2025.111696,10.1016/j.nanoen.2025.111696,Thermal-electrical dual management for efficient and stable wide-bandgap perovskite solar cells,Nano Energy,journal,2026-01-02,article,en,,,,,Ocean University Of China,3,closed,0
10.1016/j.ssc.2026.116311,10.1016/j.ssc.2026.116311,Efficient lead-free FASnI3 perovskite solar cells using ZnO/Ag NPs /ZnO transparent electrode: Experimental analysis and SCAPS-1D simulation,Solid State Communications,journal,2026-01-02,article,en,,,,,University Of Batna 1,1,closed,0
10.1021/acsami.5c12441,10.1021/acsami.5c12441,"Defect-Immune Perovskite Photovoltaics via Molecular Vise Engineering: A Pathway to Scalable, Encapsulation-Free Production under Mild Conditions",ACS Applied Materials & Interfaces,journal,2026-01-02,article,en,,,,,Harbin University Of Science And Technology,0,closed,1
10.26554/sti.2026.11.1.298-310,10.26554/sti.2026.11.1.298-310,The Synthesis of CH₃NH₃PbI₃₋ₓBrₓ under Uncontrolled Humidity for Perovskite Solar Cell Application,Science & Technology Indonesia,journal,2026-01-02,article,en,,,,,Yogyakarta State University,0,gold,0
10.5281/zenodo.18134891,10.5281/zenodo.18134891,Perovskite and Quantum Dot Solar Cells - Recent Advances and Hybrid Architectures,OSF Preprints (OSF Preprints),repository,2026-01-02,preprint,en,,,,,,0,green,1
10.1016/j.surfin.2025.108397,10.1016/j.surfin.2025.108397,Phenanthrenequinone-based molecular films as interlayers for perovskite solar cells: Impact of aryl substituents,Surfaces and Interfaces,journal,2026-01-02,article,en,,,,,National Taiwan University Of Science And Technology,0,closed,0
10.5281/zenodo.18134892,10.5281/zenodo.18134892,Perovskite and Quantum Dot Solar Cells - Recent Advances and Hybrid Architectures,Zenodo (CERN European Organization for Nuclear Research),repository,2026-01-02,article,en,,,,,,0,green,0
10.1016/j.ssc.2026.116314,10.1016/j.ssc.2026.116314,Improvement and optimization of lead-free and eco-friendly InGeCl3 based perovskite solar cells: From first principal calculation to SCAPS-1D simulation,Solid State Communications,journal,2026-01-02,article,en,,,,,École Normale Supérieure Casablanca,0,closed,0
10.1080/0371750x.2026.2638419,10.1080/0371750x.2026.2638419,Utilizing Various Hole Transport Materials to Improve PCE of a Double Perovskite Bi 2 FeCrO 6 Solar Cell via Numerical Simulation,Transactions of the Indian Ceramic Society,journal,2026-01-02,article,en,,,,,Maharaja Engineering College,0,closed,0
10.1080/15397734.2026.2638430,10.1080/15397734.2026.2638430,Geometrically nonlinear transient response of perovskite-based sandwich cylindrical panels with butterfly-shaped auxetic core under thermo-electro-mechanical and impact loads,Mechanics Based Design of Structures and Machines,journal,2026-01-02,article,en,,,,,K. N. Toosi University Of Technology,0,closed,0
10.5281/zenodo.21330252,10.5281/zenodo.21330252,Low Temperature Processed Tin Oxide Thin Films for Efficient Electron Transport in Perovskite Solar Cells,Zenodo (CERN European Organization for Nuclear Research),repository,2026-01-02,article,en,,,,,Dagon University,0,green,0
10.5281/zenodo.21330253,10.5281/zenodo.21330253,Low Temperature Processed Tin Oxide Thin Films for Efficient Electron Transport in Perovskite Solar Cells,Zenodo (CERN European Organization for Nuclear Research),repository,2026-01-02,article,en,,,,,Dagon University,0,green,0
10.1038/s41467-025-68125-1,10.1038/s41467-025-68125-1,Crystallization modulation for wide-bandgap perovskites with universal defect passivation toward efficient perovskite/organic tandem photovoltaics,Nature Communications,journal,2026-01-03,article,en,,,,,Wuhan University Of Technology,22,gold,1
10.1016/j.surfcoat.2026.133150,10.1016/j.surfcoat.2026.133150,Integrated hybrid SALD-PVD platform for scalable electron contact layer engineering in perovskite/silicon tandem solar cells,Surface and Coatings Technology,journal,2026-01-03,article,en,,,,,Fraunhofer Institute For Surface Engineering And Thin Films,0,green,0
10.1007/s11664-025-12618-8,10.1007/s11664-025-12618-8,Magnetron Sputtering Production of High-Quality ITO Layer for Large-Area Semitransparent Perovskite Solar Cells,Journal of Electronic Materials,journal,2026-01-03,article,en,,,,,Hangzhou Dianzi University,0,closed,0
10.1038/s41377-025-02120-5,10.1038/s41377-025-02120-5,Light management in monolithic all-perovskite tandem solar cells,Light Science & Applications,journal,2026-01-04,article,en,,,,,Collaborative Innovation Center Of Advanced Microstructures,8,gold,1
10.1002/aenm.202505931,10.1002/aenm.202505931,Multimodal Strategy for Efficient Semi‐Transparent Perovskite Solar Cells and Modules with Record Indoor Performance,Advanced Energy Materials,journal,2026-01-04,article,en,,,,,University College London,8,hybrid,1
10.1016/j.rineng.2026.108976,10.1016/j.rineng.2026.108976,"Polymer Photocatalysts for Green Energy and Environmental Remediation: Recent Progress, Challenges, and Future Directions",Results in Engineering,journal,2026-01-04,article,en,,,,,Queensland University Of Technology,8,gold,1
10.3390/app16010501,10.3390/app16010501,"Life-Cycle Assessment of Innovative Industrial Processes for Photovoltaic Production: Process-Level LCIs, Scale-Up Dynamics, and Recycling Implications",Applied Sciences,journal,2026-01-04,article,en,,,,,University Of West Attica,6,gold,1
10.1002/advs.202520934,10.1002/advs.202520934,Electron‐Phonon Interactions Facilitating Large Polaron‐Related Charge‐Carrier Dynamics for Efficient Perovskite Nanocrystal Solar Cells,Advanced Science,journal,2026-01-04,article,en,,,,,,4,gold,0
10.1007/s40843-025-3630-2,10.1007/s40843-025-3630-2,Dual-interface engineering strategy for optimizing carrier dynamics in perovskite-silicon tandem solar cells,Science China Materials,journal,2026-01-04,article,en,,,,,Hebei University Of Technology,3,closed,0
10.1016/j.mtener.2026.102197,10.1016/j.mtener.2026.102197,Improved environmental stability of perovskite films enabled by a one-pot synthesized eco-friendly additive,Materials Today Energy,journal,2026-01-04,article,en,,,,,Universidad Autónoma De La Ciudad De México,1,hybrid,0
10.1016/j.mtener.2026.102194,10.1016/j.mtener.2026.102194,Beyond crystallization control: Functionalized boron nitride as an interface modifier for high efficiency perovskite solar cells,Materials Today Energy,journal,2026-01-04,article,en,,,,,Konkuk University,1,closed,0
10.1016/j.mtener.2026.102196,10.1016/j.mtener.2026.102196,"Efficient, ambient-air-processed perovskite solar cells achieved through synergistic defect passivation at the SnO2/Perovskite interface with guanidinium sulfamate",Materials Today Energy,journal,2026-01-04,article,en,,,,,Yunnan Normal University,1,closed,0
10.1002/advs.202521037,10.1002/advs.202521037,Tailored Monolayer Co‐Assembly for Enhanced Efficiency and Stability in Inverted Perovskite Solar Cells,Advanced Science,journal,2026-01-04,article,en,,,,,Collaborative Innovation Center Of Chemistry For Energy Materials,1,gold,0
10.1002/eem2.70212,10.1002/eem2.70212,"Design of B,N Co‐Doped Carbon Spheres for Highly Effective Back Interface Engineering in Planar Carbon‐Based Perovskite Solar Cells",Energy & environment materials,journal,2026-01-04,article,en,,,,,Hebei Normal University,1,hybrid,0
10.1007/s11426-025-3010-8,10.1007/s11426-025-3010-8,Synchronously modulating the strength of chemical and electric field-induced passivation for robust and efficient perovskite photovoltaics,Science China Chemistry,journal,2026-01-04,article,en,,,,,Henan University,1,closed,0
10.1007/s40843-025-3708-y,10.1007/s40843-025-3708-y,Multidirectional self-driven polarization-sensitive photodetection induced by asymmetric contact,Science China Materials,journal,2026-01-04,article,en,,,,,City University Of Hong Kong,1,closed,0
10.1007/s40843-025-3657-9,10.1007/s40843-025-3657-9,Indium-free transparent conductive oxide interconnection layer for achieving over 30%-efficiency perovskite/silicon tandem solar cells,Science China Materials,journal,2026-01-04,article,en,,,,,Tianjin University Of Technology,0,closed,0
10.1007/s40843-025-3636-9,10.1007/s40843-025-3636-9,Efficient perovskite solar cells enabled by co-depositable p-type small molecules,Science China Materials,journal,2026-01-04,article,en,,,,,Collaborative Innovation Center Of Chemistry For Energy Materials,0,closed,0
10.1360/csb-2025-5622,10.1360/csb-2025-5622,The impact of mixed solvent on blade-coated surface passivation of perovskite films and their photovoltaic performance,Chinese Science Bulletin (Chinese Version),journal,2026-01-04,article,en,,,,,,0,closed,0
10.1002/adma.202521789,10.1002/adma.202521789,Interface Matters: Boosting Efficient Pb‐Sn Perovskite Solar Cells for All‐Perovskite Tandem Photovoltaics,Advanced Materials,journal,2026-01-05,article,en,,,,,Xi'an Shiyou University,39,closed,1
10.1038/s41560-025-01932-4,10.1038/s41560-025-01932-4,Amorphous grain boundary engineering for scalable flexible perovskite photovoltaics with improved stability,Nature Energy,journal,2026-01-05,article,en,,,,,Jinan University,16,closed,0
10.1038/s41467-025-68213-2,10.1038/s41467-025-68213-2,Homogeneous crystallization via sustained solvent-extraction channels for methylammonium-free all-perovskite tandem solar cells,Nature Communications,journal,2026-01-05,article,en,,,,,Nanjing University,11,gold,1
10.1002/adma.202519976,10.1002/adma.202519976,Potassium Cyanate Stabilizes Lattice and Promotes Preferred Orientation for 1.67‐eV Wide‐Bandgap Perovskite and Perovskite/Silicon Tandems,Advanced Materials,journal,2026-01-05,article,en,,,,,Ministry Of Energy,11,bronze,0
10.1002/adma.202518752,10.1002/adma.202518752,Integrated Lead/Iodine Management for Sustainable Perovskite Solar Modules,Advanced Materials,journal,2026-01-05,article,en,,,,,Lanzhou University Of Technology,7,hybrid,0
10.1038/s41557-025-02038-w,10.1038/s41557-025-02038-w,Intralayer bidentate diammoniums for stable two-dimensional perovskites,Nature Chemistry,journal,2026-01-05,article,en,,,,,Purdue University West Lafayette,7,closed,0
10.1002/aenm.202504844,10.1002/aenm.202504844,A Bimolecular Co‐Anchoring Strategy for Constructing Hydrogen Networks to Stabilize Perovskite Solar Cells,Advanced Energy Materials,journal,2026-01-05,article,en,,,,,City University Of Hong Kong,7,closed,0
10.1021/acsenergylett.5c03341,10.1021/acsenergylett.5c03341,Hole-Transport Layer for High Current Density and Stability of Sn–Pb Perovskites and All-Perovskite Tandem Solar Cells,ACS Energy Letters,journal,2026-01-05,article,en,,,,,,6,closed,1
10.1007/s40820-025-02037-z,10.1007/s40820-025-02037-z,Perovskite/Organic Tandem Solar Cells with 26.49% Efficiency via Enhanced Absorption and Minimized Energy Losses,Nano-Micro Letters,journal,2026-01-05,article,en,,,,,Nankai University,6,gold,1
10.1007/s40820-025-02010-w,10.1007/s40820-025-02010-w,Vertical Interfacial Engineering in Two-Step-Processed Perovskite Films Enabled by Dual-Interface Modification for High-Efficiency p-i-n Solar Cells,Nano-Micro Letters,journal,2026-01-05,article,en,,,,,Ningbo University Of Technology,5,gold,1
10.1007/s40820-025-02006-6,10.1007/s40820-025-02006-6,Nature-Inspired Redox Shuttle with Regenerable Antioxidant for Efficient All-Perovskite Tandem Solar Cells,Nano-Micro Letters,journal,2026-01-05,article,en,,,,,Northwestern Polytechnical University,5,gold,1
10.1021/acsenergylett.5c03328,10.1021/acsenergylett.5c03328,Multifunctional Thiazolidine Derivatives Synergistic Regulation of Charge Transport Interface for Inverted Perovskite Solar Cells,ACS Energy Letters,journal,2026-01-05,article,en,,,,,Macau University Of Science And Technology,5,closed,1
10.1021/acsomega.5c01201,10.1021/acsomega.5c01201,"Optimization of CsSnI 3 -, MASnI 3 -, and MAGeI 3 -Based All-Perovskite Solar Cells for Cost-Effective and Nontoxic Energy Conversion",ACS Omega,journal,2026-01-05,article,en,,,,,Beijing Electronic Science And Technology Institute,5,gold,0
10.1002/adfm.202521919,10.1002/adfm.202521919,Efficient NiO x Hole Transport Layers Enabled by Multifunctional MXenes for High‐Performance Tin‐Lead Perovskite Solar Cells,Advanced Functional Materials,journal,2026-01-05,article,en,,,,,Southwest Jiaotong University,4,hybrid,1
10.1007/s10825-025-02476-2,10.1007/s10825-025-02476-2,Integrated simulation and machine learning framework for high-performance lead-free RbGeI3 perovskite solar cells with WS2/CuI transport layers,Journal of Computational Electronics,journal,2026-01-05,article,en,,,,,University Of The Punjab,4,closed,0
10.1002/aenm.202506169,10.1002/aenm.202506169,Can Fully Vacuum‐Processed Perovskite Solar Cells Follow the Footprint of OLEDs?,Advanced Energy Materials,journal,2026-01-05,article,en,,,,,Sungkyunkwan University,4,closed,0
10.1007/s44308-025-00012-z,10.1007/s44308-025-00012-z,Solution-processed halide perovskite solar cells: from coating to modules,Journal of Materials Science Materials in Energy,journal,2026-01-05,article,en,,,,,Ningbo University,2,hybrid,0
10.1002/advs.202520950,10.1002/advs.202520950,Integrated Bulk–Surface Engineering Stabilizes MA‐Free Wide‐Bandgap Perovskites for Tandem Photovoltaics,Advanced Science,journal,2026-01-05,article,en,,,,,Soochow University,2,gold,0
10.1007/s40820-025-01985-w,10.1007/s40820-025-01985-w,Tri-Band Regulation and Split-Type Smart Photovoltaic Windows for Thermal Modulation of Energy-Saving Buildings in All-Season,Nano-Micro Letters,journal,2026-01-05,article,en,,,,,University Of Science And Technology Beijing,1,gold,1
10.1063/5.0305077,10.1063/5.0305077,Improving perovskite solar cells with laminated carbon paper electrodes by copper-doped indium hydroxide nanoparticles,Applied Physics Letters,journal,2026-01-05,article,en,,,,,Jilin University,1,closed,0
10.1021/acs.chemmater.5c02577,10.1021/acs.chemmater.5c02577,Photophysical Properties and Phase Behavior of Ultrawide Photovoltaic Bandgap Cesium–Lead-Based Triple Halide Perovskites,Chemistry of Materials,journal,2026-01-05,article,en,,,,,University Of Colorado Boulder,1,closed,0
10.1021/acsami.5c24604,10.1021/acsami.5c24604,Synergistic Molecular Stacking in an Asymmetric Self-Assembled Bilayer for Universally Elevating the Performance of Perovskite Photovoltaics,ACS Applied Materials & Interfaces,journal,2026-01-05,article,en,,,,,,1,closed,0
10.1007/s12034-025-03525-z,10.1007/s12034-025-03525-z,"Tailoring the photovoltaic performance of halide double perovskites X2AgBiI6 (X = Rb, K) using SCAPS-1D",Bulletin of Materials Science,journal,2026-01-05,article,en,,,,,Sundaram Medical Foundation,1,closed,0
10.1007/s40843-025-3788-9,10.1007/s40843-025-3788-9,Stable δ-FA(Cs)PbI3 intermediate enables fabrication of large-area perovskite solar modules in ambient air,Science China Materials,journal,2026-01-05,article,en,,,,,University Of Victoria,1,closed,0
10.1016/j.apsusc.2026.165832,10.1016/j.apsusc.2026.165832,Crystallization modulation through inorganic material enables high-performance full-air-processed inorganic perovskite solar cells,Applied Surface Science,journal,2026-01-05,article,en,,,,,Jilin Normal University,1,closed,0
10.1021/acsaem.5c03376,10.1021/acsaem.5c03376,"Effect of Binary Organic Spacer Ratios on Crystallinity, Optical Performance, and Stability of 2D/3D Hybrid Perovskite Films: A GIWAXS and Spectroscopic Study",ACS Applied Energy Materials,journal,2026-01-05,article,en,,,,,Lawrence Berkeley National Laboratory,0,closed,1
10.1038/s44287-025-00247-6,10.1038/s44287-025-00247-6,Research on Energy and Chemical Engineering at Ulsan National Institute of Science and Technology,Nature Reviews Electrical Engineering,journal,2026-01-05,article,en,,,,,Ulsan National,0,closed,0
10.1063/5.0293204,10.1063/5.0293204,Observation of the slower thermalization process with increasing IA in CsPbIxBr3−x perovskite quantum dots for wider bandgap solar cell absorber,Applied Physics Letters,journal,2026-01-05,article,en,,,,,Hohai University,0,closed,0
10.1002/smll.202512001,10.1002/smll.202512001,Ion Irradiation of Halide Perovskites: Role of Defect Engineering for Enhanced Performance,Small,journal,2026-01-05,article,en,,,,,Gns Science,0,hybrid,1
10.1016/j.orgel.2026.107372,10.1016/j.orgel.2026.107372,Improving the performance of perovskite solar cells by using organic small molecule as interfacial layers,Organic Electronics,journal,2026-01-05,article,en,,,,,Changchun,0,closed,0
10.1557/s43578-025-01764-8,10.1557/s43578-025-01764-8,Nanoscale imaging of local electrical behavior in halide perovskites,Journal of materials research/Pratt's guide to venture capital sources,journal,2026-01-05,article,en,,,,,University Of California Davis,0,hybrid,0
10.5281/zenodo.18149628,10.5281/zenodo.18149628,"The Solar Singularity: Economic Asymmetries, Technological Convergence, and the GridForming Horizon (2025-2030)",Zenodo (CERN European Organization for Nuclear Research),repository,2026-01-05,article,en,,,,,University Of Twente,0,green,0
10.5281/zenodo.18149627,10.5281/zenodo.18149627,"The Solar Singularity: Economic Asymmetries, Technological Convergence, and the GridForming Horizon (2025-2030)",Zenodo (CERN European Organization for Nuclear Research),repository,2026-01-05,article,en,,,,,University Of Twente,0,green,0
10.1002/aenm.202505418,10.1002/aenm.202505418,Resonance‐Hybridized Molecule Driven Perovskite Surface Sulfidation and Electron‐Transport Bridging for Efficient and Stable Inverted Perovskite Solar Cells,Advanced Energy Materials,journal,2026-01-06,article,en,,,,,Guilin University Of Electronic Technology,8,closed,0
10.1038/s41566-025-01819-6,10.1038/s41566-025-01819-6,Silicon nitride nanocomposites at the buried interface for stable perovskite solar cells,Nature Photonics,journal,2026-01-06,article,en,,,,,Zhejiang University,4,closed,0
10.1016/j.matlet.2026.140058,10.1016/j.matlet.2026.140058,Enhanced photovoltaic performance of perovskite solar cells via biomass-derived porous carbon as passivator,Materials Letters,journal,2026-01-06,article,en,,,,,Nanning Normal University,2,closed,0
10.1021/acsami.5c22974,10.1021/acsami.5c22974,Synergistic Dual-Halide Anion Engineering for Efficient Interface Passivation in 1.68 eV Wide-Bandgap Perovskite Solar Cells for Indoor Photovoltaics,ACS Applied Materials & Interfaces,journal,2026-01-06,article,en,,,,,Nanjing University Of Posts And Telecommunications,2,green,1
10.3389/fmats.2025.1669229,10.3389/fmats.2025.1669229,"Data-driven AI approaches for screening high-efficiency, stable, and lead-free perovskite photovoltaic materials: a review",Frontiers in Materials,journal,2026-01-06,article,en,,,,,Xijing University,2,gold,0
10.1007/s40843-025-3795-x,10.1007/s40843-025-3795-x,Synergistic additive engineering with sulfur-terminated Ti3C2Tx MXene towards efficient and stable perovskite solar cells,Science China Materials,journal,2026-01-06,article,en,,,,,,2,closed,0
10.1021/acs.chemmater.5c02724,10.1021/acs.chemmater.5c02724,Extended Dual-Functional Engineering for High-Performance 2D Dion–Jacobson CsPbI 3 Perovskite Solar Cells with Enhanced Stability,Chemistry of Materials,journal,2026-01-06,article,en,,,,,Henan Agricultural University,1,closed,0
10.1016/j.electacta.2026.148149,10.1016/j.electacta.2026.148149,Optimizing CuSCN incorporation as carbon electrode additive for enhanced interfaces in ambient-processed perovskite solar cells,Electrochimica Acta,journal,2026-01-06,article,en,,,,,Shizuoka University,1,closed,0
10.1002/aenm.202506649,10.1002/aenm.202506649,Adaptive O 2 Activation on a Molecular Platform: Promoting Spiro‐OMeTAD Doping for High Efficiency Carbon‐Based Perovskite Solar Cells,Advanced Energy Materials,journal,2026-01-06,article,en,,,,,Anhui University,0,closed,0
impact of mapbi3 phase transitions on solar cell performance everything you need to know about ab initio methods in device performance|baranek,,Impact of MAPbI3 Phase Transitions on Solar Cell Performance: Everything you need to know about ab-initio methods in device performance,HAL (Le Centre pour la Communication Scientifique Directe),repository,2026-01-06,preprint,en,,,,,,0,closed,0
10.1038/s41467-025-68231-0,10.1038/s41467-025-68231-0,Thermotropic liquid-assisted interface management enables efficient and stable perovskite solar cells and modules,Nature Communications,journal,2026-01-07,article,en,,,,,Tan Kah Kee Innovation Laboratory,4,gold,1
10.1002/anie.202520252,10.1002/anie.202520252,Dual Modification Strategy of Ionic Liquid for Durable Perovskite Photovoltaics,Angewandte Chemie International Edition,journal,2026-01-07,article,en,,,,,Ningbo University,3,bronze,0
10.1021/acsami.5c24756,10.1021/acsami.5c24756,500+ FACs Perovskite Solar Cells under Long-Term Stability Testing,ACS Applied Materials & Interfaces,journal,2026-01-07,article,en,,,,,University Of Ljubljana,2,hybrid,0
10.1002/aenm.202505447,10.1002/aenm.202505447,Bias‐Free Solar‐To‐Hydrogen Peroxide Production Using Nanoporous BiVO 4 ‐Based Photoanode With Atomic Layer Deposited SnO 2,Advanced Energy Materials,journal,2026-01-07,article,en,,,,,Seoul National University,2,closed,0
10.1021/acs.jpca.5c05635,10.1021/acs.jpca.5c05635,Adaptive Transfer Crystal Graph Convolutional Networks for Accelerated Discovery of Organic Perovskite Photovoltaic Materials,The Journal of Physical Chemistry A,journal,2026-01-07,article,en,,,,,Changchun University Of Science And Technology,1,closed,0
10.1021/acsami.5c23195,10.1021/acsami.5c23195,The Multisite Interactions Based on the Long-Chain Functionalized Ionic Liquids for Efficient Regulation of High-Quality Perovskite Films and Solar Cells in Air,ACS Applied Materials & Interfaces,journal,2026-01-07,article,en,,,,,,1,closed,0
10.1002/ange.202520252,10.1002/ange.202520252,Dual Modification Strategy of Ionic Liquid for Durable Perovskite Photovoltaics,Angewandte Chemie,journal,2026-01-07,article,en,,,,,Ningbo University,1,closed,0
10.1021/acsami.5c20729,10.1021/acsami.5c20729,Understanding and Mitigating Perovskite Morphology-Induced Performance Degradation in Industrial-Textured Perovskite/Silicon Tandem Solar Cells,ACS Applied Materials & Interfaces,journal,2026-01-07,article,en,,,,,Next Generation Technology (united States),1,closed,0
10.1021/acsenergylett.5c03612,10.1021/acsenergylett.5c03612,Photoelectrochemical Reduction of Carbon Dioxide to Methanol on a ZnTe Electrode Modified with a N-Doped Carbon Thin Layer,ACS Energy Letters,journal,2026-01-07,article,en,,,,,Wuhan National Laboratory For Optoelectronics,1,closed,0
10.1080/15421406.2025.2612123,10.1080/15421406.2025.2612123,Controlling crystallization temperature and morphology of FAPbI 3 thin films via solvent engineering,Molecular Crystals and Liquid Crystals,journal,2026-01-07,article,en,,,,,Japan Synchrotron Radiation Research Institute,1,closed,0
10.1016/j.rineng.2026.109031,10.1016/j.rineng.2026.109031,"Cu-BTC MOF/MoO₃, the first nano-composite based on the tilia plant, as a hole-transport layer in carbon-based perovskite solar cells in ambient conditions",Results in Engineering,journal,2026-01-07,article,en,,,,,Shahid Bahonar University Of Kerman,1,gold,0
10.1142/s0217979226500360,10.1142/s0217979226500360,Repurposing halide perovskites for coupled photovoltaic and thermoelectric energy conversion,International Journal of Modern Physics B,journal,2026-01-07,article,en,,,,,Ucsi University,0,closed,0
10.1021/acsaem.5c03353,10.1021/acsaem.5c03353,Octylammonium Spacer-Driven Enhanced Stability in Quasi-Two-Dimensional Perovskite Solar Cells Fabricated under Ambient Conditions,ACS Applied Energy Materials,journal,2026-01-07,article,en,,,,,Bennett University,0,closed,1
10.1016/j.cocom.2026.e01210,10.1016/j.cocom.2026.e01210,First-principles investigation of multifunctional properties of Ba 2 YbRuO 6 double perovskite for optoelectronic and photovoltaic applications,Computational Condensed Matter,journal,2026-01-07,article,en,,,,,National,0,closed,0
10.1088/1361-6463/ae34bf,10.1088/1361-6463/ae34bf,Three-dimensional opto-electro-thermal coupled modeling and thermal optimization of perovskite solar cells using aluminum nitride interface layers,Journal of Physics D Applied Physics,journal,2026-01-07,article,en,,,,,Shenzhen University,0,closed,0
10.1051/epjconf/202634501038/pdf,10.1051/epjconf/202634501038/pdf,Effect of perovskite absorber thickness and working temperature on the hematite-based ETL in PSCs,Springer Link (Chiba Institute of Technology),repository,2026-01-07,article,en,,,,,University Of North Texas,0,green,0
10.48550/arxiv.2601.03737,10.48550/arxiv.2601.03737,Impact of MAPbI3 Phase Transitions on Solar Cell Performance,arXiv (Cornell University),repository,2026-01-07,preprint,en,,,,,International Planned Parenthood Federation,0,green,1
impact of mapbi3 phase transitions on solar cell performance|baranek,,Impact of MAPbI3 Phase Transitions on Solar Cell Performance,arXiv (Cornell University),repository,2026-01-07,preprint,en,,,,,,0,green,0
10.1126/science.aea8228,10.1126/science.aea8228,Molecular press annealing enables robust perovskite solar cells,Science,journal,2026-01-08,article,en,,,,,Xiamen University,28,closed,1
10.1126/science.aea0656,10.1126/science.aea0656,Multivalent ligands regulate dimensional engineering for inverted perovskite solar modules,Science,journal,2026-01-08,article,en,,,,,King Abdullah University Of Science And Technology,26,green,1
10.1038/s41467-025-68207-0,10.1038/s41467-025-68207-0,Anti-aggregation self-assembled monolayers enable high-performance and scalable perovskite solar cells,Nature Communications,journal,2026-01-08,article,en,,,,,Yangzhou University,23,gold,1
10.1038/s41598-025-34000-8,10.1038/s41598-025-34000-8,"Exploring optoelectronic and photovoltaic properties of Be3MF3 (M = P, As, Sb) perovskites via machine learning and numerical simulation",Scientific Reports,journal,2026-01-08,article,en,,,,,Gopalganj Science And Technology University,9,gold,0
10.1007/s10853-025-11886-3,10.1007/s10853-025-11886-3,"2D layered perovskites: stability, tunability, and their role in next-generation solar energy conversion",Journal of Materials Science,journal,2026-01-08,article,en,,,,,,7,closed,0
10.1016/j.cocom.2025.e01202,10.1016/j.cocom.2025.e01202,"Evaluation of chalcogenide perovskites BaHfS3 for charge transport in energy conversion applications: Solar cells, photocatalytic water splitting and thermoelectric",Computational Condensed Matter,journal,2026-01-08,article,en,,,,,Mohammed V University,7,closed,0
10.1016/j.cjph.2026.01.009,10.1016/j.cjph.2026.01.009,"Synergistic first-principles and SCAPS-1D study of halide-site engineered Sr₃BiX₃ (X = I, Br, and Cl) perovskites for optoelectronic applications",Chinese Journal of Physics,journal,2026-01-08,article,en,,,,,University Of Central Florida,6,closed,0
10.1021/acsami.5c23138,10.1021/acsami.5c23138,Device Architecture for Perovskite Photovoltaics,ACS Applied Materials & Interfaces,journal,2026-01-08,article,en,,,,,The University Of Texas At Arlington,4,closed,1
10.1021/acsenergylett.5c03255,10.1021/acsenergylett.5c03255,Crystallization Control in Thermally Evaporated Perovskite Solar Cells and Light-Emitting Diodes,ACS Energy Letters,journal,2026-01-08,article,en,,,,,Nanjing Tech University,4,closed,1
10.1002/smll.202513111,10.1002/smll.202513111,Enhancing Halogen Phase Synchronous Crystallization Enables High‐Performance Wide‐Bandgap Perovskite Photovoltaics,Small,journal,2026-01-08,article,en,,,,,Rex Medical (united States),3,bronze,1
10.1016/j.chphi.2026.101006,10.1016/j.chphi.2026.101006,Synthesis and characterization of metal oxide based electron transport materials for solar cells,Chemical Physics Impact,journal,2026-01-08,article,en,,,,,Khwaja Fareed University Of Engineering And Information Technology,3,gold,0
10.1364/oe.582440,10.1364/oe.582440,Doping effect on the electronic and optical properties of all-inorganic CsGeBr 3-x I x,Optics Express,journal,2026-01-08,article,en,,,,,,2,gold,0
10.1016/j.mtener.2026.102193,10.1016/j.mtener.2026.102193,Defect density management for efficient inorganic perovskite photovoltaics,Materials Today Energy,journal,2026-01-08,article,en,,,,,Jilin Normal University,2,closed,0
10.1016/j.cej.2026.172779,10.1016/j.cej.2026.172779,Multifunctional ionic liquids dual-interface passivation for HTL-free carbon-based perovskite solar cells with fill factor exceeding 82%,Chemical Engineering Journal,journal,2026-01-08,article,en,,,,,Beihang University,2,closed,0
10.1016/j.jcis.2026.139852,10.1016/j.jcis.2026.139852,Bifunctional modification towards LaNiO3/Perovskite interface for enhanced performance in perovskite solar cells,Journal of Colloid and Interface Science,journal,2026-01-08,article,en,,,,,Zhejiang University,2,closed,0
10.1007/s11426-025-3057-4,10.1007/s11426-025-3057-4,High-entropy wide bandgap tin perovskites for single junction and perovskite-silicon tandem solar cells,Science China Chemistry,journal,2026-01-08,article,en,,,,,Shanghaitech University,2,closed,0
10.3389/fphy.2025.1754822,10.3389/fphy.2025.1754822,Dome-shaped nanostructured wide-bandgap perovskite for tandem solar cell applications,Frontiers in Physics,journal,2026-01-08,article,en,,,,,Zewail City Of Science And Technology,1,gold,0
10.1002/adma.202518582,10.1002/adma.202518582,Coffee‐Ring‐Engineered Interfacial Layer Enables Fluid‐Locking for Scalable Perovskite Photovoltaics,Advanced Materials,journal,2026-01-08,article,en,,,,,Nanchang University,1,bronze,1
10.1142/s0217979226500426,10.1142/s0217979226500426,"Bismuth doping enhances the stability, safety and efficiency of the double perovskite Cs 2 AgScBr 6 : A first-principles journey toward high performance",International Journal of Modern Physics B,journal,2026-01-08,article,en,,,,,Panca Bhakti University,1,closed,0
10.21203/rs.3.rs-8070036/v1,10.21203/rs.3.rs-8070036/v1,Improved compactness of self-assembled monolayers through Coulomb interaction enables highly efficient and stable perovskite solar cells,Research Square,repository,2026-01-08,preprint,en,,,,,Hong Kong Polytechnic University,2,green,0
10.1016/j.chphi.2026.101008,10.1016/j.chphi.2026.101008,"From static to tunable: Strain-engineered functional modulation in Mg3PX3(X = I, Br, Cl, and F) inorganic perovskites using first-principles calculations",Chemical Physics Impact,journal,2026-01-08,article,en,,,,,National,0,gold,0
10.1016/j.renene.2026.125220,10.1016/j.renene.2026.125220,Nanostructure-enabled current matching improvement in 3D layer-engineered all-perovskite tandem solar cells,Renewable Energy,journal,2026-01-08,article,en,,,,,,0,closed,0
10.6084/m9.figshare.31023905,10.6084/m9.figshare.31023905,Controlling crystallization temperature and morphology of FAPbI3 thin films via solvent engineering,Figshare,repository,2026-01-08,article,en,,,,,,0,green,0
10.6084/m9.figshare.31023905.v1,10.6084/m9.figshare.31023905.v1,Controlling crystallization temperature and morphology of FAPbI3 thin films via solvent engineering,Figshare,repository,2026-01-08,article,en,,,,,,0,green,0
10.31635/ccschem.025.202507064,10.31635/ccschem.025.202507064,Functional Fullerene Electron Transport Material Beyond PC61BM for Efficient Inverted Perovskite Solar Cells,CCS Chemistry,journal,2026-01-08,article,en,,,,,,0,diamond,0
10.1016/j.optmat.2026.117871,10.1016/j.optmat.2026.117871,Interfacial bidentate passivation by a hydrophobic bipyridine molecule for boosting the performance of perovskite solar cells,Optical Materials,journal,2026-01-08,article,en,,,,,Nanjing University Of Science And Technology,0,closed,0
10.1364/ao.586383,10.1364/ao.586383,High-efficiency perovskite solar cells: dual-absorber design featuring embedded core–shell plasmonic nanoparticles,Applied Optics,journal,2026-01-08,article,en,,,,,,0,closed,0
10.57647/jtap.2026.2004.04,10.57647/jtap.2026.2004.04,Breakthrough 31.25% Efficiency in Lead-Free Double Perovskite Tandem Solar Cells: A Novel Cs₂AgBi₀.₇₅Sb₀.₂₅Br₆/CsSnI₃ Design via SCAPS-1D Simulation,OICC Press Journals,repository,2026-01-08,article,en,,,,,University Of Babylon,0,green,0
10.1021/acsenergylett.5c03742,10.1021/acsenergylett.5c03742,Boosting Tin-Perovskite Solar Cell Efficiency Using Direct Arylation Polymerized n-Type Organic Semiconductors As Superior Electron-Transporting Layers,ACS Energy Letters,journal,2026-01-09,article,en,,,,,City University Of Hong Kong,7,closed,0
10.1002/adom.202503237,10.1002/adom.202503237,Spectroscopic Ellipsometry Characterization and Radiative Limit Modeling of Bismuth‐Based Perovskite‐Inspired Absorbers for Indoor Photovoltaics,Advanced Optical Materials,journal,2026-01-09,article,en,,,,,University Of Turku,2,hybrid,0
10.1007/s11082-025-08633-y,10.1007/s11082-025-08633-y,Enhancing optical absorption and efficiency of perovskite solar cells using embedded ag nanoparticles array and ITO moth-eye anti-reflective layers,Optical and Quantum Electronics,journal,2026-01-09,article,en,,,,,Hengyang Normal University,1,closed,0
10.1016/j.cej.2026.172816,10.1016/j.cej.2026.172816,Multi-site passivation with pyridine-based derivatives via vacuum-flash assistance for efficient p-i-n perovskite solar cells,Chemical Engineering Journal,journal,2026-01-09,article,en,,,,,Sun Yat-sen University,1,closed,0
10.26434/chemrxiv-2026-bxv8r,10.26434/chemrxiv-2026-bxv8r,Singlet Fission Enables Triplet Sensitization of Narrow Gap Hybrid Perovskites,ChemRxiv,repository,2026-01-09,preprint,en,,,,,North Carolina State University,0,green,1
10.1016/j.solidstatesciences.2026.108227,10.1016/j.solidstatesciences.2026.108227,Fabrication and performance of MAPbI3 perovskite solar cells under extreme humidity conditions: A spin-coating approach,Solid State Sciences,journal,2026-01-09,article,en,,,,,,0,closed,0
10.1016/j.nexres.2026.101319,10.1016/j.nexres.2026.101319,"Integrating renewable energy systems for sustainable urban development: A comprehensive analysis of technology, policy, and economic impacts",Next research.,journal,2026-01-09,article,en,,,,,Ankara Yıldırım Beyazıt University,0,closed,0
10.1038/s41467-025-68214-1,10.1038/s41467-025-68214-1,A self-assembled molecule directs ordered α-FAPbI3 for n-i-p perovskite solar cells,Nature Communications,journal,2026-01-10,article,en,,,,,Nanjing Tech University,13,gold,0
10.1002/aenm.202506630,10.1002/aenm.202506630,Crystal Growth Regulation and Iodine Management for High Performance Inverted Inorganic Perovskite Solar Cells,Advanced Energy Materials,journal,2026-01-10,article,en,,,,,Tianjin University Of Technology,9,closed,1
10.1016/j.ssc.2026.116320,10.1016/j.ssc.2026.116320,Random forest algorithm assisted ML modelling of perovskite solar cell: Optimization of HTL and absorber layer with efficiency more than 26 %,Solid State Communications,journal,2026-01-10,article,en,,,,,Deen Dayal Upadhyaya Gorakhpur University,7,closed,0
10.1002/adma.202521104,10.1002/adma.202521104,CdTe Quantum Dots Encapsulated on Perovskite Grains Enable Highly Efficient and Stable Perovskite Solar Cells,Advanced Materials,journal,2026-01-10,article,en,,,,,Hong Kong Polytechnic University,7,hybrid,0
10.1002/adfm.202524231,10.1002/adfm.202524231,Buried Interface Modification Using PEACl for Efficient and Stable Inverted Solar Cells,Advanced Functional Materials,journal,2026-01-10,article,en,,,,,Shenzhen,4,closed,1
10.1007/s11082-025-08650-x,10.1007/s11082-025-08650-x,"Ab-initio study of the structural, mechanical, electronic, optical, and thermal characteristics of lead-free double perovskites Cs₂TlAX₆ (A = As, Sb; X = Cl, Br, I) under hydrostatic pressure",Optical and Quantum Electronics,journal,2026-01-10,article,en,,,,,Pabna University Of Science And Technology,2,closed,0
10.1016/j.susmat.2026.e01853,10.1016/j.susmat.2026.e01853,Recent progress in buried Interface engineering for n-i-p perovskite solar cells,Sustainable materials and technologies,journal,2026-01-10,article,en,,,,,Beijing,1,closed,0
10.1016/j.nexres.2026.101334,10.1016/j.nexres.2026.101334,Improving the efficiency of MABiI3-based perovskite solar cells using SCAPS-1D and machine learning methods,Next research.,journal,2026-01-10,article,en,,,,,Islamic University,1,closed,0
10.1002/aenm.202506140,10.1002/aenm.202506140,Chiral Molecular Engineering for Synergistic Defect Passivation and Phase Stabilization Enables 22.19%‐Efficient Inorganic Perovskite Solar Cells,Advanced Energy Materials,journal,2026-01-11,article,en,,,,,,10,closed,1
10.1016/j.cej.2026.172888,10.1016/j.cej.2026.172888,Porous Eu-ox metal–organic framework enabling open-channel carrier transport and durable Pb2+ immobilization in perovskite solar cells,Chemical Engineering Journal,journal,2026-01-11,article,en,,,,,Ludong University,0,closed,0
10.1002/pip.70069,10.1002/pip.70069,Photovoltaics Literature Survey (No. 205),Progress in Photovoltaics Research and Applications,journal,2026-01-11,article,en,,,,,Unsw Sydney,0,bronze,1
10.1016/j.mtcomm.2026.114657,10.1016/j.mtcomm.2026.114657,"DFT-based investigation of thermal, dynamic, mechanical, optoelectronic, and strain-engineered properties of a novel lead-free Na3SeBr inorganic anti-perovskite compound and achieving over 29 % photovoltaic efficiency",Materials Today Communications,journal,2026-01-11,article,en,,,,,National,0,hybrid,0
10.1002/adma.202517596,10.1002/adma.202517596,Ion‐Defect Dual Management for Achieving Efficient Air‐Processed Perovskite Solar Cells With Certified Efficiency 27.1%,Advanced Materials,journal,2026-01-12,article,en,,,,,Hebei University Of Technology,39,closed,1
10.1016/j.matchemphys.2026.132060,10.1016/j.matchemphys.2026.132060,"Experimental investigation of structure, morphology, and optical properties of lead-free halide double perovskites K2XBiBr6 (X=Na, Ag, and Cu) for photovoltaic applications",Materials Chemistry and Physics,journal,2026-01-12,article,en,,,,,Government College University Lahore,22,closed,0
10.1002/adma.202521338,10.1002/adma.202521338,Synergistic Engineering of Molecular Asymmetry and Short Linkers Enables High‐Performance Hole‐Selective Contacts in Perovskite Solar Cells,Advanced Materials,journal,2026-01-12,article,en,,,,,Southern University Of Science And Technology,9,closed,0
10.1002/adfm.202531713,10.1002/adfm.202531713,Phase‐Segregation Engineering of Binary Metal Selenide Heterojunctions on 3D N‐Doped Carbon Cubes: Boosting Carrier Transport via Electron‐Rich Field for High‐Performance Photovoltaics,Advanced Functional Materials,journal,2026-01-12,article,en,,,,,Xi'an University Of Architecture And Technology,5,closed,0
10.1002/smll.202512469,10.1002/smll.202512469,Multifunctional Cellulose Derivative Enables Efficient and Stable Wide‐Bandgap Perovskite Solar Cells by Inhibiting Ion Migration,Small,journal,2026-01-12,article,en,,,,,Kunming University Of Science And Technology,4,closed,1
10.1038/s41467-025-65445-0,10.1038/s41467-025-65445-0,"A tin fluoride-free, efficient and durable tin-lead perovskite solar cell",Nature Communications,journal,2026-01-12,article,en,,,,,East China Normal University,3,gold,0
10.1021/acs.jpclett.5c03597,10.1021/acs.jpclett.5c03597,Tailoring Band Alignment toward a Type-I to Type-II Transition via Composition Engineering in Layered Perovskite Heterostructures,The Journal of Physical Chemistry Letters,journal,2026-01-12,article,en,,,,,Chongqing University Of Posts And Telecommunications,2,closed,1
10.1021/acsenergylett.5c03689,10.1021/acsenergylett.5c03689,Compositional Analysis of Metal Halide Perovskites: Insight into the Coevaporation Process via Nuclear Magnetic Resonance and X-ray Fluorescence Spectroscopy,ACS Energy Letters,journal,2026-01-12,article,en,,,,,Helmholtz-zentrum Berlin Für Materialien Und Energie,2,hybrid,0
10.1016/j.jpcs.2026.113531,10.1016/j.jpcs.2026.113531,Lead-free RbSnCl3-Based halide perovskites for solar-to-hydrogen conversion: Insights from DFT calculations,Journal of Physics and Chemistry of Solids,journal,2026-01-12,article,en,,,,,Mohammed V University,2,closed,0
10.1016/j.solener.2026.114313,10.1016/j.solener.2026.114313,Advances and outlook of perovskite solar cells via spray coating technologies,Solar Energy,journal,2026-01-12,article,en,,,,,Beijing University Of Civil Engineering And Architecture,2,closed,0
10.1088/1402-4896/ae3701,10.1088/1402-4896/ae3701,Optimization and design strategies for enhancing the efficiency and stability of Cs 2 AgInBr 6 -based perovskite solar cells,Physica Scripta,journal,2026-01-12,article,en,,,,,Babasaheb Bhimrao Ambedkar University,2,closed,0
10.3390/mi17010099,10.3390/mi17010099,PN Tandem Solar Cells Based on Combination of Dye-Sensitized TiO2 Photoanode and Perovskite-Sensitized NiO Photocathode,Micromachines,journal,2026-01-12,article,en,,,,,Hefei University Of Technology,1,gold,0
10.1021/acsami.5c23725,10.1021/acsami.5c23725,A Novel and Effective Strategy for Reducing the Surface Roughness of CIGS Bottom Cells by SAS Annealing in Perovskite/CIGS Tandem Solar Cells,ACS Applied Materials & Interfaces,journal,2026-01-12,article,en,,,,,North University Of China,1,closed,0
10.31436/iiumej.v27i1.3898,10.31436/iiumej.v27i1.3898,Performance Investigation and Efficiency Enhancement of Eco-Friendly Tin-Based CH3NH3SnI3 Perovskite Solar Cell via SCAPS-1D,IIUM Engineering Journal,journal,2026-01-12,article,en,,,,,Hajee Mohammad Danesh Science And Technology University,1,gold,0
10.1016/j.jpowsour.2026.239288,10.1016/j.jpowsour.2026.239288,Reclaiming UV losses as usable power in perovskite solar cells via lanthanide-doped strontium titanate nanophosphor,Journal of Power Sources,journal,2026-01-12,article,en,,,,,Sri Sivasubramaniya Nadar,0,closed,0
10.20517/jmi.2025.41,10.20517/jmi.2025.41,The synergy of geometric tolerance factor and machine learning in discovering stable materials,Journal of Materials Informatics,journal,2026-01-12,article,en,,,,,,0,hybrid,0
10.1063/5.0302581,10.1063/5.0302581,A low-cost green mixed antisolvent strategy for strain-release and defect-reduction toward efficient perovskite solar cells,Applied Physics Letters,journal,2026-01-12,article,en,,,,,Nanjing University Of Posts And Telecommunications,0,closed,0
10.1016/j.jpowsour.2026.239317,10.1016/j.jpowsour.2026.239317,Synchronous excess PbI2 removal and grain boundary healing for efficient and stable perovskite solar cells,Journal of Power Sources,journal,2026-01-12,article,en,,,,,Zhejiang Sci-tech University,0,closed,0
10.1002/smll.202508334,10.1002/smll.202508334,Azetidinium Chloride‐Assisted Early Crystallization and Defect Passivation via Wet‐Film Treatment in CsPbI 3 Perovskite Solar Cells,Small,journal,2026-01-12,article,en,,,,,North China Electric Power University,0,bronze,1
10.48550/arxiv.2601.07755,10.48550/arxiv.2601.07755,Resolving the energy alignment between methylammonium lead iodide and C60: an in-situ photoelectron spectroscopy study,arXiv (Cornell University),repository,2026-01-12,preprint,en,,,,,,0,green,1
resolving the energy alignment between methylammonium lead iodide and c60 an in situ photoelectron spectroscopy study|garcía‐fernández,,Resolving the energy alignment between methylammonium lead iodide and C60: an in-situ photoelectron spectroscopy study,arXiv (Cornell University),repository,2026-01-12,preprint,en,,,,,Universidade Da Coruña,0,green,0
10.65405/ssdygw34,10.65405/ssdygw34,"Perovskite–Quantum Dot Structures in Solar Cells: Materials, Properties and Emerging Trends",Comprehensive Journal of Science,journal,2026-01-12,article,en,,,,,Universidade De São Paulo,0,hybrid,0
10.18452/36370,10.18452/36370,Compositional Analysis of Metal Halide Perovskites: Insight into the Coevaporation Process via Nuclear Magnetic Resonance and X‑ray Fluorescence Spectroscopy,edoc Publication server (Humboldt University of Berlin),repository,2026-01-12,article,en,,,,,,0,green,0
10.1007/s40820-025-02047-x,10.1007/s40820-025-02047-x,Thermal Management Technologies for Improving the Thermal Stability of Perovskite Solar Cells,Nano-Micro Letters,journal,2026-01-13,article,en,,,,,University Of Electronic Science And Technology Of China,9,gold,1
10.1002/aenm.202506619,10.1002/aenm.202506619,Surface Reconstruction Through Synergetic PEACl‐Modification and Solvent Etching for High‐Efficiency and Stable Perovskite/Silicon Tandem Solar Cells,Advanced Energy Materials,journal,2026-01-13,article,en,,,,,Xidian University,8,bronze,1
10.1002/adma.202519793,10.1002/adma.202519793,Polarize the Solvent to Regulate the Intermediate Phase and Dynamic Crystallization of Perovskite Films,Advanced Materials,journal,2026-01-13,article,en,,,,,Hong Kong Baptist University,8,hybrid,0
10.1016/j.jallcom.2026.186163,10.1016/j.jallcom.2026.186163,"First-principles investigation of the structural, dynamic, mechanical, and optoelectronic features of novel K3SeBr anti-perovskite for photovoltaic and photocatalytic water splitting (solar-to-hydrogen production)",Journal of Alloys and Compounds,journal,2026-01-13,article,en,,,,,National,8,closed,0
10.1186/s43074-025-00219-x,10.1186/s43074-025-00219-x,Low-temperature conformal SnO2 coating enables efficient printable mesoscopic perovskite solar cells with industrial scalability,PhotoniX,journal,2026-01-13,article,en,,,,,Wuhan National Laboratory For Optoelectronics,4,gold,1
10.1007/s10853-025-12124-6,10.1007/s10853-025-12124-6,CaZrS3 and BaZrS3 chalcogenide perovskites for multifunctional energy applications: a DFT and SCAPS-1D study,Journal of Materials Science,journal,2026-01-13,article,en,,,,,Mohammed V University,4,closed,0
10.1016/j.cocom.2026.e01220,10.1016/j.cocom.2026.e01220,Halogen engineering in lead-free Mg3PX3 perovskites: A first-principles investigation for UV to IR optoelectronic and photovoltaic applications,Computational Condensed Matter,journal,2026-01-13,article,en,,,,,University Of Chittagong,3,closed,0
10.1088/1361-6463/ae3777,10.1088/1361-6463/ae3777,Perovskite solar cells with integrated photocatalysis: materials innovations and application potentials,Journal of Physics D Applied Physics,journal,2026-01-13,article,en,,,,,Rajagiri Hospital,3,hybrid,0
10.1016/j.jcis.2026.139874,10.1016/j.jcis.2026.139874,Buried Interface evolution of 2D/3D heterojunction inverted perovskites solar cells,Journal of Colloid and Interface Science,journal,2026-01-13,article,en,,,,,Southwest Petroleum University,3,closed,0
10.1016/j.scenem.2026.100032,10.1016/j.scenem.2026.100032,Research progress and future prospects of perovskite tandem photovoltaics,Sustainable Chemistry for Energy Materials,journal,2026-01-13,article,en,,,,,,3,gold,0
10.1016/j.jcis.2026.139891,10.1016/j.jcis.2026.139891,An ultra-low-consumption dilution strategy for high-performance inverted perovskite solar cells,Journal of Colloid and Interface Science,journal,2026-01-13,article,en,,,,,Henan University,2,closed,0
10.1021/acs.jpclett.5c03817,10.1021/acs.jpclett.5c03817,"Anharmonicity-Driven Modulation of Carrier Lifetime and Mobility in BF 4 -Doped All-Inorganic CsPbX 3 (X = I, Br) Perovskites",The Journal of Physical Chemistry Letters,journal,2026-01-13,article,en,,,,,Central South University,2,closed,0
10.1016/j.egyr.2025.108961,10.1016/j.egyr.2025.108961,Recommended actions for eco-design of solar energy technologies based on life cycle approach,Energy Reports,journal,2026-01-13,article,en,,,,,University Of Palermo,1,gold,1
10.1016/j.matlet.2026.140109,10.1016/j.matlet.2026.140109,Numerical simulation of lead-free RbGeBr3 based perovskite solar cell,Materials Letters,journal,2026-01-13,article,en,,,,,University Of Petroleum And Energy Studies,1,closed,0
10.1088/1361-6528/ae3765,10.1088/1361-6528/ae3765,Transparent neutral-colored CsPbBr 3 perovskite solar cell with biological soybean lecithin food additives,Nanotechnology,journal,2026-01-13,article,en,,,,,University Of Rome Tor Vergata,1,hybrid,0
10.1016/j.jechem.2025.12.060,10.1016/j.jechem.2025.12.060,Suppressing ion migration and electrode corrosion in perovskite solar cells through Nb2O5 interface engineering,Journal of Energy Chemistry,journal,2026-01-13,article,en,,,,,Northwestern Polytechnical University,1,closed,0
10.1038/s41560-025-01904-8,10.1038/s41560-025-01904-8,Co-crystal engineering unlocks high-stability perovskite solar modules,Nature Energy,journal,2026-01-13,article,en,,,,,,0,closed,0
10.1016/j.ijhydene.2026.153395,10.1016/j.ijhydene.2026.153395,"DFT study on mixed perovskite hydrides KMg 1 − α Be α H3 ( α ≡ 0 , 0 . 25 , 0 . 50 , 0 . 75 , 1 ) for hydrogen storage capacity",International Journal of Hydrogen Energy,journal,2026-01-13,article,en,,,,,Yangzhou University,0,closed,0
10.1016/j.optmat.2026.117876,10.1016/j.optmat.2026.117876,Multifunctional additive engineering with methyl 2-aminobenzoate for high-performance perovskite solar cells,Optical Materials,journal,2026-01-13,article,en,,,,,Shaanxi University Of Science And Technology,0,closed,0
10.17863/cam.124659,10.17863/cam.124659,Modulating non-radiative recombination related to shallow traps in halide perovskites,Apollo (University of Cambridge),repository,2026-01-13,article,en,,,,,,0,green,0
10.35848/1347-4065/ae37b5,10.35848/1347-4065/ae37b5,First-principles calculations of the effect of X-site halogen composition ratio on the stability of vacuum deposited CsPbI x Br 3− x -based perovskite films,Japanese Journal of Applied Physics,journal,2026-01-13,article,en,,,,,Kanazawa University,0,hybrid,0
10.1038/s41566-025-01827-6,10.1038/s41566-025-01827-6,Photostable donor–acceptor interface for minimizing energy loss in inverted perovskite solar cells,Nature Photonics,journal,2026-01-14,article,en,,,,,Shanghai Jiao Tong University,35,closed,0
10.1038/s41467-025-68219-w,10.1038/s41467-025-68219-w,Insights into the operational stability of wide-bandgap perovskite and tandem solar cells under rapid thermal cycling,Nature Communications,journal,2026-01-14,article,en,,,,,Helmholtz-zentrum Berlin Für Materialien Und Energie,19,gold,1
10.1002/aenm.202505840,10.1002/aenm.202505840,Inhibition of Lead Toxicity of Perovskite Solar Cells,Advanced Energy Materials,journal,2026-01-14,article,en,,,,,Southeast University,8,hybrid,0
10.1002/anie.202513535,10.1002/anie.202513535,Triple‐Functional Hydrazide‐Based Modifier for Self‐Assembled Monolayers/Perovskite to Obtain 26.29%‐Efficiency Inverted MA‐Free Perovskite Solar Cells,Angewandte Chemie International Edition,journal,2026-01-14,article,en,,,,,Shaanxi Normal University,6,closed,1
10.1016/j.comptc.2026.115681,10.1016/j.comptc.2026.115681,"Ab initio study of lead-free K₂ScInX₆ (X = F, Cl, Br, I) halide double perovskites for sustainable optoelectronics",Computational and Theoretical Chemistry,journal,2026-01-14,article,en,,,,,Begum Rokeya University,4,closed,0
10.1007/s40820-025-01962-3,10.1007/s40820-025-01962-3,Dopant-Free Ultra-Thin Spiro-OMeTAD Enables Near 30%-Efficient n–i–p Perovskite/Silicon Tandem Solar Cells,Nano-Micro Letters,journal,2026-01-14,article,en,,,,,Ningbo,3,gold,1
10.1007/s40820-025-01959-y,10.1007/s40820-025-01959-y,High-Efficiency Perovskite/Silicon Tandem Solar Cells Based on Wide-Bandgap Perovskite Solar Cells with Unprecedented Fill Factor,Nano-Micro Letters,journal,2026-01-14,article,en,,,,,Australian National University,3,gold,1
10.1016/j.nexres.2026.101349,10.1016/j.nexres.2026.101349,"Recent advancements and challenges in perovskite, thin-film, and tandem solar cell technologies",Next research.,journal,2026-01-14,article,en,,,,,Sri Guru Granth Sahib World University,3,closed,0
10.1016/j.jallcom.2026.186208,10.1016/j.jallcom.2026.186208,Dual-functional surface passivation of MAPbBr3 nanocrystals: Mechanisms of defect and stability enhancement,Journal of Alloys and Compounds,journal,2026-01-14,article,en,,,,,China University Of Mining And Technology,2,closed,0
10.1021/acsenergylett.5c03960,10.1021/acsenergylett.5c03960,In Situ Polymerized Redox Additive for Suppressing Sn 2+ Oxidation in Sn–Pb Perovskites,ACS Energy Letters,journal,2026-01-14,article,en,,,,,Wuhan University Of Technology,2,closed,0
10.1016/j.matlet.2026.140113,10.1016/j.matlet.2026.140113,Hydrophobic PEACl additive for low-temperature processed all-inorganic CsPbIBr₂ perovskite solar cells,Materials Letters,journal,2026-01-14,article,en,,,,,Indian,1,closed,0
10.1002/ange.202513535,10.1002/ange.202513535,Triple‐Functional Hydrazide‐Based Modifier for Self‐Assembled Monolayers/Perovskite to Obtain 26.29%‐Efficiency Inverted MA‐Free Perovskite Solar Cells,Angewandte Chemie,journal,2026-01-14,article,de,,,,,Shaanxi Normal University,1,closed,0
10.26599/nr.2026.94908437,10.26599/nr.2026.94908437,Dual-functional 2-mercaptopyridine-N-oxide doping for simultaneous electronic optimization and silver electrode stabilization in inverted perovskite solar cells,Nano Research,journal,2026-01-14,article,en,,,,,Zhengzhou University,0,gold,0
10.1016/j.jphotochem.2026.117048,10.1016/j.jphotochem.2026.117048,A-site doping modulates Mn2+ energy level splitting for green luminescence in Cs3MnBr5 perovskites under blue excitation and stacking solar cell application,Journal of Photochemistry and Photobiology A Chemistry,journal,2026-01-14,article,en,,,,,Tianjin University Of Technology,0,closed,0
10.1002/smtd.202502278,10.1002/smtd.202502278,Naphthalene‐Based Passivators for Efficient Perovskite Solar Cells: Synergistic Defect Passivation and Charge Extraction via Combined Theoretical and Experimental Study,Small Methods,journal,2026-01-14,article,en,,,,,Southwest University,0,closed,0
10.26434/chemrxiv-2026-mdsdz,10.26434/chemrxiv-2026-mdsdz,PervoTransformer: Transformer-Based PCE Predictionand Device Design with MACE MLIPs for CsSnX3 Perovskites,ChemRxiv,repository,2026-01-14,preprint,en,,,,,Quaid-i-azam University,0,green,1
10.1002/pip.70070,10.1002/pip.70070,CuX‐Stabilized NiO x Interface Toward Efficient Flexible Perovskite Solar Cells,Progress in Photovoltaics Research and Applications,journal,2026-01-14,article,en,,,,,Donghua University,0,bronze,1
10.1007/s40820-025-02022-6,10.1007/s40820-025-02022-6,Key Advancements and Emerging Trends of Perovskite Solar Cells in 2024–2025,Nano-Micro Letters,journal,2026-01-15,article,en,,,,,Shanghai Jiao Tong University,33,gold,0
10.1002/flm2.70033,10.1002/flm2.70033,Multifunctional ionic liquid boosts the efficiency of hole transport layer‐free carbon‐based perovskite solar cells beyond 20%,FlexMat.,journal,2026-01-15,article,en,,,,,Jingdezhen Ceramic Institute,6,diamond,1
10.1002/advs.202522461,10.1002/advs.202522461,Meso ‐Crowned Porphyrin as a Dual Cavity Hybrid Macrocycle for Improving the Efficiency and Stability of Perovskite Solar Cells,Advanced Science,journal,2026-01-15,article,en,,,,,,5,gold,1
10.1021/acsenergylett.5c03470,10.1021/acsenergylett.5c03470,Synergetic Dual-Mode Interaction of Lewis Base for High Performance Perovskite Solar Cells,ACS Energy Letters,journal,2026-01-15,article,en,,,,,Pohang University Of Science And Technology,4,closed,1
10.1515/pac-2025-0657,10.1515/pac-2025-0657,Influences of electron transport layer thickness on functional characteristics of Formamidinium lead iodide featured with silver back contact solar cell,Pure and Applied Chemistry,journal,2026-01-15,article,en,,,,,Horizon College And Seminary,2,closed,0
10.1021/acsami.5c18622,10.1021/acsami.5c18622,Molecular Doping Synergistic Effect Enables Efficient and Stable Wide-Bandgap Perovskite Solar Cells,ACS Applied Materials & Interfaces,journal,2026-01-15,article,en,,,,,Sun Yat-sen University,1,closed,1
10.1002/smll.202514080,10.1002/smll.202514080,Multifunctional AO‐245 Antioxidant Enables UV‐Resistant and High‐Efficient Perovskite Solar Cells,Small,journal,2026-01-15,article,en,,,,,Guangxi University,1,bronze,0
10.1021/acsami.5c22927,10.1021/acsami.5c22927,Dual-Bidentate Thiophene-Derived Interface Engineering in Perovskite Solar Cells: Synergistic Management of Defect Passivation and Strain Relaxation,ACS Applied Materials & Interfaces,journal,2026-01-15,article,en,,,,,Beijing University Of Chemical Technology,1,closed,1
10.1002/smtd.202502010,10.1002/smtd.202502010,Green Interfacial Engineering via Synergy of Sugar Orange Peel Extract and Piperazine Dihydroiodide for Achieving Highly‐Efficient and Thermally‐Stable Perovskite Solar Cells,Small Methods,journal,2026-01-15,article,en,,,,,Guilin University Of Technology,1,closed,0
10.1002/aenm.202505590,10.1002/aenm.202505590,Origin of the Voltage Gap and Recombination Losses in All‐Perovskite Tandem Solar Cells,Advanced Energy Materials,journal,2026-01-15,article,en,,,,,National,1,closed,1
10.1021/acsaem.5c03260,10.1021/acsaem.5c03260,Unveiling the Role of Donor Polymer Antisolvent Additives in the Enhanced Performance and Stability of Carbon-Based Perovskite Solar Cells,ACS Applied Energy Materials,journal,2026-01-15,article,en,,,,,Sebelas Maret University,0,green,1
10.1021/acs.chemrev.5c00673,10.1021/acs.chemrev.5c00673,High-Performance All-Inorganic Cesium Halide Perovskite Solar Cells,Chemical Reviews,journal,2026-01-16,article,en,,,,,,22,closed,1
10.1038/s41467-026-68439-8,10.1038/s41467-026-68439-8,Suppressing solvent adducts via coordination competition enables scalable perovskite photovoltaics,Nature Communications,journal,2026-01-16,article,en,,,,,Westlake University,8,gold,1
10.1002/adma.202521878,10.1002/adma.202521878,Molecular Engineering of Electron Transport Layers via Steric Hindrance and Chelation Toward Stable Inverted Perovskite Solar Cells,Advanced Materials,journal,2026-01-16,article,en,,,,,City University Of Hong Kong,8,bronze,1
10.1002/adfm.202526993,10.1002/adfm.202526993,Intermolecular Coupling Reinforces Self‐Assembled Hole‐Transport Layers Stability and Performance in NiO x ‐Based Inverted Perovskite Solar Cells,Advanced Functional Materials,journal,2026-01-16,article,en,,,,,Guilin University Of Electronic Technology,7,closed,1
10.1038/s41560-025-01936-0,10.1038/s41560-025-01936-0,Lessons from copper indium gallium sulfo-selenide solar cells for progressing perovskite photovoltaics,Nature Energy,journal,2026-01-16,article,en,,,,,Swiss Federal Laboratories For Materials Science And Technology,6,green,0
10.1002/adma.202522717,10.1002/adma.202522717,Differential Ligand–Cation Interactions Enable 2D‐Template‐Induced Ordered Assembly for Efficient Tin‐Based Perovskite Photovoltaics,Advanced Materials,journal,2026-01-16,article,en,,,,,Shanghai Jiao Tong University,4,closed,0
10.1016/j.cej.2026.173008,10.1016/j.cej.2026.173008,Quantified passivator deposition via drop-on-demand inkjet printing for high-efficiency inverted perovskite solar cells,Chemical Engineering Journal,journal,2026-01-16,article,en,,,,,Huaqiao University,4,closed,0
10.1002/adma.202522418,10.1002/adma.202522418,Constructing Interfacial Prestress to Achieve Homogeneously Strained Perovskites,Advanced Materials,journal,2026-01-16,article,en,,,,,Dalian National Laboratory For Clean Energy,2,closed,0
10.1002/pip.70065,10.1002/pip.70065,Liquid PV Module Encapsulation to Enable Circular Design,Progress in Photovoltaics Research and Applications,journal,2026-01-16,article,en,,,,,Delft University Of Technology,1,hybrid,0
10.1002/adfm.202531313,10.1002/adfm.202531313,Humidity Resistant Air‐Processing of Large Area Perovskite Photovoltaic Modules via Dual Interaction‐Induced Moisture Shielding,Advanced Functional Materials,journal,2026-01-16,article,en,,,,,Ningbo University,1,closed,0
10.1016/j.nanoen.2026.111714,10.1016/j.nanoen.2026.111714,Faceted growth of 1D perovskite layers via ionic liquid control for efficient and stable inverted perovskite solar cells,Nano Energy,journal,2026-01-16,article,en,,,,,Ulsan National,1,closed,0
10.21203/rs.3.rs-8300234/v1,10.21203/rs.3.rs-8300234/v1,Stabilising Dry Vacuum Sublimation for Wide Bandgap Perovskite Solar Cells with Tailored Formamidinium Iodide,Research Square,repository,2026-01-16,preprint,en,,,,,Korea Research,0,green,0
10.26599/emd.2026.9370088,10.26599/emd.2026.9370088,Dual-functional hydrazide–indole additive for boosting efficiency and stability in perovskite solar cells,Energy Materials and Devices,journal,2026-01-16,article,en,,,,,Tsinghua–berkeley Shenzhen Institute,0,diamond,0
10.48550/arxiv.2601.11793,10.48550/arxiv.2601.11793,Deriving a comprehensive dataset of optical constants for metal halide perovskites,arXiv (Cornell University),repository,2026-01-16,preprint,en,,,,,,0,green,1
deriving a comprehensive dataset of optical constants for metal halide perovskites|dasgupta,,Deriving a comprehensive dataset of optical constants for metal halide perovskites,arXiv (Cornell University),repository,2026-01-16,preprint,en,,,,,,0,green,0
10.5281/zenodo.18740263,10.5281/zenodo.18740263,"Preprint of ""Crystallinity and Optical Properties of Cu2FeSn3S8 Thin Films prepared by Pulsed Laser Deposition """,Zenodo (CERN European Organization for Nuclear Research),repository,2026-01-16,preprint,en,,,,,Czech Technical University In Prague,0,green,1
10.5281/zenodo.18740264,10.5281/zenodo.18740264,"Preprint of ""Crystallinity and Optical Properties of Cu2FeSn3S8 Thin Films prepared by Pulsed Laser Deposition """,Zenodo (CERN European Organization for Nuclear Research),repository,2026-01-16,preprint,en,,,,,Czech Technical University In Prague,0,green,1
10.1002/smll.202513081,10.1002/smll.202513081,Reorientation‐Driven Degradation in Oriented Perovskite Films: Shifting Facet Engineering to Thermodynamic Stability,Small,journal,2026-01-17,article,en,,,,,Technical University Of Munich,4,hybrid,0
10.1016/j.matlet.2026.140121,10.1016/j.matlet.2026.140121,Harnessing surface piezoelectric potential for enhanced photoelectric conversion in BNT-based ceramics,Materials Letters,journal,2026-01-17,article,en,,,,,Xidian University,2,closed,0
10.3311/ppee.42515,10.3311/ppee.42515,Engineering and Electrical Behavior of Au/CuI/CsGeI3/CsSnI3/ZnSe/FTO Perovskite Solar Cells: Numerical Studies by Scaps and DFT,Periodica Polytechnica Electrical Engineering and Computer Science,journal,2026-01-17,article,en,,,,,Université Des Sciences Et De La Technologie D'oran Mohamed Boudiaf,2,diamond,0
10.1002/smll.202514475,10.1002/smll.202514475,Interfacial Bidirectional Anchoring for CsPbI 3 Phase Stabilization in Inverted Perovskite Solar Cells,Small,journal,2026-01-17,article,en,,,,,East China Normal University,1,closed,0
10.17615/acfe-fa21,10.17615/acfe-fa21,Transition of Perovskite Solar Technologies to Being Flexible,UNC Libraries,repository,2026-01-17,article,en,,,,,University Of North Carolina At Chapel Hill,0,green,0
10.1016/j.jcis.2026.139866,10.1016/j.jcis.2026.139866,Bidirectional dual-anchoring buried interface regulates crystallization kinetics of perovskite prepared using two-step method for stable and efficient photovoltaics,Journal of Colloid and Interface Science,journal,2026-01-17,article,en,,,,,Taiyuan University Of Technology,0,closed,0
10.1016/j.cocom.2026.e01222,10.1016/j.cocom.2026.e01222,Unlocking the potential of Cd-based perovskite solar cells: An in-depth study on performance optimization,Computational Condensed Matter,journal,2026-01-18,article,en,,,,,Lamar University,4,closed,0
10.1016/j.jphotochem.2026.117051,10.1016/j.jphotochem.2026.117051,"Structure-property relationships in D-π-D hole transport materials: Insights into conjugation, planarity, and interfacial charge dynamics",Journal of Photochemistry and Photobiology A Chemistry,journal,2026-01-18,article,en,,,,,Northeast Forestry University,4,closed,0
10.1016/j.nxener.2025.100510,10.1016/j.nxener.2025.100510,Performance optimization of perovskite solar cells using p-InGaN as a hole transport layer: A numerical comparison with spiro-OMeTAD and HTL-free designs,Next Energy,journal,2026-01-18,article,en,,,,,Universiti Sains Malaysia,3,gold,0
10.1016/j.matre.2026.100406,10.1016/j.matre.2026.100406,Sustainable ternary solvent strategy for high-efficiency slot-die coated perovskite solar cells,Materials Reports Energy,journal,2026-01-18,article,en,,,,,Jeonbuk National University,3,diamond,1
10.1016/j.jastp.2026.106738,10.1016/j.jastp.2026.106738,Degradation behavior of perovskite solar cells under high-intensity and multi band illumination conditions,Journal of Atmospheric and Solar-Terrestrial Physics,journal,2026-01-18,article,en,,,,,,1,closed,0
10.1016/j.cej.2026.173124,10.1016/j.cej.2026.173124,Reduction mediated iodide antioxidation: “Chemical Preservation” of precursor solution facilitates construction of high efficiency and stable wide bandgap inverted perovskite solar cells,Chemical Engineering Journal,journal,2026-01-18,article,en,,,,,Nankai University,0,closed,0
10.1016/j.physb.2026.418286,10.1016/j.physb.2026.418286,"Density functional theory insights into A2BBiCl6 (A = Cs, K; B = Ag, Au) halide double perovskites for next-generation photovoltaics",Physica B Condensed Matter,journal,2026-01-19,article,en,,,,,Nicolaus Copernicus University,33,closed,0
10.1038/s41566-025-01817-8,10.1038/s41566-025-01817-8,Axially chiral molecular contacts with low isomerization barriers for perovskite solar cells,Nature Photonics,journal,2026-01-19,article,en,,,,,Xi'an Jiaotong University,8,closed,0
10.1016/j.solener.2026.114348,10.1016/j.solener.2026.114348,Machine learning guided optimization of lead free K2TlSbCl6/Na2ScAuI6 dual absorber double perovskite solar cells,Solar Energy,journal,2026-01-19,article,en,,,,,Gopalganj Science And Technology University,6,closed,0
10.1002/smll.202514524,10.1002/smll.202514524,Chemical Passivation and Crystallization Kinetics Regulation for Enhancing Efficiency and Stability of Inverted Perovskite Solar Cells,Small,journal,2026-01-19,article,en,,,,,Beihang University,3,closed,1
10.1007/s00289-026-06286-9,10.1007/s00289-026-06286-9,Overcoming the electron transport layer bottleneck in perovskite solar cells: a perspective on advanced material strategies,Polymer Bulletin,journal,2026-01-19,article,en,,,,,State,3,closed,0
10.1002/smll.202512519,10.1002/smll.202512519,Modulation of SpiroOMeTAD Hole‐Transport Layers for Carbon‐Based Perovskite Solar Cells,Small,journal,2026-01-19,article,en,,,,,Yunnan Normal University,3,closed,0
10.1002/smll.202512942,10.1002/smll.202512942,Defect‐Passivating and Dense Indolocarbazole‐Based Self‐Assembled Monolayers for Efficient Inverted Perovskite Solar Cells With over 26.1% Efficiency,Small,journal,2026-01-19,article,en,,,,,Tianjin University,2,hybrid,1
10.1038/s41560-025-01938-y,10.1038/s41560-025-01938-y,Atomistic origins of anharmonic lattice dynamics and thermal expansion in perovskite photovoltaics,Nature Energy,journal,2026-01-19,article,en,,,,,The University Of Queensland,2,closed,0
10.1016/j.cej.2026.173197,10.1016/j.cej.2026.173197,Additive-mediated controlled growth of printed perovskite for planar and heterostructure solar cells,Chemical Engineering Journal,journal,2026-01-19,article,en,,,,,National Taiwan University,2,closed,0
10.1002/adfm.202530978,10.1002/adfm.202530978,Dynamic Multicovalent Networks Enabling Stress‐Relieved Sustainable Ultra‐Thin Perovskite Photovoltaics,Advanced Functional Materials,journal,2026-01-19,article,en,,,,,Gannan Normal University,2,closed,1
10.1016/j.cej.2026.173198,10.1016/j.cej.2026.173198,Dipole-moment–guided ionic liquid passivation for efficient and stable CsSnI3 perovskite solar cells,Chemical Engineering Journal,journal,2026-01-19,article,en,,,,,Wuhan National Laboratory For Optoelectronics,2,closed,0
10.1016/j.cej.2026.173193,10.1016/j.cej.2026.173193,Tracking α-phase perovskite crystallization induced by single-crystal seeds for high-performance solar cells,Chemical Engineering Journal,journal,2026-01-19,article,en,,,,,Sinopec (china),2,closed,0
10.1002/aenm.202506280,10.1002/aenm.202506280,Anisotropic Strain‐Induced Centrosymmetry Breaking in Cubic Formamidinium Lead Iodide (α‐FAPbI 3 ) Thin Films,Advanced Energy Materials,journal,2026-01-19,article,en,,,,,Sungkyunkwan University,2,closed,0
10.9734/jenrr/2026/v18i1488,10.9734/jenrr/2026/v18i1488,"Lead-Free Inverted Perovskite Solar Cells using Cu₂O/ZnO Inorganic Transport Layers: Synthesis, Characterization and Device Performance",Journal of Energy Research and Reviews,journal,2026-01-19,article,en,,,,,Universiti Putra Malaysia,1,diamond,0
10.1002/cjoc.70457,10.1002/cjoc.70457,Enhancing Efficiency and Stability of Planar Perovskite Solar Cells via PBDB ‐T/ IT ‐ 4F Interface Engineering,Chinese Journal of Chemistry,journal,2026-01-19,article,en,,,,,Ningbo University,1,closed,0
10.1016/j.chphi.2026.101015,10.1016/j.chphi.2026.101015,High-throughput screening of wide-bandgap perovskites for efficient perovskite/silicon tandem solar cells,Chemical Physics Impact,journal,2026-01-19,article,en,,,,,Yunnan Normal University,1,gold,0
10.1016/j.nanoen.2026.111740,10.1016/j.nanoen.2026.111740,Isopropylammonium doping enhances efficiency and stability of triple-cation perovskite solar cells via effective intrinsic lattice modulation,Nano Energy,journal,2026-01-19,article,en,,,,,Harbin,1,closed,0
10.1016/j.jece.2026.121312,10.1016/j.jece.2026.121312,Surface passivation for carbon-based perovskite solar cells by using propylamine hydroiodide: Improved performance and stability,Journal of environmental chemical engineering,journal,2026-01-19,article,en,,,,,Nanjing Tech University,0,closed,0
10.1002/adfm.74051,10.1002/adfm.74051,Dipole‐Driven Adaptive Solid–Liquid Reaction and Carrier Extraction in Two‐Step‐Method Halide Perovskite Photovoltaics,Advanced Functional Materials,journal,2026-01-19,article,en,,,,,Jiangxi Normal University,0,closed,0
10.1016/j.surfin.2026.108534,10.1016/j.surfin.2026.108534,"Pressure-driven bandgap engineering and photovoltaic optimization in lead-free Ca3NX3 (X = F, Br) halide perovskites via bifacial design and machine learning approaches",Surfaces and Interfaces,journal,2026-01-19,article,en,,,,,Gopalganj Science And Technology University,0,closed,0
10.1016/j.dyepig.2026.113577,10.1016/j.dyepig.2026.113577,Dimeric acridine hole transport materials with tunable bridging units for perovskite solar cells,Dyes and Pigments,journal,2026-01-19,article,en,,,,,Jiangsu University,0,closed,0
10.1021/acs.jcim.5c02017,10.1021/acs.jcim.5c02017,Density Estimation Based on Mixtures of Gaussians for Perovskite Solar Cells Modeling,Journal of Chemical Information and Modeling,journal,2026-01-19,article,en,,,,,Industrial University Of Santander,0,hybrid,0
10.37284/eaje.9.1.4347,10.37284/eaje.9.1.4347,"Computational Modelling and Numerical Simulation of a Lead-free Perovskite Photovoltaic Solar Cell, Optimised for the Specific Climatological Profile of Zimbabwe",East African Journal of Engineering,journal,2026-01-19,article,en,,,,,,0,diamond,0
10.1002/eem2.70246,10.1002/eem2.70246,Low‐Coordination Solvation Engineering Enables Efficient and Stable Perovskite Solar Cells,Energy & environment materials,journal,2026-01-19,article,en,,,,,Qingdao University Of Science And Technology,0,hybrid,0
lead free inverted perovskite solar cells using cu o zno inorganic transport layers synthesis characterization and device performance|nyiekaa,,"Lead-Free Inverted Perovskite Solar Cells using Cu₂O/ZnO Inorganic Transport Layers: Synthesis, Characterization and Device Performance",HAL (Le Centre pour la Communication Scientifique Directe),repository,2026-01-19,article,en,,,,,Universiti Putra Malaysia,0,closed,0
10.1088/2631-8695/ae3a34,10.1088/2631-8695/ae3a34,Environmentally friendly all-inorganic perovskite solar cells based on KGeCl 3 : a simulation study,Engineering Research Express,journal,2026-01-19,article,en,,,,,Shanghai University Of Electric Power,0,closed,0
10.1016/j.mseb.2026.119216,10.1016/j.mseb.2026.119216,Unraveling broadened spectral response in 2D quantum dot solar cells via Sb2Se3/CaZrS3 dual chalcogenide absorbers: Insights from SCAPS-1D,Materials Science and Engineering B,journal,2026-01-19,article,en,,,,,Jain University,0,closed,0
10.1038/s44359-025-00128-z,10.1038/s44359-025-00128-z,Key advances in perovskite solar cells in 2025,Nature Reviews Clean Technology,journal,2026-01-20,article,en,,,,,Sungkyunkwan University,15,closed,0
10.1016/j.joule.2025.102237,10.1016/j.joule.2025.102237,Scalable ambient fabrication of perovskite/silicon tandem solar cells via wet-film intervention,Joule,journal,2026-01-20,article,en,,,,,Collaborative Innovation Center Of Advanced Microstructures,11,closed,0
10.1021/acs.nanolett.5c05407,10.1021/acs.nanolett.5c05407,Experimental Validation of Strong Proton Radiation Tolerance of Surface-Treated All-Inorganic CsPbI 3 Perovskite Solar Cells for Space Applications,Nano Letters,journal,2026-01-20,article,en,,,,,Unsw Sydney,5,closed,0
10.1002/adfm.202531852,10.1002/adfm.202531852,Grain Boundary Encapsulation for Efficient Perovskite Solar Cells via PbI 2 ‐Derived Low‐Dimensional Structure,Advanced Functional Materials,journal,2026-01-20,article,en,,,,,Hangzhou Dianzi University,4,bronze,1
10.1021/acsenergylett.5c02838,10.1021/acsenergylett.5c02838,Tuning Structure and Performance of 2D/3D Perovskites by Alkyl Chain Length Engineering,ACS Energy Letters,journal,2026-01-20,article,en,,,,,Universidade Estadual De Campinas (unicamp),4,hybrid,0
10.1002/cey2.70183,10.1002/cey2.70183,Phase‐Pure 2D Interfacial Perovskite Passivation for Stable and Efficient Photovoltaics,Carbon Energy,journal,2026-01-20,article,en,,,,,Beijing University Of Chinese Medicine,3,gold,1
10.1016/j.jre.2026.01.025,10.1016/j.jre.2026.01.025,"A theoretical analysis of structural, optoelectronic and transport properties in rare earth Sr2REUO6 (RE = Lu, Nd) double perovskites",Journal of Rare Earths,journal,2026-01-20,article,en,,,,,Shenzhen University,2,closed,0
10.1016/j.cej.2026.173222,10.1016/j.cej.2026.173222,Overcoming excess hydroxyl groups-induced instability via synergistic effect of cation and anion toward operationally stable perovskite solar cells,Chemical Engineering Journal,journal,2026-01-20,article,en,,,,,Kunming University Of Science And Technology,2,closed,0
10.1016/j.cej.2026.173189,10.1016/j.cej.2026.173189,"Isostructural passivation strategy by 4,4′,4″-nitrilotribenzoic acid enhance interfacial compatibility for high-efficiency perovskite solar cells",Chemical Engineering Journal,journal,2026-01-20,article,en,,,,,Nanchang Hangkong University,2,closed,0
10.1021/acsami.5c22843,10.1021/acsami.5c22843,"Enhancing Stability and Performance in Perovskite Solar Cells through Rationally Designed Phenanthro[9,10- d ]imidazole Derivatives for Tailored Interfacial Engineering",ACS Applied Materials & Interfaces,journal,2026-01-20,article,en,,,,,National Yang Ming Chiao Tung University,2,hybrid,0
10.1002/rar2.70160,10.1002/rar2.70160,Recent Advances in Chemical Bath Deposition of Electron and Hole Transport Layers for Perovskite Solar Cells and Modules,Rare Metals,journal,2026-01-20,article,en,,,,,Hefei University Of Technology,2,hybrid,0
10.1088/2752-5724/ae3ab8,10.1088/2752-5724/ae3ab8,Unlocking the potential of transport layers in solar cells: a universal design principle for high efficiency despite high extraction barriers,Materials Futures,journal,2026-01-20,article,en,,,,,Fudan University,2,diamond,0
10.1016/j.cej.2026.173186,10.1016/j.cej.2026.173186,Functionalized fullerene derivatives as electron and hole interfacial modifiers for high-performance perovskite solar cells,Chemical Engineering Journal,journal,2026-01-20,article,en,,,,,Huaqiao University,1,closed,0
10.1515/pac-2025-0579,10.1515/pac-2025-0579,Featuring of polyethylenimine modifier and characteristics investigations of hybrid perovskite solar cell with tin oxide electron transport layer,Pure and Applied Chemistry,journal,2026-01-20,article,en,,,,,Dr. D. Y. Patil Medical College Hospital And Research Centre,1,closed,0
10.1002/smll.202513921,10.1002/smll.202513921,High‐Sensitivity Self‐Powered X‐Ray Detectors Based on Chiral Bismuth Perovskites,Small,journal,2026-01-20,article,en,,,,,Soochow University,1,closed,0
10.1016/j.jechem.2026.01.018,10.1016/j.jechem.2026.01.018,Stable nickel electrode for durable perovskite solar modules,Journal of Energy Chemistry,journal,2026-01-20,article,en,,,,,Wuhan National Laboratory For Optoelectronics,1,closed,0
10.1016/j.physb.2026.418306,10.1016/j.physb.2026.418306,"Probing the physical properties of rare earth metal based double perovskites Sr2Ce(Ni,Sn)O6 through first-principles investigations",Physica B Condensed Matter,journal,2026-01-20,article,en,,,,,,0,closed,0
10.1007/s11082-026-08678-7,10.1007/s11082-026-08678-7,Analyzing the impact of novel charge transport materials on the photovoltaic properties of Ba3SbI3-based perovskite solar cell using SCAPS-1D modelling,Optical and Quantum Electronics,journal,2026-01-20,article,en,,,,,Abasyn University,0,closed,0
10.1038/s41570-025-00790-8,10.1038/s41570-025-00790-8,Ion migration in perovskite solar cells,Nature Reviews Chemistry,journal,2026-01-21,article,en,,,,,University Of Potsdam,26,green,0
10.1016/j.jct.2026.107629,10.1016/j.jct.2026.107629,"Insight of thermodynamic properties by the substitution of alkali metal ions in X2InGaCl6 (X = K, Rb, Cs) perovskites: DFT calculation and AIMD simulation",The Journal of Chemical Thermodynamics,journal,2026-01-21,article,en,,,,,Khwaja Fareed University Of Engineering And Information Technology,5,closed,0
10.1038/s41467-026-68719-3,10.1038/s41467-026-68719-3,Interfacial engineering via dipolar fullerene derivative for efficient tin halide perovskite indoor photovoltaics,Nature Communications,journal,2026-01-21,article,en,,,,,University Of Electronic Science And Technology Of China,4,gold,0
10.1021/acsaem.5c03031,10.1021/acsaem.5c03031,Optical Engineering of a Gradient Antireflective Coating to Boost the Current Density in Efficient Perovskite Solar Cells,ACS Applied Energy Materials,journal,2026-01-21,article,en,,,,,University Of Pavia,3,closed,0
10.1016/j.sciaf.2026.e03189,10.1016/j.sciaf.2026.e03189,"First-principles insights into lead-free double perovskites X2SbAgBr6 (X = Li, Na, K) for sustainable optoelectronic applications",Scientific African,journal,2026-01-21,article,en,,,,,Sidi Mohamed Ben Abdellah University,3,gold,0
10.1002/adfm.202531831,10.1002/adfm.202531831,Spatial Self‐Assembled Ionic Bridge Strategy for Overcoming Perovskite/PCBM Heterojunction Issues in Inverted Perovskite Solar Cell,Advanced Functional Materials,journal,2026-01-21,article,en,,,,,Guizhou University,3,bronze,1
10.1016/j.mtchem.2026.103382,10.1016/j.mtchem.2026.103382,Research on performances of perovskite solar cells with improved stability by superhydrophobic F–SiO2 coating,Materials Today Chemistry,journal,2026-01-21,article,en,,,,,Shanxi University,1,closed,0
10.1016/j.inoche.2026.116210,10.1016/j.inoche.2026.116210,"Bifunctional interface engineering for stable perovskite photovoltaics: Synergistic crystallization and defect passivation with a pyridine-3,5-dicarboxylic acid interlayer",Inorganic Chemistry Communications,journal,2026-01-21,article,en,,,,,Shaanxi University Of Science And Technology,1,closed,0
10.1016/j.optmat.2026.117905,10.1016/j.optmat.2026.117905,Advanced modeling of TiO2 porosity and its impact on mixed-halide perovskite solar cell efficiency,Optical Materials,journal,2026-01-21,article,en,,,,,Semnan University,1,closed,0
10.1002/aenm.202506521,10.1002/aenm.202506521,Uniform Monolithic Perovskite Films for Scalable Modules: Anti‐Solvent‐Free Crystallization via Seed Priming and Vacuum Processing,Advanced Energy Materials,journal,2026-01-21,article,en,,,,,Pusan National University,1,green,0
10.5281/zenodo.18328375,10.5281/zenodo.18328375,Unprecedented Throughput Spatial Atomic Layer Deposition of SnO2 in Perovskite Solar Cells,Zenodo (CERN European Organization for Nuclear Research),repository,2026-01-21,article,en,,,,,Salesian University,0,green,0
10.1016/j.mseb.2026.119231,10.1016/j.mseb.2026.119231,"Effect of Bi/V ratio in the precursor on structural, optical, and photovoltaic properties of bismuth vanadium oxide thin films by spin coating",Materials Science and Engineering B,journal,2026-01-21,article,en,,,,,Nagoya,0,closed,0
10.5281/zenodo.18328376,10.5281/zenodo.18328376,Unprecedented Throughput Spatial Atomic Layer Deposition of SnO2 in Perovskite Solar Cells,Zenodo (CERN European Organization for Nuclear Research),repository,2026-01-21,article,en,,,,,Salesian University,0,green,0
10.1007/s11664-026-12673-9,10.1007/s11664-026-12673-9,Elemental Depth Profiling in Perovskite Solar Cells by Rutherford Backscattering Spectrometry,Journal of Electronic Materials,journal,2026-01-21,article,en,,,,,Quaid-i-azam University,0,closed,0
10.1002/aelm.202500628,10.1002/aelm.202500628,Comparative 1‐Propanol Vapor Sensing Performance of 3D MAPbBr 3 and 2D (PEA) 2 PbBr 4,Advanced Electronic Materials,journal,2026-01-21,article,en,,,,,University Of Groningen,0,gold,0
10.1002/rar2.70162,10.1002/rar2.70162,A Multifunctional Reducing Molecular Dopant for 16% Efficient Tin Perovskite Solar Cells,Rare Metals,journal,2026-01-21,article,en,,,,,Southern University Of Science And Technology,0,hybrid,1
10.21203/rs.3.rs-8372676/v1,10.21203/rs.3.rs-8372676/v1,Green Solvents for All Functional Layers Enable Scalable Ambient-air Fabrication of Perovskite Solar Modules,Research Square,repository,2026-01-21,preprint,en,,,,,University Of Victoria,0,green,0
10.31635/ccschem.026.202507064,10.31635/ccschem.026.202507064,Functional Fullerene Electron Transport Material Beyond PC 61 BM for Efficient Inverted Perovskite Solar Cells,CCS Chemistry,journal,2026-01-21,article,en,,,,,Nankai University,0,diamond,0
10.1021/acsami.5c18157,10.1021/acsami.5c18157,Engineering of a Near-Infrared Transparent Dielectric–Metal–Dielectric Electrode for p – i – n Perovskite Solar Cells in 4T Silicon/Perovskite Tandem Photovoltaics,ACS Applied Materials & Interfaces,journal,2026-01-22,article,en,,,,,Indian,5,closed,0
10.1002/advs.202522620,10.1002/advs.202522620,"Bridging Scales in Flexible Perovskite Solar Cells: Mechanisms, Interfaces, and Applications",Advanced Science,journal,2026-01-22,article,en,,,,,City University Of Hong Kong,3,gold,0
10.53941/matsus.2026.100001,10.53941/matsus.2026.100001,Lead-Free Perovskite and Perovskite-Inspired Materials for Indoor Photovoltaics: A Perspective,Materials and Sustainability,journal,2026-01-22,article,en,,,,,Kyung Hee University,2,hybrid,0
10.1002/aenm.202506097,10.1002/aenm.202506097,Holistic Anode Interface Engineering for High‐Efficiency and Stable Carbon‐Perovskite Solar Modules,Advanced Energy Materials,journal,2026-01-22,article,en,,,,,Pennsylvania State University,2,bronze,0
10.1021/acsami.5c23109,10.1021/acsami.5c23109,High-Performance Perovskite Solar Cells Enabled by the Guanidine Derivative,ACS Applied Materials & Interfaces,journal,2026-01-22,article,en,,,,,Yantai University,1,closed,0
10.1021/acsaem.5c03964,10.1021/acsaem.5c03964,Efficient Inverted Cs 2 AgBiBr 6 Solar Cells through Crystallization Control,ACS Applied Energy Materials,journal,2026-01-22,article,en,,,,,Neophotonics (united States),1,closed,1
10.1021/acsaem.5c03125,10.1021/acsaem.5c03125,Triple Molecular Synergy-Driven Reconstruction of PEDOT:PSS Hole Transport Layer via Sodium Hydroxamate for Stable and Efficient Inverted Perovskite Solar Cells,ACS Applied Energy Materials,journal,2026-01-22,article,en,,,,,Anhui East China,1,closed,1
10.1021/acsami.5c15606,10.1021/acsami.5c15606,Visible Light-Modulated Low-Power Resistive Switching in Perovskite Nickelate Photovoltaic Heterostructures,ACS Applied Materials & Interfaces,journal,2026-01-22,article,en,,,,,Of The People's Republic Of China,1,closed,0
10.1088/1402-4896/ae3c6a,10.1088/1402-4896/ae3c6a,"Comprehensive investigation of single, double, and vacancy-ordered perovskite absorbers in planar n-i-p solar cells",Physica Scripta,journal,2026-01-22,article,en,,,,,North China Electric Power University,1,closed,0
10.62051/bjdv7t74,10.62051/bjdv7t74,Recent Advances in Suppressing Sn²⁺ Oxidation in Sn–Pb-based Perovskite Solar Cells,Transactions on Environment Energy and Earth Sciences,journal,2026-01-22,article,en,,,,,Shenzhen University,1,hybrid,0
10.1016/j.jmgm.2026.109300,10.1016/j.jmgm.2026.109300,Significantly improved optoelectronic properties of WWC-103 engineered for efficient perovskite solar cells: A DFT approach,Journal of Molecular Graphics and Modelling,journal,2026-01-22,article,en,,,,,University Of Faisalabad,1,closed,0
10.1016/j.orgel.2026.107385,10.1016/j.orgel.2026.107385,The Cs2BiAgI6 advantage: Interplay of thickness and recombination for high-performance double perovskite solar cells,Organic Electronics,journal,2026-01-22,article,en,,,,,King Abdulaziz University,0,closed,0
10.1016/j.cej.2026.173223,10.1016/j.cej.2026.173223,Decreasing internal reorganization energy via inactivating iodine defects to optimize Marcus-Gerischer charge mobility for high-performance carbon-based perovskite solar cells,Chemical Engineering Journal,journal,2026-01-22,article,en,,,,,Lanzhou University Of Technology,0,closed,0
10.24406/h-483656,10.24406/h-483656,Minimizing Open-Circuit Voltage Losses in Perovskite/Perovskite/Silicon Triple-Junction Solar Cell with Optimized Top Cell,Fraunhofer-Publica (Fraunhofer-Gesellschaft),repository,2026-01-22,article,en,,,,,,0,green,0
10.3390/agriculture16020282,10.3390/agriculture16020282,Semitransparent Perovskite-Emulating Photovoltaic Covers for Lettuce Production,Agriculture,journal,2026-01-22,article,en,,,,,National Research Council,0,gold,1
10.1016/j.jpcs.2026.113546,10.1016/j.jpcs.2026.113546,Unveiling the photovoltaic potential of lead-free Cs2TeI6 perovskite: A combined DFT and SCAPS-1D analysis for achieving efficiency beyond 28.8 %,Journal of Physics and Chemistry of Solids,journal,2026-01-22,article,en,,,,,Nanjing University Of Information Science And Technology,0,closed,0
10.21203/rs.3.rs-8528070/v1,10.21203/rs.3.rs-8528070/v1,Enhanced Stability and Performance of Perovskite Solar Cells through a Multi-Layered Design with Optimized Transport and Interfacial Layer,Research Square,repository,2026-01-22,preprint,en,,,,,Vanderbilt University,0,green,0
seasonality in perovskite solar cells|remec,,Seasonality in perovskite solar cells,Repository of the University of Ljubljana (University of Ljubljana),repository,2026-01-22,article,en,,,,,,0,green,0
10.48550/arxiv.2601.16310,10.48550/arxiv.2601.16310,Towards a single-junction non-concentrator metal halide perovskite hot carrier solar cell: review of current gaps and opportunities in understanding slow hot carrier cooling,arXiv (Cornell University),repository,2026-01-22,preprint,en,,,,,,0,green,1
towards a single junction non concentrator metal halide perovskite hot carrier solar cell review of current gaps and opportunities in understanding slow hot carrier cooling|man,,Towards a single-junction non-concentrator metal halide perovskite hot carrier solar cell: review of current gaps and opportunities in understanding slow hot carrier cooling,arXiv (Cornell University),repository,2026-01-22,preprint,en,,,,,,0,green,0
impact of precursor solution temperature on two step spin coated fapbi3 film elucidated by surface morphology and in situ photoluminescence dynamics|ryota,,Impact of precursor solution temperature on two-step spin-coated FAPbI3 film elucidated by surface morphology and in situ photoluminescence dynamics,Institutional Repositories DataBase (IRDB),repository,2026-01-22,article,en,,,,,,0,green,0
10.1038/s41467-026-68607-w,10.1038/s41467-026-68607-w,Phonon-driven wavefunction localization enhances room-temperature single-photon purity in large hybrid lead halide perovskite quantum dots,Nature Communications,journal,2026-01-23,article,en,,,,,Eth Zurich,5,gold,1
10.1002/smll.202514110,10.1002/smll.202514110,Solvated Palladium (II) Complexes for Efficient and Stable All‐Inorganic CsPbI 2 Br Perovskite Solar Cells,Small,journal,2026-01-23,article,en,,,,,,4,bronze,0
10.3390/eng7020055,10.3390/eng7020055,Bias-Induced Modulation of Charge Transport and Relaxation Dynamics in Perovskite Solar Cells: An Impedance Spectroscopy Approach,Eng—Advances in Engineering,journal,2026-01-23,article,en,,,,,Chouaib Doukkali University,4,gold,0
10.1007/s10948-025-07116-1,10.1007/s10948-025-07116-1,"Spin-Polarized DFT Based Investigation of Cs2LiMoBr6: A Promising Candidate for Spintronics, Optoelectronics and Sustainable Energy Systems",Journal of Superconductivity and Novel Magnetism,journal,2026-01-23,article,en,,,,,Riphah International University,3,closed,0
10.1002/smll.202512467,10.1002/smll.202512467,Interface Engineering for Inverted Perovskite Solar Cells via Cooperative Passivation of Bimolecular Additives to Achieve Low Voltage Loss,Small,journal,2026-01-23,article,en,,,,,Guilin University Of Technology,3,bronze,0
10.1364/prj.577410,10.1364/prj.577410,Recent advances in graphene-based self-powered photodetectors for flexible and sustainable photonic technologies: a comprehensive review,Photonics Research,journal,2026-01-23,article,en,,,,,,1,closed,0
10.1021/acsenergylett.5c03416,10.1021/acsenergylett.5c03416,DMSO-Free Processing of Tin–Lead Perovskite Thin Films for Solar Cells with Enhanced Stability,ACS Energy Letters,journal,2026-01-23,article,en,,,,,Center For Sustainable Future Technologies,1,hybrid,0
10.1016/j.cej.2026.173368,10.1016/j.cej.2026.173368,"Graphene-engineered interfaces enable stable, high-efficiency dry-processed ecofriendly flexible perovskite solar cells",Chemical Engineering Journal,journal,2026-01-23,article,en,,,,,Central Scientific Instruments Organisation,1,closed,0
10.3390/ma19030452,10.3390/ma19030452,A Science Mapping Analysis of Computational Methods and Exploration of Electrical Transport Studies in Solar Cells,Materials,journal,2026-01-23,article,en,,,,,University Of Salerno,1,gold,0
10.1002/smll.202512165,10.1002/smll.202512165,Neutralizing Charge Centers Radius via Dipole‐Charge Interaction in Perovskites,Small,journal,2026-01-23,article,en,,,,,Dalian,1,closed,0
10.1016/j.mtcomm.2026.114697,10.1016/j.mtcomm.2026.114697,Modeling and optimization of high-efficiency ZnO /RbGeBr₃ Perovskite solar cells using organic hole-transport layers,Materials Today Communications,journal,2026-01-23,article,en,,,,,Alzahra University,0,hybrid,0
10.5281/zenodo.18347072,10.5281/zenodo.18347072,Raw data for Ambient operando self-healing in tin perovskite solar cells,Zenodo (CERN European Organization for Nuclear Research),repository,2026-01-23,article,en,,,,,Universitat De València,0,green,0
10.1016/j.mtchem.2026.103384,10.1016/j.mtchem.2026.103384,A DY-12 molecular bridge at the ITO/ETL interface for high-performance perovskite solar cells,Materials Today Chemistry,journal,2026-01-23,article,en,,,,,Henan University,0,closed,0
10.1021/acsami.5c23126,10.1021/acsami.5c23126,Synergistic Passivation by (Thiomorpholine-4-yl)methyl Potassium Trifluoroborate Enhances the Optoelectronic Performance of Perovskite Films,ACS Applied Materials & Interfaces,journal,2026-01-23,article,en,,,,,Jiangsu University,0,closed,1
10.5281/zenodo.18347071,10.5281/zenodo.18347071,Raw data for Ambient operando self-healing in tin perovskite solar cells,Zenodo (CERN European Organization for Nuclear Research),repository,2026-01-23,article,en,,,,,Universitat De València,0,green,0
10.1007/s40843-025-3924-x,10.1007/s40843-025-3924-x,From monolayers to matrices: redefining buried interfaces in scalable perovskite photovoltaics,Science China Materials,journal,2026-01-23,article,en,,,,,Nanjing Tech University,0,closed,0
10.3929/ethz-c-000796608,10.3929/ethz-c-000796608,Phonon-driven wavefunction localization enhances room-temperature single-photon purity in large hybrid lead halide perovskite quantum dots,Repository for Publications and Research Data (ETH Zurich),repository,2026-01-23,article,en,,,,,,0,green,0
10.1021/acs.nanolett.5c05593,10.1021/acs.nanolett.5c05593,Multi-interactions Regulate Perovskite Crystallization and Defect Passivation for Efficient and Stable Perovskite Photovoltaics,Nano Letters,journal,2026-01-24,article,en,,,,,Nankai University,7,closed,1
10.1016/j.poly.2026.117981,10.1016/j.poly.2026.117981,"Unraveling the multifunctional prospects of novel GaSiX3 (X = Cl, I) ternary perovskites for solar cells applications and green energy: A density functional theory approach",Polyhedron,journal,2026-01-24,article,en,,,,,Islamia University Of Bahawalpur,4,closed,0
10.1002/adfm.202529837,10.1002/adfm.202529837,Cooperative Ion Migration Suppression via Multi‐Scale Regulation for Enhancing the Performance of Inverted Perovskite Solar Cells,Advanced Functional Materials,journal,2026-01-24,article,en,,,,,Hainan University,4,closed,1
10.1016/j.cej.2026.173377,10.1016/j.cej.2026.173377,Vapor pretreatment-mediated crystal quality optimization for all-vacuum-processed monolithic perovskite/silicon tandem solar cells,Chemical Engineering Journal,journal,2026-01-24,article,en,,,,,Wuhan University Of Technology,2,closed,0
10.1002/smtd.202502245,10.1002/smtd.202502245,Synergistic Buried and Bulk Engineering by Pre‐Crystallized 2D Seeds Enables High Performance Inverted Perovskite Solar Cells,Small Methods,journal,2026-01-24,article,en,,,,,Hainan University,1,bronze,0
10.82508/jasai.2026.1231922,10.82508/jasai.2026.1231922,Co-Incorporation of Fluorine and Chlorine for Tailoring the Structural and Electronic Landscape of CH₃NH₃PbI₃ Perovskites: DFT Calculations,Journal of Applied Sciences and Artificial Intelligence,journal,2026-01-24,article,en,,,,,Islamic Azad University Of Urmia,0,hybrid,0
10.1002/smll.202512937,10.1002/smll.202512937,Anion Component Engineering of Spontaneous Perovskite Passivators for Energy Alignment Modulations in Perovskite Solar Cells,Small,journal,2026-01-25,article,en,,,,,National,5,hybrid,0
10.1002/smll.202513162,10.1002/smll.202513162,"Efficient, Reversible Lead Adsorption in a Thiol‐Decorated Zirconium‐Metal–Organic Framework",Small,journal,2026-01-25,article,en,,,,,École Polytechnique Fédérale De Lausanne,4,hybrid,0
10.1038/s41598-026-36719-4,10.1038/s41598-026-36719-4,Enhancing structural and optical properties of hybrid perovskite layers with polymer modification,Scientific Reports,journal,2026-01-25,article,en,,,,,University Of Tabriz,2,gold,0
10.1016/j.materresbull.2026.114029,10.1016/j.materresbull.2026.114029,Self-assembled monolayer-based ETLs for perovskite solar cells: A review,Materials Research Bulletin,journal,2026-01-25,article,en,,,,,Université Mohammed Vi Polytechnique,2,closed,0
10.1002/smll.202510652,10.1002/smll.202510652,Crystallization Modulation and Halide Segregation Suppression in Wide‐Bandgap Perovskite for Efficient All‐Perovskite Tandem Solar Cells,Small,journal,2026-01-25,article,en,,,,,The Synergetic Innovation Center For Advanced Materials,1,bronze,1
10.1002/rar2.70153,10.1002/rar2.70153,Broad‐Spectral Response Lead Halide Perovskite Solar Cells Through Integration of Multifunctional Organic Bulk‐Heterojunction and Quantum‐Cutting Downconversion Materials,Rare Metals,journal,2026-01-25,article,en,,,,,Shanghai Jiao Tong University,1,hybrid,0
10.48550/arxiv.2601.17807,10.48550/arxiv.2601.17807,An autonomous living database for perovskite photovoltaics,arXiv (Cornell University),repository,2026-01-25,preprint,en,,,,,,1,green,0
10.1016/j.rineng.2026.109270,10.1016/j.rineng.2026.109270,Engineering the hematite/perovskite interface with a PEAI interlayer to boost efficiency and operational stability,Results in Engineering,journal,2026-01-25,article,en,,,,,Qingdao University Of Science And Technology,0,gold,0
10.69855/science.v3i1.371,10.69855/science.v3i1.371,Engineering Structure and Stability of Next-Generation Perovskite Materials for Optimization of Photovoltaic Solar Cell Efficiency,Science Get Journal.,journal,2026-01-25,article,en,,,,,Pakuan University,0,hybrid,0
an autonomous living database for perovskite photovoltaics|shabih,,An autonomous living database for perovskite photovoltaics,arXiv (Cornell University),repository,2026-01-25,preprint,en,,,,,,0,green,0
10.1021/acsomega.5c09561,10.1021/acsomega.5c09561,"Balancing Efficiency, Stability, Scalability, and Sustainability in Hybrid Perovskite Solar Cells: A Comprehensive Review",ACS Omega,journal,2026-01-26,article,en,,,,,Sharda University,10,gold,1
10.26599/nr.2026.94908473,10.26599/nr.2026.94908473,Carbon-supported single-atom materials for photovoltaic applications,Nano Research,journal,2026-01-26,article,en,,,,,Beijing University Of Chemical Technology,9,gold,0
10.1007/s40820-026-02079-x,10.1007/s40820-026-02079-x,Homogenize Strain Distribution via Molecular Network Engineering for Mechanically Reliable Flexible Perovskite Solar Cells,Nano-Micro Letters,journal,2026-01-26,article,en,,,,,Of The People's Republic Of China,8,gold,0
10.1021/acsenergylett.5c02410,10.1021/acsenergylett.5c02410,Disentangling Environmental Effects on Perovskite Solar Cell Performance via Interpretable Machine Learning,ACS Energy Letters,journal,2026-01-26,article,en,,,,,Massachusetts,7,green,1
10.1021/acsenergylett.5c03901,10.1021/acsenergylett.5c03901,Multifunctional Fluorinated Self-Polymerizable Additive Improves the Performance of Perovskite Photovoltaics,ACS Energy Letters,journal,2026-01-26,article,en,,,,,Qingdao University Of Science And Technology,3,hybrid,1
10.1007/s42823-025-00996-2,10.1007/s42823-025-00996-2,Next-generation perovskite solar cells empowered by carbon based materials: challenges and future opportunities,Carbon letters,journal,2026-01-26,article,en,,,,,Shoolini University,3,closed,0
10.1016/j.cej.2026.173446,10.1016/j.cej.2026.173446,Construct hierarchical porous covalent organic frameworks to coat CsPbBr3 nanocrystals for enhancing fluorescence performance and stability,Chemical Engineering Journal,journal,2026-01-26,article,en,,,,,Suzhou University Of Science And Technology,2,closed,0
10.1016/j.nwnano.2026.100185,10.1016/j.nwnano.2026.100185,"Recent advances in plasmonic quantum dot solar cells: Engineering strategies, charge dynamics, and future prospects",Nano Trends,journal,2026-01-26,article,en,,,,,Adeleke University,2,gold,0
10.1016/j.nanoen.2026.111753,10.1016/j.nanoen.2026.111753,Revealing the role of the fluoroalkyl hybrid glycol ether side chains of n-type polymers in the performance of Dion-Jacobson perovskite solar cells,Nano Energy,journal,2026-01-26,article,en,,,,,Tianjin University,2,closed,0
10.1021/acscentsci.5c02169,10.1021/acscentsci.5c02169,"Organic–Inorganic Metal Halide Perovskites: Toward Stability, Chirality, and AI-Guided Discovery",ACS Central Science,journal,2026-01-26,article,en,,,,,Guangdong University Of Technology,1,diamond,0
10.1016/j.colsurfa.2026.139722,10.1016/j.colsurfa.2026.139722,Highly crystalline carbon dots as dual function interfacial modifiers for defect passivation and phase stabilization in perovskite solar cells,Colloids and Surfaces A Physicochemical and Engineering Aspects,journal,2026-01-26,article,en,,,,,Taiyuan University Of Technology,1,closed,0
10.3390/molecules31030427,10.3390/molecules31030427,"HDTMS-, Polybutadiene-, and Benzotriazole-Modified Polylactic-Based Resin for Solar Cells Encapsulation with Exceptional Environmental Stability of MAPI Perovskite Films",Molecules,journal,2026-01-26,article,en,,,,,Ziane Achour University Of Djelfa,1,gold,0
10.1021/acsenergylett.5c04072,10.1021/acsenergylett.5c04072,Tuning Hole-Collecting Monolayers with Hammett Constant-Engineered Benzoic Acid Derivatives for Inverted Perovskite Solar Cells,ACS Energy Letters,journal,2026-01-26,article,en,,,,,Sungkyunkwan University,1,closed,0
10.1021/acs.jpclett.5c03513,10.1021/acs.jpclett.5c03513,Effect of Thermal Stress on the Ion Density and Mobility Distribution in Perovskite Solar Cells,The Journal of Physical Chemistry Letters,journal,2026-01-26,article,en,,,,,Åbo Akademi University,0,closed,0
10.1016/j.solmat.2026.114194,10.1016/j.solmat.2026.114194,Effect of electron-withdrawing/-donating groups of thiourea molecules on surface defects restraint and carrier transport optimization for perovskite solar cells,Solar Energy Materials and Solar Cells,journal,2026-01-26,article,en,,,,,University Of Jinan,0,closed,0
10.1002/advs.202521825,10.1002/advs.202521825,Redox‐Active NiO x ‐Catalyzed Li + Capture‐Extraction Strategy for t BP‐Free Spiro‐OMeTAD Enables Exceptional Damp‐Heat Stability in Perovskite Solar Cells,Advanced Science,journal,2026-01-26,article,en,,,,,Korea Research,0,gold,0
10.1360/csb-2025-5779,10.1360/csb-2025-5779,AI-aided structural design and stability of hybrid semiconductor photovoltaics,Chinese Science Bulletin (Chinese Version),journal,2026-01-26,article,en,,,,,,0,bronze,0
10.5757/asct.2026.35.2.72,10.5757/asct.2026.35.2.72,Passivation Layer Thickness-Dependent Effects on Light Irradiation in Two-Dimensional Ruddlesden-Popper Perovskites,Applied Science and Convergence Technology,journal,2026-01-26,article,en,,,,,Chungnam National University,0,diamond,0
10.1038/s41598-025-34494-2,10.1038/s41598-025-34494-2,Tailoring Ba3PCl3-based perovskite solar cells via multi-parameter optimization for high power conversion efficiency,Scientific Reports,journal,2026-01-27,article,en,,,,,Indian,3,gold,0
10.1007/s11664-026-12670-y,10.1007/s11664-026-12670-y,Study on Factors Responsible for Performance of n-ZnO/MAPbI3/p-NiO Perovskite Solar Cell,Journal of Electronic Materials,journal,2026-01-27,article,en,,,,,Banasthali University,2,closed,0
10.71222/yx8vev15,10.71222/yx8vev15,Key Technologies and Development Trends of Building Integrated Photovoltaic (BIPV),International Journal of Engineering Advances,journal,2026-01-27,article,en,,,,,Ztt (china),2,bronze,0
10.1016/j.nxmate.2026.101641,10.1016/j.nxmate.2026.101641,"Mutual effect of strains and spin-orbit coupling on structural, electronic, transport and optical characteristics of FASnI2Br perovskites",Next Materials,journal,2026-01-27,article,en,,,,,Jahangirnagar University,1,gold,0
10.18149/mpm.5362025_5,10.18149/mpm.5362025_5,Computational study of Ba-doped TiO3 perovskites for solar energy applications,Materials Physics and Mechanics,repository,2026-01-27,article,en,,,,,,1,green,0
10.34133/energymatadv.0313,10.34133/energymatadv.0313,Multi-physical perspectives on perovskite photovoltaics,Energy Material Advances,journal,2026-01-27,article,en,,,,,Soochow University,0,diamond,0
10.1021/acsami.5c23111,10.1021/acsami.5c23111,Efficient MA-Free Perovskite Solar Cells Enabled by a Solvent-Engineering-Assisted Low-Dimensional Passivation Strategy,ACS Applied Materials & Interfaces,journal,2026-01-27,article,en,,,,,Xi'an Jiaotong University,0,closed,0
10.1021/acs.jpclett.5c03815,10.1021/acs.jpclett.5c03815,Stress-Regulated Crystallization on Mesoporous Nickel Oxide Enables High-Efficiency and Stable Inverted Perovskite Solar Cells,The Journal of Physical Chemistry Letters,journal,2026-01-27,article,en,,,,,Renmin University Of China,0,closed,1
10.26434/chemrxiv.10001581/v1,10.26434/chemrxiv.10001581/v1,Iminodiacetic Acid-Modified TiO2 Electron Transport Layers for Efficient and Stable All-Inorganic CsPbIxBr3-x Perovskite Solar Cells,ChemRxiv,repository,2026-01-27,preprint,en,,,,,Shaanxi University Of Science And Technology,0,green,1
10.1021/acsaem.5c03918,10.1021/acsaem.5c03918,Interconnected Grains via Buffer Engineering: a Bioinspired Route toward Flexible Inverted Perovskite Solar Cells,ACS Applied Energy Materials,journal,2026-01-27,article,en,,,,,Pukyong National University,0,closed,1
10.3390/molecules31030440,10.3390/molecules31030440,Artificial Intelligence for Perovskite Additive Engineering: From Molecular Screening to Autonomous Discovery,Molecules,journal,2026-01-27,article,en,,,,,Renmin University Of China,0,gold,0
10.48550/arxiv.2601.19534,10.48550/arxiv.2601.19534,Near-field effects on cathodoluminescence outcoupling in perovskite thin films,arXiv (Cornell University),repository,2026-01-27,preprint,en,,,,,,0,green,0
near field effects on cathodoluminescence outcoupling in perovskite thin films|schot,,Near-field effects on cathodoluminescence outcoupling in perovskite thin films,arXiv (Cornell University),repository,2026-01-27,preprint,en,,,,,Institute For Atomic And Molecular Physics,0,green,0
10.1360/csb-2025-5719,10.1360/csb-2025-5719,Research progress on the application of machine learning in perovskite solar cells,Chinese Science Bulletin (Chinese Version),journal,2026-01-27,article,en,,,,,,0,bronze,0
10.1038/s41467-026-68904-4,10.1038/s41467-026-68904-4,Localized 2D/3D heterojunction enhances photovoltage for perovskite-organic tandem solar cells,Nature Communications,journal,2026-01-28,article,en,,,,,City University Of Hong Kong,8,gold,1
10.1002/adfm.202528875,10.1002/adfm.202528875,"Bowl‐Shaped Conjugated Organic Semiconductors: From Structural Design, Molecular Assembly to Device Applications",Advanced Functional Materials,journal,2026-01-28,article,en,,,,,Collaborative Innovation Center Of Chemistry For Energy Materials,5,bronze,1
10.1002/eem2.70291,10.1002/eem2.70291,A Boric Acid‐ SnO 2 Composite for Interfacial Stabilization of Highly Efficient Perovskite Solar Cells,Energy & environment materials,journal,2026-01-28,article,en,,,,,Qingdao University Of Science And Technology,5,hybrid,0
10.1002/anie.6909224,10.1002/anie.6909224,Dynamic Iodide Regeneration Enabled by Piperazine‐Tailored PCBM Interfaces for Photothermally Stable and Efficient Inverted Perovskite Photovoltaics,Angewandte Chemie International Edition,journal,2026-01-28,article,en,,,,,Dalian University Of Technology,4,bronze,0
10.1002/advs.202524128,10.1002/advs.202524128,Extending Carrier Diffusion via Interfacial Dielectric Shielding for Operationally Stable Perovskite/TOPCon Tandem Solar Cells,Advanced Science,journal,2026-01-28,article,en,,,,,Central South University,3,gold,0
10.1002/adfm.202531784,10.1002/adfm.202531784,Tailoring Interfacial Energetics and Defect Landscapes with Polar Molecules for High‐Efficiency and Stable Perovskite Solar Cells,Advanced Functional Materials,journal,2026-01-28,article,en,,,,,Xidian University,3,closed,1
10.1002/anie.202523665,10.1002/anie.202523665,Spatial Molecular Engineering of Hole Semiconductors Enables Record Efficiency and Durability in Inverted Perovskite Solar Cells,Angewandte Chemie International Edition,journal,2026-01-28,article,en,,,,,Tianjin University Of Technology,3,closed,1
10.1016/j.decarb.2026.100147,10.1016/j.decarb.2026.100147,Property-control of self-assembled monolayer by employing hydroscopic polyethylene glycol for efficient and stable p-i-n perovskite solar cells,DeCarbon,journal,2026-01-28,article,en,,,,,Ulsan National,3,gold,1
10.1021/acsenergylett.5c03228,10.1021/acsenergylett.5c03228,Structure and Device-Operando Photostability of Quasi-2D Ruddlesden–Popper Perovskites: Engineering the Spacer Cation Matters,ACS Energy Letters,journal,2026-01-28,article,en,,,,,Xi'an Jiaotong University,2,closed,0
10.1002/ange.6909224,10.1002/ange.6909224,Dynamic Iodide Regeneration Enabled by Piperazine‐Tailored PCBM Interfaces for Photothermally Stable and Efficient Inverted Perovskite Photovoltaics,Angewandte Chemie,journal,2026-01-28,article,en,,,,,Dalian University Of Technology,2,closed,0
10.1016/j.mtener.2026.102219,10.1016/j.mtener.2026.102219,Dopamine-induced passivation of SnO2 interfaces for suppressing ion migration and hysteresis in carbon-based perovskite solar cells,Materials Today Energy,journal,2026-01-28,article,en,,,,,Sharif University Of Technology,1,closed,0
10.1016/j.jechem.2026.01.039,10.1016/j.jechem.2026.01.039,Bifunctional molecular interface spacer for high-efficiency and stable large-area perovskite solar modules,Journal of Energy Chemistry,journal,2026-01-28,article,en,,,,,Shanghai Jiao Tong University,1,closed,0
10.1002/adma.202522652,10.1002/adma.202522652,Thermo‐Crosslinking Organic Electron Transport Layers for Stable Perovskite Solar Cells Decoded by In Situ Acoustic Resonance,Advanced Materials,journal,2026-01-28,article,en,,,,,Xiamen University,1,bronze,1
10.1002/aenm.202506634,10.1002/aenm.202506634,Selective Ion‐Blocking Strategy for Stabilizing Perovskite Tandem Solar Cells,Advanced Energy Materials,journal,2026-01-28,article,en,,,,,Kyungpook National University,1,bronze,1
10.1021/acsomega.5c10453,10.1021/acsomega.5c10453,Alkylammonium Spacer-Directed Charge-Transfer in 2D|3D Perovskite Solar Cells,ACS Omega,journal,2026-01-28,article,en,,,,,Centro Regional De Derechos Humanos Y Justicia De Género Corporación Humanas,1,gold,0
10.1038/s41524-026-01970-w,10.1038/s41524-026-01970-w,Accelerated discovery of supertetragonal perovskites with giant polarization via machine learning,npj Computational Materials,journal,2026-01-28,article,en,,,,,University Of Electronic Science And Technology Of China,0,gold,0
10.1364/ao.585586,10.1364/ao.585586,Plasmon-enhanced CH 3 NH 3 PbI 3 perovskite solar cells using metal nanoparticle–sensitized nanorod structures,Applied Optics,journal,2026-01-28,article,en,,,,,,0,closed,0
10.1002/ange.202523665,10.1002/ange.202523665,Spatial Molecular Engineering of Hole Semiconductors Enables Record Efficiency and Durability in Inverted Perovskite Solar Cells,Angewandte Chemie,journal,2026-01-28,article,en,,,,,Tianjin University Of Technology,0,closed,0
10.1016/j.solmat.2026.114169,10.1016/j.solmat.2026.114169,Combining physical- and scenario-based modeling to identify tolerable degradation rates of perovskite in monolithic two-terminal perovskite/silicon tandem modules,Solar Energy Materials and Solar Cells,journal,2026-01-28,article,en,,,,,Delft University Of Technology,0,hybrid,1
10.1021/acsami.5c24570,10.1021/acsami.5c24570,Beyond Plasmonics: Au Nanoparticles as Electron Sinks in TiO 2 for Interface Passivation Enhancement in Planar Perovskite Solar Cells,ACS Applied Materials & Interfaces,journal,2026-01-28,article,en,,,,,Center For Nanoscale Science And Technology,0,hybrid,1
10.1002/tcr.202500280,10.1002/tcr.202500280,Metal‐ and Metalloid‐Functionalized Diketopyrrolopyrroles for High‐Performance Photovoltaics,The Chemical Record,journal,2026-01-28,article,en,,,,,Chandigarh University,0,bronze,0
10.1002/adom.202503211,10.1002/adom.202503211,Mitigating Singlet Exciton Back‐Transfer using 2D Spacer Layers for Perovskite‐Sensitised Upconversion,Advanced Optical Materials,journal,2026-01-28,article,en,,,,,Unsw Sydney,0,hybrid,0
10.1002/smll.202513842,10.1002/smll.202513842,Co‐Assembled Layers for High Performance Wide Bandgap Inverted Perovskite Solar Cells,Small,journal,2026-01-28,article,en,,,,,Shandong Lianxing Energy Group (china),0,bronze,1
10.1038/s41560-026-01975-1,10.1038/s41560-026-01975-1,"Crystallization suppression of mixed-halide intermediates for perovskite/Cu(In,Ga)Se2 tandem solar cells with improved efficiency",Nature Energy,journal,2026-01-29,article,en,,,,,Westlake University,15,closed,0
10.1002/adma.202523338,10.1002/adma.202523338,Asymmetric Self‐Assembled Molecule With High Dipole Moment for Efficient Wide‐Bandgap Perovskite Solar Cells and Tandems,Advanced Materials,journal,2026-01-29,article,en,,,,,Wuhan National Laboratory For Optoelectronics,14,bronze,1
10.1002/advs.202520603,10.1002/advs.202520603,Enhanced Bandgap Flexibility in Perovskite‐Silicon Tandem Solar Cells via Three‐Terminal Architecture,Advanced Science,journal,2026-01-29,article,en,,,,,Karlsruhe,5,gold,0
10.1016/j.enconman.2026.121132,10.1016/j.enconman.2026.121132,"Radiative-cooling-enabled hybrid perovskite solar cell-thermoelectric system: Modeling, optimization, and performance insights",Energy Conversion and Management,journal,2026-01-29,article,en,,,,,Ningbo University,4,closed,0
10.1016/j.jics.2026.102453,10.1016/j.jics.2026.102453,Defect control and performance optimization in Li+/Na+ Co-doped HTL-free Cs2AgBiBr6 double perovskite solar cells: Toward an efficient HTL-free architecture,Journal of the Indian Chemical Society,journal,2026-01-29,article,en,,,,,Central University Of Technology,3,closed,0
10.1021/acs.jpclett.5c03611,10.1021/acs.jpclett.5c03611,Hard X-ray Photoelectron Spectroscopy for Depth-Resolved Analysis of Optoelectronic and Photoelectrochemical Devices,The Journal of Physical Chemistry Letters,journal,2026-01-29,article,en,,,,,University Of Electronic Science And Technology Of China,3,closed,0
10.1016/j.jpowsour.2026.239394,10.1016/j.jpowsour.2026.239394,"Electronic and optical coupling in semiconductor nanostructures: A systematic review of quantum dots, nanowires, and nanoplatelets for high-efficiency solar cells",Journal of Power Sources,journal,2026-01-29,review,en,,,,,Khulna University Of Engineering And Technology,2,closed,0
10.1002/adom.202503522,10.1002/adom.202503522,Comparison of Electroluminescence and Photoluminescence Imaging of Mixed‐Cation Mixed‐Halide Perovskite Solar Cells at Low Temperatures,Advanced Optical Materials,journal,2026-01-29,article,en,,,,,National,2,closed,0
10.1007/s11082-026-08676-9,10.1007/s11082-026-08676-9,DFT analysis and comparative 1D optoelectrical simulation of AcPbI3 halide perovskite solar cell: introducing a new perovskite layer,Optical and Quantum Electronics,journal,2026-01-29,article,en,,,,,University Of Isfahan,2,closed,0
10.1002/smtd.202501684,10.1002/smtd.202501684,Suppressing NiO x /CsPbIBr 2 Interfacial Redox Reactions and Band Energy Misalignment in Perovskite Solar Cells,Small Methods,journal,2026-01-29,article,en,,,,,University Of Victoria,2,hybrid,0
10.1016/j.apmt.2026.103117,10.1016/j.apmt.2026.103117,High-performance lead-free antiperovskite X3BA for photovoltaic applications,Applied Materials Today,journal,2026-01-29,article,en,,,,,Henan Academy Of Sciences,1,closed,0
10.1021/acsaem.5c03834,10.1021/acsaem.5c03834,Unraveling Reverse Bias Induced Degradation Pathways in Perovskite Solar Cells and Modules,ACS Applied Energy Materials,journal,2026-01-29,article,en,,,,,Imec The Netherlands,1,closed,1
10.1016/j.mseb.2026.119233,10.1016/j.mseb.2026.119233,Crystal engineering and humidity response of metal halide perovskite [Ph3MeP]2CuBr4 single crystals: A combined experimental and theoretical approach,Materials Science and Engineering B,journal,2026-01-29,article,en,,,,,Career Point University,0,closed,0
10.1016/j.mtener.2026.102218,10.1016/j.mtener.2026.102218,Synergistic engineering of conductive interface and crystallization via symmetric polycyclic scaffold for efficient perovskite solar cells,Materials Today Energy,journal,2026-01-29,article,en,,,,,Ludong University,0,closed,0
10.21273/jashs05528-25,10.21273/jashs05528-25,Evaluating the Photosynthetic Response of Perovskite-based Solar Cells for Greenhouse Applications,Journal of the American Society for Horticultural Science,journal,2026-01-29,article,en,,,,,University Of Georgia,0,gold,0
10.1088/1402-4896/ae3f5c,10.1088/1402-4896/ae3f5c,"Tunable photovoltaic effects induced by pressure in cesium-based lead-free double perovskite Cs 2 AgXBr 6 (X = Bi, Ga, In)",Physica Scripta,journal,2026-01-29,article,en,,,,,Inner Mongolia Normal University,0,closed,0
10.1002/advs.202521518,10.1002/advs.202521518,Regioisomeric Effects on Enhancing p ‐Type Characteristics of Self‐Assembled Molecules in Inverted Perovskite Solar Cells,Advanced Science,journal,2026-01-29,article,en,,,,,Sungkyunkwan University,0,gold,0
10.1016/j.cej.2026.173515,10.1016/j.cej.2026.173515,Efficient defect passivation via a branched ammonium salt for 20.46%-efficiency semi-transparent wide-bandgap perovskite solar cells,Chemical Engineering Journal,journal,2026-01-29,article,en,,,,,Zhejiang Normal University,0,closed,0
10.1021/acsanm.5c05880,10.1021/acsanm.5c05880,Unraveling the Growth Kinetics via In Situ Photoluminescence and Carrier Dynamics via Transient Absorption in CsPbBr 3 Nanocrystals,ACS Applied Nano Materials,journal,2026-01-29,article,en,,,,,,0,closed,0
10.1007/s11082-026-08677-8,10.1007/s11082-026-08677-8,Analytical modeling and optimization of light trapping in textured four-terminal (FAPbI3)1−x(MAPbBr3)x/graphene/GaAs tandem solar cells,Optical and Quantum Electronics,journal,2026-01-29,article,en,,,,,Semnan University,0,closed,0
10.1016/j.ccr.2026.217582,10.1016/j.ccr.2026.217582,Design and Engineering of Metal-Organic Frameworks for Energy Conversion and Environmental Remediation,Coordination Chemistry Reviews,journal,2026-01-30,article,en,,,,,National Sun Yat-sen University,11,closed,0
10.1002/adma.202519138,10.1002/adma.202519138,Defect Passivation with Organic Co‐Crystal Layers for Efficient and Stable Inverted Perovskite Solar Cells: A Non‐2D‐Perovskites Strategy for Surface Treatments,Advanced Materials,journal,2026-01-30,article,en,,,,,Northwestern Polytechnical University,7,bronze,1
10.1021/acsenergylett.5c04035,10.1021/acsenergylett.5c04035,Inverted J – V Hysteresis in Perovskite Solar Cells: Insights from Photovoltaic Quantum Efficiency,ACS Energy Letters,journal,2026-01-30,article,en,,,,,Computational Physics (united States),5,hybrid,0
10.1016/j.nexres.2026.101404,10.1016/j.nexres.2026.101404,"Energy systems for solar-powered UAVs: Photovoltaics, hybrid storage, thermal management, and autonomous power control",Next research.,journal,2026-01-30,article,en,,,,,Rajshahi University Of Engineering And Technology,3,hybrid,0
10.1002/aenm.70691,10.1002/aenm.70691,Semiconductive Polarity Control in Halide Perovskites through Defect Chemistry and Interface Engineering,Advanced Energy Materials,journal,2026-01-30,article,en,,,,,Sungkyunkwan University,3,closed,1
10.1088/1402-4896/ae3fd7,10.1088/1402-4896/ae3fd7,Numerical investigation and performance improvement of a lead-free WS 2 /CH 3 NH 3 SnI 3 /spiro-OMeTAD solar cell using SCAPS-1D,Physica Scripta,journal,2026-01-30,article,en,,,,,Reva University,2,closed,0
10.1016/j.jsamd.2026.101112,10.1016/j.jsamd.2026.101112,Bandgap-engineered 2D Dion–Jacobson perovskite solar cells for high-efficiency outdoor and indoor operation,Journal of Science Advanced Materials and Devices,journal,2026-01-30,article,en,,,,,University Of Ha'il,2,gold,0
10.1002/slct.202506430,10.1002/slct.202506430,Numerical Modeling and Performance Optimization of an FTO/SnO 2 /Cs 2 AgBiBr 6 /NiO/Pt Double Perovskite Solar Cell Using SCAPS‐1D,ChemistrySelect,journal,2026-01-30,article,en,,,,,University Ferhat Abbas Of Setif,2,bronze,0
10.1142/s021797922650061x,10.1142/s021797922650061x,High-efficiency optoelectronics via quantum confinement in Ruddlesden–Popper pseudo-halide perovskites,International Journal of Modern Physics B,journal,2026-01-30,article,en,,,,,University Of Malakand,1,closed,0
10.1021/acsami.5c24299,10.1021/acsami.5c24299,Effect of a 2D-Modification of Cs 2 AgBiBr 6 on Nucleation and Contact Formation of Subsequently Deposited Hole Transport Layers as Revealed by In Situ Growth Studies,ACS Applied Materials & Interfaces,journal,2026-01-30,article,en,,,,,Justus-liebig-universität Gießen,1,hybrid,1
10.55041/ijsrem56285,10.55041/ijsrem56285,Eco-Friendly Organic Perovskite Photovoltaic -Based Hole Transport Layer for Tin Mono Sulfide Solar Cell: A Numerical Simulation Approach via SCAPS-1D Application,INTERANTIONAL JOURNAL OF SCIENTIFIC RESEARCH IN ENGINEERING AND MANAGEMENT,journal,2026-01-30,article,en,,,,,Central University Of South Bihar,1,bronze,0
10.1016/j.nanoen.2026.111770,10.1016/j.nanoen.2026.111770,Multifunctional zero-dimensional hybrid halide for multiscale buried interface planarization in perovskite solar cells,Nano Energy,journal,2026-01-30,article,en,,,,,Lanzhou University Of Technology,1,closed,0
10.1021/acs.jpclett.5c04030,10.1021/acs.jpclett.5c04030,Tailoring Hot Carrier Cooling Dynamics via Targeted Vacancy Design in FAPbI 3 for High-Efficiency Photovoltaics,The Journal of Physical Chemistry Letters,journal,2026-01-30,article,en,,,,,Yantai University,0,closed,1
10.1007/s44291-026-00161-7,10.1007/s44291-026-00161-7,Optimization and simulation of a 27.74% efficient Dion-Jacobson perovskite solar cell employing PeDAMA₄Pb₅I₁₆,Discover Electronics,journal,2026-01-30,article,en,,,,,University Of Lucknow,0,diamond,0
10.3390/nano16030188,10.3390/nano16030188,Defect Passivation and Enhanced Hole Extraction in Inverted Perovskite Solar Cells via CeO2@MoS2 Interfacial Engineering,Nanomaterials,journal,2026-01-30,article,en,,,,,Ming Chi University Of Technology,0,gold,1
10.21203/rs.3.rs-8576209/v1,10.21203/rs.3.rs-8576209/v1,Theoretical and Experimental Investigation of Triphenylamine-Containing Hole Transport Materials with Side-Chain Isomerization,Research Square,repository,2026-01-30,preprint,en,,,,,,0,green,0
10.1016/j.mtener.2026.102223,10.1016/j.mtener.2026.102223,Optimizing interfacial charge transfer in all-inorganic CsPbBr3 perovskite solar cells through D-A type molecule mediated defect passivation,Materials Today Energy,journal,2026-01-30,article,en,,,,,Huaqiao University,0,closed,0
10.1007/s11665-026-13309-z,10.1007/s11665-026-13309-z,Engineering Hydrophobic Fatty Acid-Derived Antisolvents to Enhance Crystallinity and Moisture Resistance in Perovskite Solar Cells,Journal of Materials Engineering and Performance,journal,2026-01-30,article,en,,,,,Iran University Of Science And Technology,0,closed,0
10.20944/preprints202601.2226.v1,10.20944/preprints202601.2226.v1,"Cs₂AgBiBr₆ for Solar and Beyond: Technical Applications, Challenges, and Future Directions",Preprints.org,repository,2026-01-30,preprint,en,,,,,University Of Central Florida,0,green,1
10.48550/arxiv.2601.23191,10.48550/arxiv.2601.23191,High-Efficiency Hexagonal Nanowire MAPbI3 Perovskite Solar Cell with Broadband Light Trapping,arXiv (Cornell University),repository,2026-01-30,preprint,en,,,,,,0,green,1
high efficiency hexagonal nanowire mapbi3 perovskite solar cell with broadband light trapping|nath,,High-Efficiency Hexagonal Nanowire MAPbI3 Perovskite Solar Cell with Broadband Light Trapping,arXiv (Cornell University),repository,2026-01-30,preprint,en,,,,,,0,green,0
10.21256/zhaw-35353,10.21256/zhaw-35353,ChargeFabrica : a python-based finite difference multidimensional electro-ionic drift diffusion simulator applied to mesoporous perovskite solar cells,Zürcher Hochschule für Angewandte Wissenschaften digital collection (Zurich University of Applied Sciences),repository,2026-01-30,article,en,,,,,,0,green,0
10.1007/s40843-025-3954-9,10.1007/s40843-025-3954-9,Breakthrough in centimeter-scale fullerene-free tin-based perovskite solar cells,Science China Materials,journal,2026-01-30,article,en,,,,,Tianjin University Of Technology,0,closed,0
10.5281/zenodo.18667541,10.5281/zenodo.18667541,NUMERICAL SIMULATION AND PERFORMANCE OPTIMIZATION OF A LEAD-FREE Rb₂SnBr₆-BASED PEROVSKITE SOLAR CELL USING SCAPS-1D,Zenodo (CERN European Organization for Nuclear Research),repository,2026-01-30,article,en,,,,,,0,green,0
10.5281/zenodo.18995554,10.5281/zenodo.18995554,NUMERICAL SIMULATION AND PERFORMANCE OPTIMIZATION OF A LEAD-FREE Rb₂SnBr₆-BASED PEROVSKITE SOLAR CELL USING SCAPS-1D,Zenodo (CERN European Organization for Nuclear Research),repository,2026-01-30,article,en,,,,,,0,green,0
10.21256/zhaw-35352,10.21256/zhaw-35352,Inverted J-V hysteresis in perovskite solar cells : insights from photovoltaic quantum efficiency,Zürcher Hochschule für Angewandte Wissenschaften digital collection (Zurich University of Applied Sciences),repository,2026-01-30,article,en,,,,,,0,green,0
10.1007/s44291-026-00165-3,10.1007/s44291-026-00165-3,Advances in nanomaterials for energy and sensing applications: from fundamentals to device,Discover Electronics,journal,2026-01-31,article,en,,,,,Iftm University,14,diamond,0
10.1016/j.rineng.2026.109366,10.1016/j.rineng.2026.109366,Selective electron transport at CsPbI3(001)/TiO2(001) interfaces: Finite-temperature electronic structure insights,Results in Engineering,journal,2026-01-31,article,en,,,,,University Of Freiburg,2,gold,0
10.1016/j.solmat.2026.114201,10.1016/j.solmat.2026.114201,Hierarchically structured and thermally robust perovskite solar cells with band-engineered double-hole layers,Solar Energy Materials and Solar Cells,journal,2026-01-31,article,en,,,,,Bangladesh University Of Engineering And Technology,2,closed,0
10.1016/j.apsusc.2026.166156,10.1016/j.apsusc.2026.166156,Fabrication and characterization of lanthanide-doped perovskite solar cells,Applied Surface Science,journal,2026-01-31,article,en,,,,,University Of Shiga Prefecture,2,closed,0
10.1002/smll.202514157,10.1002/smll.202514157,Solution‐Processable Perovskite Solar Cells in Ambient: From Mechanism to Strategy,Small,journal,2026-01-31,article,en,,,,,Hangzhou Dianzi University,1,closed,1
10.1093/nsr/nwag071,10.1093/nsr/nwag071,Quantifying cooperative FA+/MA+ ion migration in mixed perovskites via nano-infrared imaging,National Science Review,journal,2026-01-31,article,en,,,,,Nanjing University,1,gold,1
10.1002/smll.202512910,10.1002/smll.202512910,Accelerating the Exploration of Top Interface Passivators via Machine Learning for High‐Performance Perovskite Solar Cells,Small,journal,2026-01-31,article,en,,,,,Hangzhou Dianzi University,0,bronze,0
10.1002/smll.202514927,10.1002/smll.202514927,Suppressing the Oxygen/Moisture Effect with 9‐Fluorenylmethyl Carbazate to Facilitate Ambient‐Fabrication of Stable Perovskite Solar Cells,Small,journal,2026-01-31,article,en,,,,,Nanchang Hangkong University,0,bronze,0
10.1021/acs.nanolett.5c05918,10.1021/acs.nanolett.5c05918,How Cation Rigidity and Dipole Moment Prolong Hot-Carrier Lifetime in 2D Perovskites,Nano Letters,journal,2026-01-31,article,en,,,,,Chongqing University,0,closed,0
10.1016/j.mser.2026.101193,10.1016/j.mser.2026.101193,"Eliminating ""Inflammation"" in perovskites: Anti-inflammatory drug stabilized precursor solution enabling highly efficient and thermally stable Fa-based perovskite solar cells",Materials Science and Engineering R Reports,journal,2026-01-31,article,en,,,,,Jilin University,0,closed,0
10.1016/j.optmat.2026.117925,10.1016/j.optmat.2026.117925,Enhanced stability of perovskite CsPbBr3 nanocrystals via dual passivation with Al(acac)3 and commercial polymer for solar cell encapsulation application,Optical Materials,journal,2026-01-31,article,en,,,,,China University Of Mining And Technology,0,closed,0
10.1021/acsenergylett.5c03875,10.1021/acsenergylett.5c03875,Unintended Additive-Mediated Relocation of Self-Assembling Molecules Limits Charge Extraction in Sn–Pb-Based Perovskite Solar Cells,ACS Energy Letters,journal,2026-01-31,article,en,,,,,Helmholtz-zentrum Berlin Für Materialien Und Energie,0,hybrid,0
10.1002/anie.202516537,10.1002/anie.202516537,Area‐Selective Atomic Layer Deposition of AlO x at the Buried Interface for High‐Performance Perovskite Solar Cells,Angewandte Chemie International Edition,journal,2026-02-01,article,en,,,,,Dalian University Of Technology,4,bronze,1
10.1002/bio.70424,10.1002/bio.70424,"Advanced Luminescence Engineering of Inorganic Halide Perovskite Quantum Dots: Stability Enhancement, Lead‐Free Design, and Optoelectronic Applications",Luminescence,journal,2026-02-01,article,en,,,,,University Of Tabuk,3,bronze,0
10.1149/2162-8777/ae46df,10.1149/2162-8777/ae46df,Performance Analysis of RbPbBr 3 Perovskite Solar Cells Employing Kesterite Hole Transport Layers: A SCAPS-1D Study,ECS Journal of Solid State Science and Technology,journal,2026-02-01,article,en,,,,,,3,closed,0
10.1007/s10853-026-12248-3,10.1007/s10853-026-12248-3,"Defect passivation strategies in perovskite solar cells: roles, mechanisms and progress",Journal of Materials Science,journal,2026-02-01,article,en,,,,,Tianjin Normal University,2,closed,0
10.1007/s10854-026-16735-w,10.1007/s10854-026-16735-w,Spray-coated lead-free CsSnBr3 all-inorganic perovskites for efficient solar cells: A combined experimental and theoretical approach,Journal of Materials Science Materials in Electronics,journal,2026-02-01,article,en,,,,,Bharathidasan University,2,closed,0
10.1007/s10854-026-16689-z,10.1007/s10854-026-16689-z,Structural design and operating principles of self-powered photodetectors,Journal of Materials Science Materials in Electronics,journal,2026-02-01,article,en,,,,,Samara National Research University,2,closed,0
10.1134/s1063782625603255,10.1134/s1063782625603255,Modeling the Performance of BaZrS3-Based Perovskite Solar Cells Using SCAPS-1D,Semiconductors,journal,2026-02-01,article,en,,,,,Kyushu University,2,closed,0
10.1063/5.0296496,10.1063/5.0296496,RETRACTED: Enhanced photovoltaic efficiency of perovskite solar cell through reduced graphene oxide passivation,AIP Advances,journal,2026-02-01,article,en,,,,,Ladoke Akintola University Of Technology,2,gold,0
10.1002/cssc.202502344,10.1002/cssc.202502344,Process‐Dependent Performance of FAMAPbI 3 Perovskite Solar Cells Fabricated by One‐Step and Two‐Step Methods,ChemSusChem,journal,2026-02-01,article,en,,,,,National Cheng Kung University,1,closed,0
10.1016/j.rio.2026.100979,10.1016/j.rio.2026.100979,Design and Simulation of CsSnI3-based Lead-free perovskite solar cell with various hole transport materials,Results in Optics,journal,2026-02-01,article,en,,,,,Odisha University Of Agriculture And Technology,1,gold,0
10.1016/j.cej.2026.173863,10.1016/j.cej.2026.173863,Alkyl bisphosphonic acid-based self-assembled monolayers for stable and efficient perovskite solar cells,Chemical Engineering Journal,journal,2026-02-01,article,en,,,,,Jiaxing University,1,closed,0
10.1002/pssr.202500429,10.1002/pssr.202500429,Optimized Performance of Perovskite Light‐Emitting Diodes With Ti 3 C 2 T x ‐Based Heterostructure Interlayers,physica status solidi (RRL) - Rapid Research Letters,journal,2026-02-01,article,en,,,,,Hubei University Of Technology,1,bronze,0
10.1002/adsu.202501588,10.1002/adsu.202501588,Conjugation Dual‐Anchoring Self‐Assembly Monolayers With Reinforced Interfacial Modification for Inverted Perovskite Solar Cells,Advanced Sustainable Systems,journal,2026-02-01,article,en,,,,,Xiamen University,1,bronze,0
10.1002/adsu.202501575,10.1002/adsu.202501575,Application of Ionic Liquids in Enhancing the Performance of All‐Inorganic Perovskite Solar Cells,Advanced Sustainable Systems,journal,2026-02-01,article,en,,,,,Bohai University,1,hybrid,0
10.1134/s1063783425602917,10.1134/s1063783425602917,Synthesis and Characterization of CH3NH3SnI3 and CH3NH3SnICl2 Tin-Based Halide Perovskite Films,Physics of the Solid State,journal,2026-02-01,article,en,,,,,Baku State University,1,diamond,0
10.5281/zenodo.18449156,10.5281/zenodo.18449156,"Scaps-1D Simulation, Effect of Device Architecture and Performance Analysis of CsPbI3 Inorganic Perovskite Solar Cell Material",Zenodo (CERN European Organization for Nuclear Research),repository,2026-02-01,article,en,,,,,,0,green,0
10.5281/zenodo.18449157,10.5281/zenodo.18449157,"Scaps-1D Simulation, Effect of Device Architecture and Performance Analysis of CsPbI3 Inorganic Perovskite Solar Cell Material",Zenodo (CERN European Organization for Nuclear Research),repository,2026-02-01,article,en,,,,,,0,green,0
10.1016/j.solmat.2026.114210,10.1016/j.solmat.2026.114210,Field performance and durability tests of perovskite solar cells loaded with fixed resistors,Solar Energy Materials and Solar Cells,journal,2026-02-01,article,en,,,,,National,0,closed,0
10.1016/j.solener.2026.114393,10.1016/j.solener.2026.114393,Multifunctional amphiphilic molecule tailors the buried interface for highly stable perovskite solar cells,Solar Energy,journal,2026-02-01,article,en,,,,,Sichuan University,0,hybrid,1
10.1002/ange.202516537,10.1002/ange.202516537,Area‐Selective Atomic Layer Deposition of AlO x at the Buried Interface for High‐Performance Perovskite Solar Cells,Angewandte Chemie,journal,2026-02-01,article,en,,,,,Dalian University Of Technology,0,closed,0
10.1002/adts.202501979,10.1002/adts.202501979,The Effects of Pressure on Tetragonal RbPbBr 3 Perovskite for Photovoltaic Applications: A Computational Study,Advanced Theory and Simulations,journal,2026-02-01,article,en,,,,,Indian,0,bronze,0
10.1002/pssa.202500483,10.1002/pssa.202500483,Enhancement of an Eco‐Friendly Perovskite Solar Cell Based on FASnI 3 Using Various HTL Layers,physica status solidi (a),journal,2026-02-01,article,en,,,,,Office Régional De Mise En Valeur Agricole De Ouarzazate,0,bronze,0
10.1016/j.cej.2026.173788,10.1016/j.cej.2026.173788,Nanoimprinted periodically microstructured perovskite films with highly uniform grains for enhanced efficiency and stability of perovskite solar cells,Chemical Engineering Journal,journal,2026-02-01,article,en,,,,,Jilin University,0,closed,0
10.1002/ajoc.202500628,10.1002/ajoc.202500628,Recent Advances in Quantum Dot‐Dye Co‐Sensitized Solar Cells: Challenges and Future Perspectives,Asian Journal of Organic Chemistry,journal,2026-02-01,article,en,,,,,Southwestern Oklahoma State University,0,bronze,0
10.1088/2631-8695/ae4298,10.1088/2631-8695/ae4298,Study on the passivation mechanism of short-chain ammonium salt OAI at the bottom of perovskite films,Engineering Research Express,journal,2026-02-01,article,en,,,,,Tianshui Normal University,0,closed,0
10.1002/adom.202503807,10.1002/adom.202503807,Constant‐Pressure Atmosphere Engineering Induced δ‐α Phase Transition in FAPbI 3 Single Crystal for X‐Ray Detection,Advanced Optical Materials,journal,2026-02-01,article,en,,,,,Wuhan University Of Technology,0,closed,0
10.1002/pssr.202500388,10.1002/pssr.202500388,A Review on Interface Engineering Strategies in Bromide‐Based Wide Bandgap Perovskite Solar Cells,physica status solidi (RRL) - Rapid Research Letters,journal,2026-02-01,article,en,,,,,South China University Of Technology,0,hybrid,0
10.1002/cssc.202502563,10.1002/cssc.202502563,Large Language Model‐Assisted Additive Selection for Synergistic Defect and Crystallization Control in Efficient Inverted Perovskite Solar Cells,ChemSusChem,journal,2026-02-01,article,en,,,,,Renmin University Of China,0,closed,0
10.1002/ente.202502217,10.1002/ente.202502217,Vacuum Co‐Evaporation for High Reproducible and Environmentally Stable Hybrid Perovskite Thin Film Solar Cells by Cation Doping,Energy Technology,journal,2026-02-01,article,en,,,,,Shanghai University,0,bronze,1
10.1002/sstr.202500584,10.1002/sstr.202500584,Excess Iodine Improves the Electronic Properties of Zinc Phosphate and Pb‐Halide Perovskite Nanostructured Interfaces,Small Structures,journal,2026-02-01,article,en,,,,,Ergon Energy (australia),0,gold,0
10.1088/1361-6641/ae44c4,10.1088/1361-6641/ae44c4,"Numerical optimization of hybrid 2D/3D and tandem perovskite/silicon HTJ solar cells, based on an experimentally validated MAPbI 3 cell: influence of HTL doping and temperature",Semiconductor Science and Technology,journal,2026-02-01,article,en,,,,,University Of Abou Bekr Belkaïd,0,closed,0
10.3724/j.0253-3219.2026.hjs.49.250073,10.3724/j.0253-3219.2026.hjs.49.250073,An in situ GIWAXS study of dual-source co-evaporation of CsPbI2Br thin films,Nuclear Techniques,journal,2026-02-01,article,en,,,,,Shanghai,0,diamond,0
10.1016/j.seta.2026.104885,10.1016/j.seta.2026.104885,"Integrating thin-film semi-transparent photovoltaics in greenhouse agrivoltaics: materials, energy yield, photosynthesis response, crop productivity, and future directions",Sustainable Energy Technologies and Assessments,journal,2026-02-01,article,en,,,,,University Of Exeter,0,hybrid,0
10.1134/s1063782625603371,10.1134/s1063782625603371,"DFT Study on Ca3AsBr3 Perovskite: Evaluation the Structural and Mechanical Stability, and Opto-electronic Properties via GGA-PBE and HSE06 Hybrid Functionals",Semiconductors,journal,2026-02-01,article,en,,,,,Chitkara University,0,closed,0
10.1088/1674-4926/25080006,10.1088/1674-4926/25080006,Overcoming photovoltage deficit via phenylthiourea derivatives for efficient printed perovskite solar cells with enhanced stability,Journal of Semiconductors,journal,2026-02-01,article,en,,,,,Hunan,0,closed,0
10.1002/slct.202506391,10.1002/slct.202506391,"Facile Synthesis and Structural, Morphological, and Optical Properties of Lead‐Free Layered Ruddlesden–Popper EA 2 CuCl 4 Hybrid Perovskite",ChemistrySelect,journal,2026-02-01,article,en,,,,,University Of Béjaïa,0,closed,0
10.1002/ente.202502024,10.1002/ente.202502024,Exploring the Potential of Straddling‐Type Sandwiched Absorber Photovoltaic Cells With CsSnI 3 and CsSnCl 3 Absorbers: A Density Functional Theory and Solar Cell Capacitance Simulator Simulation Study,Energy Technology,journal,2026-02-01,article,en,,,,,Mahindra Group (india),0,closed,0
10.1007/s10854-026-16830-y,10.1007/s10854-026-16830-y,Enhancing the performance and stability of perovskite solar cells with SnO2 modification,Journal of Materials Science Materials in Electronics,journal,2026-02-01,article,en,,,,,Beijing,0,closed,0
10.1016/j.physo.2026.100382,10.1016/j.physo.2026.100382,Device design and optimization of all Perovskites based heterojunction solar cell,Physics Open,journal,2026-02-01,article,en,,,,,University Of Sargodha,0,gold,0
10.12968/s0047-9624(26)60157-5,10.12968/s0047-9624(26)60157-5,Researchers Develop More Durable Perovskite Solar Cells,New Electronics,journal,2026-02-01,article,en,,,,,,0,closed,0
10.1002/ente.202502206,10.1002/ente.202502206,Investigation of Performance of a Lead‐Free Flexible Perovskite Solar Cell Under Different Bending Modes,Energy Technology,journal,2026-02-01,article,en,,,,,Malda Medical College And Hospital,0,closed,0
10.1016/j.omx.2026.100438,10.1016/j.omx.2026.100438,Tandem solar cell with dual capability of indoor–outdoor application — A numerical calculation study,Optical Materials X,journal,2026-02-01,article,en,,,,,Itmo University,0,gold,0
10.1134/s1087659625600528,10.1134/s1087659625600528,Controlled Formation and AFM Monitoring of Active Layers of Hybrid Perovskites for Solar Cells,Glass Physics and Chemistry,journal,2026-02-01,article,en,,,,,Saint Petersburg State Electrotechnical University,0,closed,0
10.1063/5.0303883,10.1063/5.0303883,Octylammonium iodide modification of electrodeposition-converted PbI2 for fabricating efficient and stable perovskite solar cells,Applied Physics Letters,journal,2026-02-02,article,en,,,,,Shaoxing University,6,closed,0
10.1002/eem2.70260,10.1002/eem2.70260,Modulating Perovskite Crystallization via Multisite Bonding for Enhanced Solar Cell Performance,Energy & environment materials,journal,2026-02-02,article,en,,,,,Shaanxi Normal University,3,hybrid,0
10.1021/acsenergylett.5c04203,10.1021/acsenergylett.5c04203,"Efficient Perovskite–Cu(In,Ga)Se 2 Tandem Solar Cells Enabled by Coevaporation",ACS Energy Letters,journal,2026-02-02,article,en,,,,,National University Of Singapore,3,closed,1
10.1002/smll.202511627,10.1002/smll.202511627,Heterodimensional Interface for Improved Photovoltage and Stability in Narrow Bandgap Sn–Pb Perovskite Solar Cells via Vacancy‐Ordered Double Perovskite,Small,journal,2026-02-02,article,en,,,,,Korea Advanced,2,closed,1
10.1007/s44418-026-00005-z,10.1007/s44418-026-00005-z,"Phase-stable Cs-doped MAPbI₃ hybrid perovskite investigated through DFT-assisted structural, spectroscopic, EQE, and nonlinear optical analysis",Discover Physics,journal,2026-02-02,article,en,,,,,,2,hybrid,0
10.1016/j.jpcs.2026.113572,10.1016/j.jpcs.2026.113572,Pb-free Sn-based bilayer perovskite heterojunctions enabling high-efficient tandem photovoltaics,Journal of Physics and Chemistry of Solids,journal,2026-02-02,article,en,,,,,Deen Dayal Upadhyaya Gorakhpur University,1,closed,0
10.1016/j.orgel.2026.107391,10.1016/j.orgel.2026.107391,Enhancing charge transport and device stability of MAPbI3 perovskite solar cells by hole-transport bilayer,Organic Electronics,journal,2026-02-02,article,en,,,,,Henan Normal University,0,hybrid,0
10.1016/j.surfin.2026.108593,10.1016/j.surfin.2026.108593,Molecular contacts for stable and efficient tin perovskite solar cells,Surfaces and Interfaces,journal,2026-02-02,article,en,,,,,Marmara University,0,closed,0
10.1016/j.dyepig.2026.113626,10.1016/j.dyepig.2026.113626,Multiple methoxy groups in carbazole-based hole transporting layers for efficient perovskite solar cells: a computational and experimental investigation,Dyes and Pigments,journal,2026-02-02,article,en,,,,,Hainan University,0,closed,0
efficient perovskite cu in ga se2 tandem solar cells enabled by co evaporation|li,,"Efficient Perovskite–Cu(In,Ga)Se2 Tandem Solar Cells Enabled by Co-Evaporation",National University of Singapore,repository,2026-02-02,article,en,,,,,,0,closed,0
10.1002/adma.202516470,10.1002/adma.202516470,"Residual Strain Evolution in Perovskite Solar Cells throughout Fabrication to Operation: Mechanisms, Characterization, and Regulation",Advanced Materials,journal,2026-02-03,article,en,,,,,Advanced Materials And Devices (united States),13,bronze,0
10.1002/aenm.202506091,10.1002/aenm.202506091,Stability of Perovskite Indoor Photovoltaics: A Focused Review and a Call for Standardized Stability Reporting,Advanced Energy Materials,journal,2026-02-03,article,en,,,,,Pennsylvania State University,10,hybrid,1
10.1021/jacs.5c18303,10.1021/jacs.5c18303,Homogenized Optoelectronic Properties in Perovskites: Achieving High-Efficiency Solar Cells with Common Chloride Additives,Journal of the American Chemical Society,journal,2026-02-03,article,en,,,,,University Of Oxford,8,closed,1
10.1002/adfm.202529457,10.1002/adfm.202529457,Dynamic Stress‐Regulating Molecular Networks Directing Oriented Growth in FAPbI 3 Perovskites,Advanced Functional Materials,journal,2026-02-03,article,en,,,,,Nanjing Tech University,3,bronze,1
10.1016/j.jechem.2026.01.046,10.1016/j.jechem.2026.01.046,π-π Conjugation-mediated modulation of the PC61BM/BCP interface enables mitigation of the light soaking effect in inverted perovskite solar cells,Journal of Energy Chemistry,journal,2026-02-03,article,en,,,,,Shandong University Of Science And Technology,3,closed,0
10.1002/smll.202514753,10.1002/smll.202514753,The Next Frontier in Perovskite Stability: Operando Smart‐Responsive Materials Driving the Next Revolution,Small,journal,2026-02-03,article,en,,,,,Sungkyunkwan University,3,bronze,1
10.1021/acsaem.5c04086,10.1021/acsaem.5c04086,Ti 3 C 2 T X -MXene-Assisted Dual-Interfacial Passivation for HTL-Free Cs 2 AgBiBr 6 Double Perovskite Solar Cells,ACS Applied Energy Materials,journal,2026-02-03,article,en,,,,,Materials Research Group (united States),2,closed,1
10.1002/solr.202500950,10.1002/solr.202500950,Counteranion Engineering of Ethylenediammonium Salts for Reproducible Surface Modification in p–i – n Perovskite Solar Cells,Solar RRL,journal,2026-02-03,article,en,,,,,Kyoto University,2,hybrid,1
10.1002/adfm.202532066,10.1002/adfm.202532066,Robust Protection via In Situ Formation of Lead Sulfate and Defect Suppression for Stable Air‐Fabricated CsPbl 3 Solar Cells,Advanced Functional Materials,journal,2026-02-03,article,en,,,,,Northwestern Polytechnical University,0,closed,1
10.1016/j.jpcs.2026.113573,10.1016/j.jpcs.2026.113573,Achieving high power-conversion efficiency of MASnI3/CuGaSe2 lead-free perovskite solar cells,Journal of Physics and Chemistry of Solids,journal,2026-02-03,article,en,,,,,Université Larbi Tébessi,0,closed,0
10.1051/epjconf/202635001008/pdf,10.1051/epjconf/202635001008/pdf,A Short Review On Automated and Semi-Automated Cleaning Systems for Photovoltaic Panels to Enhance Power Efficiency,Springer Link (Chiba Institute of Technology),repository,2026-02-03,article,en,,,,,Université Ibn-tofail,0,green,0
10.1007/s40843-025-3910-0,10.1007/s40843-025-3910-0,A promising solvent strategy for commercialization of perovskite photovoltaic modules,Science China Materials,journal,2026-02-03,article,en,,,,,Wuhan Textile University,0,closed,0
10.1007/s40843-025-3923-x,10.1007/s40843-025-3923-x,Conformational engineering overcomes multi-mode degradation in perovskite solar cells,Science China Materials,journal,2026-02-03,article,en,,,,,Peking University,0,closed,0
10.1038/s41560-026-01964-4,10.1038/s41560-026-01964-4,Self-assembled molecules with hydrogen-bond networks enable efficient all-perovskite tandem solar cells,Nature Energy,journal,2026-02-04,article,en,,,,,City University Of Hong Kong,16,closed,0
10.1038/s41467-026-69198-2,10.1038/s41467-026-69198-2,Interfacial dipole engineering by self-assembled molecules in n-i-p and p-i-n perovskite solar cells,Nature Communications,journal,2026-02-04,article,en,,,,,Jiangsu University,13,gold,1
10.1016/j.solmat.2026.114215,10.1016/j.solmat.2026.114215,Accelerating perovskite solar cell performance prediction with machine learning on existing experimental data,Solar Energy Materials and Solar Cells,journal,2026-02-04,article,en,,,,,North Bengal University,5,closed,0
10.1021/acsnano.5c18423,10.1021/acsnano.5c18423,Precursor Stabilization Strategies via Vapor–Solid Reaction for Reproducible and High-Efficiency Vapor-Deposited Perovskite Solar Cells,ACS Nano,journal,2026-02-04,article,en,,,,,Wuhan University Of Technology,4,closed,1
10.1016/j.cej.2026.173798,10.1016/j.cej.2026.173798,"Interface passivation with 1,3-propyldiammonium diiodide enables production-line compatible perovskite/silicon tandem solar cells",Chemical Engineering Journal,journal,2026-02-04,article,en,,,,,Southwest Petroleum University,3,closed,0
10.1016/j.rinp.2026.108593,10.1016/j.rinp.2026.108593,Theoretical and device-level insights into FASnBr3 perovskite solar cells: a synergistic approach Combining density functional theory and SCAPS-1D,Results in Physics,journal,2026-02-04,article,en,,,,,Khulna University Of Engineering And Technology,2,gold,0
10.1002/adfm.202527418,10.1002/adfm.202527418,Constructing Stable Heterointerface with Self‐Assembled Molecular Bridge for Efficient and Durable Perovskite Solar Cells,Advanced Functional Materials,journal,2026-02-04,article,en,,,,,Dongguan University Of Technology,2,closed,0
10.1016/j.jphotochemrev.2026.100738,10.1016/j.jphotochemrev.2026.100738,Photon management in lanthanide hybrid materials: Upconversion and quantum cutting for broadband light harvesting,Journal of Photochemistry and Photobiology C Photochemistry Reviews,journal,2026-02-04,article,en,,,,,Waseda University,1,hybrid,0
10.1021/acsomega.5c11624,10.1021/acsomega.5c11624,Open Circuit Voltage Enhancement and Defect Suppression of Wide-Bandgap CsPbIBr 2 Perovskite Solar Cells by Phenylhydrazinium Chloride Incorporation,ACS Omega,journal,2026-02-04,article,en,,,,,King Fahd University Of Petroleum And Minerals,1,gold,0
10.1002/aenm.202503866,10.1002/aenm.202503866,How Halide Segregation Governs the Ion Density Evolution and Ionic Performance Losses: From Degradation to Recovery,Advanced Energy Materials,journal,2026-02-04,article,en,,,,,Chinese University Of Hong Kong,1,hybrid,1
10.1021/acs.iecr.5c04260,10.1021/acs.iecr.5c04260,"Fabrication of p–i–n Structured Perovskite Solar Cells: Strategies for >20% Efficiency in Ambient Air, Encapsulation for Water, and 1000 h of Operational Stability",Industrial & Engineering Chemistry Research,journal,2026-02-04,article,en,,,,,Bar-ilan University,1,green,0
10.1016/j.ceja.2026.101072,10.1016/j.ceja.2026.101072,In-situ vacuum oxidation of ALD-SnO2 layer enabling highly efficient and stable perovskite solar cells,Chemical Engineering Journal Advances,journal,2026-02-04,article,en,,,,,,0,gold,0
10.1016/j.nxmate.2026.101694,10.1016/j.nxmate.2026.101694,Moisture ingress evaluation of encapsulation materials using multiphysics modelling for perovskite solar cell packaging,Next Materials,journal,2026-02-04,article,en,,,,,Teesside University,0,gold,0
10.1007/s11664-026-12685-5,10.1007/s11664-026-12685-5,"First-Principles Study of the Chalcogenide Double Perovskites A2YTaSe6 (A = Ca, Sr, and Ba) for Solar Cell and Electronic Applications",Journal of Electronic Materials,journal,2026-02-04,article,en,,,,,Ahmed Zabana University - Relizane,0,closed,0
10.1109/jphotov.2026.3656498,10.1109/jphotov.2026.3656498,Nonuniform Luminescence Changes Under Illumination and Applied Voltage in Perovskite Photovoltaic Modules,IEEE Journal of Photovoltaics,journal,2026-02-04,article,en,,,,,National,0,closed,0
10.1002/solr.202500951,10.1002/solr.202500951,An Eco‐Friendly Universal Strategy via Ribavirin to Achieve Highly Efficient and Stable Perovskite Solar Cells,Solar RRL,journal,2026-02-04,article,en,,,,,Anhui Normal University,0,bronze,1
10.48550/arxiv.2602.04435,10.48550/arxiv.2602.04435,Machine Learning-Driven Crystal System Prediction for Perovskites Using Augmented X-ray Diffraction Data,arXiv (Cornell University),repository,2026-02-04,preprint,en,,,,,,0,green,0
10.48550/arxiv.2602.04914,10.48550/arxiv.2602.04914,From Literature to Lab: Closed-Loop Advancement of Perovskite Solar Cells via Domain Knowledge Guided LLM,arXiv (Cornell University),repository,2026-02-04,preprint,en,,,,,,0,green,1
from literature to lab closed loop advancement of perovskite solar cells via domain knowledge guided llm|sun,,From Literature to Lab: Closed-Loop Advancement of Perovskite Solar Cells via Domain Knowledge Guided LLM,arXiv (Cornell University),repository,2026-02-04,preprint,en,,,,,,0,green,0
10.1002/adma.202521129,10.1002/adma.202521129,Perovskite/Silicon Tandem Solar Cells With Stabilized Grain Boundaries,Advanced Materials,journal,2026-02-05,article,en,,,,,Shanghai Jiao Tong University,7,closed,1
10.1002/adfm.202526679,10.1002/adfm.202526679,Approaching 26% Efficiency in Inverted FAPbI 3 Perovskite Solar Cells Enabled by Tailored Fluoropyridine Derivative Additives,Advanced Functional Materials,journal,2026-02-05,article,en,,,,,Guangdong University Of Technology,6,bronze,1
10.1038/s41566-025-01815-w,10.1038/s41566-025-01815-w,Highly stable all-perovskite tandem solar cells with targeted conversion of tin–lead surfaces,Nature Photonics,journal,2026-02-05,article,en,,,,,East China Normal University,5,closed,0
10.1021/jacs.5c19291,10.1021/jacs.5c19291,Supramolecular Templating of 3D Metal Halide Perovskites into Noncentrosymmetric Hybrids with High Nonlinear Optical Responses,Journal of the American Chemical Society,journal,2026-02-05,article,en,,,,,Virginia Tech,5,closed,1
10.1007/s10971-025-07102-y,10.1007/s10971-025-07102-y,Mechanistic insights into performance limitation and optimization of lead-free double perovskite Cs2BiAgI6 solar cells,Journal of Sol-Gel Science and Technology,journal,2026-02-05,article,en,,,,,University Of Okara,4,hybrid,0
10.20517/energymater.2025.166,10.20517/energymater.2025.166,DMF passivating perovskite/PCBM interface for high-efficiency and stable inverted perovskite solar cells,Energy Materials,journal,2026-02-05,article,en,,,,,,4,hybrid,0
10.1016/j.enganabound.2026.106674,10.1016/j.enganabound.2026.106674,A unified solution for buckling and free vibration analysis of sandwich plates with auxetic honeycomb core and perovskite-based solar cell face sheets under elastic boundary conditions,Engineering Analysis with Boundary Elements,journal,2026-02-05,article,en,,,,,K. N. Toosi University Of Technology,3,closed,0
10.1016/j.scib.2026.02.003,10.1016/j.scib.2026.02.003,"The recycling of perovskite solar cells: progress, challenges and opportunities",中国科学通报：英文版,journal,2026-02-05,article,en,,,,,Australian Research Council,2,hybrid,0
10.1002/adfm.202529984,10.1002/adfm.202529984,Synergistic Passivation via Spatial Configuration Engineering of Ammonium Salts for High‐Efficiency Tandem Perovskite Solar Cells,Advanced Functional Materials,journal,2026-02-05,article,en,,,,,Southwest Petroleum University,2,closed,1
10.1002/adfm.202524197,10.1002/adfm.202524197,p–p Orbital Coupling Enhanced Exciton Dissociation for High‐Performance and Stable FAPbI 3 Quantum Dot Solar Cells,Advanced Functional Materials,journal,2026-02-05,article,en,,,,,Xi'an University Of Architecture And Technology,2,bronze,0
10.1016/j.optmat.2026.117943,10.1016/j.optmat.2026.117943,1D-iodoplumbates(II) of cyclic aliphatic diammoniums: Role of organic cation in the supramolecular organization and its influence on the anionic substructure and luminescent properties,Optical Materials,journal,2026-02-05,article,en,,,,,Lomonosov Moscow State University,1,closed,0
10.1016/j.est.2026.120782,10.1016/j.est.2026.120782,Recent advances in single device photoactive batteries,Journal of Energy Storage,journal,2026-02-05,article,en,,,,,Prince Sattam Bin Abdulaziz University,1,closed,0
10.1016/j.ssc.2026.116337,10.1016/j.ssc.2026.116337,Optimization of device parameters of Cs3Sb2I9-Based lead-free perovskite solar cells using SCAPS-1D,Solid State Communications,journal,2026-02-05,article,en,,,,,Bangladesh Council Of Scientific And Industrial Research,1,closed,0
10.1002/adma.202522508,10.1002/adma.202522508,Scalable Fabrication of High‐Efficiency Thin‐Film Perovskite Solar Cells in Air via Polymer‐Mediated Synthesis of α‐FAPbI 3 Microcrystals,Advanced Materials,journal,2026-02-05,article,en,,,,,North China Electric Power University,1,hybrid,1
10.1002/adfm.202524099,10.1002/adfm.202524099,Zwitterionic Self‐Assembled Monolayer for Simultaneous Noise Suppression and Hole Extraction in High‐Performance Near‐Infrared Organic Photodetectors,Advanced Functional Materials,journal,2026-02-05,article,en,,,,,Hanyang University,1,hybrid,0
10.1021/acs.jpcc.6c00179,10.1021/acs.jpcc.6c00179,Steric Hindrance Enhancement Prolongs Charge Carrier Lifetimes in Two-Dimensional Ruddlesden–Popper Perovskites,The Journal of Physical Chemistry C,journal,2026-02-05,article,en,,,,,Inner Mongolia University,1,closed,0
10.1007/s42452-026-08334-5,10.1007/s42452-026-08334-5,Advancements in semi-transparent photovoltaic technologies: a bibliometric analysis,Discover Applied Sciences,journal,2026-02-05,article,en,,,,,Magyar Agrár- És Élettudományi Egyetem,1,diamond,0
10.1016/j.solmat.2026.114173,10.1016/j.solmat.2026.114173,One-year ambient stability: Nanostructured mixed-dimensional perovskite solar cells with enhanced performance,Solar Energy Materials and Solar Cells,journal,2026-02-05,article,en,,,,,University Of Tabriz,1,hybrid,1
10.1007/s10971-025-07068-x,10.1007/s10971-025-07068-x,"Photovoltaic, photocatalytic and thermoelectric properties of X2LaAuBr6 (X = K, Rb, Cs) double perovskites",Journal of Sol-Gel Science and Technology,journal,2026-02-05,article,en,,,,,Islamia College University,0,hybrid,0
10.21203/rs.3.rs-8773234/v1,10.21203/rs.3.rs-8773234/v1,Misplaced-dipole engineered repairable fluoropolymer elastomer for flexible perovskite solar cell with excellent thermal-mechanical cycling resistance,Research Square,repository,2026-02-05,preprint,en,,,,,Beijing,0,green,0
10.1364/ol.589102,10.1364/ol.589102,Bifacial photovoltaic micro-concentrators for space,Optics Letters,journal,2026-02-05,article,en,,,,,Universidade Federal De Alagoas,0,closed,0
10.1016/j.physb.2026.418362,10.1016/j.physb.2026.418362,A-site stoichiometry-driven structural optimization of FAPbI3 in HTL-free carbon-based perovskite solar cells,Physica B Condensed Matter,journal,2026-02-05,article,en,,,,,,0,closed,0
10.1002/solr.202500875,10.1002/solr.202500875,Determining the Reverse Bias Breakdown Voltage of Perovskite Solar Cells,Solar RRL,journal,2026-02-05,article,en,,,,,Holst Centre (netherlands),0,bronze,1
10.1007/s11664-026-12698-0,10.1007/s11664-026-12698-0,Trifluorotoluene Changes the Morphology of PbI2 to Induce the Crystallization of Perovskites,Journal of Electronic Materials,journal,2026-02-05,article,en,,,,,Dalian University Of Technology,0,closed,0
10.1038/s41560-026-01980-4,10.1038/s41560-026-01980-4,Buried 2D/3D heterojunction in n–i–p perovskite solar cells through solid-state ligand-exchange reaction,Nature Energy,journal,2026-02-06,article,en,,,,,Northwestern Polytechnical University,10,closed,0
10.1126/sciadv.aea7629,10.1126/sciadv.aea7629,Competitive-binding buried interlayer for year-round reproducible perovskite solar cells,Science Advances,journal,2026-02-06,article,en,,,,,Wuhan University Of Technology,9,gold,1
10.1016/j.mtchem.2026.103419,10.1016/j.mtchem.2026.103419,"Phase stability and optoelectronic properties of antiperovskite derivatives A3BiX3 (A = Sr, Ba; X = Cl, Br): theoretical insights into composition and pressure effects",Materials Today Chemistry,journal,2026-02-06,article,en,,,,,Pingxiang University,6,closed,0
10.1021/acsnano.5c21709,10.1021/acsnano.5c21709,Hole-Selective Monolayer Molecules with Spatially Separated Carrier Orbitals and Twisted π-Skeleton for Inverted Perovskite Solar Cells and Modules,ACS Nano,journal,2026-02-06,article,en,,,,,Shanghai University,5,closed,1
10.1016/j.matt.2025.102581,10.1016/j.matt.2025.102581,Homogeneous interfacial ion-chelation for stable perovskite photovoltaics,Matter,journal,2026-02-06,article,en,,,,,Soochow University,5,closed,0
10.1021/acsenergylett.5c04010,10.1021/acsenergylett.5c04010,Rapid Laser-Based Deposition of PbI 2 /CsBr Inorganic Scaffolds for Hybrid Fabrication of Perovskite/Silicon Tandem Solar Cells,ACS Energy Letters,journal,2026-02-06,article,en,,,,,University Of Twente,4,closed,1
10.1016/j.matchemphys.2026.132188,10.1016/j.matchemphys.2026.132188,Design and optimization of MXene–perovskite solar absorbers using multi-geometry metasurface resonators with AI-based modeling,Materials Chemistry and Physics,journal,2026-02-06,article,en,,,,,Parul University,3,closed,0
10.1021/accountsmr.5c00234,10.1021/accountsmr.5c00234,Can We Make Tin Halide Perovskites Efficient and Stable?,Accounts of Materials Research,journal,2026-02-06,article,en,,,,,University Of Perugia,3,closed,1
10.26599/nre.2026.9120218,10.26599/nre.2026.9120218,Mitigating lead leakage and enhancing stability in perovskite solar cells via in situ monomer polymerization strategy,Nano Research Energy,journal,2026-02-06,article,en,,,,,,2,diamond,1
10.1016/j.jallcom.2026.186665,10.1016/j.jallcom.2026.186665,Tailoring methylamine treated MAPbI3 HTL-free perovskite solar cells through carbon electrode interface modification,Journal of Alloys and Compounds,journal,2026-02-06,article,en,,,,,Northwestern Polytechnical University,2,closed,0
10.1021/acs.jpclett.5c03830,10.1021/acs.jpclett.5c03830,Enhancing Perovskite Solar Cell Performance via Engineering the Hole Transport Interface with Star-Shaped Nitrogen-Rich Material,The Journal of Physical Chemistry Letters,journal,2026-02-06,article,en,,,,,Jiangsu University,2,closed,1
10.26599/nre.2026.9120219,10.26599/nre.2026.9120219,Precursor-solvent coordination control for defect suppression in perovskite light-emitting diodes,Nano Research Energy,journal,2026-02-06,article,en,,,,,,1,diamond,1
10.3390/coatings16020212,10.3390/coatings16020212,A Study on the Mechanical Properties of Perovskite Films Based on Molecular Dynamics Simulation,Coatings,journal,2026-02-06,article,en,,,,,Wuhan Polytechnic University,1,gold,0
10.1088/1361-648x/ae430c,10.1088/1361-648x/ae430c,"Dual cation-anion substitution in phosphorus-based perovskites A 3 PX 3 (A = Ca, Sr; X = Cl, F): structural, mechanical, electronic, and optical properties",Journal of Physics Condensed Matter,journal,2026-02-06,article,en,,,,,University Of Tabriz,1,hybrid,0
10.5281/zenodo.18501726,10.5281/zenodo.18501726,Ab Initio Accelerated Discovery of Mixed-Cation Perovskites for >33% Efficiency: A Hybrid DFT-MD Framework,Zenodo (CERN European Organization for Nuclear Research),repository,2026-02-06,preprint,en,,,,,,0,green,1
10.5281/zenodo.18501727,10.5281/zenodo.18501727,Ab Initio Accelerated Discovery of Mixed-Cation Perovskites for >33% Efficiency: A Hybrid DFT-MD Framework,Zenodo (CERN European Organization for Nuclear Research),repository,2026-02-06,preprint,en,,,,,,0,green,1
10.1115/1.4071046,10.1115/1.4071046,Enhanced Performance of Two- and Three-Terminal Perovskite/Silicon Tandem Solar Panels Through Optimized Orientation and Tracking,Journal of Solar Energy Engineering,journal,2026-02-06,article,en,,,,,Lahore University Of Management Sciences,0,closed,0
10.1088/1674-1056/ae42b4,10.1088/1674-1056/ae42b4,Charge redistribution induced surface stress for CsPbI 3 inorganic perovskite,Chinese Physics B,journal,2026-02-06,article,en,,,,,Shanghai University,0,hybrid,0
10.1088/1402-4896/ae42fa,10.1088/1402-4896/ae42fa,"Optoelectronic analysis of 4,4′-(3,4-dimethoxythiophene-2,5-diyl)bis(N,Ndiphenylaniline) based donor- π -acceptor chromophores for photovoltaic applications towards organic and perovskite solar cells",Physica Scripta,journal,2026-02-06,article,en,,,,,University Of Agriculture Faisalabad,0,closed,0
10.48550/arxiv.2602.06893,10.48550/arxiv.2602.06893,From Symmetry to Stability: Structural and Electronic Transformation in Cs$_2$KInI$_6$,arXiv (Cornell University),repository,2026-02-06,preprint,en,,,,,,0,green,1
from symmetry to stability structural and electronic transformation in cs 2 kini 6|bakhsh,,From Symmetry to Stability: Structural and Electronic Transformation in Cs$_2$KInI$_6$,arXiv (Cornell University),repository,2026-02-06,preprint,en,,,,,,0,green,0
10.3929/ethz-c-000795534,10.3929/ethz-c-000795534,ChargeFabrica: a python-based finite difference multidimensional electro-ionic drift diffusion simulator applied to mesoporous perovskite solar cells,Repository for Publications and Research Data (ETH Zurich),repository,2026-02-06,article,en,,,,,,0,green,0
10.1002/adma.202520220,10.1002/adma.202520220,"Self‐Assembled Monolayers in p–i–n Perovskite Solar Cells: Molecular Design, Interfacial Engineering, and Machine Learning–Accelerated Material Discovery",Advanced Materials,journal,2026-02-07,article,en,,,,,King Abdullah University Of Science And Technology,16,hybrid,1
10.1002/smll.202512151,10.1002/smll.202512151,A Metal‐Free Phthalocyanine Additive for Defect Passivation and Processing Tolerance in High‐Efficiency Perovskite Solar Cells,Small,journal,2026-02-07,article,en,,,,,Tamkang University,2,closed,1
10.1002/smll.202514486,10.1002/smll.202514486,Down‐Conversion Strategies Toward High‐Performance Perovskite Solar Cells,Small,journal,2026-02-07,article,en,,,,,Sun Yat-sen University,1,closed,1
10.1002/adma.202518643,10.1002/adma.202518643,In‐Situ Photoluminescence for Perovskite Crystallization: Bridging Mechanistic Insights and Device Engineering Control,Advanced Materials,journal,2026-02-08,article,en,,,,,Nanjing University Of Science And Technology,20,closed,1
10.1016/j.cej.2026.173913,10.1016/j.cej.2026.173913,Phase-controlled crystallization strategy for stable α-phase perovskite solar cells prepared in air,Chemical Engineering Journal,journal,2026-02-08,article,en,,,,,South China University Of Technology,11,closed,0
10.1002/solr.202500766,10.1002/solr.202500766,Industrial Production of Perovskite–Silicon Tandem Solar Cells: The Characterization Challenge,Solar RRL,journal,2026-02-08,article,en,,,,,Fraunhofer Institute For Solar Energy Systems,3,hybrid,1
10.1021/acsami.5c22032,10.1021/acsami.5c22032,Defect Suppression and Efficiency Enhancement of Slot-Die-Coated Formamidinium Lead Iodide Solar Devices via Ambient Air Annealing,ACS Applied Materials & Interfaces,journal,2026-02-08,article,en,,,,,Institut De France,1,closed,1
10.1002/solr.202500866,10.1002/solr.202500866,Perovskite Solar Cells Designed With Low‐Toxicity Solvents for Environmental Sustainability,Solar RRL,journal,2026-02-08,article,en,,,,,Jeonbuk National University,1,closed,0
10.1002/smll.202511874,10.1002/smll.202511874,A Perspective on Commercializing Perovskite Solar Cells: Unlocking Opportunities in Niche Applications,Small,journal,2026-02-09,article,en,,,,,Nanjing University Of Science And Technology,12,bronze,1
10.1007/s40820-026-02089-9,10.1007/s40820-026-02089-9,Self-Assembled Monolayers in Inverted Perovskite Solar Cells: A Rising Star with Challenges,Nano-Micro Letters,journal,2026-02-09,article,en,,,,,Jianghan University,7,gold,1
10.1016/j.jallcom.2026.186709,10.1016/j.jallcom.2026.186709,Harnessing multicolour photoluminescence from Dy3+/Tb3+/Eu3+ doped LaAlO3 for high-performance white LEDs and dye-sensitized solar cells,Journal of Alloys and Compounds,journal,2026-02-09,article,en,,,,,Chhatrapati Shahu Ji Maharaj University,6,closed,0
10.1038/s41566-026-01849-8,10.1038/s41566-026-01849-8,Highly sensitive and stable perovskite detector for ultrahigh-energy radiations via dynamic repair regulation,Nature Photonics,journal,2026-02-09,article,en,,,,,Yangtze Optical Electronic (china),6,closed,0
10.1007/s40820-025-02058-8,10.1007/s40820-025-02058-8,One-Step Formation of 2D/3D Perovskite Heterojunction via Ligand Intercalation and Facet Engineering for Efficient Perovskite Solar Cells,Nano-Micro Letters,journal,2026-02-09,article,en,,,,,King Abdullah University Of Science And Technology,4,gold,1
10.1021/acsaom.5c00601,10.1021/acsaom.5c00601,"Halide Perovskite Photocatalysts in Action: Integrating Photostability, Solvent Robustness, and Surface Charge Management",ACS Applied Optical Materials,journal,2026-02-09,article,en,,,,,Indian,4,closed,0
10.1002/adfm.202527016,10.1002/adfm.202527016,Entropy‐Driven Synthesis of Nanocubic High‐Entropy Perovskite Oxides for Efficient Oxygen Evolution Electrocatalysis,Advanced Functional Materials,journal,2026-02-09,article,en,,,,,Shanghai Jiao Tong University,4,closed,0
10.1002/advs.202517469,10.1002/advs.202517469,Wafer‐Scale Room‐Temperature Processing of Lead‐Free Perovskites for Optoelectronic Applications,Advanced Science,journal,2026-02-09,article,en,,,,,University Of Exeter,3,gold,1
10.1021/acs.jpclett.5c04038,10.1021/acs.jpclett.5c04038,Achieving Efficient Triple-Cation Perovskite Solar Cells with Fill Factor Exceeding 86% via a Uniform Interface Passivation Strategy,The Journal of Physical Chemistry Letters,journal,2026-02-09,article,en,,,,,Materials And Electrochemical Research (united States),2,closed,1
10.1038/s41557-025-02034-0,10.1038/s41557-025-02034-0,Electron hopping in conjugated molecular wires with application to solar cells,Nature Chemistry,journal,2026-02-09,article,en,,,,,Imperial College London,2,hybrid,1
10.1002/adma.202520776,10.1002/adma.202520776,Nanoscale Colloids Engineering for Minimizing Efficiency Loss in Scalable Perovskite Solar Cells,Advanced Materials,journal,2026-02-09,article,en,,,,,Nanjing Tech University,2,bronze,1
10.1002/aenm.202504928,10.1002/aenm.202504928,Greener Colloidal Ink Engineering and Local Solidification Control for High‐Performance Slot‐Die Coated Perovskite Solar Modules,Advanced Energy Materials,journal,2026-02-09,article,en,,,,,Daegu Gyeongbuk,1,closed,1
10.1021/acsami.5c26046,10.1021/acsami.5c26046,Synergistic Ionogel Strategy for Lead Leakage Suppression and Mechanical Stability Enhancement in Flexible Perovskite Solar Cells,ACS Applied Materials & Interfaces,journal,2026-02-09,article,en,,,,,Nankai University,1,closed,0
10.1016/j.jallcom.2026.186740,10.1016/j.jallcom.2026.186740,Structural insights and optical performance of lead-free Cs2CuBiCl6 double perovskite for potential in light-emitting applications,Journal of Alloys and Compounds,journal,2026-02-09,article,en,,,,,Indian,1,closed,0
10.1021/acs.energyfuels.5c06288,10.1021/acs.energyfuels.5c06288,Modulating Interfacial Energetics Through Stoichiometry and Defect Engineering in Solution-Processed Vanadium Oxide Hole Transport Layers for Perovskite Solar Cells,Energy & Fuels,journal,2026-02-09,article,en,,,,,Srm,1,closed,0
10.26434/chemrxiv.10002054/v1,10.26434/chemrxiv.10002054/v1,Compatibility of Additives with Organic Semiconductors: Bis(fluorosulfonyl)imides with Hole-Transport Materials in Perovskite Solar Cells,ChemRxiv,repository,2026-02-09,preprint,en,,,,,National,0,green,1
10.20944/preprints202602.0706.v1,10.20944/preprints202602.0706.v1,Development of Polymeric Hole Transporting Materials for Stable and Efficient Perovskite Solar Cells,Preprints.org,repository,2026-02-09,preprint,en,,,,,Nanjing University Of Posts And Telecommunications,0,green,1
10.1088/1402-4896/ae438f,10.1088/1402-4896/ae438f,Defect formation energetics and carrier lifetime limitations in Pb-Sn mixed perovskites: a first-principles study,Physica Scripta,journal,2026-02-09,article,en,,,,,The University Of Dodoma,0,closed,0
10.1021/acsami.5c22566,10.1021/acsami.5c22566,Unifying the Colloidal Homogeneity of Perovskite Precursor for Perovskite Solar Cells,ACS Applied Materials & Interfaces,journal,2026-02-09,article,en,,,,,Shenzhen University,0,closed,0
10.1063/5.0311771,10.1063/5.0311771,Lattice strain conversion suppresses ion migration to stabilize wide-bandgap perovskite solar cells,Applied Physics Letters,journal,2026-02-09,article,en,,,,,Henan University Of Science And Technology,0,closed,0
10.69626/qa.2026.0001,10.69626/qa.2026.0001,Investigation of the Optical Properties of NaGeBr3: A Lead–Free Halide Perovskite for Optoelectronic Applications,Quantum Advances,journal,2026-02-09,article,en,,,,,Mohamed I University,0,closed,0
10.1016/j.jpowsour.2026.239527,10.1016/j.jpowsour.2026.239527,"Numerical modeling and comparative analysis of Cs2BI6 (B = Sn, Pt, Te, Ti) double halide perovskites: Achieving 25.34% PCE in photovoltaic application with impedance analysis",Journal of Power Sources,journal,2026-02-10,article,en,,,,,Madan Mohan Malaviya University Of Technology,5,closed,0
10.1016/j.ijhydene.2026.153970,10.1016/j.ijhydene.2026.153970,"First-principles investigation of double perovskite K2ScCuBr6 for photovoltaic, photocatalytic water splitting and thermoelectric applications",International Journal of Hydrogen Energy,journal,2026-02-10,article,en,,,,,Mohammed V University,4,closed,0
10.1016/j.apm.2026.116837,10.1016/j.apm.2026.116837,Multiphysics-induced nonlinear dynamic analysis of perovskite optoelectronic devices via a machine learning-assisted constitutive model,Applied Mathematical Modelling,journal,2026-02-10,article,en,,,,,Rmit University,4,hybrid,0
10.1038/s43246-026-01099-9,10.1038/s43246-026-01099-9,Perovskite-R1: a domain-specialized large language model for intelligent discovery of precursor additives and experimental design,Communications Materials,journal,2026-02-10,article,en,,,,,Renmin University Of China,2,gold,1
10.1021/acsomega.5c11440,10.1021/acsomega.5c11440,"Stability Analysis and Optoelectronic Properties of Mg 3 ZBr 3 (Z = As, Sb, Bi) Perovskites for Evaluating the Performance in PIN Photodiodes",ACS Omega,journal,2026-02-10,article,en,,,,,University Of Dhaka,2,gold,0
10.1016/j.csite.2026.107818,10.1016/j.csite.2026.107818,Unified analytical framework for non-Fourier heat conduction in graded cylindrical media: Applications to perovskite solar cells and borehole heat exchangers,Case Studies in Thermal Engineering,journal,2026-02-10,article,en,,,,,Bangladesh University Of Textiles,2,gold,0
10.1007/s40684-025-00839-5,10.1007/s40684-025-00839-5,Optimized Paraffin-Based Phase Change Cooling for Preventing Thermal Degradation in Perovskite Solar Cells,International Journal of Precision Engineering and Manufacturing-Green Technology,journal,2026-02-10,article,en,,,,,Pusan National University,1,closed,0
10.1002/pip.70078,10.1002/pip.70078,Mechanochemical P–C Bonding Strategy for Work Function Tuning in Printable Carbon–Based Perovskite Solar Cells,Progress in Photovoltaics Research and Applications,journal,2026-02-10,article,en,,,,,East China University Of Science And Technology,1,bronze,0
10.1016/j.mser.2026.101196,10.1016/j.mser.2026.101196,Chlorophyll–amino acid bionic cascade strategy for efficient and stable wide-bandgap perovskite solar cells,Materials Science and Engineering R Reports,journal,2026-02-10,article,en,,,,,Jilin University,1,closed,0
10.3952/physics.2025.65.4.7,10.3952/physics.2025.65.4.7,Hot carrier transport in solar cells,Lithuanian Journal of Physics,journal,2026-02-10,article,en,,,,,Center For Physical Sciences And Technology,1,diamond,0
10.1007/s40843-025-3953-5,10.1007/s40843-025-3953-5,Burid interface—a key to enhance performance of tin perovskite solar cells,Science China Materials,journal,2026-02-10,article,en,,,,,Shanghaitech University,1,closed,0
10.1016/j.mtnano.2026.100779,10.1016/j.mtnano.2026.100779,Enhanced low-temperature properties of Ce-doped NiOx as hole transport layer for efficient inverted perovskite solar cells,Materials Today Nano,journal,2026-02-10,article,en,,,,,Nankai University,1,closed,0
10.1016/j.physb.2026.418327,10.1016/j.physb.2026.418327,Reduced recombination for achieving improved efficiency of CsPbIBr2 PSCs using SnO2 and Nb2O5-substituted CuSbS2 as hole transport layers,Physica B Condensed Matter,journal,2026-02-10,article,en,,,,,University Of Science And Technology Of China,1,closed,0
10.1021/acs.langmuir.5c05772,10.1021/acs.langmuir.5c05772,"Crystallization Regulation for Air-Processed, Efficient, and Stable Perovskite Solar Cells via In Situ Polymerization-Assisted Intermediate-Phase Transition",Langmuir,journal,2026-02-10,article,en,,,,,Zhejiang Sci-tech University,0,closed,0
10.1016/j.solmat.2026.114214,10.1016/j.solmat.2026.114214,Development of hole-transport layers in inverted perovskite solar cells,Solar Energy Materials and Solar Cells,journal,2026-02-10,article,en,,,,,Tiangong University,0,closed,0
10.1016/j.solmat.2026.114230,10.1016/j.solmat.2026.114230,Promoting Carrier Extraction in Perovskite Solar Cells through Simultaneous Management of the SnO2 Surface-protonation and Perovskite Film Regulation,Solar Energy Materials and Solar Cells,journal,2026-02-10,article,en,,,,,Shenzhen University,0,closed,0
10.48550/arxiv.2602.13312,10.48550/arxiv.2602.13312,PeroMAS: A Multi-agent System of Perovskite Material Discovery,arXiv (Cornell University),repository,2026-02-10,preprint,en,,,,,,0,green,0
10.1145/3770855.3818858,10.1145/3770855.3818858,PeroMAS: A Multi-agent System of Perovskite Material Discovery,arXiv (Cornell University),repository,2026-02-10,preprint,en,,,,,,0,green,0
10.5281/zenodo.18694585,10.5281/zenodo.18694585,Scalable Perovskite Solar Cells: Challenges Toward Commercial Deployment,Zenodo (CERN European Organization for Nuclear Research),repository,2026-02-10,article,en,,,,,,0,green,0
10.5281/zenodo.18694584,10.5281/zenodo.18694584,Scalable Perovskite Solar Cells: Challenges Toward Commercial Deployment,Zenodo (CERN European Organization for Nuclear Research),repository,2026-02-10,article,en,,,,,,0,green,0
10.1016/j.jpowsour.2026.239573,10.1016/j.jpowsour.2026.239573,Integrated simulation of Li2AgBiBr6 solar harvesters: Device-level engineering and module-level forecasting,Journal of Power Sources,journal,2026-02-11,article,en,,,,,International Islamic University Chittagong,8,closed,0
10.1007/s40820-026-02098-8,10.1007/s40820-026-02098-8,Enabling Highly Efficient and Stable Perovskite Photovoltaics via A Multidentate Molecular Anchor Additive,Nano-Micro Letters,journal,2026-02-11,article,en,,,,,Yunnan University,6,gold,1
10.1002/lpor.202503112,10.1002/lpor.202503112,Breaking Concentration Limits: High‐Efficiency Tm 3+ ‐Doped Double Perovskite UCL Enhanced by Plasmon Semiconductor Nanoparticles,Laser & Photonics Review,journal,2026-02-11,article,en,,,,,Shandong Normal University,5,closed,0
10.1016/j.ijft.2026.101579,10.1016/j.ijft.2026.101579,Development of solar photovoltaic as the mainstream source of energy in the fourth industrial revolution (4IR),International Journal of Thermofluids,journal,2026-02-11,article,en,,,,,,4,gold,0
10.1016/j.solener.2026.114422,10.1016/j.solener.2026.114422,Enhancing light absorption and efficiency in lead-free CsSnI3-based perovskite solar cells by plasmonic nanoparticles,Solar Energy,journal,2026-02-11,article,en,,,,,Hohai University,4,closed,0
10.1002/anie.202523799,10.1002/anie.202523799,Reducing Interface Energy Loss of Perovskite Solar Cells by Molecular Engineering of Hole‐Transporting Materials,Angewandte Chemie International Edition,journal,2026-02-11,article,en,,,,,Sun Yat-sen University,4,hybrid,1
10.1016/j.solener.2026.114416,10.1016/j.solener.2026.114416,Low temperature tin oxide electron transport layers for flexible perovskite solar cells: A review,Solar Energy,journal,2026-02-11,article,en,,,,,,3,closed,0
10.1021/acsaem.5c03794,10.1021/acsaem.5c03794,Vacuum Treatment and Interface Engineering Enhance the Efficiency and Stability of Tin Halide Perovskite Solar Cells,ACS Applied Energy Materials,journal,2026-02-11,article,en,,,,,The University Of Osaka,2,closed,1
10.1016/j.mtener.2026.102233,10.1016/j.mtener.2026.102233,"Thianthrene molecular engineering enables efficient, stable, and lead-safe carbon-electrode CsPbBr3 perovskite solar cells",Materials Today Energy,journal,2026-02-11,article,en,,,,,North China University Of Water Resources And Electric Power,1,closed,0
10.1142/s0217984926500752,10.1142/s0217984926500752,"First-principles calculations to investigate structural, mechanical, electronic and optical properties of Na 2 CuSbF 6 for sustainable device applications",Modern Physics Letters B,journal,2026-02-11,article,en,,,,,Begum Rokeya University,1,closed,0
10.1016/j.jics.2026.102481,10.1016/j.jics.2026.102481,Fabrication and characterization of lead-free double perovskite for flexible photovoltaics application,Journal of the Indian Chemical Society,journal,2026-02-11,article,en,,,,,University Of Calcutta,1,closed,0
10.1142/s0217979226500815,10.1142/s0217979226500815,Enhancing the efficiency of versatile perovskite solar cells comprising MASnI 3 for photovoltaic systems utilizing novel TCOs-based front contacts: A SCAPS-1D simulation analysis,International Journal of Modern Physics B,journal,2026-02-11,article,en,,,,,Université Mustapha Stambouli De Mascara,0,closed,0
10.1142/s0217979226500864,10.1142/s0217979226500864,Impact of carbon quantum dots incorporation in electron transport layer on the performance of CsPbBr 3 -based perovskite solar cells,International Journal of Modern Physics B,journal,2026-02-11,article,en,,,,,Thi Qar University,0,closed,0
10.21203/rs.3.rs-8721747/v1,10.21203/rs.3.rs-8721747/v1,Numerical modelling and performance analysis of high efficiency perovskite based solar cells for next generation photovoltaics,Research Square,repository,2026-02-11,preprint,en,,,,,University Of Technology Jamaica,0,green,0
10.1360/csb-2025-5943,10.1360/csb-2025-5943,Green manufacturing of commercially viable perovskite photovoltaic modules,Chinese Science Bulletin (Chinese Version),journal,2026-02-11,article,en,,,,,Nanjing University,0,bronze,0
10.1016/j.cej.2026.174051,10.1016/j.cej.2026.174051,UV-ozone passivated semi-transparent inorganic perovskite solar cells achieving 5.44% light utilization efficiency,Chemical Engineering Journal,journal,2026-02-11,article,en,,,,,Beihang University,0,closed,0
10.3390/molecules31040625,10.3390/molecules31040625,Enhancing Wide-Bandgap Triple-Halide Perovskites for Tandem Solar Cells by 0.5% Formate and Zn(II) Doping,Molecules,journal,2026-02-11,article,en,,,,,Institute For Atomic And Molecular Physics,0,gold,0
10.1002/adfm.202527797,10.1002/adfm.202527797,Temperature‐Dependent Crystallization in Two‐Step Perovskite Deposition Revealed by In Situ GIWAXS and Machine Learning‐Guided Analysis,Advanced Functional Materials,journal,2026-02-11,article,en,,,,,King Fahd University Of Petroleum And Minerals,0,closed,1
10.1016/j.cjac.2026.100711,10.1016/j.cjac.2026.100711,Machine learning-driven optimization of mixed-cation ABX3 perovskites for enhanced photovoltaic performance and stability,Chinese Journal of Analytical Chemistry,journal,2026-02-11,article,en,,,,,,0,hybrid,0
10.1016/j.mtchem.2026.103409,10.1016/j.mtchem.2026.103409,Synergy of optical methods for halide perovskite laser media optimization: Towards Auger recombination visualization and simplified fabrication,Materials Today Chemistry,journal,2026-02-11,article,en,,,,,Itmo University,0,closed,0
10.1038/s41560-026-01979-x,10.1038/s41560-026-01979-x,Suppressing intermediate crystallization for flexible tandem solar cells,Nature Energy,journal,2026-02-11,article,en,,,,,,0,closed,0
10.21203/rs.3.rs-8680958/v1,10.21203/rs.3.rs-8680958/v1,Photocapacitors integrating Binder-Free MXene Microsupercapacitor and Carbon Perovskite Solar Cell for Indoor Applications,Research Square,repository,2026-02-11,preprint,en,,,,,University Of Rome Tor Vergata,0,green,0
10.1021/acs.nanolett.5c06186,10.1021/acs.nanolett.5c06186,In Situ Click Chemistry for Energy-Level-Tunable Mixed Self-Assembled Monolayers in Perovskite Solar Cells,Nano Letters,journal,2026-02-11,article,en,,,,,Nankai University,0,closed,0
10.67512/jmrds.v1.i1.2,10.67512/jmrds.v1.i1.2,Computational Analysis of Physical Properties of Renewable Energy Materials,Journal of Multidisciplinary Research & Development Studies,journal,2026-02-11,article,en,,,,,National,0,hybrid,0
10.1007/s41939-025-01132-3,10.1007/s41939-025-01132-3,Efficiency optimization of double perovskite solar cells using Bi₂FeCrO₆ and Cs₂BiAgI₆ without charge transport layers: a SCAPS-1D simulation study,Multiscale and Multidisciplinary Modeling Experiments and Design,journal,2026-02-12,article,en,,,,,Université Hassan Ii Mohammedia,4,closed,0
10.1002/adma.202520433,10.1002/adma.202520433,Beyond Earth: Resilience of Quasi‐2D Perovskite Solar Cells in Space,Advanced Materials,journal,2026-02-12,article,en,,,,,Johannes Kepler University Of Linz,4,hybrid,1
10.1002/anie.202525815,10.1002/anie.202525815,Synergistic Molecular Locking Through Sodium‐Integrated Cross‐Linkable Scaffold Enables Durable Perovskite Solar Cells and Modules,Angewandte Chemie International Edition,journal,2026-02-12,article,en,,,,,Chengdu University Of Technology,4,bronze,1
10.1021/acs.jpclett.5c04071,10.1021/acs.jpclett.5c04071,Hot-Phonon Bottleneck Enables Biphasic Carrier Cooling with Density-Independent Rates in CsPb(Cl/Br) 3 Perovskite Quantum Dots,The Journal of Physical Chemistry Letters,journal,2026-02-12,article,en,,,,,Indian Bhopal,3,closed,0
10.1021/acsami.5c20363,10.1021/acsami.5c20363,Synergistic Crystallization and Defect Passivation Induced by a Multifunctional Additive for >20% Efficient Carbon-Based Perovskite Solar Cells,ACS Applied Materials & Interfaces,journal,2026-02-12,article,en,,,,,University Of Stuttgart,3,closed,1
10.1021/acsaem.5c03966,10.1021/acsaem.5c03966,Synergistic Crystallization and Surface Passivation: A Bifunctional Aminium Chloride Additive for High-Performance CsPbI 2 Br Perovskite Solar Cells,ACS Applied Energy Materials,journal,2026-02-12,article,en,,,,,East China University Of Science And Technology,2,closed,1
10.1021/acsami.5c21121,10.1021/acsami.5c21121,"Photoinduced Phase Segregation in Mixed Halide Perovskites: Mechanisms, Suppression Strategies, and Device Performance Optimization",ACS Applied Materials & Interfaces,journal,2026-02-12,article,en,,,,,Ningxia University,2,closed,0
10.1021/acsenergylett.5c03310,10.1021/acsenergylett.5c03310,Amidinium-Based Ligand: The Next Generation Ligand for Dimensional Heterojunction Perovskite Photovoltaics,ACS Energy Letters,journal,2026-02-12,article,en,,,,,Project In Solar Energy (germany),2,green,1
10.1002/aenm.202506288,10.1002/aenm.202506288,Light Stability of Laser‐Assisted Glass Encapsulated Perovskite Solar Cells under Different Atmospheres,Advanced Energy Materials,journal,2026-02-12,article,en,,,,,Universidade Do Porto,2,hybrid,1
10.1002/ange.202525815,10.1002/ange.202525815,Synergistic Molecular Locking Through Sodium‐Integrated Cross‐Linkable Scaffold Enables Durable Perovskite Solar Cells and Modules,Angewandte Chemie,journal,2026-02-12,article,en,,,,,Chengdu University Of Technology,2,closed,0
10.1016/j.jallcom.2026.186783,10.1016/j.jallcom.2026.186783,Tailoring surface defects and interface states in nanocrystalline organometallic perovskites for high-performance solar cells,Journal of Alloys and Compounds,journal,2026-02-12,article,en,,,,,National,1,closed,0
10.1016/j.optmat.2026.117947,10.1016/j.optmat.2026.117947,Effect of multilayer SnO2 architectures on charge transport and optical properties in triple-cation perovskite solar cells,Optical Materials,journal,2026-02-12,article,en,,,,,Universiti Putra Malaysia,0,closed,0
10.1063/10.0042661,10.1063/10.0042661,Smoothing out the surfaces of wide-bandgap perovskite solar cells,Scilight,journal,2026-02-12,article,en,,,,,,0,bronze,0
10.1016/j.est.2026.121048,10.1016/j.est.2026.121048,Preparation of carbon-based conductive slurry and its performance and role in energy storage field,Journal of Energy Storage,journal,2026-02-12,article,en,,,,,Luoyang Cement Engineering Design And Research Institute,0,closed,0
10.1016/j.checat.2025.101605,10.1016/j.checat.2025.101605,PFeMo polyoxometalate interlayer boosts BiVO4 light harvesting and charge separation for tandem photoelectrochemical water splitting,Chem Catalysis,journal,2026-02-12,article,en,,,,,Collaborative Innovation Center Of Chemistry For Energy Materials,0,closed,0
10.1021/acsaenm.5c01145,10.1021/acsaenm.5c01145,Engineered PB20 Discotic Interlayer Enabling Interfacial Passivation and Enhanced Performance–Stability in Perovskite Solar Cells,ACS Applied Engineering Materials,journal,2026-02-12,article,en,,,,,Shiv Nadar University,0,closed,0
10.1063/5.0310070,10.1063/5.0310070,Developing wide-bandgap perovskites for tandem solar cells: Challenges and opportunities,APL Energy,journal,2026-02-12,article,en,,,,,Nanjing University Of Aeronautics And Astronautics,0,diamond,0
10.1016/j.solmat.2026.114233,10.1016/j.solmat.2026.114233,Toward scalable solar cells: optimizing atmospheric-pressure spatial atomic layer deposition SnOX for enhanced perovskite crystallization and performance,Solar Energy Materials and Solar Cells,journal,2026-02-12,article,en,,,,,University Of Waterloo,0,hybrid,1
10.1002/ange.202523799,10.1002/ange.202523799,Reducing Interface Energy Loss of Perovskite Solar Cells by Molecular Engineering of Hole‐Transporting Materials,Angewandte Chemie,journal,2026-02-12,article,en,,,,,Sun Yat-sen University,0,hybrid,0
10.1016/j.mtelec.2026.100208,10.1016/j.mtelec.2026.100208,Eco-friendly Cs2SnGeCl6 perovskite absorber: A combined numerical simulation and machine learning analysis for high efficiency solar cells,Materials Today Electronics,journal,2026-02-13,article,en,,,,,Chittagong University Of Engineering & Technology,11,gold,0
10.1038/s41467-025-68236-9,10.1038/s41467-025-68236-9,Heteroaryl derivatives for hole-transport layers improve thermal stability of perovskite solar cells,Nature Communications,journal,2026-02-13,article,en,,,,,National,6,gold,1
10.1038/s41598-026-39816-6,10.1038/s41598-026-39816-6,"Silvaco TCAD modeling, optical simulation, and optimization for high-current perovskite and u-CIGS tandem solar cells with efficiencies above 30%",Scientific Reports,journal,2026-02-13,article,en,,,,,Islamic Azad University Yazd,2,gold,0
10.1007/s10118-025-3512-6,10.1007/s10118-025-3512-6,A Bisphosphonic Acid-functionalized Carbazole for Dual Hydrophilic Interfaces Toward Efficient and Stable Organic Solar Cells,Chinese Journal of Polymer Science,journal,2026-02-13,article,en,,,,,Beihang University,2,closed,0
10.1016/j.cej.2026.174054,10.1016/j.cej.2026.174054,Conjugation of buried interface strengthens perovskite film and charge transfer for efficient and stable solar cells,Chemical Engineering Journal,journal,2026-02-13,article,en,,,,,Qingdao University Of Science And Technology,1,closed,0
10.1016/j.cej.2026.174061,10.1016/j.cej.2026.174061,Highly effective multifunctional modifiers for all inorganic HTL-free carbon-based CsPbBr₃ perovskite solar cells,Chemical Engineering Journal,journal,2026-02-13,article,en,,,,,Hebei Normal University,1,closed,0
10.1016/j.optmat.2026.117960,10.1016/j.optmat.2026.117960,Fabrication of HTL free perovskite solar cell using compositional engineering via cesium bromide for ambient fabrication,Optical Materials,journal,2026-02-13,article,en,,,,,Khalifa University Of Science And Technology,0,closed,0
10.1016/j.jpowsour.2026.239529,10.1016/j.jpowsour.2026.239529,Heterojunction engineering for improving the performance of CsPbI3/Sb2S3 based solar cells,Journal of Power Sources,journal,2026-02-13,article,en,,,,,Zhengzhou University,0,closed,0
10.1088/2043-6262/ae45ad,10.1088/2043-6262/ae45ad,Numerical simulation and optimization of Cu 2 O/MASnI 3 /TiO 2 coaxial nanowire solar cells: toward high-efficiency lead-free photovoltaics,Advances in Natural Sciences Nanoscience and Nanotechnology,journal,2026-02-13,article,en,,,,,University Of Abou Bekr Belkaïd,0,hybrid,0
10.1007/s12034-025-03540-0,10.1007/s12034-025-03540-0,Novel perovskite semiconductors for radiation detection and dosimetry applications,Bulletin of Materials Science,journal,2026-02-13,article,en,,,,,Anna University Chennai,0,closed,0
10.1016/j.comptc.2026.115718,10.1016/j.comptc.2026.115718,Interface-engineered all-inorganic perovskite solar cells: Numerical insights into WS2 passivation and CuFeO2 hole transport layers,Computational and Theoretical Chemistry,journal,2026-02-13,article,en,,,,,Sri Sivasubramaniya Nadar,0,closed,0
10.1002/solr.202500964,10.1002/solr.202500964,Ambient‐Air Fabrication of Efficient and Stable Perovskite Solar Cells via Ionic Liquid–Assisted Laser Shock Annealing,Solar RRL,journal,2026-02-13,article,en,,,,,Wuhan University Of Technology,0,hybrid,0
10.1002/solr.202500906,10.1002/solr.202500906,Multiple Synergistic Mechanisms of Urea in Vacuum‐Assisted Prepared Triple‐Cation Perovskite Solar Cells,Solar RRL,journal,2026-02-13,article,en,,,,,Sun Yat-sen University,0,closed,1
10.5281/zenodo.18667455,10.5281/zenodo.18667455,Graphene HTM and C60 ETL Based CH₃NH₃PbX₃ Perovskite Solar Cells with diffent Halides,The International Journal of Science Mathematics and Technology Learning,journal,2026-02-13,article,en,,,,,,0,hybrid,0
10.5281/zenodo.18667456,10.5281/zenodo.18667456,Graphene HTM and C60 ETL Based CH₃NH₃PbX₃ Perovskite Solar Cells with diffent Halides,The International Journal of Science Mathematics and Technology Learning,journal,2026-02-13,article,en,,,,,,0,hybrid,0
10.1016/j.jechem.2026.02.017,10.1016/j.jechem.2026.02.017,Adaptive defect passivation of perovskite solar cells with 2-mercaptoethylammonium chloride advancing over 2000 h photothermal stability,Journal of Energy Chemistry,journal,2026-02-14,article,en,,,,,Lomonosov Moscow State University,1,closed,0
10.1016/j.optmat.2026.117954,10.1016/j.optmat.2026.117954,Defect passivation with tert-substituted organic materials for high efficiency perovskite solar cells,Optical Materials,journal,2026-02-14,article,en,,,,,,0,closed,0
10.1016/j.electacta.2026.148455,10.1016/j.electacta.2026.148455,Dual passivation of the crystal lattice and grain boundaries achieves highly efficient carbon-based CsPbI2Br perovskite solar cells,Electrochimica Acta,journal,2026-02-14,article,en,,,,,Huaqiao University,0,closed,0
10.17265/2161-6213/2026.1-3.002,10.17265/2161-6213/2026.1-3.002,Numerical Investigation of the h-ETL/MAPI1-xClx Interface for Performance Optimization of Perovskite Solar Cells,Journal of Materials Science and Engineering A,journal,2026-02-14,article,en,,,,,Université Joseph Ki-zerbo,0,diamond,1
10.1002/aenm.70755,10.1002/aenm.70755,Bimolecular Hetero‐Spatial Co‐Passivation Enables Efficient MA‐Free Wide‐Bandgap Perovskites for All‐Perovskite Tandem Solar Cells,Advanced Energy Materials,journal,2026-02-15,article,en,,,,,Jingdezhen Ceramic Institute,24,closed,1
10.1002/adfm.74503,10.1002/adfm.74503,Unified Bulk and Interface Control of Tin‐Lead Perovskite via a Molecular Bridge for Efficient All‐Perovskite Tandem Solar Cells,Advanced Functional Materials,journal,2026-02-15,article,en,,,,,Energy Storage Systems (united States),3,bronze,1
10.1002/advs.202520822,10.1002/advs.202520822,Cation–Anion Synergy Enables Uniform and Stable SAMs for High‐Efficiency Perovskite/TOPCon Tandem Solar Cells,Advanced Science,journal,2026-02-15,article,en,,,,,Shanghai University,3,gold,0
10.1002/advs.202524013,10.1002/advs.202524013,Site‐Specific Carboxylate Functionalization in Conjugated Hole Transport Polymers Enables Efficient CsPbI 2 Br Single‐Junction and Tandem Solar Cells,Advanced Science,journal,2026-02-15,article,en,,,,,Zhengzhou University,2,gold,1
10.1002/cnl2.70126,10.1002/cnl2.70126,Optimization of Light‐Management Strategies in All‐Perovskite Four‐Terminal Tandem Solar Cells: Efficiency Enhancement and Optical Loss Analysis,Carbon Neutralization,journal,2026-02-15,article,en,,,,,Hefei University Of Technology,2,diamond,1
10.1002/adfm.202532100,10.1002/adfm.202532100,Mitigating Reverse‐Bias Degradation in NiO x ‐Based Perovskite Solar Cells via Molecularly Engineered Ol‐CzRAA Interlayers,Advanced Functional Materials,journal,2026-02-15,article,en,,,,,Quanzhou Normal University,1,bronze,1
10.1002/smll.202512729,10.1002/smll.202512729,Natural Green Antioxidant Proanthocyanidin Enhances the UV/Oxidation Resistance of Perovskite Solar Cells Through Buried Interface Modification Strategy,Small,journal,2026-02-15,article,en,,,,,,0,bronze,1
10.1002/cjoc.70522,10.1002/cjoc.70522,Inside Back Cover,Chinese Journal of Chemistry,journal,2026-02-15,article,en,,,,,,0,bronze,0
10.1038/s41467-026-69264-9,10.1038/s41467-026-69264-9,Scalable solution soaking quenching technique unlocks efficient and durable wide bandgap perovskite solar modules,Nature Communications,journal,2026-02-16,article,en,,,,,Sun Yat-sen University,6,gold,1
10.1007/s11664-026-12713-4,10.1007/s11664-026-12713-4,"A Comprehensive Analysis of the Structural, Electronic, Mechanical, Optical, and Thermophysical Properties of GaSrX3 (X = F, Cl, Br, I, and H): DFT Investigation for Energy Applications",Journal of Electronic Materials,journal,2026-02-16,article,en,,,,,Abdelmalek Essaâdi University,6,closed,0
10.1016/j.solmat.2026.114239,10.1016/j.solmat.2026.114239,Strain-dependent first-principles investigation of Na3OI anti-perovskite: Performance evaluation with various ETL materials for efficient solar cells,Solar Energy Materials and Solar Cells,journal,2026-02-16,article,en,,,,,National,5,closed,0
10.1016/j.ast.2026.111944,10.1016/j.ast.2026.111944,Nonlinear vibrations of perovskite solar composite panels with edge cracks,Aerospace Science and Technology,journal,2026-02-16,article,en,,,,,Tianjin University Of Technology,4,closed,0
10.1016/j.jallcom.2026.186879,10.1016/j.jallcom.2026.186879,Predicting perovskite solar cell stability using CatBoost with Bayesian optimization and SHAP interpretability analysis,Journal of Alloys and Compounds,journal,2026-02-16,article,en,,,,,Chongqing University Of Science And Technology,3,closed,0
10.1002/adfm.202532155,10.1002/adfm.202532155,Enolate‐Type Zwitterionic Passivator via Spiropyran Isomerization for Hole‐Conductor‐Free Carbon‐Electrode Perovskite Solar Cells,Advanced Functional Materials,journal,2026-02-16,article,en,,,,,Wuhan National Laboratory For Optoelectronics,3,closed,0
10.1007/s10751-026-02390-4,10.1007/s10751-026-02390-4,"Emerging materials for next-generation solar cells: trends, challenges, and future directions",Interactions,journal,2026-02-16,article,en,,,,,Wadia,2,closed,0
10.1016/j.electacta.2026.148466,10.1016/j.electacta.2026.148466,Comparative study of DCMS and HiPIMS sputtered NiOx thin films for hole transport in wide bandgap perovskite solar cells,Electrochimica Acta,journal,2026-02-16,article,en,,,,,Ming Chi University Of Technology,2,closed,0
10.1021/acsaem.5c03347,10.1021/acsaem.5c03347,Multiscale Characterization of Electrode-Induced Degradation in Perovskite Solar Cells,ACS Applied Energy Materials,journal,2026-02-16,article,en,,,,,National Laboratory Of The Rockies,2,hybrid,1
10.1002/adma.202519339,10.1002/adma.202519339,Molecular Buffering Regulates Lattice Strain for Fatigue‐Resistant Perovskite Photovoltaics Under Cryogenic Thermal Cycling,Advanced Materials,journal,2026-02-16,article,en,,,,,,2,closed,1
10.1063/5.0312569,10.1063/5.0312569,Sulfonium-based passivation suppresses trap recombination and hysteresis under bright-to-ultra-dim light in perovskite indoor photovoltaics,Applied Physics Letters,journal,2026-02-16,article,en,,,,,Tampere University,2,hybrid,0
10.1016/j.cej.2026.174254,10.1016/j.cej.2026.174254,Dipole-engineered pyridinium iodide passivation for efficient Sn-Pb and all-perovskite tandem solar cells,Chemical Engineering Journal,journal,2026-02-16,article,en,,,,,Wuhan National Laboratory For Optoelectronics,1,closed,0
10.1021/acsami.5c23142,10.1021/acsami.5c23142,Cost-Optimized Perovskite Solar Cells Enabled by Molecularly Engineered Hole Transport,ACS Applied Materials & Interfaces,journal,2026-02-16,article,en,,,,,Suzhou University Of Science And Technology,1,closed,0
10.1016/j.surfcoat.2026.133299,10.1016/j.surfcoat.2026.133299,Soft sputtering of transparent Mo-doped In2O3 electrodes on perovskite active layer using isolated plasma soft deposition,Surface and Coatings Technology,journal,2026-02-16,article,en,,,,,Sungkyunkwan University,1,closed,0
10.1016/j.scenem.2026.100035,10.1016/j.scenem.2026.100035,Modification engineering in carbon-based CsPbBr3 perovskite solar cells,Sustainable Chemistry for Energy Materials,journal,2026-02-16,article,en,,,,,Hebei Normal University,1,gold,0
10.1016/j.solmat.2026.114223,10.1016/j.solmat.2026.114223,Heated ITO depositions onto poly-Si passivated contacts enabling efficient 16-cm2 perovskite/silicon tandem solar cells,Solar Energy Materials and Solar Cells,journal,2026-02-16,article,en,,,,,National University Of Singapore,0,hybrid,1
10.1007/s00339-025-09287-z,10.1007/s00339-025-09287-z,Thermal stability and structural evolution of lead-free MA3Bi2I9 perovskite thin films fabricated by thermal evaporation,Applied Physics A,journal,2026-02-16,article,en,,,,,Burdur Mehmet Akif Ersoy Üniversitesi,0,closed,0
10.1002/eom2.70054,10.1002/eom2.70054,Rapid Microwave Annealing of Perovskites: Effects on Device and Material Stability in High Humidity,EcoMat,journal,2026-02-16,article,en,,,,,Macquarie University,0,gold,0
10.1080/15421406.2026.2630267,10.1080/15421406.2026.2630267,Vapor-phase iodine emission and Ag surface accumulation in perovskite solar cells,Molecular Crystals and Liquid Crystals,journal,2026-02-16,article,en,,,,,Kindai University,0,bronze,0
10.1016/j.cocom.2026.e01253,10.1016/j.cocom.2026.e01253,"Pressure-induced bandgap engineering, optical and mechanical properties of chlorine-doped CsSnI3: A first-principles roadmap for high-efficiency solar cells",Computational Condensed Matter,journal,2026-02-16,article,en,,,,,Academy Of Sciences Of The Republic Of Tajikistan,0,closed,0
10.1063/5.0313807,10.1063/5.0313807,Crystallization modulation through optimized SnO2 ETL enables over 20% efficiency in HTM-free carbon electrode perovskite solar cells,Applied Physics Letters,journal,2026-02-16,article,en,,,,,Nantong University,0,closed,0
10.5269/bspm.79555,10.5269/bspm.79555,Improve efficiency of Perovskite Based Solar Cell by photon recycling,Boletim da Sociedade Paranaense de Matemática,journal,2026-02-16,article,en,,,,,Université Des Sciences Et De La Technologie D'oran Mohamed Boudiaf,0,diamond,0
10.1007/s12034-025-03530-2,10.1007/s12034-025-03530-2,Performance evaluation of metal-doped X-TiO2 electron transport layers in perovskite solar cell devices: a review,Bulletin of Materials Science,journal,2026-02-17,article,en,,,,,Prince Mohammad Bin Fahd University,6,closed,0
10.1002/adma.72592,10.1002/adma.72592,Tailored Arylboronic Acid Derivatives Stabilize Perovskite Octahedron in Inverted Perovskite Solar Cells,Advanced Materials,journal,2026-02-17,article,en,,,,,North China Electric Power University,6,closed,0
10.1002/advs.202515766,10.1002/advs.202515766,Machine Learning Discovery of Record‐Low Lattice Thermal Conductivity in Double Perovskites,Advanced Science,journal,2026-02-17,article,en,,,,,University Of South Carolina,6,gold,0
10.1088/1402-4896/ae46ef,10.1088/1402-4896/ae46ef,Design and efficiency optimization of Cs 2 AgBiBr 6 double perovskite solar cells via SCAPS-1D modelling,Physica Scripta,journal,2026-02-17,article,en,,,,,South West London And St George's Mental Health Nhs Trust,5,hybrid,0
10.1038/s41598-026-37468-0,10.1038/s41598-026-37468-0,Performance enhancement of perovskite solar cells through plasmonic titanium nitride nanoparticles,Scientific Reports,journal,2026-02-17,article,en,,,,,Ain Shams University,3,gold,0
10.1007/s11664-026-12720-5,10.1007/s11664-026-12720-5,Self-Regulating Electrochromic Windows: A State-of-the-Art Review of Energy-Autonomous Systems,Journal of Electronic Materials,journal,2026-02-17,article,en,,,,,Rajagiri Hospital,2,hybrid,0
10.1002/pip.70075,10.1002/pip.70075,Defect Passivation via Plasma Modification of Lead Halide Perovskite Thin Films,Progress in Photovoltaics Research and Applications,journal,2026-02-17,article,en,,,,,Fzu ‒,1,hybrid,1
10.1002/solr.202500698,10.1002/solr.202500698,Benchmarking Inorganic Deposition Routes for Hybrid Two‐Step Processed Perovskite Solar Cells: A Materials Perspective,Solar RRL,journal,2026-02-17,article,en,,,,,Karlsruhe,1,hybrid,1
10.1016/j.cej.2026.174252,10.1016/j.cej.2026.174252,Constructing a Br-rich layer by utilizing photothermal synergy for high-performance perovskite solar cells,Chemical Engineering Journal,journal,2026-02-17,article,en,,,,,,1,closed,0
10.1002/smll.202513854,10.1002/smll.202513854,"Advancing Two‐Dimensional Perovskite Solar Cells: Structural Evolution, Stability Mechanism, and Heterojunction Engineering",Small,journal,2026-02-17,article,en,,,,,Soochow University,1,hybrid,1
10.1093/chemle/upag030,10.1093/chemle/upag030,Face-to-face all-perovskite tandem solar cells using organic recombination layers,Chemistry Letters,journal,2026-02-17,article,en,,,,,The University Of Tokyo,1,hybrid,0
10.1021/acsphotonics.5c02228,10.1021/acsphotonics.5c02228,Suppressing Ion Migration by Diaryliodonium Salt for Mixed Tin–Lead Perovskite Solar Cells and All-Perovskite Tandems,ACS Photonics,journal,2026-02-17,article,en,,,,,Qingdao University Of Science And Technology,1,closed,0
10.1016/j.ssc.2026.116370,10.1016/j.ssc.2026.116370,Tunable p-type doping in CsPbBr3 via group IB metals for enhanced solar cell performance,Solid State Communications,journal,2026-02-17,article,en,,,,,Beihua University,0,closed,0
10.1021/acsami.5c23217,10.1021/acsami.5c23217,Controlled Templated Growth of Low-Dimensional Perovskite for Improved Interfacial Electronic Coupling and Passivation in Wide Bandgap Perovskite Solar Cells,ACS Applied Materials & Interfaces,journal,2026-02-17,article,en,,,,,Indian,0,closed,1
10.1002/pip.70083,10.1002/pip.70083,A Synergistic Hybrid Hole Transport Material for Efficient and Stable Tin–Lead Narrow Bandgap Perovskite Solar Cells,Progress in Photovoltaics Research and Applications,journal,2026-02-17,article,en,,,,,Zunyi Normal College,0,closed,1
10.5281/zenodo.18667542,10.5281/zenodo.18667542,NUMERICAL SIMULATION AND PERFORMANCE OPTIMIZATION OF A LEAD-FREE RB₂SNBR₆-BASED PEROVSKITE SOLAR CELL USING SCAPS-1D,Zenodo (CERN European Organization for Nuclear Research),repository,2026-02-17,article,de,,,,,,0,green,0
10.17615/jdjm-a527,10.17615/jdjm-a527,"Towards efficient, scalable and stable perovskite/silicon tandem solar cells",UNC Libraries,repository,2026-02-17,article,en,,,,,,0,green,0
10.1002/adom.202503817,10.1002/adom.202503817,Enhanced Interfacial Charge Transfer Dynamics of Carbon‐Based Hole Transport Layer‐Free All‐Inorganic Perovskite Solar Cells Prepared in Air,Advanced Optical Materials,journal,2026-02-17,article,en,,,,,Hunan Xiangdian Test Research Institute (china),0,bronze,0
10.1016/j.jpcs.2026.113610,10.1016/j.jpcs.2026.113610,"Study of optoelectronic, mechanical, photovoltaic, thermoelectric, thermodynamic, and photocatalytic properties of perovskite Ca3AsCl3: a DFT study",Journal of Physics and Chemistry of Solids,journal,2026-02-17,article,en,,,,,,0,closed,0
10.48550/arxiv.2602.15759,10.48550/arxiv.2602.15759,Three-Dimensional Optical-Electrical Simulation of Cs2AgBiBr6 Double Perovskite Solar Cells,arXiv (Cornell University),repository,2026-02-17,preprint,en,,,,,,0,green,1
10.5281/zenodo.18677250,10.5281/zenodo.18677250,NUMERICAL SIMULATION AND PERFORMANCE OPTIMIZATION OF A LEAD-FREE Rb₂SnBr₆-BASED PEROVSKITE SOLAR CELL USING SCAPS-1D,Zenodo (CERN European Organization for Nuclear Research),repository,2026-02-17,article,de,,,,,,0,green,0
three dimensional optical electrical simulation of cs2agbibr6 double perovskite solar cells|moed,,Three-Dimensional Optical-Electrical Simulation of Cs2AgBiBr6 Double Perovskite Solar Cells,arXiv (Cornell University),repository,2026-02-17,preprint,en,,,,,Ahsanullah University Of Science And Technology,0,green,0
10.5281/zenodo.18692026,10.5281/zenodo.18692026,NUMERICAL MODELING AND OPTIMIZATION OF A HIGH EFFICIENT LEAD-FREE CSSNGEI₃ PEROVSKITE SOLAR CELL USING SOLAR CELL CAPACITANCE SIMULATOR,Zenodo (CERN European Organization for Nuclear Research),repository,2026-02-17,article,en,,,,,,0,green,0
10.5281/zenodo.18708037,10.5281/zenodo.18708037,NUMERICAL MODELING AND OPTIMIZATION OF A HIGH EFFICIENT LEAD-FREE CsSnGeI₃ PEROVSKITE SOLAR CELL USING SOLAR CELL CAPACITANCE SIMULATOR,Zenodo (CERN European Organization for Nuclear Research),repository,2026-02-17,article,en,,,,,,0,green,0
10.1002/pip.70076,10.1002/pip.70076,"Design, Characterization, and Performance Evaluation of Highly Efficient Lead‐Free Gradient‐Structured Perovskite Solar Cells With Carbon Nanotube–Based Hole Transport Material",Progress in Photovoltaics Research and Applications,journal,2026-02-18,article,en,,,,,National,7,bronze,1
10.1016/j.nanoen.2026.111799,10.1016/j.nanoen.2026.111799,Symmetry-breaking engineering of piperazinium halides enables synergistic surface passivation and bulk enhancement in inverted perovskite solar cells and modules,Nano Energy,journal,2026-02-18,article,en,,,,,,6,closed,0
10.1038/s41467-026-69391-3,10.1038/s41467-026-69391-3,High Open-Circuit Voltage–Fill factor product in perovskite solar cells enabled by ferroelectric heterojunction modulation,Nature Communications,journal,2026-02-18,article,en,,,,,,4,gold,1
10.1002/solr.202500911,10.1002/solr.202500911,Strategies Toward Maximizing Power Conversion Efficiency in All‐Perovskite Tandem Solar Cells,Solar RRL,journal,2026-02-18,article,en,,,,,Sungkyunkwan University,4,closed,1
10.1016/j.jpowsour.2026.239639,10.1016/j.jpowsour.2026.239639,Advances in organic acid compounds modification of SnO2 electron transport layer for perovskite solar cells,Journal of Power Sources,journal,2026-02-18,article,en,,,,,North China Electric Power University,3,closed,0
10.1088/1402-4896/ae431a,10.1088/1402-4896/ae431a,Comparative study of using different HTL and ETL in inverted 2D/3D bilayer-based perovskite solar cell,Physica Scripta,journal,2026-02-18,article,en,,,,,Islamic Azad University Rasht Branch,2,bronze,0
10.1016/j.jpowsour.2026.239554,10.1016/j.jpowsour.2026.239554,Advancing perovskite-based solar and tandem devices: Strategies for efficient renewable energy harvesting and conversion,Journal of Power Sources,journal,2026-02-18,article,en,,,,,City University Of Hong Kong,2,closed,0
10.1007/s10971-025-07101-z,10.1007/s10971-025-07101-z,Performance enhancement of HTL free perovskite solar cells through ETL and back contact engineering,Journal of Sol-Gel Science and Technology,journal,2026-02-18,article,en,,,,,Curtin University,2,hybrid,0
10.1016/j.inoche.2026.116378,10.1016/j.inoche.2026.116378,Investigating the effects of cation dopants in Ba x Sr 3 − x NI 3 (x ≤ 3) based perovskites for highly efficient photovoltaic devices: A comprehensive theoretical analysis,Inorganic Chemistry Communications,journal,2026-02-18,article,en,,,,,Prince Sattam Bin Abdulaziz University,1,closed,0
10.1007/s11082-026-08710-w,10.1007/s11082-026-08710-w,Eco-friendly Cs2CuBiBr6 solar cells surpass 30% efficiency via Al–TiO2 interface engineering,Optical and Quantum Electronics,journal,2026-02-18,article,en,,,,,University Of The Punjab,1,closed,0
10.1007/s11664-026-12716-1,10.1007/s11664-026-12716-1,Optimizing BaHf(S1−xTex)3 Chalcogenide Perovskites Through Anionic Substitution for Enhanced Photovoltaic Performance,Journal of Electronic Materials,journal,2026-02-18,article,en,,,,,Delhi Technological University,1,closed,0
10.1016/j.est.2026.121026,10.1016/j.est.2026.121026,Monolithic diphenylammonium iodide modified perovskite-V5S8 nanoflowers coupling for hole-driven Zn-ion storage in a photo-rechargeable battery,Journal of Energy Storage,journal,2026-02-18,article,en,,,,,Indian,1,closed,0
10.1002/smll.202514211,10.1002/smll.202514211,"Co‐Assembly with Donor‐Acceptor Self‐Assembled Monolayers to Enhance Interfacial Hole Extraction, Wettability, and Crystallization in Inverted Perovskite Solar Cells",Small,journal,2026-02-18,article,en,,,,,National Taiwan University,1,closed,1
10.1002/aenm.202503291,10.1002/aenm.202503291,Transforming Device Efficiency and Stability in NiO‐Sputtered n–i–p Perovskite Solar Cells by Soft‐Landing and a Thin Spiro‐OMeTAD Buffer Layer,Advanced Energy Materials,journal,2026-02-18,article,en,,,,,Indian,1,bronze,1
10.1021/acsami.5c24295,10.1021/acsami.5c24295,"Nanoparticle-Mediated Interface Engineering for Uniform, Reproducible Electron Transport Layers in Scalable Perovskite Solar Cells",ACS Applied Materials & Interfaces,journal,2026-02-18,article,en,,,,,Imperial College London,0,hybrid,1
10.1016/j.inoche.2026.116362,10.1016/j.inoche.2026.116362,Efficiency improvement of lead-free Rb2LiInBr6 perovskite solar cells via TiO2 and MoO3,Inorganic Chemistry Communications,journal,2026-02-18,article,en,,,,,Lamar University,0,closed,0
10.1021/acs.jpclett.5c03795,10.1021/acs.jpclett.5c03795,Lead Chloride Perovskite Variant Cs 2 PbCl 6 as an n -Type Transparent Semiconductor: A First-Principles Prediction,The Journal of Physical Chemistry Letters,journal,2026-02-18,article,en,,,,,Central South University,0,closed,1
10.1016/j.nxmate.2026.101762,10.1016/j.nxmate.2026.101762,Critical weight percent of graphene nanoplatelets (GNPs) that optimizes water barrier and transport properties of ethylene vinyl acetate (EVA) for improved photovoltaic module packaging reliability,Next Materials,journal,2026-02-18,article,en,,,,,,0,gold,0
10.1021/acs.energyfuels.5c06100,10.1021/acs.energyfuels.5c06100,"Mapping Electronic Structure: Single-Crystal, Optoelectronic, and Electrochemical Studies of D–A–D′ HTM Systems",Energy & Fuels,journal,2026-02-18,article,en,,,,,Jain University,0,closed,0
10.82377/jeed.2025.w.541,10.82377/jeed.2025.w.541,An Overview on Printing Technologies of Large-Scale Perovskite Solar Cells,Journal of Energy Conversion     مهندسی مکانیک تبدیل انرژی,repository,2026-02-18,article,fa,,,,,Islamic Azad University Dezful Branch,0,green,0
10.1007/s10904-025-04151-2,10.1007/s10904-025-04151-2,Smart Solar Breakthrough: Machine Learning Powers Next-Gen CsSnI3/Si Tandem Cells,Journal of Inorganic and Organometallic Polymers and Materials,journal,2026-02-18,article,en,,,,,Mohammed V University,0,closed,0
10.1007/s00894-026-06659-x,10.1007/s00894-026-06659-x,Theoretical and Experimental Investigation of Triphenylamine-Containing Hole Transport Materials with Side-Chain Isomerization,Journal of Molecular Modeling,journal,2026-02-18,article,en,,,,,Chongqing Vocational And Technical University Of Mechatronics,0,closed,0
10.1016/j.esen.2026.100036,10.1016/j.esen.2026.100036,Suppression–promotion crystallization of wide-bandgap perovskite for efficient and stable perovskite/silicon tandem solar cells,eScience Energy,journal,2026-02-18,article,en,,,,,Zhejiang Normal University,0,hybrid,0
10.1002/cssc.202502589,10.1002/cssc.202502589,"Multiple‐Site Interface Modification with 3,4,5‐Trifluorobenzoic Acid for Efficient and Stable Perovskite Solar Cells",ChemSusChem,journal,2026-02-18,article,en,,,,,Wuhan University Of Technology,0,closed,0
10.48550/arxiv.2602.17730,10.48550/arxiv.2602.17730,Clever Materials: When Models Identify Good Materials for the Wrong Reasons,arXiv (Cornell University),repository,2026-02-18,preprint,en,,,,,,0,green,0
clever materials when models identify good materials for the wrong reasons|jablonka,,Clever Materials: When Models Identify Good Materials for the Wrong Reasons,arXiv (Cornell University),repository,2026-02-18,preprint,en,,,,,,0,green,0
10.17863/cam.127502,10.17863/cam.127502,Homogenized Optoelectronic Properties in Perovskites: Achieving High-Efficiency Solar Cells with Common Chloride Additives.,Apollo (University of Cambridge),repository,2026-02-18,article,en,,,,,,0,green,0
10.5281/zenodo.18679173,10.5281/zenodo.18679173,The Influence of SAMs on the Performance and Stability of Perovskite Solar Cells,Zürcher Hochschule für Angewandte Wissenschaften digital collection (Zurich University of Applied Sciences),repository,2026-02-18,article,en,,,,,Zhaw Zurich University Of Applied Sciences,0,green,0
10.5281/zenodo.18679747,10.5281/zenodo.18679747,Determining the Ion Mobility and Ion Density of Perovskite Solar Cells with Impedance Spectroscopy,Zenodo (CERN European Organization for Nuclear Research),repository,2026-02-18,article,en,,,,,University Of Groningen,0,green,0
10.5281/zenodo.18679172,10.5281/zenodo.18679172,The Influence of SAMs on the Performance and Stability of Perovskite Solar Cells,Zenodo (CERN European Organization for Nuclear Research),repository,2026-02-18,article,en,,,,,Zhaw Zurich University Of Applied Sciences,0,green,0
10.5281/zenodo.18679746,10.5281/zenodo.18679746,Determining the Ion Mobility and Ion Density of Perovskite Solar Cells with Impedance Spectroscopy,Zenodo (CERN European Organization for Nuclear Research),repository,2026-02-18,article,en,,,,,University Of Groningen,0,green,0
10.1016/j.mattod.2026.103251,10.1016/j.mattod.2026.103251,The intrinsic instability of lead halide perovskite solar cells,Materials Today,journal,2026-02-19,article,en,,,,,National Center For Nanoscience And Technology,6,closed,0
10.1016/j.nanoen.2026.111816,10.1016/j.nanoen.2026.111816,A fused-ring small-molecule cathode interface layer enabling over 26% efficient and stable inverted perovskite solar cells,Nano Energy,journal,2026-02-19,article,en,,,,,Ocean University Of China,4,closed,0
10.1016/j.jsamd.2026.101131,10.1016/j.jsamd.2026.101131,Strategies to improve the performance of perovskite solar cells with Spiro-OMeTAD as HTM: A comprehensive review,Journal of Science Advanced Materials and Devices,journal,2026-02-19,article,en,,,,,Vinuniversity,3,gold,0
10.1021/acs.jchemed.5c00906,10.1021/acs.jchemed.5c00906,"Shining Light on Halide Perovskites: Teaching Analytical Chemistry Using Flexible, Inquiry-Based Experiments",Journal of Chemical Education,journal,2026-02-19,article,en,,,,,University Of Wisconsin–madison,3,hybrid,0
10.1021/acs.nanolett.5c05869,10.1021/acs.nanolett.5c05869,B-Site Engineering in Ruddlesden–Popper Perovskites (A 2 BO 4 ) for H 2 O 2 Production with 4.85% of Solar-to-Chemical Efficiency,Nano Letters,journal,2026-02-19,article,en,,,,,Ulsan National,2,closed,0
10.1021/acsami.5c22948,10.1021/acsami.5c22948,Hidden Triggers of Degradation during Fabrication of Inorganic Perovskite Solar Cells,ACS Applied Materials & Interfaces,journal,2026-02-19,article,en,,,,,Leibniz Institute For Solid State And Materials Research,1,hybrid,0
10.1016/j.rineng.2026.109660,10.1016/j.rineng.2026.109660,Numerical investigation of dual-side carrier dynamics in a band engineered bifacial n-FASnI3/p-FA0.75Cs0.25SnI3 heterojunction perovskite solar cells,Results in Engineering,journal,2026-02-19,article,en,,,,,Vellore,1,gold,0
10.1007/s10904-026-04199-8,10.1007/s10904-026-04199-8,Structure–Property Relationships in Polymer–Perovskite Hybrid Materials,Journal of Inorganic and Organometallic Polymers and Materials,journal,2026-02-19,article,en,,,,,Imam Mohammad Ibn Saud Islamic University,1,closed,0
10.1016/j.joule.2025.102298,10.1016/j.joule.2025.102298,"Synergistic regulation of defects, charge carriers, and ions via bimolecular engineering in carbon-based perovskite photovoltaics",Joule,journal,2026-02-19,article,en,,,,,Collaborative Innovation Center Of Chemistry For Energy Materials,1,closed,0
10.1016/j.jpcs.2026.113611,10.1016/j.jpcs.2026.113611,"DFT and SCAPS-1D investigation of RbGeI 3 /MoTe 2 VdW heterostructure for enhanced electronic, optical, and photovoltaic performance in perovskite solar cells",Journal of Physics and Chemistry of Solids,journal,2026-02-19,article,en,,,,,Université Sultan Moulay Slimane,1,closed,0
10.1021/acsaem.6c00408,10.1021/acsaem.6c00408,Thermally Stable Halide-Tuned CsPbX 3 /CdTe Four-Terminal Tandem Solar Cells with 25% Efficiency,ACS Applied Energy Materials,journal,2026-02-19,article,en,,,,,Arizona State University,1,closed,1
10.1021/acsphotonics.5c01819,10.1021/acsphotonics.5c01819,Synergistic Effect of PC 71 BM and F4TCNQ as Multifunctional Passivation Layer for High-Efficiency Perovskite Solar Cells with Superior Stability,ACS Photonics,journal,2026-02-19,article,en,,,,,Huaqiao University,1,closed,0
10.1021/acs.jpclett.6c00022,10.1021/acs.jpclett.6c00022,Dual-functional Interface Engineering with Picolinamide for Improved MAPbI 3– x Cl x Perovskite Solar Cells,The Journal of Physical Chemistry Letters,journal,2026-02-19,article,en,,,,,Chongqing Normal University,1,closed,1
10.1016/j.jmgm.2026.109333,10.1016/j.jmgm.2026.109333,Design of new thiophene-based hole transport materials for high-efficiency perovskite solar cells: A DFT study and Monte Carlo simulations,Journal of Molecular Graphics and Modelling,journal,2026-02-19,article,en,,,,,Sidi Mohamed Ben Abdellah University,0,closed,0
10.1007/s10895-026-04722-7,10.1007/s10895-026-04722-7,Theoretical Study on the Optoelectronics and Charge Transport Properties of Difluoro Benzothiadiazole-based Hole Transport Materials for Perovskite Solar Cells,Journal of Fluorescence,journal,2026-02-19,article,en,,,,,Jiangsu University Of Science And Technology,0,closed,0
10.1016/j.matdes.2026.115695,10.1016/j.matdes.2026.115695,Symmetry-broken triangular plasmonic coupling for enhanced light management in perovskite solar cells,Materials & Design,journal,2026-02-19,article,en,,,,,Urmia University Of Technology,0,gold,1
10.1038/s41467-026-69685-6,10.1038/s41467-026-69685-6,Regulating perovskite crystallization kinetics at laser scribe lines for efficient and stable perovskite modules,Nature Communications,journal,2026-02-20,article,en,,,,,Nanchang University,6,gold,1
10.1016/j.joule.2025.102300,10.1016/j.joule.2025.102300,In situ inorganic passivation strategy for high-performance perovskite solar cells,Joule,journal,2026-02-20,article,en,,,,,Zhejiang University,6,closed,0
10.1002/inf2.70124,10.1002/inf2.70124,Recent advances in data‐driven and artificial intelligence‐integrated perovskite solar cells: From design to self‐driving laboratories,InfoMat,journal,2026-02-20,article,en,,,,,Korea Advanced,5,gold,1
10.1016/j.apsusc.2026.166385,10.1016/j.apsusc.2026.166385,Multifunctional three-dimensional polymer-mediated defect passivation enabling efficient and stable inverted inorganic CsPbI2Br perovskite solar cells,Applied Surface Science,journal,2026-02-20,article,en,,,,,Huzhou Vocational And Technical College,1,closed,0
10.21203/rs.3.rs-8916676/v1,10.21203/rs.3.rs-8916676/v1,Machine Learning-Assisted Optimization of Rb2LiGaI6-Based Perovskite Solar Cells: Insights from SCAPS-1D Simulation,Research Square,repository,2026-02-20,preprint,en,,,,,East West University,1,green,0
10.1016/j.jpcs.2026.113615,10.1016/j.jpcs.2026.113615,Isopropanol-modulated ethyl acetate green antisolvent for enhancing the performance of CsPbBr3 perovskite solar cells,Journal of Physics and Chemistry of Solids,journal,2026-02-20,article,en,,,,,Guangdong University Of Technology,0,closed,0
10.21203/rs.3.rs-8742423/v1,10.21203/rs.3.rs-8742423/v1,Selective synthesis of pure CsPbBr3 and pure Cs4PbBr6 nanocrystals towards the fine control of their emission properties,Research Square,repository,2026-02-20,preprint,en,,,,,Istituto Di Nanotecnologia,0,green,0
10.17615/mv51-6r65,10.17615/mv51-6r65,Intrinsic Behavior of CH3NH3PbBr3 Single Crystals under Light Illumination,UNC Libraries,repository,2026-02-20,article,en,,,,,,0,green,0
10.1016/j.solener.2026.114446,10.1016/j.solener.2026.114446,Enhanced stability of tin-lead perovskite solar cells through low-temperature atomic layer deposition Al2MgO4 encapsulation layer,Solar Energy,journal,2026-02-20,article,en,,,,,North China Electric Power University,0,closed,0
10.1016/j.jpowsour.2026.239673,10.1016/j.jpowsour.2026.239673,Aromatic ammonium salts doping of self-assembled monolayer: Synergistic regulation of interface properties and perovskite crystallization for inverted perovskite solar cells,Journal of Power Sources,journal,2026-02-20,article,en,,,,,Ningbo University Of Technology,0,closed,0
10.1088/1402-4896/ae48a6,10.1088/1402-4896/ae48a6,"Numerical optimization of all-perovskite tandem solar cells: effects of thickness, defects, temperature, doping concentration and electrode materials",Physica Scripta,journal,2026-02-20,article,en,,,,,Université De Mostaganem,0,hybrid,0
10.71103/t3jxcq06,10.71103/t3jxcq06,Análisis teórico de las perovskitas híbridas MA₂BX₄ LIBRE de Pb,Metodologías en Ingeniería Desarrollo en la Educación Administración Humanidades y Social,journal,2026-02-20,article,en,,,,,Universidad Nacional Autónoma De México,0,bronze,0
10.1002/aenm.202505854,10.1002/aenm.202505854,Molten Phosphonoalkanoic Acid‐Driven Grain Boundary Passivation in Evaporated/Blade‐Coated 1.68‐eV Perovskite Solar Cells,Advanced Energy Materials,journal,2026-02-21,article,en,,,,,Science And Technology,4,bronze,1
10.1016/j.est.2026.121193,10.1016/j.est.2026.121193,Photovoltaic–electrochemical coupled architectures for next-generation solar batteries,Journal of Energy Storage,journal,2026-02-21,article,en,,,,,University Of Jammu,4,closed,0
10.1002/adfm.202530961,10.1002/adfm.202530961,Spatial Ionic Engineering Enables Depth‐Independent Homogeneity and Strain Relaxation in Efficient Inverted Perovskite Solar Cells,Advanced Functional Materials,journal,2026-02-21,article,en,,,,,Ulsan National,2,bronze,0
10.1007/s00202-026-03523-2,10.1007/s00202-026-03523-2,Low-cost and high-efficiency innovative technology for solar photovoltaic power generation,Electrical Engineering,journal,2026-02-21,article,en,,,,,University Of Stirling,1,closed,0
10.1186/s40580-026-00541-5,10.1186/s40580-026-00541-5,Correlating nanoscale electronic uniformity and device performance in mixed-cation perovskite solar cells driven by sequential deposition,Nano Convergence,journal,2026-02-21,article,en,,,,,Ewha Womans University,0,gold,1
10.1016/j.jlumin.2026.121824,10.1016/j.jlumin.2026.121824,Ultra-stable CsPbBr3/CsPb2Br5:Yb composites for X-ray imaging,Journal of Luminescence,journal,2026-02-21,article,en,,,,,Northwest,0,closed,0
10.1088/1402-4896/ae48b3,10.1088/1402-4896/ae48b3,Theoretical optimization and machine learning-assisted analysis of different electron transport layers in lead-free La 2 NiMnO 6 based double perovskite solar cells,Physica Scripta,journal,2026-02-21,article,en,,,,,Siddhartha Medical College,0,hybrid,0
10.18517/ijaseit.16.1.21535,10.18517/ijaseit.16.1.21535,Simulation Study of Stacked Solar Cells: Enhancing Efficiency through Multilayer Design,International Journal on Advanced Science Engineering and Information Technology,journal,2026-02-21,article,en,,,,,Bandung,0,hybrid,0
10.1002/adma.72622,10.1002/adma.72622,Strengthening Substrate Anchoring of Polymeric Self‐Assembled Monolayers for Efficient and Stable Inverted Perovskite Solar Cells,Advanced Materials,journal,2026-02-22,article,en,,,,,Shanghai Jiao Tong University,15,bronze,1
10.1002/adma.202519267,10.1002/adma.202519267,Molecular Bridge Regulation of Buried Interface in Perovskite Solar Cells,Advanced Materials,journal,2026-02-22,article,en,,,,,Dalian National Laboratory For Clean Energy,11,closed,1
10.1002/solr.202500840,10.1002/solr.202500840,Enhanced Thermal Stability of Inverted Perovskite Solar Cells by Bulky Passivation With Pyridine‐Functionalized Triphenylamine,Solar RRL,journal,2026-02-22,article,en,,,,,Moscow,3,closed,1
10.1016/j.inoche.2026.116382,10.1016/j.inoche.2026.116382,Computational analysis of inorganic Cs2AgMBr6-based double perovskite solar cells for underwater applications via SCAPS-1D,Inorganic Chemistry Communications,journal,2026-02-22,article,en,,,,,National,1,closed,0
10.1016/j.jpowsour.2026.239653,10.1016/j.jpowsour.2026.239653,A high efficient and stable all-solid-state photo-rechargeable battery based on Cs2AgBiBr6,Journal of Power Sources,journal,2026-02-22,article,en,,,,,Henan University,0,closed,0
10.1002/pip.70085,10.1002/pip.70085,Polarity Engineering to Optimize the Crystallization Process of Tin Halide Perovskites for Photovoltaic Applications,Progress in Photovoltaics Research and Applications,journal,2026-02-22,article,en,,,,,Nanjing University Of Posts And Telecommunications,0,bronze,0
10.1038/s41563-026-02494-w,10.1038/s41563-026-02494-w,Crystal-facet-directed all-vacuum-deposited perovskite solar cells,Nature Materials,journal,2026-02-23,article,en,,,,,Hong Kong University Of Science And Technology,13,hybrid,1
10.1016/j.joule.2025.102299,10.1016/j.joule.2025.102299,"Mechanistic iron(III) doping of solution-processed MoOx enables universal, stable, and efficient hole transport in organic and perovskite solar cells",Joule,journal,2026-02-23,article,en,,,,,Ingenierie Des Materiaux Polymeres,6,closed,0
10.1016/j.joule.2025.102301,10.1016/j.joule.2025.102301,Tailored n value engineering of Dion-Jacobson 2D layers enables efficient and stable perovskite solar cells,Joule,journal,2026-02-23,article,en,,,,,Korea Advanced,4,closed,0
10.1088/2631-8695/ae493c,10.1088/2631-8695/ae493c,Advances in electron and hole transport layers-free perovskite solar cells,Engineering Research Express,journal,2026-02-23,article,en,,,,,University Of Cyberjaya,3,hybrid,0
10.1016/j.rechem.2026.103165,10.1016/j.rechem.2026.103165,Interface engineering with aromatic silane carbonates toward efficient and durable perovskite photovoltaics,Results in Chemistry,journal,2026-02-23,article,en,,,,,National Taipei University Of Technology,2,gold,0
10.1021/acs.accounts.5c00858,10.1021/acs.accounts.5c00858,Resonance Variation-Based Dynamically Adaptive Organic Optoelectronic Materials,Accounts of Chemical Research,journal,2026-02-23,article,en,,,,,Nanjing University Of Posts And Telecommunications,2,closed,1
10.1364/ome.589828,10.1364/ome.589828,Machine learning–driven optimization of lead-free Rb 2 GeSnCl 6 double perovskite solar cells for high-efficiency sustainable energy,Optical Materials Express,journal,2026-02-23,article,en,,,,,Begum Rokeya University,2,gold,0
10.1016/j.solener.2026.114435,10.1016/j.solener.2026.114435,Progress on application of eco-friendly perovskite solar cells in buildings,Solar Energy,journal,2026-02-23,article,en,,,,,Beijing University Of Civil Engineering And Architecture,2,closed,0
10.1007/s40820-026-02112-z,10.1007/s40820-026-02112-z,Novel Gradient p-Doping Strategy Enables Efficient Carbon-Based Hole Transport Layer-Free Perovskite Solar Cells,Nano-Micro Letters,journal,2026-02-23,article,en,,,,,Wuhan National Laboratory For Optoelectronics,1,gold,1
10.21203/rs.3.rs-8840124/v1,10.21203/rs.3.rs-8840124/v1,Quasi-Ohmic Electron Extraction in Perovskite Solar Cells through Controlled Burstein–Moss Shifts in Rare-Earth Doped SnO2 ETLs,Research Square,repository,2026-02-23,preprint,en,,,,,Vellore,0,green,0
10.1016/j.solener.2026.114460,10.1016/j.solener.2026.114460,Influence of current-match on efficiency optimization of monolithic all-perovskite tandem solar cells,Solar Energy,journal,2026-02-23,article,en,,,,,Tianjin University Of Technology,0,closed,0
10.1364/ome.591211,10.1364/ome.591211,"First-principles and device-level investigation of physical and photovoltaic properties of lead-free JAgO 3 (J = Nb, Ta) oxide perovskites",Optical Materials Express,journal,2026-02-23,article,en,,,,,Khulna University Of Engineering And Technology,0,gold,0
10.1021/acs.jctc.5c01980,10.1021/acs.jctc.5c01980,Environmental Effects via Frozen Density Embedding in Real-Time Time-Dependent Dirac–Kohn–Sham Theory: Solvation of Lead Halides,Journal of Chemical Theory and Computation,journal,2026-02-23,article,en,,,,,Laboratoire De Physique Des Lasers Atomes Et Molécules,0,hybrid,1
10.1063/5.0310684,10.1063/5.0310684,Improved interface contact and defect passivation for enhanced charge dynamics of perovskite photovoltaics,Applied Physics Letters,journal,2026-02-23,article,en,,,,,Henan University,0,closed,0
10.48550/arxiv.2602.22024,10.48550/arxiv.2602.22024,Band-Like Transport and Cation Off-Centring in Ag/Bi-Based Solar Absorbers,arXiv (Cornell University),repository,2026-02-23,preprint,en,,,,,,0,green,1
band like transport and cation off centring in ag bi based solar absorbers|huang,,Band-Like Transport and Cation Off-Centring in Ag/Bi-Based Solar Absorbers,arXiv (Cornell University),repository,2026-02-23,preprint,en,,,,,,0,green,0
10.47363/jgwcc/icrsee2026/2026(2)7,10.47363/jgwcc/icrsee2026/2026(2)7,The Power of Renewable Energy: Driving a Sustainable Future,Journal of Global Warming and Climate Change,journal,2026-02-23,article,en,,,,,University Of Jazeera,0,closed,0
10.47363/jgwcc/icrsee2026/2026(2)3,10.47363/jgwcc/icrsee2026/2026(2)3,Characterization & Reliability Challenges of New Generation Solar PV Modules,Journal of Global Warming and Climate Change,journal,2026-02-23,article,en,,,,,Technology Innovation Institute,0,closed,0
10.1021/acsenergylett.6c00094,10.1021/acsenergylett.6c00094,Halide Segregation in Wide-Bandgap Quasi-2D Perovskites under Rapid Thermal Cycling,ACS Energy Letters,journal,2026-02-24,article,en,,,,,Technical University Of Munich,10,hybrid,1
10.1002/adma.202521697,10.1002/adma.202521697,Stabilizing Ni 3+ ‐Rich NiO x /Perovskite Interface via Dual Coordination for Efficient and Durable Perovskite Photovoltaics,Advanced Materials,journal,2026-02-24,article,en,,,,,Lanzhou University Of Technology,7,closed,0
10.1016/j.jallcom.2026.186976,10.1016/j.jallcom.2026.186976,First-principle DFT-based study of novel K3SeI anti-perovskite for advanced photovoltaic and photocatalytic applications with SCAPS-1D solar cell modeling,Journal of Alloys and Compounds,journal,2026-02-24,article,en,,,,,National,6,closed,0
10.1002/adma.202520030,10.1002/adma.202520030,Multi‐functional Phase‐Changeable Salt for Inverted Perovskite Solar Cells,Advanced Materials,journal,2026-02-24,article,en,,,,,Chongqing University,5,closed,0
10.1002/adma.202522994,10.1002/adma.202522994,"Interface‐Enriched Fluorinated Covalent Organic Framework Enables Stable, High‐Performance n‐i‐p Perovskite Solar Cells",Advanced Materials,journal,2026-02-24,article,en,,,,,Northeast Normal University,5,closed,0
10.1021/acsami.5c21997,10.1021/acsami.5c21997,Interface-Engineered Composite Self-Assembled Monolayers Driving Efficient and Stable Wide-Bandgap Perovskite and Tandem Solar Cells,ACS Applied Materials & Interfaces,journal,2026-02-24,article,en,,,,,,4,closed,1
10.1016/j.orgel.2026.107400,10.1016/j.orgel.2026.107400,A two-step hybrid evaporation-solution method for fabricating large-area high-efficiency perovskite solar cells,Organic Electronics,journal,2026-02-24,article,en,,,,,Hangzhou Dianzi University,3,closed,0
10.1016/j.egyr.2026.109131,10.1016/j.egyr.2026.109131,Simulation and optimization of FA0.75MA0.25Sn0.95Ge0.05I3/FA0.75Cs0.25SnI3 lead-free mixed cation Sn-based heterojunction perovskite solar cells with various ETLs and HTLs using SCAPS-1D,Energy Reports,journal,2026-02-24,article,en,,,,,Vellore,1,gold,1
10.1021/jacs.5c21300,10.1021/jacs.5c21300,Local Symmetry Breaking in 3D Hybrid Perovskites with 3-Hydroxyazetidinium,Journal of the American Chemical Society,journal,2026-02-24,article,en,,,,,Duke University,1,closed,1
10.1021/acsenergylett.5c03797,10.1021/acsenergylett.5c03797,Polar Hybrid Perovskite Obtained by Induction of Lone Pair Electrons toward Efficient and Stable Self-Powered X-ray Detection,ACS Energy Letters,journal,2026-02-24,article,en,,,,,Of The People's Republic Of China,1,closed,1
10.5281/zenodo.18760051,10.5281/zenodo.18760051,Design of lead-free triple-absorber perovskite/ACIGS 2T tandem solar cell: Machine learning and SCAPS-1D approach,Zenodo (CERN European Organization for Nuclear Research),repository,2026-02-24,article,en,,,,,Chittagong University Of Engineering & Technology,0,green,0
10.1016/j.nanoen.2026.111831,10.1016/j.nanoen.2026.111831,Physics-informed weakly supervised learning for in-situ photoluminescence dynamics analysis in perovskite solar cells,Nano Energy,journal,2026-02-24,article,en,,,,,City University Of Hong Kong,0,hybrid,1
10.1016/j.jacomc.2026.100169,10.1016/j.jacomc.2026.100169,Advances in p/n homojunction perovskite solar cells: Overcoming stability and efficiency challenges,Journal of Alloys and Compounds Communications,journal,2026-02-24,article,en,,,,,United Arab Emirates University,0,hybrid,0
10.17615/s8z5-xx37,10.17615/s8z5-xx37,Limiting phosphonic acid interlayer–perovskite reactivity to stabilize perovskite solar modules,UNC Libraries,repository,2026-02-24,article,en,,,,,,0,green,0
10.1016/j.asr.2026.02.067,10.1016/j.asr.2026.02.067,Evaluation of cosmic-ray damage and doses on hybrid and inorganic halide lead perovskites in space environment,Advances in Space Research,journal,2026-02-24,article,en,,,,,North-west University,0,hybrid,0
10.1016/j.jallcom.2026.186991,10.1016/j.jallcom.2026.186991,Synergistic regulation of MXene and graphene oxide on the electron transport layer for high-performance perovskite solar cells,Journal of Alloys and Compounds,journal,2026-02-24,article,en,,,,,North University Of China,0,closed,0
10.1088/1402-4896/ae49c1,10.1088/1402-4896/ae49c1,Design guidelines for high-efficiency and stable ASnI 2 Br lead-free perovskite solar cell: a SCAPS-1D simulation approach,Physica Scripta,journal,2026-02-24,article,en,,,,,Ziane Achour University Of Djelfa,0,hybrid,0
10.17615/v76j-pn23,10.17615/v76j-pn23,Resolving dispersive diffusion in layered perovskites with photocurrent-detected transient gratings,UNC Libraries,repository,2026-02-24,article,en,,,,,University Of North Carolina At Chapel Hill,0,green,0
10.5281/zenodo.18760052,10.5281/zenodo.18760052,Design of lead-free triple-absorber perovskite/ACIGS 2T tandem solar cell: Machine learning and SCAPS-1D approach,Zenodo (CERN European Organization for Nuclear Research),repository,2026-02-24,article,en,,,,,Chittagong University Of Engineering & Technology,0,green,0
10.1016/j.solener.2026.114430,10.1016/j.solener.2026.114430,Synergistic preheating and moderate temperature liquid medium annealing for high performance perovskite solar cells,Solar Energy,journal,2026-02-24,article,en,,,,,Chang Gung University,0,closed,0
10.48550/arxiv.2602.20764,10.48550/arxiv.2602.20764,Beyond Point-like Defects in Bulk Semiconductors: Junction Spectroscopy Techniques for Perovskite Solar Cells and 2D Materials,arXiv (Cornell University),repository,2026-02-24,preprint,en,,,,,,0,green,1
10.1002/solr.202500859,10.1002/solr.202500859,Air Annealing‐Driven Preferential Growth of Low‐ n Phases and Vertical Orientation in Cesium‐Based 2D Perovskite Solar Cells,Solar RRL,journal,2026-02-24,article,en,,,,,Yangzhou University,0,closed,1
10.1038/s41560-026-01993-z,10.1038/s41560-026-01993-z,Photoswitchable isomers to improve grain boundary resilience and perovskite solar cells stability under light cycling,Nature Energy,journal,2026-02-25,article,en,,,,,Of The People's Republic Of China,21,hybrid,1
10.1016/j.vacuum.2026.115212,10.1016/j.vacuum.2026.115212,From oxide to sulfide: Computational design of NaTaO3-xSx perovskites with tailored electronic and thermal behavior,Vacuum,journal,2026-02-25,article,en,,,,,Medical University Of Warsaw,18,closed,0
10.1002/adma.72638,10.1002/adma.72638,Robust Adsorption of Self‐Assembled Monolayer on NiOx via Multiple Hydrogen Bonds for Stable Inverted Perovskite Solar Cells,Advanced Materials,journal,2026-02-25,article,en,,,,,Kunming University Of Science And Technology,8,closed,0
10.1002/aenm.202506610,10.1002/aenm.202506610,Interfacial Passivation Toward Photostable Wide‐Bandgap Perovskites for Efficient Semitransparent Solar Cells,Advanced Energy Materials,journal,2026-02-25,article,en,,,,,Wuhan University Of Technology,6,closed,1
10.1063/5.0279622,10.1063/5.0279622,Modulating non-radiative recombination related to shallow traps in halide perovskites,Applied Physics Reviews,journal,2026-02-25,article,en,,,,,University Of Cambridge,5,hybrid,1
10.1016/j.materresbull.2026.114081,10.1016/j.materresbull.2026.114081,NiOx@Carbon black counter electrodes for perovskite solar cells by slot-die and blade coating methods,Materials Research Bulletin,journal,2026-02-25,article,en,,,,,University Of Louisville,2,closed,0
10.1016/j.mee.2026.112455,10.1016/j.mee.2026.112455,A review of nanoimprint lithography for improving the optical performance of solar cells,Microelectronic Engineering,journal,2026-02-25,article,en,,,,,International Iberian Nanotechnology Laboratory,2,hybrid,0
10.1002/adma.202522776,10.1002/adma.202522776,Photovoltage‐Driven Two‐Transistor–One‐Diode Perovskite Pixels for In‐Cell Optical Sensing Displays,Advanced Materials,journal,2026-02-25,article,en,,,,,Sun Yat-sen University,2,closed,0
10.1002/adfm.74636,10.1002/adfm.74636,Synergistic Spatial Charge Distribution Enhancing Electron Affinity to Afford High‐Efficiency Perovskite Solar Cells,Advanced Functional Materials,journal,2026-02-25,article,en,,,,,Tan Kah Kee Innovation Laboratory,2,closed,1
10.1002/adfm.74659,10.1002/adfm.74659,Halogen Bonding Networks Regulate Bromide Crystallization and Stabilize Phase Homogeneity in Efficient All‐Perovskite Tandem Solar Cells,Advanced Functional Materials,journal,2026-02-25,article,en,,,,,East China Normal University,2,closed,1
10.1016/j.ssc.2026.116380,10.1016/j.ssc.2026.116380,Smart optimization of rare-earth-based perovskite solar cells using machine learning approaches,Solid State Communications,journal,2026-02-25,article,en,,,,,Techno India University,1,closed,0
10.1007/s11696-026-04682-z,10.1007/s11696-026-04682-z,Multifunctional properties of CaAlCl3 and CaAlI3 halide perovskites: first-principles insights into halogen substitution,Chemical Papers,journal,2026-02-25,article,en,,,,,Mohammed V University,1,closed,0
10.1016/j.mcat.2026.115799,10.1016/j.mcat.2026.115799,A comprehensive review on perovskite catalysts for sustainable application,Molecular Catalysis,journal,2026-02-25,article,en,,,,,Shree Guru Gobind Singh Tricentenary University,1,closed,0
10.26599/jac.2026.9221272,10.26599/jac.2026.9221272,"Multifunctional ferroelectric heterostructure for high-performance photovoltaic, self-powered photodetection and optoelectronic synapse via non-equilibrium polarization strategy",Journal of Advanced Ceramics,journal,2026-02-25,article,en,,,,,Inner Mongolia University Of Science And Technology,1,gold,0
10.1016/j.jallcom.2026.187043,10.1016/j.jallcom.2026.187043,Synergistic multi-sited passivation enables efficient air-processed carbon-based CsPbI2Br photovoltaics,Journal of Alloys and Compounds,journal,2026-02-25,article,en,,,,,Shenzhen University,1,closed,0
10.1002/ejoc.202501195,10.1002/ejoc.202501195,Succinct New Synthetic Route to Tetrathienoanthracene‐Based Hole‐Transporting Materials via Pd‐Catalyzed Direct CH/CBr Coupling Reactions,European Journal of Organic Chemistry,journal,2026-02-25,article,en,,,,,National Central University,1,closed,0
10.1103/gnv9-n9cw,10.1103/gnv9-n9cw,Possible hot-phonon botteneck in MAPbI 3 studied using pump-pump-probe spectroscopy,Physical review. B./Physical review. B,journal,2026-02-25,article,en,,,,,University Of Science And Technology Of China,0,closed,0
10.1016/j.solener.2026.114459,10.1016/j.solener.2026.114459,3D Non-destructive Infrared Holographic Microscopy Surface Uniformity Investigations of Perovskite Solar Films,Solar Energy,journal,2026-02-25,article,en,,,,,State,0,closed,0
10.1021/acsenergylett.5c03788,10.1021/acsenergylett.5c03788,Linking Double Inductance in Impedance Spectroscopy to Ionic Losses in Perovskite Photovoltaics,ACS Energy Letters,journal,2026-02-25,article,en,,,,,University Of British Columbia,0,green,1
10.17615/kms2-d018,10.17615/kms2-d018,Imaging Excited State Dynamics in Layered 2D Perovskites with Transient Absorption Microscopy,UNC Libraries,repository,2026-02-25,article,en,,,,,University Of North Carolina At Chapel Hill,0,green,0
10.5281/zenodo.18776435,10.5281/zenodo.18776435,Accelerated Discovery and Stability Prediction of Lead-Free Halide Perovskites via Physics-Informed Machine Learning,Zenodo (CERN European Organization for Nuclear Research),repository,2026-02-25,preprint,en,,,,,Bangladesh University Of Engineering And Technology,0,green,1
10.17615/nzzp-z523,10.17615/nzzp-z523,Uncovering Transport Mechanisms in Perovskite Materials and Devices with Recombination-Induced Action Spectroscopies,UNC Libraries,repository,2026-02-25,article,en,,,,,University Of North Carolina At Chapel Hill,0,green,0
10.17615/5k7c-vy97,10.17615/5k7c-vy97,Probing Carrier Transport in Layered Perovskites with Nonlinear Optical and Photocurrent Spectroscopies,UNC Libraries,repository,2026-02-25,article,en,,,,,University Of North Carolina At Chapel Hill,0,green,0
10.5281/zenodo.18776434,10.5281/zenodo.18776434,Accelerated Discovery and Stability Prediction of Lead-Free Halide Perovskites via Physics-Informed Machine Learning,Zenodo (CERN European Organization for Nuclear Research),repository,2026-02-25,preprint,en,,,,,Bangladesh University Of Engineering And Technology,0,green,1
10.17615/hsh1-9321,10.17615/hsh1-9321,Measuring carrier diffusion in MAPbI3 solar cells with photocurrent-detected transient grating spectroscopy,UNC Libraries,repository,2026-02-25,article,en,,,,,University Of North Carolina At Chapel Hill,0,green,0
10.17615/zxej-6y40,10.17615/zxej-6y40,Multidimensional time-of-flight spectroscopy,UNC Libraries,repository,2026-02-25,article,en,,,,,University Of North Carolina At Chapel Hill,0,green,0
10.17615/82wp-wa93,10.17615/82wp-wa93,Origin of layered perovskite device efficiencies revealed by multidimensional time-of-flight spectroscopy,UNC Libraries,repository,2026-02-25,article,en,,,,,University Of North Carolina At Chapel Hill,0,green,0
10.1016/j.matlet.2026.140354,10.1016/j.matlet.2026.140354,Rb+ doping for high-efficiency and stable Cs-rich wide-gap Cs₀.₇FA₀.₃PbI₂Br perovskite solar cells,Materials Letters,journal,2026-02-25,article,en,,,,,Guilin University Of Technology,0,closed,0
10.17615/hxy1-wh46,10.17615/hxy1-wh46,Elucidation of Quantum-Well-Specific Carrier Mobilities in Layered Perovskites,UNC Libraries,repository,2026-02-25,article,en,,,,,University Of North Carolina At Chapel Hill,0,green,0
10.48550/arxiv.2602.21812,10.48550/arxiv.2602.21812,ML-guided screening of chalcogenide perovskites as solar energy materials,arXiv (Cornell University),repository,2026-02-25,preprint,en,,,,,,0,green,1
10.55730/1300-0527.3779,10.55730/1300-0527.3779,Comparative computational study of sulfur-donor additives for stabilization of FAPbI3 perovskites,TURKISH JOURNAL OF CHEMISTRY,journal,2026-02-25,article,en,,,,,Academy Of Sciences Republic Of Uzbekistan,0,diamond,0
10.1002/adfm.202524302,10.1002/adfm.202524302,Multisite‐Functionalized Thiazole Spacer Enables Synergistic Grain‐Boundary Healing and Energy‐Level Alignment for High‐Performance 2D/3D Perovskite Solar Cells,Advanced Functional Materials,journal,2026-02-25,article,en,,,,,University Of Science And Technology Of China,0,closed,1
10.1126/science.aea3339,10.1126/science.aea3339,"Hafnium oxide interface stabilization for efficient, photothermally stable perovskite solar cells",Science,journal,2026-02-26,article,en,,,,,Wuhan University,36,closed,1
10.1021/acsenergylett.5c04127,10.1021/acsenergylett.5c04127,In Situ Engineered Gradient Ruddlesden–Popper 2D/3D Heterostructures at the Buried Interface Enable Current-Matched Perovskite/Silicon Tandems,ACS Energy Letters,journal,2026-02-26,article,en,,,,,University Of Macau,9,closed,1
10.1002/adma.202523520,10.1002/adma.202523520,"A Multifunctional Interfacial Dipolar Molecule: Universal Applicability in Efficient Rigid, Flexible, and Large‐Area Perovskite Solar Cells",Advanced Materials,journal,2026-02-26,article,en,,,,,Shanghai,4,closed,0
10.1021/acsaem.5c03517,10.1021/acsaem.5c03517,Improved Perovskite Solar Cells with an Environmentally Friendly Phthalocyanine Hole Extracting Interlayer,ACS Applied Energy Materials,journal,2026-02-26,article,en,,,,,University Of Rome Tor Vergata,2,hybrid,1
10.1016/j.newton.2026.100431,10.1016/j.newton.2026.100431,Phosphonic-acid-reinforced polymer hole transport layers for deployable p-i-n perovskite photovoltaics,Newton,journal,2026-02-26,article,en,,,,,National Laboratory Of The Rockies,2,closed,0
10.1016/j.cej.2026.174668,10.1016/j.cej.2026.174668,π-π interface engineering enabled high-performance all-inorganic CsPbI3-xBrx perovskite solar cells using aniline derivatives,Chemical Engineering Journal,journal,2026-02-26,article,en,,,,,Xi'an University Of Science And Technology,2,closed,0
10.1016/j.solmat.2026.114260,10.1016/j.solmat.2026.114260,Synthesis of advanced copolymers to stabilize Bi inorganic perovskite in solar cell application,Solar Energy Materials and Solar Cells,journal,2026-02-26,article,en,,,,,Universidade Federal Do Rio Grande Do Norte,2,closed,0
10.1021/acsami.5c21487,10.1021/acsami.5c21487,Sulfadiazine Interface Layer-Multisite Passivation and Energy Level Regulation for Inverted Perovskite Solar Cells,ACS Applied Materials & Interfaces,journal,2026-02-26,article,en,,,,,Hefei University Of Technology,1,closed,1
10.17615/awxv-2k89,10.17615/awxv-2k89,Enhancing Photovoltaic Performance of Aromatic Ammonium‐based Two‐Dimensional Organic‐Inorganic Hybrid Perovskites via Tuning CH···π Interaction,UNC Libraries,repository,2026-02-26,article,en,,,,,University Of North Carolina At Chapel Hill,0,green,0
10.17615/vrz4-wb73,10.17615/vrz4-wb73,Distinguishing Energy- and Charge-Transfer Processes in Layered Perovskite Quantum Wells with Two-Dimensional Action Spectroscopies,UNC Libraries,repository,2026-02-26,article,en,,,,,University Of North Carolina At Chapel Hill,0,green,0
10.17615/4tps-j011,10.17615/4tps-j011,Enhancing Charge Transport of 2D Perovskite Passivation Agent for Wide‐Bandgap Perovskite Solar Cells Beyond 21%,UNC Libraries,repository,2026-02-26,article,en,,,,,,0,green,0
10.1016/j.dyepig.2026.113681,10.1016/j.dyepig.2026.113681,Photoinduced electron-transfer from all-inorganic CsPbBr3 perovskite nanocrystals to naphthalenediimides,Dyes and Pigments,journal,2026-02-26,article,en,,,,,Universidade Federal Do Abc,0,hybrid,0
10.1360/ssc-2026-0020,10.1360/ssc-2026-0020,Defect-anchoring and spatial confinement strategy suppresses electrode corrosion to improve stability of inverted perovskite solar cells,Scientia Sinica Chimica,journal,2026-02-26,article,en,,,,,,0,bronze,0
10.1016/j.solmat.2026.114253,10.1016/j.solmat.2026.114253,Stepwise multi-target optimization of two-step deposition for wide-bandgap perovskite solar cells,Solar Energy Materials and Solar Cells,journal,2026-02-26,article,en,,,,,Northwestern Polytechnical University,0,closed,0
10.3390/cryst16030160,10.3390/cryst16030160,Iminodiacetic Acid-Modified TiO2 Electron Transport Layers for Efficient and Stable CsPbI3−xBrx Perovskite Solar Cells,Crystals,journal,2026-02-26,article,en,,,,,Shaanxi University Of Science And Technology,0,gold,0
10.1007/s12596-026-03041-1,10.1007/s12596-026-03041-1,"Anti-fragile solar cells: materials, mechanisms, and future self-improving photovoltaics",Journal of Optics,journal,2026-02-26,article,en,,,,,Shaqra University,0,closed,0
10.1002/smll.72953,10.1002/smll.72953,A P‐Type Organic Dye as Interface Layer for Efficient and Stable Inverted Perovskite Solar Cells,Small,journal,2026-02-26,article,en,,,,,Tianjin University,0,closed,1
10.1364/oe.588125,10.1364/oe.588125,Self-powered Perovskite solar cell receiver for visible light communications,Optics Express,journal,2026-02-26,article,en,,,,,,0,gold,0
10.36948/ijfmr.2026.v08i01.69370,10.36948/ijfmr.2026.v08i01.69370,AI-Driven Real-Time Solar Tracking System Using Perovskite PV Technology for Enhanced Energy Harvesting.,International Journal For Multidisciplinary Research,journal,2026-02-26,article,en,,,,,,0,hybrid,0
10.1002/admi.202500980,10.1002/admi.202500980,Bulk Passivation via Surface Engineering with Low‐Dimensional Inorganic Perovskites,Advanced Materials Interfaces,journal,2026-02-26,article,en,,,,,Chungnam National University,0,gold,0
10.61435/ijred.2026.62013,10.61435/ijred.2026.62013,Upcycling EAF graphite electrode waste into graphene-oxide–doped PEDOT:PSS for inverted perovskite solar cells,International Journal of Renewable Energy Development,journal,2026-02-26,article,en,,,,,Sultan Ageng Tirtayasa University,0,gold,0
10.1038/s41598-026-41519-x,10.1038/s41598-026-41519-x,Investigating the optoelectronic properties and photovoltaic performance of Na2AuGaBr6 based double perovskite solar cells via numerical simulation and AI techniques,Scientific Reports,journal,2026-02-27,article,en,,,,,Gopalganj Science And Technology University,10,gold,0
10.1038/s44160-026-00993-x,10.1038/s44160-026-00993-x,Crystal-solvate pre-seeded synthesis for scalable perovskite solar cell fabrication,Nature Synthesis,journal,2026-02-27,article,en,,,,,Qingdao,6,closed,0
10.1142/s0217979226501092,10.1142/s0217979226501092,"Unveiling the potential of fluorine-based double perovskites A 2 InGaF 6 (A=Cs, Na) for UV–visible optoelectronics via first-principles analysis for optoelectronic applications",International Journal of Modern Physics B,journal,2026-02-27,article,en,,,,,Begum Rokeya University,2,closed,0
10.1016/j.joule.2025.102305,10.1016/j.joule.2025.102305,In situ detection and accurate repair of defects in printed flexible perovskite photovoltaics,Joule,journal,2026-02-27,article,en,,,,,Jiangxi Normal University,2,closed,0
10.1016/j.optcom.2026.133084,10.1016/j.optcom.2026.133084,Pressure-tuned Li-based perovskites: A DFT-Guided device-level design for next-generation solar cells,Optics Communications,journal,2026-02-27,article,en,,,,,Khulna University Of Engineering And Technology,1,closed,0
10.1002/sstr.202500885,10.1002/sstr.202500885,Interfacing 2D Perovskite Featuring Face‐Sharing Octahedra with 3D Perovskite for Stable Photovoltaics,Small Structures,journal,2026-02-27,article,en,,,,,Westlake University,1,gold,0
10.1002/smll.202513958,10.1002/smll.202513958,Quantifying the Spatial Distribution of Series Resistance in Monolithic Perovskite/Silicon Tandem Solar Cells Using Voltage‐Dependent Photoluminescence Imaging,Small,journal,2026-02-27,article,en,,,,,University Of Freiburg,1,hybrid,1
10.1016/j.micrna.2026.208623,10.1016/j.micrna.2026.208623,Efficient all-inorganic eco-friendly perovskite photovoltaic using germanium cation,Micro and Nanostructures,journal,2026-02-27,article,en,,,,,University Of Technology - Iraq,0,closed,0
10.1016/j.jechem.2026.02.030,10.1016/j.jechem.2026.02.030,Hydroxyl-driven dimethylammonium iodide volatilization for efficient CsPbI3 solar cells,Journal of Energy Chemistry,journal,2026-02-27,article,en,,,,,,0,closed,0
10.1142/s0217979226500839,10.1142/s0217979226500839,Synthesis and characterizations of the graphene-doped Cu-based MOF for certain efficient perovskite solar cells,International Journal of Modern Physics B,journal,2026-02-27,article,en,,,,,University Of Faisalabad,0,closed,0
10.1142/s0217979226501031,10.1142/s0217979226501031,"Exploring the optoelectronic potential of K 3 AlX 6 (X=Br, I) halide compounds via first-principles calculations",International Journal of Modern Physics B,journal,2026-02-27,article,en,,,,,Begum Rokeya University,0,closed,0
10.26434/chemrxiv.15000472/v1,10.26434/chemrxiv.15000472/v1,"Curated Dataset, Structure-Property Relationships and Machine Learning Prediction of Band Gaps for One-Dimensional Bismuth(III) and Antimony(III) Halides",ChemRxiv,repository,2026-02-27,preprint,en,,,,,Lomonosov Moscow State University,0,green,1
10.1016/j.inoche.2026.116389,10.1016/j.inoche.2026.116389,Tailored BiFeO3 for photovoltaics: Multiscale analysis and SCAPS Modeling,Inorganic Chemistry Communications,journal,2026-02-27,article,en,,,,,Université Moulay Ismail De Meknes,0,closed,0
10.1016/j.scib.2026.02.050,10.1016/j.scib.2026.02.050,Strongly spatial-confined self-assembled monolayers for high-performance perovskite photovoltaics,中国科学通报：英文版,journal,2026-02-27,article,en,,,,,Southern University Of Science And Technology,0,closed,1
10.1002/adma.202522942,10.1002/adma.202522942,Redox Cascade‐Driven Structural Degradation Under Reverse Bias in All‐Perovskite Tandem Solar Cells,Advanced Materials,journal,2026-02-27,article,en,,,,,Wuhan University,0,closed,1
10.1016/j.jpowsour.2026.239718,10.1016/j.jpowsour.2026.239718,Scaling an inverse relation between photovoltaic efficiency and donor carrier density for sustainable solar potential in double perovskite-based solar cells,Journal of Power Sources,journal,2026-02-28,article,en,,,,,University Of The Punjab,4,closed,0
10.1016/j.solmat.2026.114269,10.1016/j.solmat.2026.114269,Cu-doped Co3O4 colloid hole-transporting material for the stable perovskite solar cells,Solar Energy Materials and Solar Cells,journal,2026-02-28,article,en,,,,,Donghua University,2,closed,0
10.1016/j.cinorg.2026.100148,10.1016/j.cinorg.2026.100148,Structural and optical properties in manganese doping-driven Bi-based perovskite microcrystal,Chemistry of Inorganic Materials,journal,2026-02-28,article,en,,,,,Basque Center For Materials Applications And Nanostructures,1,gold,0
10.3390/inorganics14030073,10.3390/inorganics14030073,"First-Principles Study of Two-Dimensional A2SnI4 (A = MA, DMA, GUA) Ruddlesden–Popper Perovskites",Inorganics,journal,2026-02-28,article,en,,,,,Yunnan University,1,gold,0
10.1002/rar2.70181,10.1002/rar2.70181,Vertically Oriented Single‐Layer Grains for a Highly Bifunctional Perovskite Photovoltaic Light‐Emitting Device,Rare Metals,journal,2026-02-28,article,en,,,,,Zhengzhou University Of Light Industry,1,hybrid,0
10.1016/j.solmat.2026.114265,10.1016/j.solmat.2026.114265,Unlocking 30% efficiency in perovskite solar cells via dual black phosphorene interfaces for superior charge extraction: A SCAPS-1D simulation study,Solar Energy Materials and Solar Cells,journal,2026-02-28,article,en,,,,,Fujian University Of Technology,1,closed,0
10.5281/zenodo.18814239,10.5281/zenodo.18814239,Advanced Passivation and Architecture for Breaking the Shockley Queisser Limit in Perovskite Silicon Tandem Solar Cells,,,2026-02-28,article,en,,,,,,0,gold,0
10.1016/j.mssp.2026.110561,10.1016/j.mssp.2026.110561,Interface regulation of CsF on the NiOX hole transport layer in inverted perovskite solar cells,Materials Science in Semiconductor Processing,journal,2026-02-28,article,en,,,,,North University Of China,0,closed,0
10.5281/zenodo.18814199,10.5281/zenodo.18814199,Breaking the Shockley-Queisser Limit: Advanced Passivation and Architecture of Perovskite-Silicon Tandem Solar Cells,,,2026-02-28,article,en,,,,,,0,gold,0
10.5281/zenodo.18814198,10.5281/zenodo.18814198,Breaking the Shockley-Queisser Limit: Advanced Passivation and Architecture of Perovskite-Silicon Tandem Solar Cells,Zenodo (CERN European Organization for Nuclear Research),repository,2026-02-28,article,en,,,,,,0,green,0
10.1016/j.tsf.2026.140900,10.1016/j.tsf.2026.140900,Dimethylammonium Iodide - Modified CsPbI2Br Thin Films with Enhanced Structural and Optical Properties via Radio Frequency Magnetron Sputtering,Thin Solid Films,journal,2026-02-28,article,en,,,,,Guangzhou,0,closed,0
10.5281/zenodo.18814238,10.5281/zenodo.18814238,Advanced Passivation and Architecture for Breaking the Shockley Queisser Limit in Perovskite Silicon Tandem Solar Cells,Zenodo (CERN European Organization for Nuclear Research),repository,2026-02-28,article,en,,,,,,0,green,0
10.1002/asia.70663,10.1002/asia.70663,Supramolecular Chemistry Regulation of Perovskite Solar Cells: From Material Design to Device Stability,Chemistry - An Asian Journal,journal,2026-02-28,article,en,,,,,Yangzhou University,0,closed,0
10.3390/mi17030314,10.3390/mi17030314,A Novel Transformer Architecture for Scalable Perovskite Thin-Film Detection,Micromachines,journal,2026-02-28,article,en,,,,,Jiangsu Normal University,0,gold,1
10.1142/s0217979226500785,10.1142/s0217979226500785,DFT-based study on the physical and molecular dynamics properties of some E 3 IO alkaline-metal anti-perovskites for renewable energy applications,International Journal of Modern Physics B,journal,2026-02-28,article,en,,,,,Khulna University Of Engineering And Technology,0,closed,0
10.7836/kses.2026.46.1.001,10.7836/kses.2026.46.1.001,Understanding Electric Properties Thickness of SnO2 with Atomic Layer Deposition,Journal of the Korean Solar Energy Society,journal,2026-02-28,article,en,,,,,Chungnam National University,0,diamond,0
10.20517/ss.2025.104,10.20517/ss.2025.104,Compositing halide perovskites for multifunctionalities beyond optoelectronics,Soft Science,journal,2026-02-28,article,en,,,,,,0,hybrid,0
10.5281/zenodo.19333000,10.5281/zenodo.19333000,ETM ENGINEERING AND PERFORMANCE OPTIMIZATION OF LEAD-FREE K₂GeBr₆ PEROVSKITE SOLAR CELLS,Zenodo (CERN European Organization for Nuclear Research),repository,2026-02-28,article,de,,,,,,0,green,0
10.5281/zenodo.19396073,10.5281/zenodo.19396073,ETM ENGINEERING AND PERFORMANCE OPTIMIZATION OF LEAD-FREE K₂GeBr₆ PEROVSKITE SOLAR CELLS,Zenodo (CERN European Organization for Nuclear Research),repository,2026-02-28,article,de,,,,,,0,green,0
10.5281/zenodo.19396998,10.5281/zenodo.19396998,ETM ENGINEERING AND PERFORMANCE OPTIMIZATION OF LEAD-FREE K₂GeBr₆ PEROVSKITE SOLAR CELLS,Zenodo (CERN European Organization for Nuclear Research),repository,2026-02-28,article,de,,,,,,0,green,0
10.5281/zenodo.20567735,10.5281/zenodo.20567735,AI-DRIVEN OPTIMIZATION OF PEROVSKITE SOLAR CELLS FOR SUSTAINABLE ENERGY DEVELOPMENT IN PAKISTAN,Zenodo (CERN European Organization for Nuclear Research),repository,2026-02-28,article,de,,,,,,0,green,0
10.5281/zenodo.21524397,10.5281/zenodo.21524397,AI-DRIVEN OPTIMIZATION OF PEROVSKITE SOLAR CELLS FOR SUSTAINABLE ENERGY DEVELOPMENT IN PAKISTAN,Zenodo (CERN European Organization for Nuclear Research),repository,2026-02-28,article,de,,,,,,0,green,0
10.1002/adsu.202600008,10.1002/adsu.202600008,Stability of Lead‐Free Perovskite Solar Cells,Advanced Sustainable Systems,journal,2026-03-01,article,en,,,,,Charles Darwin University,8,hybrid,0
10.1016/j.joule.2025.102310,10.1016/j.joule.2025.102310,Stable comprehensive dopants for efficient and scalable perovskite solar cells,Joule,journal,2026-03-01,article,en,,,,,City University Of Hong Kong,6,hybrid,1
10.1016/j.mtcomm.2026.114968,10.1016/j.mtcomm.2026.114968,Predicting photovoltaic output parameters of perovskite solar cells using explainable machine learning with physics-informed and simulation-derived descriptors,Materials Today Communications,journal,2026-03-01,article,en,,,,,Selçuk University,4,hybrid,0
10.1016/j.chempr.2026.102965,10.1016/j.chempr.2026.102965,A metal-ion-linked self-assembled molecular layer as a robust hole-selective contact for perovskite solar cells,Chem,journal,2026-03-01,article,en,,,,,Shanghaitech University,3,closed,0
10.1002/pssr.202500439,10.1002/pssr.202500439,"Core–Shell Engineering of CsPbBr 3 Nanocrystals: Structures, Properties, and Applications",physica status solidi (RRL) - Rapid Research Letters,journal,2026-03-01,article,en,,,,,University Of Cagliari,2,hybrid,0
10.26599/emd.2026.9370089,10.26599/emd.2026.9370089,Eco-friendly lead-free and low-lead perovskite solar cells,Energy Materials and Devices,journal,2026-03-01,article,en,,,,,Huazhong University Of Science And Technology,2,diamond,0
10.1002/flm2.70045,10.1002/flm2.70045,In situ coating strategy for flexible all‐perovskite tandem modules: A new path toward high‐efficiency flexible photovoltaics,FlexMat.,journal,2026-03-01,article,en,,,,,Nanjing University Of Posts And Telecommunications,2,diamond,1
10.1002/adts.202501547,10.1002/adts.202501547,Machine Learning‐Based Optimization of Perovskite Solar Cell Architecture Using Real‐World Database and Physical‐Driven Features,Advanced Theory and Simulations,journal,2026-03-01,article,en,,,,,Technical And Vocational University,2,closed,0
10.1002/pssb.202500536,10.1002/pssb.202500536,Electronic Structure and Optical Properties of ABI 3 Inorganic Lead‐Free Halide Perovskites: A DFT + U Study,physica status solidi (b),journal,2026-03-01,article,en,,,,,Yunnan Open University,2,closed,0
10.1002/smsc.202500603,10.1002/smsc.202500603,Design and Performance of Two‐Sided Self‐Protecting Perovskite Solar Cells for Indoor Vertical Applications,Small Science,journal,2026-03-01,article,en,,,,,Institute For Microelectronics And Microsystems,2,gold,0
10.1002/adts.202501992,10.1002/adts.202501992,"DFT and TD‐DFT Study of Al‐Based Fluoro‐Perovskites AlMF 3 (M = Ca, Zn, Ge) for Photovoltaic Applications",Advanced Theory and Simulations,journal,2026-03-01,article,en,,,,,Chandigarh University,2,closed,0
10.1007/s42247-026-01351-5,10.1007/s42247-026-01351-5,Green synthesis of Ag-doped NiOx hole transport layer for perovskite solar cell,Emergent Materials,journal,2026-03-01,article,en,,,,,University Of Dhaka,2,closed,0
10.3390/applnano7010008,10.3390/applnano7010008,"Influence of Temperature on Electron Transport, Current-Voltage Characteristics, and Capacitive Properties of MIM Nanostructures with Amorphous Niobium Pentoxide",Applied Nano,journal,2026-03-01,article,en,,,,,Saint Petersburg State Electrotechnical University,1,gold,0
10.1002/adom.202503615,10.1002/adom.202503615,Exploration of Pyridyl Porphyrin as Ultrafast Hot Hole Extractor From Colloidal CsPbI 3 Quantum Dots,Advanced Optical Materials,journal,2026-03-01,article,en,,,,,Indian,1,closed,0
10.1002/aesr.202500489,10.1002/aesr.202500489,Enhancing the Aqueous Stability of CsPbBr 3 by Growth in Nanoscopic Layered Silicates,Advanced Energy and Sustainability Research,journal,2026-03-01,article,en,,,,,Universität Hamburg,1,gold,0
10.1002/ente.202501989,10.1002/ente.202501989,Effect of Preheating on Phase Distribution and Orientation of 2D Halide Perovskite for Indoor Photovoltaics,Energy Technology,journal,2026-03-01,article,en,,,,,University Of St Andrews,1,hybrid,0
10.1016/j.mtcomm.2026.115046,10.1016/j.mtcomm.2026.115046,Hydrophobic diphenylguanidine additive improves the performance and stability of perovskite solar cells,Materials Today Communications,journal,2026-03-01,article,en,,,,,Changchun University Of Science And Technology,1,hybrid,0
10.1063/5.0319232,10.1063/5.0319232,Temperature effects on diurnal metastability of perovskite solar cells,APL Energy,journal,2026-03-01,article,en,,,,,Ben-gurion University Of The Negev,1,diamond,0
10.1063/5.0282489,10.1063/5.0282489,Exploring the function of organic CH3NH3GeI3-based perovskite solar cells using SCAPS-1D numerical analysis,Journal of Renewable and Sustainable Energy,journal,2026-03-01,article,en,,,,,Shri Ramswaroop Memorial University,1,closed,0
10.1016/j.chempr.2026.102964,10.1016/j.chempr.2026.102964,Trace-water-mediated formamidinium cation anchoring to regulate crystallization of tin-lead perovskite for efficient and stable photovoltaics,Chem,journal,2026-03-01,article,en,,,,,Qingdao University Of Science And Technology,1,closed,0
10.1002/ente.202502149,10.1002/ente.202502149,Advancements in Back Contact Materials for CdTe Solar Cells,Energy Technology,journal,2026-03-01,article,en,,,,,National,1,closed,0
10.1016/j.rio.2026.101031,10.1016/j.rio.2026.101031,Device modeling and performance analysis of lead-free perovskite solar cells for indoor and outdoor illumination using SCAPS-1D,Results in Optics,journal,2026-03-01,article,en,,,,,Vellore,1,gold,0
10.1002/cssc.202502574,10.1002/cssc.202502574,Compressive Strain Induced With Lattice‐Matching Molecule for Efficient and Stable Perovskite Solar Cells,ChemSusChem,journal,2026-03-01,article,en,,,,,University Of Jinan,0,closed,0
10.1002/cssc.202502722,10.1002/cssc.202502722,Homoepitaxial Seed‐Mediated Growth for High‐Efficiency FAPbI 3 Perovskite Solar Cells,ChemSusChem,journal,2026-03-01,article,en,,,,,Changzhou University,0,closed,0
10.1016/j.rineng.2026.109889,10.1016/j.rineng.2026.109889,Performance evaluation of a real-time BIPV system based on perovskite solar modules,Results in Engineering,journal,2026-03-01,article,en,,,,,,0,gold,1
10.1016/j.actphy.2026.100278,10.1016/j.actphy.2026.100278,Obscuring effect of current mismatch on ion migration in all-perovskite tandem solar cells,Acta Physico-Chimica Sinica,journal,2026-03-01,article,en,,,,,Anhui University,0,closed,0
10.1134/s1990793125701611,10.1134/s1990793125701611,"Effects of Reducing Agents, Citric Acid and Glycine Assisted Sol–Gel Combustion Synthesis of LaMnO3 Perovskites",Russian Journal of Physical Chemistry B,journal,2026-03-01,article,en,,,,,Karpagam Academy Of Higher Education,0,closed,0
10.1038/s41566-026-01871-w,10.1038/s41566-026-01871-w,Perovskite–silicon solar cells put to test,Nature Photonics,journal,2026-03-01,article,en,,,,,The Nature Conservancy,0,closed,0
10.1002/adom.202503859,10.1002/adom.202503859,A Multi‐Additive System With Superimposed Optimization Effects by Incorporating Additives With Tailored Mechanisms for Perovskite Solar Cells,Advanced Optical Materials,journal,2026-03-01,article,en,,,,,Sun Yat-sen University,0,closed,0
10.1002/ente.202502035,10.1002/ente.202502035,Unifying Absorber Doping and Interface Engineering for Barium‐Doped All‐Inorganic Perovskite Solar Cells for BIPV Applications,Energy Technology,journal,2026-03-01,article,en,,,,,National Centre For Earth Science Studies,0,closed,1
10.1002/adfm.74365,10.1002/adfm.74365,Cyclic Structured Ionic Molecules Formulating Multi‐Dimensional Perovskite Structures of Highly Stable and Efficient Perovskite Solar Cells (Adv. Funct. Mater. 18/2026),Advanced Functional Materials,journal,2026-03-01,article,en,,,,,University Of Seoul,0,closed,0
10.1002/ifm2.70013,10.1002/ifm2.70013,Trace MA + Accelerates the Degradation of Perovskite Solar Cells at Elevated Temperatures,Information & Functional Materials,journal,2026-03-01,article,en,,,,,Hong Kong Polytechnic University,0,diamond,0
10.1007/s10854-026-16770-7,10.1007/s10854-026-16770-7,Silver nanoparticle-decorated reduced graphene oxide as a hole transport layer for efficient and stable perovskite solar cells,Journal of Materials Science Materials in Electronics,journal,2026-03-01,article,en,,,,,King Abdulaziz University,0,closed,0
10.1177/17475198261428588,10.1177/17475198261428588,Promotion of a perovskite solar cell structure by optimizing several parametric factors in the SCAPS-1D simulation environment,Journal of Chemical Research,journal,2026-03-01,article,en,,,,,Sakarya University,0,gold,0
10.1063/5.0303744,10.1063/5.0303744,Structure design and optimization of a novel perovskite/GeSe tandem solar cell,Journal of Renewable and Sustainable Energy,journal,2026-03-01,article,en,,,,,Beijing University Of Civil Engineering And Architecture,0,closed,0
10.1002/adma.72616,10.1002/adma.72616,"Performance Constraints of All‐Perovskite Tandem Solar Cells in Low‐Intensity, Low‐Temperature Environments (Adv. Mater. 15/2026)",Advanced Materials,journal,2026-03-01,article,en,,,,,University Of Potsdam,0,closed,1
10.1134/s1063782625600780,10.1134/s1063782625600780,Improving the Performance of FTO/TiO2/MASnI3/Au Photovoltaic Device,Semiconductors,journal,2026-03-01,article,en,,,,,,0,closed,0
10.1002/slct.202505959,10.1002/slct.202505959,Nanoengineered Hematite as a Cost‐Effective Electron Transport Layer for Perovskite Solar Cells,ChemistrySelect,journal,2026-03-01,article,en,,,,,Chandigarh University,0,closed,0
10.33889/pmsl.2026.5.1.011,10.33889/pmsl.2026.5.1.011,Effect of Different Hole Transport Layers on the Performance of Lead Free CsGeI3 based Perovskite Solar Cell: A Numerical Simulation Study,Prabha Materials Science Letters,journal,2026-03-01,article,en,,,,,Manav Rachna International,0,hybrid,0
10.1063/5.0306380,10.1063/5.0306380,Accelerating perovskite nucleation in vacuum quenching via additive engineering for scalable inverted perovskite solar cells in ambient air,Journal of Renewable and Sustainable Energy,journal,2026-03-01,article,en,,,,,North China Electric Power University,0,closed,0
10.1007/s42247-026-01391-x,10.1007/s42247-026-01391-x,Impact of solvent annealing on the characteristics of spin coated perovskite solar cells,Emergent Materials,journal,2026-03-01,article,en,,,,,Research And Technology Center Of Energy,0,closed,0
10.3724/j.0253-3219.2026.hjs.49.250094,10.3724/j.0253-3219.2026.hjs.49.250094,GIWAXS in situ dynamic study of NH4Cl and MAAc additives regulating the crystallization behavior of perovskites,Nuclear Techniques,journal,2026-03-01,article,en,,,,,Shanghai,0,diamond,0
10.5755/j02.ms.42966,10.5755/j02.ms.42966,Influence of Deposition of rGO-TiO₂ and rGO-SiO₂ Films Order on the Properties of Electron Transport Layers,DOAJ (DOAJ: Directory of Open Access Journals),repository,2026-03-01,article,en,,,,,Xi’an International University,0,green,0
10.1002/ente.202501926,10.1002/ente.202501926,Beyond Conventional Designs: Dual Gradient Strategies Unlock 22.5% PCE in Carbon‐PSCs,Energy Technology,journal,2026-03-01,article,en,,,,,Université Moulay Ismail De Meknes,0,closed,0
10.1002/flm2.70061,10.1002/flm2.70061,Multifunctional ionic liquid boosts the efficiency of hole transport layer‐free carbon‐based perovskite solar cells beyond 20%,FlexMat.,journal,2026-03-01,article,en,,,,,,0,diamond,1
10.1002/csc3.70015,10.1002/csc3.70015,From Screening to Generation: Reshaping the Paradigm of New Energy Materials Discovery With Artificial Intelligence,cScience,journal,2026-03-01,article,en,,,,,Beihang University,0,hybrid,0
10.59467/ijhc.2026.36.171,10.59467/ijhc.2026.36.171,Advances in heterocyclic chemistry for high-performance energy materials: A review of green synthesis and functional applications,Indian Journal of Heterocyclic Chemistry,journal,2026-03-01,article,en,,,,,,0,closed,0
10.13044/j.sdnarema.d1.0662,10.13044/j.sdnarema.d1.0662,Nanomaterial-Enabled Strategies for High-Performance and Stable Perovskite Solar Cells,Journal of Sustainable Development of Natural Resources Management,journal,2026-03-01,article,en,,,,,,0,closed,0
10.17863/cam.129235,10.17863/cam.129235,Stabilizing perovskite solar cells via facet-selective molecular engineering,Apollo (University of Cambridge),repository,2026-03-01,article,en,,,,,,0,green,0
10.1360/csb-2026-0277,10.1360/csb-2026-0277,The impact of CsBr doping engineering on the performance of FAPbBr3 perovskite solar cells,Chinese Science Bulletin (Chinese Version),journal,2026-03-01,article,en,,,,,,0,closed,0
10.17983/301702,10.17983/301702,Development of Efficient Mixed Sn and Pb-based Perovskite Photovoltaics,ICR SuperComputer System Annual Research Report,journal,2026-03-01,article,en,,,,,University Of Tsukuba,0,bronze,0
10.1016/j.rio.2026.101118,10.1016/j.rio.2026.101118,Composition-dependent electronic and optical properties of all-inorganic CsPb1-xSnxBr3 perovskites investigated using first-principles calculations,Results in Optics,journal,2026-03-01,article,en,,,,,Baku Engineering University,0,gold,0
10.1002/solr.70284,10.1002/solr.70284,Interface Engineering for High‐Performance Perovskite Solar Cells,Solar RRL,journal,2026-03-02,article,en,,,,,Hebei University Of Technology,10,closed,1
10.1016/j.scenem.2026.100036,10.1016/j.scenem.2026.100036,"Dipole interface engineering in perovskite solar cells: Mechanisms, design, and application advances",Sustainable Chemistry for Energy Materials,journal,2026-03-02,article,en,,,,,Lingnan Normal University,3,gold,0
10.1016/j.mtchem.2026.103480,10.1016/j.mtchem.2026.103480,Intermediate-band engineering in halide perovskites for multi-junction-competitive single-junction photovoltaics,Materials Today Chemistry,journal,2026-03-02,article,en,,,,,,1,closed,0
10.1007/s11426-025-3191-0,10.1007/s11426-025-3191-0,In-situ zinc picolinate ligand engineering enables quantum dot solar cells with 18.29% efficiency,Science China Chemistry,journal,2026-03-02,article,en,,,,,Soochow University,1,closed,0
10.1016/j.apsusc.2026.166497,10.1016/j.apsusc.2026.166497,Insights into the charge dynamics at metal oxide/manganate perovskite interfaces from density functional theory,Applied Surface Science,journal,2026-03-02,article,en,,,,,University Of Osijek,0,closed,0
10.5281/zenodo.18832812,10.5281/zenodo.18832812,Theoretical Simulation and Efficiency Enhancement Study of CsSnBr3/FASnI3 Based Tin-Perovskite Solar Cell Using SCAPS-1D,Zenodo (CERN European Organization for Nuclear Research),repository,2026-03-02,article,en,,,,,,0,green,0
10.1038/s41598-026-42017-w,10.1038/s41598-026-42017-w,Defect mediated pulse terahertz emission from thiocyanate-treated hybrid perovskite nanoparticles: role of the orientation of built-in surface electric field,Scientific Reports,journal,2026-03-02,article,en,,,,,Gulf University For Science & Technology,0,gold,0
10.5281/zenodo.18832813,10.5281/zenodo.18832813,Theoretical Simulation and Efficiency Enhancement Study of CsSnBr3/FASnI3 Based Tin-Perovskite Solar Cell Using SCAPS-1D,Zenodo (CERN European Organization for Nuclear Research),repository,2026-03-02,article,en,,,,,,0,green,0
10.1007/s11814-026-00674-7,10.1007/s11814-026-00674-7,Three-dimensional Perovskite Solar Cells with Cs2SnI6 as Absorbing Layer Based on SCAPS-1D and DFT Theory,Korean Journal of Chemical Engineering,journal,2026-03-02,article,en,,,,,Shanghai University Of Electric Power,0,closed,0
10.1007/s12596-026-03078-2,10.1007/s12596-026-03078-2,Optimization/performance analysis of CH3NH3SnI3 based perovskite solar cell,Journal of Optics,journal,2026-03-02,article,en,,,,,Jaypee,0,closed,0
10.1021/acs.jpcc.5c07914,10.1021/acs.jpcc.5c07914,Why Perovskite Exhibits Photovoltaic Current–Voltage Hysteresis While Sb 2 Se 3 Does Not: Insights from Bias-Dependent Spectroscopic Response,The Journal of Physical Chemistry C,journal,2026-03-02,article,en,,,,,Huzhou Normal University,0,closed,0
10.1021/acs.jpcc.5c07914.s001,10.1021/acs.jpcc.5c07914.s001,Why Perovskite Exhibits Photovoltaic Current–Voltage Hysteresis While Sb2Se3 Does Not: Insights from Bias-Dependent Spectroscopic Response,Figshare,repository,2026-03-02,article,en,,,,,,0,green,0
10.1016/j.jpcs.2026.113639,10.1016/j.jpcs.2026.113639,Unveiling of D-cubic CsGeX 3 perovskites halide for high performance solar cells and photocatalytic hydrogen evolution applications: A DFT and SLME methods,Journal of Physics and Chemistry of Solids,journal,2026-03-03,article,en,,,,,Mohammed V University,8,closed,0
10.1016/j.joule.2025.102314,10.1016/j.joule.2025.102314,pH modulation for self-assembly-monolayer-type hole transport layer for efficient and stable perovskite-silicon double-junction solar cells,Joule,journal,2026-03-03,article,en,,,,,The University Of Sydney,6,closed,0
10.1002/adfm.202600017,10.1002/adfm.202600017,Carbonyl‐Amine Synergistic Dual‐Site Passivation for Efficient and Stable Wide‐Bandgap Perovskite Solar Cells,Advanced Functional Materials,journal,2026-03-03,article,en,,,,,,4,closed,0
10.1016/j.cej.2026.174795,10.1016/j.cej.2026.174795,A spiro-conjugated molecular post-treatment layer enables 26% efficiency in perovskite solar cells via dual-mode coordination,Chemical Engineering Journal,journal,2026-03-03,article,en,,,,,Henan University Of Technology,3,closed,0
10.1038/s41467-026-69687-4,10.1038/s41467-026-69687-4,Moisture-responsive crystallization strategy for efficient CsPbI3 solar cells fabricated under high-humidity conditions,Nature Communications,journal,2026-03-03,article,en,,,,,Wuhan National Laboratory For Optoelectronics,2,gold,1
10.1021/acs.jpclett.6c00402,10.1021/acs.jpclett.6c00402,Inhibiting Sn 2+ Oxidation with Dual-Functional Guanidines for Robust Tin Perovskite Solar Cells,The Journal of Physical Chemistry Letters,journal,2026-03-03,article,en,,,,,University Of Electronic Science And Technology Of China,2,closed,1
10.1021/acsanm.5c04991,10.1021/acsanm.5c04991,Fabrication of 1D-Confined MAPbI 3 in Cerium Oxide Nanotubes for Nanowire Solar Cells,ACS Applied Nano Materials,journal,2026-03-03,article,en,,,,,University Of North Texas,1,closed,0
10.1016/j.jechem.2026.02.033,10.1016/j.jechem.2026.02.033,Thermally triggered polymer interface engineering for efficient and stable air-processed perovskite solar cells,Journal of Energy Chemistry,journal,2026-03-03,article,en,,,,,Nanjing University Of Aeronautics And Astronautics,0,closed,0
10.1016/j.actamat.2026.122070,10.1016/j.actamat.2026.122070,Atomic-Insights into electron-beam irradiation-induced degradation in all-inorganic metal halide perovskites,Acta Materialia,journal,2026-03-03,article,en,,,,,Qingdao University,0,closed,0
10.1021/acsaem.5c04004,10.1021/acsaem.5c04004,Performance Optimization of Air-Processed Perovskite Solar Cells via Compositional Engineering and Residual Stress Analysis,ACS Applied Energy Materials,journal,2026-03-03,article,en,,,,,,0,closed,1
10.58692/jotcsb.1890076,10.58692/jotcsb.1890076,"Structural, Morphological, and Chemical Characterization of Inkjet-Printed Perovskite Layers Fabricated under Extreme Ambient Humidity",Journal of the Turkish Chemical Society Section B Chemical Engineering,journal,2026-03-03,article,en,,,,,Ondokuz Mayıs University,0,diamond,0
10.1021/acsaem.5c04080,10.1021/acsaem.5c04080,Theoretical Insights into Depth-Adaptive Bandgap Engineering Enabling Over-60%-Efficient Perovskite Photovoltaics in Deep-Sea Environments,ACS Applied Energy Materials,journal,2026-03-03,article,en,,,,,Electric Power University,0,closed,0
10.1021/acsaem.6c00321,10.1021/acsaem.6c00321,Gap-Filling and Crystallization Kinetics Regulation in VTD/Spray Hybrid Perovskite Solar Cells,ACS Applied Energy Materials,journal,2026-03-03,article,en,,,,,Wuhan University Of Technology,0,closed,0
10.1088/1402-4896/ae4cd3,10.1088/1402-4896/ae4cd3,Strain engineering of functional properties: a first-principles study on pressure as a gateway for phase transition in LiTaO 3,Physica Scripta,journal,2026-03-03,article,en,,,,,Nanjing University Of Posts And Telecommunications,0,hybrid,0
10.1016/j.jechem.2026.02.032,10.1016/j.jechem.2026.02.032,Promoting hole mobility in carbon-based perovskite solar cells by p-type doping of P3HT to lower its hole reorganization energy,Journal of Energy Chemistry,journal,2026-03-03,article,en,,,,,Lanzhou University Of Technology,0,closed,0
10.48550/arxiv.2603.02717,10.48550/arxiv.2603.02717,Decoupling Intrinsic Molecular Efficacy from Platform Effects: An Interpretable Machine Learning Framework for Unbiased Perovskite Passivator Discovery,arXiv (Cornell University),repository,2026-03-03,preprint,en,,,,,,0,green,1
decoupling intrinsic molecular efficacy from platform effects an interpretable machine learning framework for unbiased perovskite passivator discovery|zhang,,Decoupling Intrinsic Molecular Efficacy from Platform Effects: An Interpretable Machine Learning Framework for Unbiased Perovskite Passivator Discovery,arXiv (Cornell University),repository,2026-03-03,preprint,en,,,,,Ningbo University Of Technology,0,green,0
10.1021/acs.jpclett.6c00402.s001,10.1021/acs.jpclett.6c00402.s001,Inhibiting Sn2+ Oxidation with Dual-Functional Guanidines for Robust Tin Perovskite Solar Cells,Figshare,repository,2026-03-03,article,en,,,,,,0,green,0
10.69626/mse.2026.0054,10.69626/mse.2026.0054,"Phase–Dependent Structural, Electronic, and Optical Properties of Lead–Free CsSnI₃: A First–Principles DFT+U Study",MatSci express.,journal,2026-03-03,article,en,,,,,King Abdulaziz University,0,bronze,0
10.1002/anie.5319815,10.1002/anie.5319815,Sulfur‐Modulated Fully‐Conjugated Self‐Assembled Monolayers for Synergistic Dual‐Interface Optimization in Inverted Perovskite Solar Cells,Angewandte Chemie International Edition,journal,2026-03-04,article,en,,,,,Nanjing Tech University,10,closed,1
10.1016/j.joule.2025.102315,10.1016/j.joule.2025.102315,Stabilizing perovskite solar cells via facet-selective molecular engineering,Joule,journal,2026-03-04,article,en,,,,,Chongqing University,9,closed,0
10.1016/j.joule.2025.102316,10.1016/j.joule.2025.102316,Ambient-air fabrication of wide-band-gap perovskites via a dual-functional polymer for all-perovskite tandem solar modules,Joule,journal,2026-03-04,article,en,,,,,Shanghai Jiao Tong University,6,closed,0
10.1007/s40820-026-02087-x,10.1007/s40820-026-02087-x,Advances of Self-Healing Polymers Incorporated in Perovskite Solar Cells for High Durability,Nano-Micro Letters,journal,2026-03-04,article,en,,,,,Northwestern Polytechnical University,5,gold,1
10.1002/solr.202500942,10.1002/solr.202500942,Indium‐Free Recombination Junctions on Tunnel Oxide Passivating Contacts for Fully Textured Perovskite/Silicon Tandem Solar Cells,Solar RRL,journal,2026-03-04,article,en,,,,,Fraunhofer Institute For Solar Energy Systems,2,hybrid,1
10.3390/cryst16030174,10.3390/cryst16030174,Hole and Electron Transport Layer Optimization for Highly Efficient Lead-Free MASnI2Br Perovskite Solar Cells: A Simulation Study,Crystals,journal,2026-03-04,article,en,,,,,Umm Al-qura University,1,gold,0
10.1088/1402-4896/ae4dd0,10.1088/1402-4896/ae4dd0,"Theoretical investigation of structural, electronic, and optical features of lead-free Rb 2 LiAsX 6 (X = F, Cl, Br, I) double perovskites",Physica Scripta,journal,2026-03-04,article,en,,,,,Renewable Energy Development Center,1,hybrid,0
10.1016/j.physb.2026.418488,10.1016/j.physb.2026.418488,"A comprehensive structural, electronic, optical, mechanical, and vibrational study of inorganic CsGeX3 (X = Cl, Br, I) perovskite via DFT calculation",Physica B Condensed Matter,journal,2026-03-04,article,en,,,,,Yangtze University,1,closed,0
10.1088/1402-4896/ae4dc6,10.1088/1402-4896/ae4dc6,Numerical investigation of perovskite solar cells: impact of TCO selection and absorber layer properties using SCAPS-1D,Physica Scripta,journal,2026-03-04,article,en,,,,,National,1,hybrid,0
10.1002/adma.202522768,10.1002/adma.202522768,Freeform Fabrication of Layered Halide Perovskite Nanowire Heterojunctions,Advanced Materials,journal,2026-03-04,article,en,,,,,University Of Hong Kong,1,hybrid,0
10.1002/adfm.74668,10.1002/adfm.74668,Furan‐Substituted Phosphine‐Oxide as an Efficient Interfacial Modifier for Wide‐Bandgap Perovskite Solar Cells,Advanced Functional Materials,journal,2026-03-04,article,en,,,,,Hanyang University,1,hybrid,0
10.1016/j.mattod.2026.103264,10.1016/j.mattod.2026.103264,Toxicity and biosafety optimizing in perovskite nanomaterials,Materials Today,journal,2026-03-04,article,en,,,,,,1,hybrid,1
10.5281/zenodo.18859927,10.5281/zenodo.18859927,Advanced Nanomaterials for Sustainable Energy Systems: Enabling India's Green Transition,Zenodo (CERN European Organization for Nuclear Research),repository,2026-03-04,article,en,,,,,,0,green,0
10.5281/zenodo.18859926,10.5281/zenodo.18859926,Advanced Nanomaterials for Sustainable Energy Systems: Enabling India's Green Transition,Zenodo (CERN European Organization for Nuclear Research),repository,2026-03-04,article,en,,,,,,0,green,0
10.21203/rs.3.rs-8749975/v1,10.21203/rs.3.rs-8749975/v1,"Computational Analysis of Germanium-Based Perovskites (MAGeI₃, FAGeI₃, CsGeI₃, RbGeI₃) for High-Efficiency Solar Cells Using SCAPS-1D",Research Square,repository,2026-03-04,preprint,en,,,,,Woxsen,0,green,0
10.1007/s40820-026-02105-y,10.1007/s40820-026-02105-y,Chemo-Strain Valence Engineering for Boosting Photovoltaic Response in Double Perovskite Epitaxial Films,Nano-Micro Letters,journal,2026-03-04,article,en,,,,,Beijing University Of Technology,0,gold,1
10.1038/s44160-026-00996-8,10.1038/s44160-026-00996-8,Scalable crystal-solvate seeding strategy for the fabrication of perovskite photovoltaics,Nature Synthesis,journal,2026-03-04,article,en,,,,,,0,closed,0
10.1016/j.inoche.2026.116367,10.1016/j.inoche.2026.116367,"High-efficiency (>27%) lead-free CsGeI3-based perovskite solar cells: A first-principles calculation, device simulation, and machine learning study",Inorganic Chemistry Communications,journal,2026-03-04,article,en,,,,,Nanjing University Of Aeronautics And Astronautics,0,closed,0
10.25073/2588-1124/vnumap.5056,10.25073/2588-1124/vnumap.5056,Effects of Hole Transport Layer Thickness on Photovoltaic Performance of Perovskite Solar Cell,VNU Journal of Science Mathematics - Physics,journal,2026-03-04,article,en,,,,,Vnu University Of Science,0,diamond,0
10.1016/j.cej.2026.174722,10.1016/j.cej.2026.174722,Dense ordered stacking co-planar self-assembled molecules for high-performance perovskite solar cells,Chemical Engineering Journal,journal,2026-03-04,article,en,,,,,Jiangxi Science And Technology Normal University,0,closed,0
10.1002/aenm.202506762,10.1002/aenm.202506762,Rational Backbone Planarization for Doping‐Resilient Polymeric Hole Transport Materials Toward Stable and Scalable Perovskite Solar Cells,Advanced Energy Materials,journal,2026-03-04,article,en,,,,,Pohang University Of Science And Technology,0,hybrid,1
10.1021/acsenergylett.5c03999,10.1021/acsenergylett.5c03999,Dual-Site Competitive Coordination Eliminates Residual DMSO for Thermally and Moisture-Stable Perovskite Solar Cells,ACS Energy Letters,journal,2026-03-05,article,en,,,,,Guizhou University,6,closed,1
10.1016/j.joule.2026.102319,10.1016/j.joule.2026.102319,Pushing the performance of inverted CsPbI3 perovskite photovoltaics via grain boundary grooves stitching,Joule,journal,2026-03-05,article,en,,,,,Beijing University Of Technology,5,closed,0
10.1007/s10825-026-02527-2,10.1007/s10825-026-02527-2,Charge transport and optical properties tuning via DFT/TD-DFT modeling of SAM-driven hole-selective layers for inverted perovskite solar cells,Journal of Computational Electronics,journal,2026-03-05,article,en,,,,,University Of Faisalabad,4,closed,0
10.1002/ange.5319815,10.1002/ange.5319815,Sulfur‐Modulated Fully‐Conjugated Self‐Assembled Monolayers for Synergistic Dual‐Interface Optimization in Inverted Perovskite Solar Cells,Angewandte Chemie,journal,2026-03-05,article,en,,,,,Nanjing Tech University,3,closed,0
10.1016/j.chempr.2026.102941,10.1016/j.chempr.2026.102941,SAM molecular stacking with heterogeneous orientation for high-performance perovskite photovoltaics,Chem,journal,2026-03-05,article,en,,,,,Soochow University,3,green,1
10.1016/j.mser.2026.101202,10.1016/j.mser.2026.101202,Two-dimensional halide perovskites spacer for stable perovskite solar cells: A review,Materials Science and Engineering R Reports,journal,2026-03-05,article,en,,,,,Beihang University,3,closed,0
10.1016/j.optlastec.2026.115032,10.1016/j.optlastec.2026.115032,Direct femtosecond laser welding of silica glass for perovskite film encapsulation,Optics & Laser Technology,journal,2026-03-05,article,en,,,,,Chengdu University Of Information Technology,2,closed,0
10.1002/adfm.202531734,10.1002/adfm.202531734,Extrinsic Doping and Interface Engineering of Nonaqueous Tin Oxide Nanocrystals for Efficient Perovskite Solar Cells,Advanced Functional Materials,journal,2026-03-05,article,en,,,,,Chongqing University,2,closed,1
10.1016/j.mssp.2026.110577,10.1016/j.mssp.2026.110577,"Synergistic interface engineering of Fe2O3 with dicyandiamide for enhanced charge extraction, efficiency, and stability in perovskite solar cells",Materials Science in Semiconductor Processing,journal,2026-03-05,article,en,,,,,Bahauddin Zakariya University,0,closed,0
10.20944/preprints202603.0421.v1,10.20944/preprints202603.0421.v1,Triple-Cation Perovskite Photoanodes for Solar Water Splitting: From Photovoltaic-Assisted to Immersed Photoelectrochemical Operation,Preprints.org,repository,2026-03-05,preprint,en,,,,,,0,green,1
10.1016/j.cej.2026.174910,10.1016/j.cej.2026.174910,Multi active sites regulation of buried interface defects in n-i-p perovskite solar cells with tryptophan derivatives,Chemical Engineering Journal,journal,2026-03-05,article,en,,,,,Hebei Normal University,0,closed,0
10.5281/zenodo.18877356,10.5281/zenodo.18877356,Experimental Setup Guidelines for Artificial Visual Synapse Characterisation -- SOLIS Deliverable D1.1,Zenodo (CERN European Organization for Nuclear Research),repository,2026-03-05,article,en,,,,,Universitat Politècnica De Catalunya,0,green,0
10.1016/j.surfin.2026.108919,10.1016/j.surfin.2026.108919,Sticker-type polydimethylsiloxane anti-reflective coating with inverted-pyramid structure for improved light absorption in perovskite solar cells,Surfaces and Interfaces,journal,2026-03-05,article,en,,,,,Sungkyunkwan University,0,closed,0
10.1016/j.nxmate.2026.101834,10.1016/j.nxmate.2026.101834,Performance enhancement of Cs2CuBiBr6-based double halide perovskite solar cells via engineered inorganic charge transport layers,Next Materials,journal,2026-03-05,article,en,,,,,,0,gold,0
10.1021/acsami.5c24125,10.1021/acsami.5c24125,Dual Defense against Interface Defects and Environmental Stress via Synergistic Encapsulation for Efficient and Stable Perovskite Solar Cells,ACS Applied Materials & Interfaces,journal,2026-03-05,article,en,,,,,Northwestern Polytechnical University,0,closed,0
10.12688/f1000research.163955.1,10.12688/f1000research.163955.1,An In-Depth Exploration into the Numerical Simulation and Efficiency Enhancement for Tin-Based Perovskite Solar Cells by a thorough Comparative Analysis,F1000Research,journal,2026-03-05,article,en,,,,,Kiit University,0,gold,0
10.5281/zenodo.18877355,10.5281/zenodo.18877355,Experimental Setup Guidelines for Artificial Visual Synapse Characterisation -- SOLIS Deliverable D1.1,Zenodo (CERN European Organization for Nuclear Research),repository,2026-03-05,article,en,,,,,Universitat Politècnica De Catalunya,0,green,0
10.65582/rrs.2026.007,10.65582/rrs.2026.007,Review of Recent Solar-Powered Cooling Systems,Research and Reviews in Sustainability,journal,2026-03-05,article,en,,,,,University Of Nottingham,0,diamond,0
10.1002/pip.70077,10.1002/pip.70077,Efficient and Durable Semitransparent Perovskite Solar Cells for the Application in 4T Perovskite/c‐Si Tandem Devices,Progress in Photovoltaics Research and Applications,journal,2026-03-05,article,en,,,,,Gdańsk University Of Technology,0,hybrid,1
10.1051/epjconf/202635601005/pdf,10.1051/epjconf/202635601005/pdf,Optimizing Lead Based Perovskite Solar Cells (CH,Springer Link (Chiba Institute of Technology),repository,2026-03-05,article,en,,,,,Global University,0,green,0
10.1021/acs.jpclett.6c00119,10.1021/acs.jpclett.6c00119,Machine Learning Accelerated Design of Self-Assembled Monolayers for High-Performance Perovskite Solar Cells,The Journal of Physical Chemistry Letters,journal,2026-03-06,article,en,,,,,National,4,closed,1
10.1038/s41467-026-70002-4,10.1038/s41467-026-70002-4,MXene-driven nanoscale field-effect junction for advanced 4-terminal perovskite/silicon tandem solar panels,Nature Communications,journal,2026-03-06,article,en,,,,,University Of Rome Tor Vergata,3,gold,1
10.1021/acsenergylett.5c04161,10.1021/acsenergylett.5c04161,Near-Field Effects on Cathodoluminescence Outcoupling in Perovskite Thin Films,ACS Energy Letters,journal,2026-03-06,article,en,,,,,Institute For Atomic And Molecular Physics,2,closed,0
10.1021/acsenergylett.5c04172,10.1021/acsenergylett.5c04172,Suppressing Skin Effect toward Efficient Sn–Pb Perovskite Solar Cells,ACS Energy Letters,journal,2026-03-06,article,en,,,,,Wuhan National Laboratory For Optoelectronics,2,closed,0
10.1002/anie.202520159,10.1002/anie.202520159,Dual‐Functionalized Bonding Management via Aromatic Formamidine Ligands Enables 25.57%‐Efficient Ambient‐Printed Perovskite Solar Cells,Angewandte Chemie International Edition,journal,2026-03-06,article,en,,,,,,2,closed,1
10.1021/acsenergylett.5c04243,10.1021/acsenergylett.5c04243,Synergistic Interface Engineering via a Dual-A-Site 1D Perovskite Bridge for Efficient All-Perovskite Tandems,ACS Energy Letters,journal,2026-03-06,article,en,,,,,Qinghai New Energy (china),2,closed,1
10.1002/adfm.74689,10.1002/adfm.74689,Reducing Photovoltage Loss in Highly Efficient p–i–n Perovskite Solar Cells via Alkyl Chain Engineering,Advanced Functional Materials,journal,2026-03-06,article,en,,,,,Guangdong University Of Technology,1,closed,0
10.1142/s0217979226501250,10.1142/s0217979226501250,DFT insights into physical characteristics of newly proposed halide-based double perovskites Na 2 GaBiZ 6 (Z = Cl/Br/I) for energy conversion applications,International Journal of Modern Physics B,journal,2026-03-06,article,en,,,,,Government College University Lahore,0,closed,0
10.3390/coatings16030322,10.3390/coatings16030322,MnBr2-Doped CsPbBr3 Nanocrystal Passivation Layer for High-Efficiency and Stable Perovskite Solar Cells,Coatings,journal,2026-03-06,article,en,,,,,Hebei University Of Technology,0,gold,0
10.1016/j.jcis.2026.140227,10.1016/j.jcis.2026.140227,Multifunctional 0D/2D SnO2-Mo2C litchi-pericarp-like ETL to achieve high-efficient perovskite solar cells,Journal of Colloid and Interface Science,journal,2026-03-06,article,en,,,,,Jilin Normal University,0,closed,1
10.1002/smll.202514519,10.1002/smll.202514519,Buried Interface Ionic Engineering Enables Defect Passivation and Efficient Cu 2 AgBiI 6 Solar Cells,Small,journal,2026-03-06,article,en,,,,,Yanshan University,0,closed,1
10.1021/acs.nanolett.5c06029,10.1021/acs.nanolett.5c06029,Simultaneous Solvent and Interface Engineering of Electron Transport Layer for Efficient and Stable Perovskite Solar Cells,Nano Letters,journal,2026-03-06,article,en,,,,,,0,closed,1
10.1002/solr.70293,10.1002/solr.70293,Solvent‐Mediated Phase Management of CsPbBr 3 Towards Reliable Perovskite Photovoltaics,Solar RRL,journal,2026-03-06,article,en,,,,,Xiamen University,0,closed,0
10.1016/j.cej.2026.174948,10.1016/j.cej.2026.174948,Benzyl-imidazolium fluoroborate showing synergistic anion-cation passivation and surface encapsulation for efficient and stable perovskite solar cells,Chemical Engineering Journal,journal,2026-03-07,article,en,,,,,Northwestern Polytechnical University,6,closed,0
10.1016/j.esci.2026.100563,10.1016/j.esci.2026.100563,Minimizing the VOC deficit by regulating facets of wide-bandgap perovskite for monolithic perovskite/silicon tandem solar cells,eScience,journal,2026-03-07,article,en,,,,,Nankai University,3,diamond,1
10.1016/j.solmat.2026.114254,10.1016/j.solmat.2026.114254,Long-term performance of perovskite solar cells in low-power indoor energy harvesting applications,Solar Energy Materials and Solar Cells,journal,2026-03-07,article,en,,,,,University Of Ljubljana,2,green,0
10.1016/j.nxmate.2026.101828,10.1016/j.nxmate.2026.101828,Stress-redistributing Ag2Se quantum dots as universal nanomodifiers for efficient and stable perovskite photovoltaics,Next Materials,journal,2026-03-07,article,en,,,,,Henan University,2,gold,0
10.1016/j.inoche.2026.116439,10.1016/j.inoche.2026.116439,Theoretical simulation of novel FTO/CdS/FASnI3/Sb2S3/Au perovskite nanostructures based solar cell using SCAPS,Inorganic Chemistry Communications,journal,2026-03-07,article,en,,,,,Kafrelsheikh University,0,closed,0
10.1016/j.rinp.2026.108618,10.1016/j.rinp.2026.108618,Lead halide and inorganic double perovskite solar cells: enhancing efficiency through theoretical simulation,Results in Physics,journal,2026-03-07,article,en,,,,,Prince Sattam Bin Abdulaziz University,0,gold,0
10.1016/j.physb.2026.418462,10.1016/j.physb.2026.418462,Disorder-induced metallicity in semiconducting CsPbI 3 solar cell memristor,Physica B Condensed Matter,journal,2026-03-07,article,en,,,,,Leibniz Institute For Solid State And Materials Research,0,closed,0
10.1002/aenm.70814,10.1002/aenm.70814,Vertically Oriented Bisphosphonate Self‐Assembled Monolayers for Efficient and Thermocycling‐Stable Inverted Perovskite Solar Cells,Advanced Energy Materials,journal,2026-03-08,article,en,,,,,Of The People's Republic Of China,8,closed,1
10.1016/j.rser.2026.116884,10.1016/j.rser.2026.116884,"Semi-transparent solar cells for photovoltaic windows: A review of materials, performance optimization, and design challenges",Renewable and Sustainable Energy Reviews,journal,2026-03-08,article,en,,,,,Harbin,4,closed,0
10.22399/ijcesen.5020,10.22399/ijcesen.5020,SCAPS-1D Numerical Optimization of ZnO:Al/PCBM/CsSnI₃/MoO₃ Perovskite Solar Cells,International Journal of Computational and Experimental Science and Engineering,journal,2026-03-08,article,en,,,,,Ziane Achour University Of Djelfa,0,diamond,0
10.48550/arxiv.2603.07829,10.48550/arxiv.2603.07829,Understanding halide segregation in metal halide perovskites through defect thermodynamics,arXiv (Cornell University),repository,2026-03-08,preprint,en,,,,,,0,green,1
understanding halide segregation in metal halide perovskites through defect thermodynamics|navid,,Understanding halide segregation in metal halide perovskites through defect thermodynamics,arXiv (Cornell University),repository,2026-03-08,preprint,en,,,,,,0,green,0
10.1002/adma.72738,10.1002/adma.72738,Unified Interface–Bulk Enhancements in Wide‐Bandgap Perovskites Enabled by Bifunctional Cyanoacetic Acid for Textured Silicon/Perovskite Tandem Solar Cells,Advanced Materials,journal,2026-03-09,article,en,,,,,University Of Science And Technology Of China,6,closed,1
10.1038/s41560-026-01969-z,10.1038/s41560-026-01969-z,"Challenges, technological pathways and trade-offs of perovskite solar modules for long-term operation",Nature Energy,journal,2026-03-09,article,en,,,,,University Of North Carolina At Chapel Hill,4,closed,0
10.1038/s41467-026-70293-7,10.1038/s41467-026-70293-7,Perovskite solar cells with enhanced thermal fatigue resistance under extreme temperature cycling,Nature Communications,journal,2026-03-09,article,en,,,,,Ludwig-maximilians-universität München,4,gold,1
10.1007/s44291-026-00182-2,10.1007/s44291-026-00182-2,"Electronic and optical properties of mixed-halide perovskites, CsxFA1−xPb(X, X’)3: insights from density functional theory",Discover Electronics,journal,2026-03-09,article,en,,,,,Federal University Of Technology Owerri,4,diamond,0
10.1002/adma.202523630,10.1002/adma.202523630,All Air‐Processed n‐i‐p Perovskite Solar Cells Exceed 26% Efficiency Enabled by Thiacetazone Additive,Advanced Materials,journal,2026-03-09,article,en,,,,,Donghua University,3,closed,1
10.1002/adma.72756,10.1002/adma.72756,Synergistic Passivation Enables 22.76%‐Efficiency Quasi‐2D Perovskite Solar Cells,Advanced Materials,journal,2026-03-09,article,en,,,,,Zhengzhou University,3,closed,1
10.3390/ma19051040,10.3390/ma19051040,Flexible Photodetector with Ultrahigh on/off Current Ratio Based on Monocrystal PbI2 Nanosheet via Micro-Spacing In-Air Sublimation,Materials,journal,2026-03-09,article,en,,,,,Liaocheng University,2,gold,0
10.1002/smll.202514249,10.1002/smll.202514249,Conjugated N‐Type Diradical Semiconductor Empowers High‐Performance TiO 2 ‐Based Perovskite Solar Cells,Small,journal,2026-03-09,article,en,,,,,Fujian Normal University,1,closed,1
10.1016/j.matdes.2026.115812,10.1016/j.matdes.2026.115812,"Rapid low-temperature, vacuum-free metallization via melted metal spray for electronic and photovoltaic devices",Materials & Design,journal,2026-03-09,article,en,,,,,Universitat Jaume I,1,gold,0
10.5281/zenodo.18919485,10.5281/zenodo.18919485,DEVELOPMENT OF PEROVSKITE-BASED PHOTOVOLTAIC MATERIALS FOR HIGH-EFFICIENCY AND LOW-COST SOLAR ENERGY APPLICATIONS IN PAKISTAN,Zenodo (CERN European Organization for Nuclear Research),repository,2026-03-09,article,de,,,,,,0,green,0
10.1002/ange.202520159,10.1002/ange.202520159,Dual‐Functionalized Bonding Management via Aromatic Formamidine Ligands Enables 25.57%‐Efficient Ambient‐Printed Perovskite Solar Cells,Angewandte Chemie,journal,2026-03-09,article,en,,,,,,0,closed,0
10.5281/zenodo.18919486,10.5281/zenodo.18919486,DEVELOPMENT OF PEROVSKITE-BASED PHOTOVOLTAIC MATERIALS FOR HIGH-EFFICIENCY AND LOW-COST SOLAR ENERGY APPLICATIONS IN PAKISTAN,Zenodo (CERN European Organization for Nuclear Research),repository,2026-03-09,article,de,,,,,,0,green,0
10.1063/5.0297564,10.1063/5.0297564,DMF-free co-solvent doctor-bladed FA0.6MA0.4PbI3 perovskite solar cells and modules under ambient conditions,Applied Physics Letters,journal,2026-03-09,article,en,,,,,Central South University,0,closed,1
10.1002/eem2.70327,10.1002/eem2.70327,Cooling Bromine‐Contained Photovoltaic Perovskites: The Impact of Phase Segregation and Lattice Expansion,Energy & environment materials,journal,2026-03-09,article,en,,,,,Ningbo University,0,hybrid,0
10.1016/j.nanoen.2026.111863,10.1016/j.nanoen.2026.111863,Multifunctional additive combining crystallization optimization and defect passivation for highly efficient and stable perovskite solar cells,Nano Energy,journal,2026-03-09,article,en,,,,,University Of,0,closed,0
10.1007/s11082-026-08753-z,10.1007/s11082-026-08753-z,Multiscale computational and machine learning insights into rare-earth-doped front electrode and La2NiMnO6 double perovskite material for photovoltaic applications and proposed fabrication pathways,Optical and Quantum Electronics,journal,2026-03-09,article,en,,,,,University Of The Punjab,0,closed,0
10.1016/j.solmat.2026.114270,10.1016/j.solmat.2026.114270,Leveraging machine-learning-guided optimization for modeling next-generation double-absorber perovskite solar cell,Solar Energy Materials and Solar Cells,journal,2026-03-09,article,en,,,,,Bose Institute,0,closed,0
10.1021/acsaem.5c04098,10.1021/acsaem.5c04098,Facile Molecular Modification for Efficient and Stable Carbon-Based CsPbI 3 Perovskite Solar Cells,ACS Applied Energy Materials,journal,2026-03-09,article,en,,,,,Beihang University,0,closed,1
10.31349/revmexfis.72.021602,10.31349/revmexfis.72.021602,"DFT-driven insights into X2MgGeY6 (X = Na, K; Y = Cl, I) perovskites for photovoltaic and optoelectronic applications",Revista Mexicana de Física,journal,2026-03-09,article,en,,,,,Qilu University Of Technology,0,diamond,0
10.1063/5.0315803,10.1063/5.0315803,A dual-functional additive for crystallization regulated and defect passivated stable inverted perovskite solar cells,Applied Physics Letters,journal,2026-03-09,article,en,,,,,Shihezi University,0,closed,0
10.53941/mm.2026.100002,10.53941/mm.2026.100002,Carbon-Based Perovskite Solar Cell Enables Graded Utilization of Full Solar Spectrum beyond the Photovoltaic S-Q Limit via Hybrid Photovoltaics–Photothermal Conversion,Materials Matter,journal,2026-03-09,article,en,,,,,City University Of Hong Kong,0,hybrid,0
10.1007/s00894-026-06669-9,10.1007/s00894-026-06669-9,"Halide-driven tuning of structural, electronic, and optical properties in lead-free K2AgSbX6 (X = I, Br, Cl) double perovskites: a DFT study",Journal of Molecular Modeling,journal,2026-03-10,article,en,,,,,Université Sultan Moulay Slimane,9,closed,0
10.1016/j.nxener.2026.100554,10.1016/j.nxener.2026.100554,Numerical simulation and optimization of CsPbI₃/CsSnI₃ dual-absorber solar cells: Effects of thickness and defect densities using SCAPS 1D,Next Energy,journal,2026-03-10,article,en,,,,,Rajshahi University Of Engineering And Technology,4,gold,0
10.1016/j.nanoen.2026.111867,10.1016/j.nanoen.2026.111867,Piezo-phototronic effect enhanced photovoltaics by using intrinsic piezoelectric polarization of columnar perovskite array,Nano Energy,journal,2026-03-10,article,en,,,,,,2,closed,0
10.1186/s40712-026-00426-9,10.1186/s40712-026-00426-9,Machine learning–guided SCAPS-1D design of lead-free CH₃NH₃SnI₃ perovskite solar cells with 40.17% simulated PCE,Journal of Materials Science Materials in Engineering,journal,2026-03-10,article,en,,,,,Bangladesh University Of Engineering And Technology,2,gold,0
10.1016/j.jechem.2026.02.050,10.1016/j.jechem.2026.02.050,Dual-site anchoring and surface reconstruction for highly efficient and stable CsPbI3 perovskite solar cells,Journal of Energy Chemistry,journal,2026-03-10,article,en,,,,,Huaqiao University,1,closed,0
10.1002/advs.202524311,10.1002/advs.202524311,Robust and Tailored 1D/3D Heterojunction for Efficient and Stable Perovskite Solar Cells,Advanced Science,journal,2026-03-10,article,en,,,,,Hainan University,1,gold,1
10.1002/adfm.74817,10.1002/adfm.74817,Ultraviolet Absorbers Stabilize the Self‐Assembled Monolayers and Passivate the Buried Interface for Highly Efficient and Stable Inverted Perovskite Solar Cells,Advanced Functional Materials,journal,2026-03-10,article,en,,,,,Fuzhou University,1,closed,1
10.5281/zenodo.18692025,10.5281/zenodo.18692025,NUMERICAL MODELING AND OPTIMIZATION OF A HIGH EFFICIENT LEAD-FREE CsSnGeI₃ PEROVSKITE SOLAR CELL USING SOLAR CELL CAPACITANCE SIMULATOR,Zenodo (CERN European Organization for Nuclear Research),repository,2026-03-10,article,en,,,,,,0,green,0
10.1021/acsami.6c01551,10.1021/acsami.6c01551,Rational Molecular Engineering of NiO x Interfaces for High-Performance Inverted Perovskite Solar Cells,ACS Applied Materials & Interfaces,journal,2026-03-10,article,en,,,,,Xiamen University,0,closed,0
10.1088/1361-6528/ae4fc6,10.1088/1361-6528/ae4fc6,Formation of hybrid heterostructures for energy harvesting applications,Nanotechnology,journal,2026-03-10,article,en,,,,,University Of Crete,0,hybrid,0
10.1002/lpor.202501531,10.1002/lpor.202501531,Bifunctional Heme Modifier for Defect Passivation and Oxidative Stability in Perovskite Solar Cells,Laser & Photonics Review,journal,2026-03-10,article,en,,,,,Jilin University,0,closed,1
10.1002/solr.202500870,10.1002/solr.202500870,Thickness‐Engineered FAPbI 3 Absorber Layer with Average Visible Transparency Above 24%,Solar RRL,journal,2026-03-10,article,en,,,,,University Of Pavia,0,hybrid,0
10.1149/1945-7111/ae502e,10.1149/1945-7111/ae502e,Machine Learning Prediction of Lattice Parameters in Perovskite Oxygen Electrodes for SOECs,Journal of The Electrochemical Society,journal,2026-03-10,article,en,,,,,Institute For Advanced Energy Technologies,0,closed,0
10.5281/zenodo.18950490,10.5281/zenodo.18950490,"Perovskite Solar Cells: Progress, Challenges, and Future Prospects",Zenodo (CERN European Organization for Nuclear Research),repository,2026-03-10,article,en,,,,,,0,green,0
10.48550/arxiv.2603.09063,10.48550/arxiv.2603.09063,"A Stable, High-Order Time-Stepping Scheme for the Drift-Diffusion Model in Modern Solar Cell Simulation",arXiv (Cornell University),repository,2026-03-10,preprint,en,,,,,,0,green,1
10.5281/zenodo.18950492,10.5281/zenodo.18950492,"Perovskite Solar Cells: Progress, Challenges, and Future Prospects",Zenodo (CERN European Organization for Nuclear Research),repository,2026-03-10,article,en,,,,,,0,green,0
10.70382/ajsede.v11i5.028,10.70382/ajsede.v11i5.028,Efficiency and Stability Optimization of Methyl Ammonium Lead Halide Perovskite: A Future Photovoltaic Solar Power for Mass Production,Journal of Systematic Evaluation and Diversity Engineering,journal,2026-03-10,article,en,,,,,The Federal Polytechnic Ado-ekiti,0,hybrid,0
10.21203/rs.3.rs-8839542/v1,10.21203/rs.3.rs-8839542/v1,Design and simulation of PEA0.15FA0.75MA0.1SnI2Br based quasi-2D/3D tin perovskite solar cells with different charge transport layers for efficiency enhancement,Research Square,repository,2026-03-10,preprint,en,,,,,Vellore,0,green,0
10.1016/j.nanoen.2026.111878,10.1016/j.nanoen.2026.111878,Modulation of intermediate-phase with selected extraction of solvent for controlled nucleation and growth contributes efficient perovskite solar cells and modules,Nano Energy,journal,2026-03-10,article,en,,,,,Southern University Of Science And Technology,0,closed,0
a stable high order time stepping scheme for the drift diffusion model in modern solar cell simulation|du,,"A Stable, High-Order Time-Stepping Scheme for the Drift-Diffusion Model in Modern Solar Cell Simulation",arXiv (Cornell University),repository,2026-03-10,preprint,en,,,,,Institute For Basic Science,0,green,0
10.5281/zenodo.18995292,10.5281/zenodo.18995292,NUMERICAL MODELING AND OPTIMIZATION OF A HIGH EFFICIENT LEAD-FREE CsSnGeI₃ PEROVSKITE SOLAR CELL USING SOLAR CELL CAPACITANCE SIMULATOR,Zenodo (CERN European Organization for Nuclear Research),repository,2026-03-10,article,en,,,,,,0,green,0
10.5281/zenodo.20958297,10.5281/zenodo.20958297,NUMERICAL MODELING AND OPTIMIZATION OF A HIGH EFFICIENT LEAD-FREE CsSnGeI₃ PEROVSKITE SOLAR CELL USING SOLAR CELL CAPACITANCE SIMULATOR,Zenodo (CERN European Organization for Nuclear Research),repository,2026-03-10,article,en,,,,,,0,green,0
10.3390/ijms27062561,10.3390/ijms27062561,Halogen-Driven Tunability in Cubic KZnX3 (X = F–I) Halide Perovskites: A First-Principles Study,International Journal of Molecular Sciences,journal,2026-03-11,article,en,,,,,Medical University Of Warsaw,8,gold,0
10.1038/s41560-026-02007-8,10.1038/s41560-026-02007-8,Bifacial tunnel oxide passivating contacts for silicon and perovskite/silicon tandem solar cells with improved efficiency,Nature Energy,journal,2026-03-11,article,en,,,,,Soochow University,6,closed,0
10.1002/adfm.202532048,10.1002/adfm.202532048,A Comprehensive Review on Metal Halide Perovskite Photovoltaics From Precursor Chemistry Perspective,Advanced Functional Materials,journal,2026-03-11,article,en,,,,,Chengdu University Of Information Technology,4,closed,0
10.1002/aenm.202504811,10.1002/aenm.202504811,Quantifying Evolving Defect Parameters in Metal Halide Perovskites via the Measurement and Modeling of Power‐Dependent Transient Photoluminescence,Advanced Energy Materials,journal,2026-03-11,article,en,,,,,Helmholtz-zentrum Berlin Für Materialien Und Energie,3,hybrid,1
10.1021/acsenergylett.5c04082,10.1021/acsenergylett.5c04082,Impact of Ultrathin Electron-Selective Contacts on Perovskite–Silicon Tandem Solar Cells,ACS Energy Letters,journal,2026-03-11,article,en,,,,,Forschungszentrum Jülich,3,hybrid,1
10.1002/adfm.202531060,10.1002/adfm.202531060,Cooperative Self‐Assembled Monolayers for Minimizing Voltage Losses in Inverted Perovskite Solar Cells,Advanced Functional Materials,journal,2026-03-11,article,en,,,,,Hangzhou Dianzi University,2,closed,1
10.1016/j.cej.2026.175135,10.1016/j.cej.2026.175135,Color tunable efficient semitransparent perovskite solar cell by bandgap and thickness engineering for enhancing light utilization efficiency,Chemical Engineering Journal,journal,2026-03-11,article,en,,,,,Ulsan National,2,closed,0
10.1021/acs.jpclett.6c00054,10.1021/acs.jpclett.6c00054,Defect-Modulated Synthesis of SnO 2 for Carbon-Based CsPbBr 3 Perovskite Solar Cells,The Journal of Physical Chemistry Letters,journal,2026-03-11,article,en,,,,,,2,closed,1
10.3390/coatings16030351,10.3390/coatings16030351,Development of Polymeric Hole Transporting Materials for Stable and Efficient Perovskite Solar Cells,Coatings,journal,2026-03-11,article,en,,,,,Nanjing University Of Posts And Telecommunications,1,gold,0
10.1016/j.cej.2026.175142,10.1016/j.cej.2026.175142,“Molecular spring” OACl mediated thermal expansion coefficient regulation: residual stress release constructed high-performance flexible perovskite solar cells,Chemical Engineering Journal,journal,2026-03-11,article,en,,,,,Nankai University,1,closed,0
10.1021/acsomega.5c12243,10.1021/acsomega.5c12243,Theoretical Exploration of the Physical-Chemical Properties of Divalent ( np 2 ) Cation Mixing in Double Cs 2 AgBiBr 6 Perovskite,ACS Omega,journal,2026-03-11,article,en,,,,,,0,gold,0
10.6084/m9.figshare.31659529.v1,10.6084/m9.figshare.31659529.v1,TERRA PROTOCOL: Universal Standard for Regenerative Civilization - Vol. 1: Photovoltaic Systems,Figshare,repository,2026-03-11,preprint,en,,,,,,0,green,1
10.1002/adfm.202532205,10.1002/adfm.202532205,Auxeticity‐by‐Assembly: Interlocking Modular Auxetic Metamaterials with Selectively Activatable AgNW–Graphene Oxide‐EGaIn Composite Interconnects for Scalable Freeform Photovoltaic Modules,Advanced Functional Materials,journal,2026-03-11,article,en,,,,,Korea,0,hybrid,1
10.1016/j.jphotochem.2026.117193,10.1016/j.jphotochem.2026.117193,Theoretical evaluation model of photon absorption energy for perovskite photovoltaic materials,Journal of Photochemistry and Photobiology A Chemistry,journal,2026-03-11,article,en,,,,,Shanghai Jiao Tong University,0,closed,0
10.6084/m9.figshare.31659529,10.6084/m9.figshare.31659529,TERRA PROTOCOL: Universal Standard for Regenerative Civilization - Vol. 1: Photovoltaic Systems,Figshare,repository,2026-03-11,preprint,en,,,,,,0,green,1
10.26434/chemrxiv.15000819/v1,10.26434/chemrxiv.15000819/v1,Advances in Air-Stable Perovskite Precursor Inks for Photovoltaics,ChemRxiv,repository,2026-03-11,preprint,en,,,,,,0,green,1
10.21203/rs.3.rs-8951219/v1,10.21203/rs.3.rs-8951219/v1,Bi/Sb Alloying-Induced Stability and Optoelectronic Performance in Lead-Free CsSnI₃-Based Perovskite Thin Films,Research Square,repository,2026-03-11,preprint,en,,,,,Taif University,0,green,0
10.1021/acsaem.6c00049,10.1021/acsaem.6c00049,Maps for Open-Circuit Voltage Losses Caused by Defects in Metal Halide Perovskite Quantum Dot Solar Cells,ACS Applied Energy Materials,journal,2026-03-11,article,en,,,,,Tianjin University,0,closed,0
10.1088/1402-4896/ae5096,10.1088/1402-4896/ae5096,Impedance-guided numerical optimization of lead-free dual-absorber perovskite solar cells using SCAPS-1D simulations,Physica Scripta,journal,2026-03-11,article,en,,,,,Maulana Azad National Urdu University,0,hybrid,0
10.1360/sspma-2025-0488,10.1360/sspma-2025-0488,Metallofullerenes: One of the ideal basic units for constructing atomic-scale manufacturing devices,Zhongguo kexue. Wulixue Lixue Tianwenxue,journal,2026-03-11,article,en,,,,,,0,bronze,0
10.1016/j.physb.2026.418517,10.1016/j.physb.2026.418517,"High-performance thermoelectric devices, optical, stability, and photovoltaic properties of A2GaAsCl6 (A = K, Rb) double perovskites halides for solar energy application",Physica B Condensed Matter,journal,2026-03-12,article,en,,,,,Université Sultan Moulay Slimane,11,closed,0
10.1002/inf2.70132,10.1002/inf2.70132,Synergetic defect passivation of high‐quality 1.83 eV perovskite for efficient flexible perovskite/organic tandem photovoltaics,InfoMat,journal,2026-03-12,article,en,,,,,Wuhan University Of Technology,4,gold,1
10.1007/s11664-026-12774-5,10.1007/s11664-026-12774-5,PerovLearn: An Interpretable Ensemble Machine Learning Framework for Bandgap Prediction in Hybrid Halide Perovskite Solar Cell Materials,Journal of Electronic Materials,journal,2026-03-12,article,en,,,,,Academy Of Scientific And Innovative Research,4,closed,0
10.1021/acsami.6c00026,10.1021/acsami.6c00026,Buried Interface Toughening and Multi-Site Defect Passivation for Thermally Stable Wide-Bandgap Perovskite Solar Cells,ACS Applied Materials & Interfaces,journal,2026-03-12,article,en,,,,,University Of Jinan,3,closed,1
10.3390/su18062796,10.3390/su18062796,Sustainability Benefit Ratio: Bridging Environmental Metrics and Economic Feasibility for Circular Remanufacturing of Perovskite Solar Cells,Sustainability,journal,2026-03-12,article,en,,,,,National,2,gold,0
10.3390/en19061432,10.3390/en19061432,"Perovskite Solar Cells for Space Applications: Progress, Perspectives, and Remaining Challenges",Energies,journal,2026-03-12,article,en,,,,,Universidade Do Porto,2,gold,0
10.1016/j.scib.2026.03.022,10.1016/j.scib.2026.03.022,Highly efficient inverted perovskite solar cells based on amphiphilic self-assembled molecules of cyanovinyl-containing fluoroareneamines,中国科学通报：英文版,journal,2026-03-12,article,en,,,,,,2,closed,0
10.1002/aenm.202506423,10.1002/aenm.202506423,Peripherally Fluorinated Tetraphenylethene: New Electron Extraction Interlayers for n‐i‐p Perovskite Solar Cells,Advanced Energy Materials,journal,2026-03-12,article,en,,,,,École Polytechnique Fédérale De Lausanne,1,hybrid,1
10.1038/s41467-026-70022-0,10.1038/s41467-026-70022-0,Kilogram-scale one-pot synthesis of multicomponent fullerene composites for efficient inverted perovskite solar cells,Nature Communications,journal,2026-03-12,article,en,,,,,Huaqiao University,1,gold,1
10.1016/j.mtener.2026.102254,10.1016/j.mtener.2026.102254,A dual-anchoring strategy enhances the performance of inorganic perovskite photovoltaic devices,Materials Today Energy,journal,2026-03-12,article,en,,,,,Northeast Electric Power University,1,closed,0
10.1038/s41699-026-00684-3,10.1038/s41699-026-00684-3,Dual carrier-selective contact transition metal dichalcogenide solar cells,npj 2D Materials and Applications,journal,2026-03-12,article,en,,,,,California,0,gold,0
10.1364/oe.588400,10.1364/oe.588400,Para-linked acceptor engineering unlocks high-efficiency phenothiazine dioxide hole transport materials for perovskite photovoltaics,Optics Express,journal,2026-03-12,article,en,,,,,,0,gold,0
10.3390/nano16060350,10.3390/nano16060350,Beyond Point-Like Defects in Bulk Semiconductors: Junction Spectroscopy Techniques for Perovskite Solar Cells and 2D Materials,Nanomaterials,journal,2026-03-12,article,en,,,,,Ruđer Bošković Institute,0,gold,0
10.1016/j.solener.2026.114517,10.1016/j.solener.2026.114517,Design and performance optimization of mixed-cation Rb-Cs-FA perovskite solar cells based on SCAPS-1D simulations,Solar Energy,journal,2026-03-12,article,en,,,,,Shanghai Normal University,0,closed,0
10.1016/j.cej.2026.175163,10.1016/j.cej.2026.175163,Perovskite/CIGS tandem solar cells,Chemical Engineering Journal,journal,2026-03-12,article,en,,,,,Hebei University Of Technology,0,closed,0
10.1088/1402-4896/ae515a,10.1088/1402-4896/ae515a,Synergistic effects of trap passivation and Sn 2+ stabilization by anionic Br − substitutional engineering in FA 0.75 MA 0.25 SnI 3-x Br x perovskite for lead-free photovoltaics,Physica Scripta,journal,2026-03-12,article,en,,,,,University Of Allahabad,0,hybrid,0
10.1007/s11664-026-12751-y,10.1007/s11664-026-12751-y,"Variations in the Physical Properties of Perovskite Barium Ruthenate via Cobalt Substitution at Ru-Site: BaRu1−xCoxO3 (x = 0, 0.25, 0.50, 0.75, and 1)",Journal of Electronic Materials,journal,2026-03-12,article,en,,,,,University Of Malakand,0,closed,0
10.1038/s41560-026-01965-3,10.1038/s41560-026-01965-3,Irreversible organic cations chemistry limits organic–inorganic halide perovskite stability under illumination or bias,Nature Energy,journal,2026-03-13,article,en,,,,,University Of Hong Kong,4,closed,0
10.1002/anie.2660254,10.1002/anie.2660254,Beyond the Sum of Its Parts: Alkyl‐Chain Engineering Unlocks Dopant‐Free Pyrene‐Based Antenna Molecules for Efficient Perovskite Solar Cells,Angewandte Chemie International Edition,journal,2026-03-13,article,en,,,,,Guangdong University Of Technology,4,closed,1
10.1002/aenm.70806,10.1002/aenm.70806,Multidentate Molecular Anchoring for Enhanced Interfacial Stability and Reliable Perovskite Solar Cells,Advanced Energy Materials,journal,2026-03-13,article,en,,,,,Shenzhen University,3,closed,1
10.1016/j.egyai.2026.100716,10.1016/j.egyai.2026.100716,Performance enhancement of tin-based perovskite solar cells by analysing experimental dataset via machine learning,Energy and AI,journal,2026-03-13,article,en,,,,,Universiti Malaysia Pahang Al-sultan Abdullah,3,gold,0
10.1021/acsanm.5c05470,10.1021/acsanm.5c05470,Review of Photon Upconversion Nanomaterials for High-Throughput Applications,ACS Applied Nano Materials,journal,2026-03-13,article,en,,,,,Shandong University,3,closed,1
10.1021/acsenergylett.6c00156,10.1021/acsenergylett.6c00156,Bandgap Tunable Two-Step Vapor-Deposited Perovskite Absorbers for Perovskite-Silicon Tandem Solar Cells,ACS Energy Letters,journal,2026-03-13,article,en,,,,,École Polytechnique Fédérale De Lausanne,3,hybrid,1
10.1002/adfm.74893,10.1002/adfm.74893,Unlocking the Full Potential of Polydentate Self‐Assembled Molecules in Perovskite Solar Cells: Co‐Deposition Versus Pre‐Deposition,Advanced Functional Materials,journal,2026-03-13,article,en,,,,,Zhejiang Sci-tech University,2,closed,1
10.1021/acsami.5c21155,10.1021/acsami.5c21155,Investigation of “I” Variations in CH 3 NH 3 SnI x Br 3– x Perovskite Solar Cells: Simulation-Driven Selection and Optimization of CH 3 NH 3 SnI 3,ACS Applied Materials & Interfaces,journal,2026-03-13,article,en,,,,,,1,closed,0
10.1088/1402-4896/ae51cb,10.1088/1402-4896/ae51cb,Investigating impact of electron transport layer engineering in performance enhancement of CH 3 NH 3 SiI 3 based perovskite solar cells,Physica Scripta,journal,2026-03-13,article,en,,,,,Vignan's Foundation For Science Technology & Research,1,hybrid,0
10.1002/adfm.74903,10.1002/adfm.74903,Suppressing Non‐Radiative Recombination at Perovskite/C 60 Interface With Electron‐Deficient π–π Stacking Triazine Polymers for Efficient Inverted Perovskite Solar Cells,Advanced Functional Materials,journal,2026-03-13,article,en,,,,,Shanxi University,1,closed,0
10.1002/aenm.202506760,10.1002/aenm.202506760,Controlling Doping Preference of Spiro‐OMeTAD for Efficient and Stable Perovskite Solar Cells,Advanced Energy Materials,journal,2026-03-13,article,en,,,,,Chungnam National University,1,closed,1
10.20517/ss.2025.128,10.20517/ss.2025.128,Chemical-mechanical co-design for scalable flexible perovskite manufacturing,Soft Science,journal,2026-03-13,article,en,,,,,Nanjing University Of Aeronautics And Astronautics,1,hybrid,1
10.1002/adfm.74916,10.1002/adfm.74916,A Dynamic Anchoring Molecular Bridge Enables Robust Buried Heterojunction for Stable Perovskite Photovoltaics,Advanced Functional Materials,journal,2026-03-13,article,en,,,,,Nanchang University,1,closed,0
10.1016/j.jpcs.2026.113630,10.1016/j.jpcs.2026.113630,Dimensional engineering of perovskite absorbers: Bridging 2D/3D material for enriching efficiency of 30%,Journal of Physics and Chemistry of Solids,journal,2026-03-13,article,en,,,,,Koneru Lakshmaiah Education Foundation,0,closed,0
10.1021/acsami.5c23764,10.1021/acsami.5c23764,"Tuning Microstructural, Optical, and Electrical Properties of CsSnI 3 via Sequential Thermal Evaporation for Photovoltaic Application",ACS Applied Materials & Interfaces,journal,2026-03-13,article,en,,,,,National Agency For New Technologies Energy And Sustainable Economic Development,0,closed,0
10.1007/s11664-026-12759-4,10.1007/s11664-026-12759-4,Optoelectronic Properties of Double Perovskites: Influence of Fe/Co Substitution and Magnetic Ordering on Band Structures and Bandgaps,Journal of Electronic Materials,journal,2026-03-13,article,en,,,,,Zhengzhou University,0,closed,0
10.1002/ange.2660254,10.1002/ange.2660254,Beyond the Sum of Its Parts: Alkyl‐Chain Engineering Unlocks Dopant‐Free Pyrene‐Based Antenna Molecules for Efficient Perovskite Solar Cells,Angewandte Chemie,journal,2026-03-13,article,en,,,,,Guangdong University Of Technology,0,closed,0
10.1016/j.nxmate.2026.101878,10.1016/j.nxmate.2026.101878,Understanding damp-heat-induced degradation in perovskite solar cells towards successful field installation: A comprehensive review,Next Materials,journal,2026-03-13,article,en,,,,,,0,gold,0
10.26434/chemrxiv.15000872/v1,10.26434/chemrxiv.15000872/v1,"Multiscale Simulation of Nanostructured TiO 2 , ZnO, and MAPbI 3 : Bridging DFT Electronic Properties with Optical Absorption Modeling",ChemRxiv,repository,2026-03-13,preprint,en,,,,,University Of Kufa,0,green,1
10.5281/zenodo.18993622,10.5281/zenodo.18993622,Renewable Energy: Catalyzing India's Sustainable Transition – A Comprehensive Vertical Review,Zenodo (CERN European Organization for Nuclear Research),repository,2026-03-13,article,en,,,,,,0,green,0
10.5281/zenodo.18993621,10.5281/zenodo.18993621,Renewable Energy: Catalyzing India's Sustainable Transition – A Comprehensive Vertical Review,Zenodo (CERN European Organization for Nuclear Research),repository,2026-03-13,article,en,,,,,,0,green,0
10.1021/acsami.5c20743,10.1021/acsami.5c20743,D-Camphorsulfonic Acid Modulated Self-Assembled Monolayer for Stable and Efficient Inverted Perovskite Solar Cells,ACS Applied Materials & Interfaces,journal,2026-03-13,article,en,,,,,Guilin University Of Technology,0,closed,1
10.1080/30652669.2026.2643181,10.1080/30652669.2026.2643181,"Grain-boundary grooves in perovskite solar cells: mechanism, impacts and optimisations",Nano Views,journal,2026-03-13,article,en,,,,,University Of Electronic Science And Technology Of China,0,closed,0
10.48550/arxiv.2603.12857,10.48550/arxiv.2603.12857,Quantifying Perovskite Solar Cell Degradation via Machine Learning from Spatially Resolved Multimodal Luminescence Time Series,arXiv (Cornell University),repository,2026-03-13,preprint,en,,,,,,0,green,1
quantifying perovskite solar cell degradation via machine learning from spatially resolved multimodal luminescence time series|barletta,,Quantifying Perovskite Solar Cell Degradation via Machine Learning from Spatially Resolved Multimodal Luminescence Time Series,arXiv (Cornell University),repository,2026-03-13,preprint,en,,,,,,0,green,0
10.1002/adfm.74964,10.1002/adfm.74964,Stabilizing Grain Boundary Grooves in p‐i‐n Perovskite Solar Cells via Dual‐Site Locking Riveting,Advanced Functional Materials,journal,2026-03-14,article,en,,,,,Of The People's Republic Of China,5,closed,0
10.1002/adma.72755,10.1002/adma.72755,Managing Grain Boundary Energy by Dipole Strategy in Sn‐Pb Perovskite for All‐Perovskite Tandems,Advanced Materials,journal,2026-03-14,article,en,,,,,Ningbo University Of Technology,2,closed,1
10.1002/lpor.202503159,10.1002/lpor.202503159,Lanthanide Ion‐Doped Halide Perovskites and Their Optoelectronic Applications,Laser & Photonics Review,journal,2026-03-14,article,en,,,,,Hebei University Of Technology,1,closed,0
10.1007/s11664-026-12786-1,10.1007/s11664-026-12786-1,"First-Principles Investigation of the Structural Stability and Optoelectronic Properties of Thallium-Based Double Perovskites A2AlTlI6 (A = K, Rb, Cs)",Journal of Electronic Materials,journal,2026-03-14,article,en,,,,,Mawlana Bhashani Science And Technology University,1,closed,0
10.3390/ijms27062668,10.3390/ijms27062668,Oxygen-Vacancy-Induced Electronic Structure Modulation in ZnTiO3 Perovskite: A Combined DFT and SCAPS-1D Study Toward Photovoltaic Applications,International Journal of Molecular Sciences,journal,2026-03-14,article,en,,,,,Universidad Técnica Particular De Loja,1,gold,0
10.1002/adfm.74914,10.1002/adfm.74914,Machine Learning‐Driven Molecule Additives for High‐Performance Perovskite Solar Cells with Bandgap Universality and Scalability,Advanced Functional Materials,journal,2026-03-14,article,en,,,,,Xi'an Polytechnic University,1,closed,0
10.1016/j.mtener.2026.102255,10.1016/j.mtener.2026.102255,Strategies for synergistically enhancing the efficiency and stability of carbon-based mesoporous perovskite solar cells,Materials Today Energy,journal,2026-03-14,article,en,,,,,Harbin,0,closed,0
10.1002/adma.202520432,10.1002/adma.202520432,Positional Methylation Isomer Additives Regulate the Degradation Pathway of Perovskites,Advanced Materials,journal,2026-03-14,article,en,,,,,University Of Science And Technology Of China,0,closed,1
10.1002/bkcs.70129,10.1002/bkcs.70129,Progress in all‐dry‐processed inorganic perovskite solar cells,Bulletin of the Korean Chemical Society,journal,2026-03-14,article,en,,,,,Seoul National University Of Science And Technology,0,hybrid,0
10.1016/j.mtchem.2026.103525,10.1016/j.mtchem.2026.103525,Bio-chelation-inspired interfacial design for stable perovskite solar cells via molecular-anchored heavy-metal trapping,Materials Today Chemistry,journal,2026-03-14,article,en,,,,,Ludong University,0,closed,0
10.1021/acsaem.6c00375,10.1021/acsaem.6c00375,A Solid–Solid Reaction Growth Strategy for Organic–Inorganic Perovskite Films Based on Superoversaturated Intermediate Phase,ACS Applied Energy Materials,journal,2026-03-14,article,en,,,,,Wuhan University Of Technology,0,closed,1
10.26565/2312-4334-2026-1-43,10.26565/2312-4334-2026-1-43,Unveiling Pressure-Driven Transitions in Cs₂AgBiBr₆: Insights from DFT into a Lead-Free Solar Perovskite,East European Journal of Physics,journal,2026-03-14,article,uk,,,,,Poornima University,0,diamond,0
10.1002/anie.3450174,10.1002/anie.3450174,Multi‐Site Synergistic Regulation Towards Highly Efficient and Stable Perovskite Solar Cells,Angewandte Chemie International Edition,journal,2026-03-15,article,en,,,,,Academy Of Opto-electronics,3,closed,1
10.1002/smll.202512864,10.1002/smll.202512864,Semiconducting Covalent Organic Frameworks as Functional Dopants for Efficient Perovskite Solar Cells,Small,journal,2026-03-15,article,en,,,,,Nanyang Technological University,1,closed,1
10.1016/j.ssc.2026.116398,10.1016/j.ssc.2026.116398,Optimization of reduced graphene oxide modified electron transport layers for PIN perovskite solar cells: A numerical study,Solid State Communications,journal,2026-03-15,article,en,,,,,University Frères Mentouri Constantine 1,0,closed,0
10.1007/s44291-026-00194-y,10.1007/s44291-026-00194-y,Analysis of performance decay in harsh space environment of perovskite solar cell,Discover Electronics,journal,2026-03-15,article,en,,,,,Koneru Lakshmaiah Education Foundation,0,diamond,0
10.1002/anie.8473744,10.1002/anie.8473744,Tuning Terminal Groups of Hole‐Selective Materials to Suppress Nonradiative Recombination in Inverted Perovskite Solar Cells,Angewandte Chemie International Edition,journal,2026-03-15,article,en,,,,,East China University Of Science And Technology,0,closed,1
10.1002/smll.202514478,10.1002/smll.202514478,Tailoring Conjugated Imidazolium Additives Enables High‐Performance Inverted Perovskite Solar Cells via In Situ Forming Low‐Dimensional Perovskites,Small,journal,2026-03-15,article,en,,,,,Jiangxi Normal University,0,closed,1
10.1038/s41560-026-02010-z,10.1038/s41560-026-02010-z,Additive-assisted perovskite crystallization on industrial TOPCon silicon for tandem solar cells with improved efficiency,Nature Energy,journal,2026-03-16,article,en,,,,,National University Of Singapore,11,closed,0
10.1038/s44460-026-00041-3,10.1038/s44460-026-00041-3,A battery-free smart mask for long-term exhaled breath biochemical sensing,Nature Sensors,journal,2026-03-16,article,en,,,,,California,9,closed,0
10.1021/acsenergylett.6c00419,10.1021/acsenergylett.6c00419,Synergistic Ion Engineering for Wide-Bandgap Perovskite Enables Perovskite–Organic Tandem Solar Cells with a Record Certified Voltage,ACS Energy Letters,journal,2026-03-16,article,en,,,,,University Of Science And Technology Of China,5,closed,0
10.1002/adma.72823,10.1002/adma.72823,Mechanochemically Reinforced Dual‐Dynamic Covalent Seeding Enables High‐Performance and Operationally Stable Perovskite Solar Cells,Advanced Materials,journal,2026-03-16,article,en,,,,,Ningbo,4,closed,1
10.1002/adfm.202526009,10.1002/adfm.202526009,Volatile Fluorination Additive for Operationally Stable Perovskite/TOPCon Tandem Solar Cells,Advanced Functional Materials,journal,2026-03-16,article,en,,,,,Ningbo University,4,closed,1
10.1021/acsenergylett.6c00210,10.1021/acsenergylett.6c00210,Codeposition Strategy Enables Stable Built-In Electric Field in Sn–Pb Perovskite Solar Cells,ACS Energy Letters,journal,2026-03-16,article,en,,,,,Shanghai Jiao Tong University,3,closed,0
10.1016/j.cocom.2026.e01278,10.1016/j.cocom.2026.e01278,"DFT-to-photovoltaics assessment of CsSnI3: comparative study of LDA (CA–PZ), GGA-PBE, rSCAN meta-GGA, and HSE03",Computational Condensed Matter,journal,2026-03-16,article,en,,,,,Chouaib Doukkali University,2,closed,0
10.1002/adom.202503619,10.1002/adom.202503619,Stabilizing Iodine in 2D Mixed Halide Perovskites: Dion–Jacobson Versus Ruddlesden–Popper Phases,Advanced Optical Materials,journal,2026-03-16,article,en,,,,,Sungshin Women's University,2,closed,0
10.1021/acsaem.6c00017,10.1021/acsaem.6c00017,Thiol-bearing Tertiary Alkylammonium Chloride for Regulation of PbI 2 Excess in FAPbI 3 Perovskite Solar Cells,ACS Applied Energy Materials,journal,2026-03-16,article,en,,,,,National Technical University Of Athens,2,closed,0
10.1016/j.cej.2026.175296,10.1016/j.cej.2026.175296,Preparation of high quality CsPbI3 perovskite solar cells via CsF buried crystals,Chemical Engineering Journal,journal,2026-03-16,article,en,,,,,Hebei University,1,closed,0
10.1021/acsomega.6c01620,10.1021/acsomega.6c01620,Stabilizing Halide Distribution in Mixed Halide Perovskites through Diammonium-Based Passivation,ACS Omega,journal,2026-03-16,article,en,,,,,University Of Jaffna,1,gold,0
10.1088/2515-7655/ae52b5,10.1088/2515-7655/ae52b5,Investigation of CaZrO 3− x S x oxysulfide perovskite thin films grown by pulsed laser deposition,Journal of Physics Energy,journal,2026-03-16,article,en,,,,,Centre National De La Recherche Scientifique,1,gold,0
10.1002/ange.3450174,10.1002/ange.3450174,Multi‐Site Synergistic Regulation Towards Highly Efficient and Stable Perovskite Solar Cells,Angewandte Chemie,journal,2026-03-16,article,en,,,,,Academy Of Opto-electronics,0,closed,0
10.1007/s40243-026-00358-6,10.1007/s40243-026-00358-6,"Investigation of structural, optical and electrical properties of Zn doped CuO thin films prepared by chemical bath deposition",Materials for Renewable and Sustainable Energy,journal,2026-03-16,article,en,,,,,Comsats University Islamabad,0,gold,0
10.21203/rs.3.rs-8888531/v1,10.21203/rs.3.rs-8888531/v1,Balancing Power Harvesting and Data Reception in Inverted Perovskite SLIPT Receivers,Research Square,repository,2026-03-16,preprint,en,,,,,London South Bank University,0,green,0
10.1680/jemmr.25.00157,10.1680/jemmr.25.00157,Numerical design and optimisation of Cs2SnI6– n Br n -based lead-free perovskite solar cells,Emerging Materials Research,journal,2026-03-16,article,en,,,,,Luoyang,0,closed,0
10.1002/ange.8473744,10.1002/ange.8473744,Tuning Terminal Groups of Hole‐Selective Materials to Suppress Nonradiative Recombination in Inverted Perovskite Solar Cells,Angewandte Chemie,journal,2026-03-16,article,en,,,,,East China University Of Science And Technology,0,closed,0
10.1063/5.0309863,10.1063/5.0309863,Enhanced performance of inverted CsPbI3 perovskite solar cells by using carbohydrazide interface modification,Applied Physics Letters,journal,2026-03-16,article,en,,,,,Ningbo University,0,closed,0
10.1063/5.0313475,10.1063/5.0313475,Targeted passivation via ammonium benzoate for suppressing deep-level defects of doctor-bladed CH3NH3PbI3 films,Applied Physics Letters,journal,2026-03-16,article,en,,,,,Central South University,0,closed,0
10.1051/e3sconf/202669802001/pdf,10.1051/e3sconf/202669802001/pdf,Electronic Structure and Optical Response of Cs₂AgSbBr₆: A Lead-Free Double Perovskite for Sustainable Photovoltaics,Springer Link (Chiba Institute of Technology),repository,2026-03-16,article,en,,,,,Chouaib Doukkali University,0,green,0
10.1038/s41586-026-10385-y,10.1038/s41586-026-10385-y,Triple-junction solar cells with improved carrier and photon management,Nature,journal,2026-03-17,article,en,,,,,Swiss Center For Electronics And Microtechnology (switzerland),9,green,0
10.1002/aenm.202506494,10.1002/aenm.202506494,Spontaneous Perovskite Passivator Featuring Dual Functional Groups,Advanced Energy Materials,journal,2026-03-17,article,en,,,,,National,7,hybrid,1
10.1016/j.physb.2026.418544,10.1016/j.physb.2026.418544,"Exploring cobalt porphyrin-grafted polyhydroxy styrene nanofibers: DFT analysis, optical properties, and solar cell simulation",Physica B Condensed Matter,journal,2026-03-17,article,en,,,,,Tanta University,6,closed,0
10.1021/jacs.6c02548,10.1021/jacs.6c02548,Bifunctional D−π–A Ligand Directs Self-Organized Interface Passivation for Efficient Perovskite Photovoltaics,Journal of the American Chemical Society,journal,2026-03-17,article,en,,,,,Shanghai Jiao Tong University,6,closed,1
10.1002/adma.202518808,10.1002/adma.202518808,De Rerum Natura : How Do Halide Perovskites Self‐Heal From Damage?,Advanced Materials,journal,2026-03-17,article,en,,,,,Centre National De La Recherche Scientifique,2,hybrid,0
10.1016/j.nanoen.2026.111897,10.1016/j.nanoen.2026.111897,"A unified framework across materials, processing, and performance for perovskite quantum dot photovoltaics",Nano Energy,journal,2026-03-17,article,en,,,,,Korea University,2,closed,0
10.1007/s11814-026-00680-9,10.1007/s11814-026-00680-9,"Alkali-Based Z₂TlGaH₆ (Z=Li, Na, K, Rb) Double Perovskites for Advanced Hydrogen Storage and Optoelectronic Applications",Korean Journal of Chemical Engineering,journal,2026-03-17,article,en,,,,,University Of Management And Technology,2,closed,0
10.1016/j.inoche.2026.116530,10.1016/j.inoche.2026.116530,Boosting the efficiency of Cs2BiAgI6 perovskite solar cells: Device modeling and machine learning prediction,Inorganic Chemistry Communications,journal,2026-03-17,article,en,,,,,University Of Maroua,2,closed,0
10.1038/s41467-026-70697-5,10.1038/s41467-026-70697-5,Reversible crosslinking strategy for dynamic strain regulation in inverted perovskite solar cells,Nature Communications,journal,2026-03-17,article,en,,,,,East China Normal University,1,gold,1
10.1038/s43246-026-01123-y,10.1038/s43246-026-01123-y,Enhancing performance and stability of methylammonium lead iodide-based perovskite solar cells using single-crystal precursors,Communications Materials,journal,2026-03-17,article,en,,,,,National Tsing Hua University,1,gold,0
10.1088/1361-651x/ae531c,10.1088/1361-651x/ae531c,Optimization of lead-free tandem solar cells using Cs 3 Bi 2 I 9 and La 2 NiMnO 6 : a simulation study,Modelling and Simulation in Materials Science and Engineering,journal,2026-03-17,article,en,,,,,Université Hassan Ii Mohammedia,1,hybrid,0
10.1002/aenm.70834,10.1002/aenm.70834,"Enabling Long Term, Shelf‐Stable Perovskite Solar Cells: Alumina Barriers to Protect Perovskite Devices from Moisture and Oxygen",Advanced Energy Materials,journal,2026-03-17,article,en,,,,,National Laboratory Of The Rockies,1,hybrid,1
10.1016/j.jelechem.2026.120050,10.1016/j.jelechem.2026.120050,Research progress and prospects of perovskite nanomaterials in electrochemiluminescence,Journal of Electroanalytical Chemistry,journal,2026-03-17,article,en,,,,,University Of Jinan,1,closed,0
10.1021/acsami.6c00384,10.1021/acsami.6c00384,Surface Solvent Cleaning-Assisted Vapor-Phase Passivation Strategies for High-Quality Perovskite Thin Films Grown by Vapor–Solid Reaction,ACS Applied Materials & Interfaces,journal,2026-03-17,article,en,,,,,Wuhan University Of Technology,0,closed,1
10.21203/rs.3.rs-9069861/v1,10.21203/rs.3.rs-9069861/v1,Mitigating tin ion migration and reinforcing buried interface via synergistic polymer-modified tin oxide,Research Square,repository,2026-03-17,preprint,en,,,,,University Of California Los Angeles,0,green,0
10.17615/w5ae-rj67,10.17615/w5ae-rj67,Field‐Relevant Degradation Mechanisms in Metal Halide Perovskite Modules,UNC Libraries,repository,2026-03-17,article,en,,,,,,0,green,0
10.1002/adfm.74954,10.1002/adfm.74954,Complementary Dual‐Stage Modulation via Ionic‐Electrostatic Interactions for Highest Efficiency 2.03 eV Perovskite Device and Triple‐Junction Tandems,Advanced Functional Materials,journal,2026-03-17,article,en,,,,,Dalian,0,closed,0
10.62823/exre/2026/03/01.172,10.62823/exre/2026/03/01.172,Probabilistic Evaluation of Lead-Free Perovskite Materials for Application Specific Photovoltaics,Exploresearch.,journal,2026-03-17,article,en,,,,,Acharya Narendra Deva University Of Agriculture And Technology,0,closed,0
10.1088/1361-6463/ae5304,10.1088/1361-6463/ae5304,Synergistic HT4N/Spiro-OMeTAD dual-hole-transport strategy for efficient and stable wide-bandgap perovskite solar cells,Journal of Physics D Applied Physics,journal,2026-03-17,article,en,,,,,Central South University,0,closed,0
10.1016/j.esr.2026.102180,10.1016/j.esr.2026.102180,Comparative analysis of energy efficiency and structural properties of windows with integrated semitransparent photovoltaic technologies,Energy Strategy Reviews,journal,2026-03-17,article,en,,,,,University Of Tehran,0,gold,0
10.1021/acs.jpclett.6c00034,10.1021/acs.jpclett.6c00034,Unraveling UV Stability in Metal Halide Perovskites: From Degradation Mechanisms to Molecular Passivation,The Journal of Physical Chemistry Letters,journal,2026-03-17,article,en,,,,,Shanghaitech University,0,closed,1
10.1038/s41586-026-10275-3,10.1038/s41586-026-10275-3,Integrated memristor for mitigating reverse-bias in perovskite solar cells,Nature,journal,2026-03-18,article,en,,,,,Zhaw Zurich University Of Applied Sciences,6,closed,0
10.1007/s40820-026-02150-7,10.1007/s40820-026-02150-7,Defect-Anchored Dipole Molecules Induce Surface Polarization Facilitating High-Performance Inverted Perovskite Solar Cells,Nano-Micro Letters,journal,2026-03-18,article,en,,,,,Huaqiao University,4,gold,1
10.1002/smll.202600050,10.1002/smll.202600050,Chelating Coordination Regulates Perovskite Crystallization and Defect Passivation in Sn–Pb Perovskite Solar Cells,Small,journal,2026-03-18,article,en,,,,,National Institute For Materials Science,4,hybrid,1
10.1021/acsami.5c24183,10.1021/acsami.5c24183,Realizing High-Performance Vacuum-Deposited Inverted α-FAPbI 3 Perovskite Solar Cells through Saturated-Humidity Annealing,ACS Applied Materials & Interfaces,journal,2026-03-18,article,en,,,,,National Tsing Hua University,3,hybrid,0
10.1002/advs.202524338,10.1002/advs.202524338,Reinforcement of Cathode Interface Using a Dipolar Small Molecule for Enhancing Operational Stability of Perovskite Solar Cells,Advanced Science,journal,2026-03-18,article,en,,,,,Ajou University,2,gold,1
10.1002/adfm.202532203,10.1002/adfm.202532203,Interfacial Modulation for High‐Efficiency Large‐Area Organic Photovoltaics and Perovskite‐Organic Tandem Solar Modules,Advanced Functional Materials,journal,2026-03-18,article,en,,,,,Advanced Analysis Center,2,hybrid,1
10.1002/smll.202513845,10.1002/smll.202513845,Targeted Regulation of Multifunctional Molecules at Dual Interfaces: Suppressing Phase Separation and Enhancing the Efficiency of Wide Bandgap Perovskite Solar Cells,Small,journal,2026-03-18,article,en,,,,,Nankai University,2,closed,1
10.1016/j.electacta.2026.148699,10.1016/j.electacta.2026.148699,Optimization of CsGeI3 lead-free perovskite solar cells through transport-layer-dependent charge extraction and recombination dynamics,Electrochimica Acta,journal,2026-03-18,article,en,,,,,National Environmental Engineering Research Institute,1,closed,0
10.1016/j.chphma.2026.03.003,10.1016/j.chphma.2026.03.003,Sustainable optoelectronic architecture of polymer-based HTLs for high-performance CsSnI2Br perovskite solar cells,ChemPhysMater,journal,2026-03-18,article,en,,,,,Al-balqa Applied University,1,diamond,0
10.1016/j.synthmet.2026.118138,10.1016/j.synthmet.2026.118138,Application of functional group-modulated polymeric hole transport materials in inverted perovskite solar cells,Synthetic Metals,journal,2026-03-18,article,en,,,,,Guilin University Of Technology,1,closed,0
10.1016/j.solener.2026.114528,10.1016/j.solener.2026.114528,High efficiency BaHfSe3 based ecofriendly chalcogenide perovskite solar cells,Solar Energy,journal,2026-03-18,article,en,,,,,Mohammed V University,1,closed,0
10.1002/bkcs.70136,10.1002/bkcs.70136,"Operational stability of mixed Sn–Pb perovskite solar cells: Mechanisms, mitigation strategies, and perspectives",Bulletin of the Korean Chemical Society,journal,2026-03-18,article,en,,,,,,1,hybrid,0
10.1007/s10904-026-04247-3,10.1007/s10904-026-04247-3,"Perovskite–Polymer Nanocomposites: Concise Review on Design Strategies, Architectural Engineering, and Applications in Optoelectronics",Journal of Inorganic and Organometallic Polymers and Materials,journal,2026-03-18,article,en,,,,,Imam Mohammad Ibn Saud Islamic University,1,closed,0
10.1007/s11696-026-04761-1,10.1007/s11696-026-04761-1,"Investigation of the stable and non-toxic halide perovskite-inspired AgBiZ4 (Z = Cl, Br, I) for photovoltaic applications",Chemical Papers,journal,2026-03-18,article,en,,,,,University Of Malakand,0,closed,0
10.1007/s40820-026-02145-4,10.1007/s40820-026-02145-4,Interfacial Coupling Design Enhancing Hole Transport in PTAA-Based Perovskite Solar Cells with Efficiency over 26%,Nano-Micro Letters,journal,2026-03-18,article,en,,,,,City University Of Hong Kong,0,gold,1
10.1021/acsenergylett.5c04210,10.1021/acsenergylett.5c04210,Ammonium-Free-Layered-Perovskites with Alternating Cations in the Interlayer for Wide-Bandgap Solar Cells,ACS Energy Letters,journal,2026-03-18,article,en,,,,,The University Of Sydney,0,closed,1
10.1016/j.jcis.2026.140331,10.1016/j.jcis.2026.140331,Surfactant-regulated crystallization enables ambient fabrication of high-performance perovskite solar cells,Journal of Colloid and Interface Science,journal,2026-03-18,article,en,,,,,Xiamen University,0,closed,0
10.1002/aenm.202506804,10.1002/aenm.202506804,Localized Heterogeneous Nucleation for Vapor‐Assisted Sequential Deposition of Metal Halide Perovskites,Advanced Energy Materials,journal,2026-03-18,article,en,,,,,Seoul National University,0,hybrid,1
10.1002/smll.202511830,10.1002/smll.202511830,Restricting Li + Migration via Mixed Hole Transporting Materials Strategy for Stable tBP‐Free Perovskite Solar Cells,Small,journal,2026-03-18,article,en,,,,,Tianjin University,0,closed,0
10.1016/j.comptc.2026.115775,10.1016/j.comptc.2026.115775,Designing and DFT studying of CTBDP-based derivatives for efficient perovskite and organic solar cells,Computational and Theoretical Chemistry,journal,2026-03-18,article,en,,,,,University Of Faisalabad,0,closed,0
10.21256/zhaw-36561,10.21256/zhaw-36561,Integrated memristor for mitigating reverse-bias in perovskite solar cells,ZHAW Digital Collection,repository,2026-03-18,article,en,,,,,,0,green,0
10.1021/acsenergylett.5c04238,10.1021/acsenergylett.5c04238,Defect Passivation Strategies in Halide Perovskite Solar Cells and LEDs,ACS Energy Letters,journal,2026-03-19,article,en,,,,,Indian,19,hybrid,0
10.1016/j.jechem.2026.03.019,10.1016/j.jechem.2026.03.019,Graded heterojunction hole transport layer for ambient-air and scalable fabrication of perovskite solar cells,Journal of Energy Chemistry,journal,2026-03-19,article,en,,,,,Soochow University,3,closed,0
10.1002/adom.202503341,10.1002/adom.202503341,Solution and Vacuum‐Based Scalable Deposition Methods for Perovskite/Si Tandem Solar Cells,Advanced Optical Materials,journal,2026-03-19,article,en,,,,,Dubai Health Authority,2,closed,1
10.1016/j.mtsust.2026.101347,10.1016/j.mtsust.2026.101347,Paradigm shift in perovskite photovoltaics scalability: Spray-engineered 1D/3D perovskite interfaces unlock efficiency and moisture stability,Materials Today Sustainability,journal,2026-03-19,article,en,,,,,Florida International University,2,gold,1
10.1016/j.matlet.2026.140494,10.1016/j.matlet.2026.140494,Enhancing carrier dynamics in CsSnI3-XBrX perovskite solar cells through sinusoidal bandgap grading,Materials Letters,journal,2026-03-19,article,en,,,,,Chitkara University,2,closed,0
10.1021/acsnano.5c19968,10.1021/acsnano.5c19968,Carrier Dynamics of Strongly Confined CsPbI 3 Nanowires,ACS Nano,journal,2026-03-19,article,en,,,,,Lawrence Berkeley National Laboratory,1,closed,1
10.1016/j.resenv.2026.100328,10.1016/j.resenv.2026.100328,Assessment of the life cycle of photovoltaic solar technologies for sustainable energy transitions: Implications for climate policy and low-carbon system integration,Resources Environment and Sustainability,journal,2026-03-19,article,en,,,,,,1,gold,1
10.1088/2040-8986/ae54aa,10.1088/2040-8986/ae54aa,Performance analysis of double perovskite absorber Cs 2 PtI 6 using various transport layers for high-efficiency lead-free PSCs,Journal of Optics,journal,2026-03-19,article,en,,,,,Chhatrapati Shahu Ji Maharaj University,1,hybrid,0
10.1016/j.jechem.2026.03.020,10.1016/j.jechem.2026.03.020,Dual regulation via coordination bonds and halogen bonds for high-efficiency and stable FAPbBr3 perovskite solar cells,Journal of Energy Chemistry,journal,2026-03-19,article,en,,,,,University Of Science And Technology Of China,1,closed,0
10.1016/j.surfin.2026.109055,10.1016/j.surfin.2026.109055,Utilizing ab initio atomistic thermodynamics to unravel the impact of oxygen partial pressure and atmospheric annealing on a thin NiOx film for efficient inverted perovskite solar cells,Surfaces and Interfaces,journal,2026-03-19,article,en,,,,,King Mongkut's University Of Technology Thonburi,0,closed,0
10.1016/j.calphad.2026.102941,10.1016/j.calphad.2026.102941,A thermodynamic model of the Cs-Pb system,Calphad,journal,2026-03-19,article,en,,,,,Commissariat À L'énergie Atomique Et Aux Énergies Alternatives,0,closed,0
10.1021/acsaem.5c03696,10.1021/acsaem.5c03696,"Multifunctional Dual-Interface Passivation Strategy for Synergistic Control of Crystallization, Defects, and Band Alignment in Wide-Bandgap Perovskite Solar Cells",ACS Applied Energy Materials,journal,2026-03-19,article,en,,,,,Korea Advanced,0,closed,1
10.1016/j.cej.2026.175374,10.1016/j.cej.2026.175374,Tailoring perovskite colloids with RbPb2Br5 crystals for high-efficiency and stable solar cells,Chemical Engineering Journal,journal,2026-03-19,article,en,,,,,Qingdao,0,closed,0
10.1021/acs.inorgchem.6c00191,10.1021/acs.inorgchem.6c00191,Self-Powered Broadband Photodetection in Hybrid Perovskite Enabled by Photovoltaic Effect,Inorganic Chemistry,journal,2026-03-19,article,en,,,,,,0,closed,0
10.1002/solr.202500946,10.1002/solr.202500946,Material‐Driven Design of OMO‐Perovskite‐OMO Solar Cells for Bifacial and Semi‐Transparent Photovoltaic Applications,Solar RRL,journal,2026-03-19,article,en,,,,,Indian,0,closed,0
10.1021/acsenergylett.6c00115,10.1021/acsenergylett.6c00115,"Progress in High-Efficiency Inverted Perovskite Solar Cells: Charge Transport, Interface Engineering, and Stability",ACS Energy Letters,journal,2026-03-20,article,en,,,,,Sungkyunkwan University,7,closed,1
10.1002/adfm.75014,10.1002/adfm.75014,Tridentate Locking Strategy Enables Multi‐Dimensional Synergy at Buried Interfaces for High Performance Perovskite Solar Cells,Advanced Functional Materials,journal,2026-03-20,article,en,,,,,Shanghai University Of Electric Power,3,closed,0
10.1002/anie.202519239,10.1002/anie.202519239,Pancake‐Like Surface Halide‐Fluorothiolate‐Enriched Au 12 Ag 30 Nanoclusters for Defect Passivation and Moisture Shielding in Perovskite Solar Cells,Angewandte Chemie International Edition,journal,2026-03-20,article,en,,,,,Qingdao University Of Science And Technology,3,closed,1
10.1016/j.matchemphys.2026.132413,10.1016/j.matchemphys.2026.132413,"Exploring the semiconductor character of Z2SbAuF6 (Z=K, Rb) halide double perovskites for the latest technology applications",Materials Chemistry and Physics,journal,2026-03-20,article,en,,,,,,3,closed,0
10.1002/adma.72859,10.1002/adma.72859,Molecular Surface Self‐Accumulation Toward High‐Efficiency and Mechanically Robust Flexible Perovskite Solar Cells,Advanced Materials,journal,2026-03-20,article,en,,,,,Northwestern Polytechnical University,3,closed,0
10.1002/adfm.202529943,10.1002/adfm.202529943,Ferromagnetic–Electronic Coupling Strategy for Enhancing Operational Stability of Planar Perovskite Solar Cells toward Magnetron Co‐Sputtered Iron‐Doped Zinc‐Tin‐Oxide Ferroelectric Electron Transport Layers,Advanced Functional Materials,journal,2026-03-20,article,en,,,,,Karamanoğlu Mehmetbey University,3,closed,0
10.1038/s41560-026-02015-8,10.1038/s41560-026-02015-8,Amorphous self-assembled multilayers for perovskite solar cells with improved reverse bias stability,Nature Energy,journal,2026-03-20,article,en,,,,,Chinese University Of Hong Kong,3,closed,0
10.1021/acsami.5c25402,10.1021/acsami.5c25402,Enhanced Efficiency and Moisture Stability of Dopant-Free P3HT Perovskite Solar Cells via a Tricarboxytriphenylamine Molecular Lock,ACS Applied Materials & Interfaces,journal,2026-03-20,article,en,,,,,Advanced Materials And Devices (united States),1,closed,0
10.1021/acs.jpclett.6c00286,10.1021/acs.jpclett.6c00286,Dipole Molecular Bridge Engineering Enables Defect Suppression and Charge Transport Enhancement at the Buried Interface of Perovskite Solar Cells,The Journal of Physical Chemistry Letters,journal,2026-03-20,article,en,,,,,Nanjing University Of Posts And Telecommunications,1,closed,1
10.1002/adfm.75040,10.1002/adfm.75040,Multifunctional Interfacial Passivation via Cooperative Coordination and Hydrogen Bonding for Highly Efficient and Stable Inverted Perovskite Solar Cells,Advanced Functional Materials,journal,2026-03-20,article,en,,,,,Zhengzhou University,1,closed,1
10.1021/acs.nanolett.5c06420,10.1021/acs.nanolett.5c06420,Hyperfine-Induced Asymmetric Overhauser Field in MAPbI 3 Thin Films,Nano Letters,journal,2026-03-20,article,en,,,,,Centre National De La Recherche Scientifique,1,closed,0
10.21203/rs.3.rs-9091945/v1,10.21203/rs.3.rs-9091945/v1,An AI-discovered all-in-one ink yields cost-effective perovskite solar modules exceeding 22% efficiency,Research Square,repository,2026-03-20,preprint,en,,,,,University Of Electronic Science And Technology Of China,0,green,0
10.21203/rs.3.rs-9095062/v1,10.21203/rs.3.rs-9095062/v1,Non-competitive additives regulate molecular assembly for compact monolayers in perovskite/silicon tandems,Research Square,repository,2026-03-20,preprint,en,,,,,Xi'an Jiaotong University,0,green,0
10.1016/j.surfin.2026.109064,10.1016/j.surfin.2026.109064,"Multifunctional benzo-imidazo [1,2-c]quinazoline interfacial layers for high efficiency perovskite solar cells",Surfaces and Interfaces,journal,2026-03-20,article,en,,,,,Université De Tours,0,closed,0
10.1002/ange.202519239,10.1002/ange.202519239,Pancake‐Like Surface Halide‐Fluorothiolate‐Enriched Au 12 Ag 30 Nanoclusters for Defect Passivation and Moisture Shielding in Perovskite Solar Cells,Angewandte Chemie,journal,2026-03-20,article,en,,,,,Qingdao University Of Science And Technology,0,closed,0
10.1016/j.solener.2026.114536,10.1016/j.solener.2026.114536,Efficiency enhancement of lithium and cobalt treated TiO2 in MAPbI3 perovskite solar device by SCAPS 1D,Solar Energy,journal,2026-03-20,article,en,,,,,Federal University Birnin Kebbi,0,closed,0
10.1038/s41598-026-41097-y,10.1038/s41598-026-41097-y,"Insilico investigations of the physical properties of hexagonal chalcogenide perovskites CsXS3 (X = Nb, V) for UV optoelectronic devices and photovoltaic applications",Scientific Reports,journal,2026-03-20,article,en,,,,,Pan-atlantic University,0,gold,0
10.48550/arxiv.2603.20516,10.48550/arxiv.2603.20516,Degradation Dynamics of Perovskite Solar Cells Under Fixed Reverse Current Injection,arXiv (Cornell University),repository,2026-03-20,preprint,en,,,,,,0,green,1
degradation dynamics of perovskite solar cells under fixed reverse current injection|jiang,,Degradation Dynamics of Perovskite Solar Cells Under Fixed Reverse Current Injection,arXiv (Cornell University),repository,2026-03-20,preprint,en,,,,,University Of Washington,0,green,0
10.32628/ijsrst2613116,10.32628/ijsrst2613116,"Nanotechnology and Advanced Materials Play a Pivotal Role in Advancing Sustainable Applications Across Energy, Environment, Agriculture, And Remediation",International Journal of Scientific Research in Science and Technology,journal,2026-03-20,article,en,,,,,Cda College,0,diamond,0
10.5281/zenodo.21514170,10.5281/zenodo.21514170,"Nanotechnology and Advanced Materials Play a Pivotal Role in Advancing Sustainable Applications Across Energy, Environment, Agriculture, And Remediation",Zenodo (CERN European Organization for Nuclear Research),repository,2026-03-20,article,en,,,,,,0,green,0
10.5281/zenodo.21514169,10.5281/zenodo.21514169,"Nanotechnology and Advanced Materials Play a Pivotal Role in Advancing Sustainable Applications Across Energy, Environment, Agriculture, And Remediation",Zenodo (CERN European Organization for Nuclear Research),repository,2026-03-20,article,en,,,,,,0,green,0
10.1007/s10765-026-03744-4,10.1007/s10765-026-03744-4,Numerical and Machine Learning Methods to Predict the Thermal Behaviour of New Photovoltaic Cells in Order to Increase Their Efficiency,International Journal of Thermophysics,journal,2026-03-21,article,en,,,,,University Of Rome Tor Vergata,4,closed,0
10.1002/adfm.75071,10.1002/adfm.75071,Ionic Liquid‐Driven Intermediate Phase Engineering for Surface‐Reconstruction of CsPbI 2 Br Toward High‐Efficiency Perovskite/Organic Tandem Solar Cells,Advanced Functional Materials,journal,2026-03-21,article,en,,,,,North China Electric Power University,4,closed,0
10.1002/adfm.202531732,10.1002/adfm.202531732,Crystallographic and Stoichiometric Control of ALD‐SnO 2 Interconnects for Efficient Flexible Perovskite‐organic‐tandem Photovoltaics,Advanced Functional Materials,journal,2026-03-21,article,en,,,,,Dalian National Laboratory For Clean Energy,3,closed,0
10.1002/tcr.202500352,10.1002/tcr.202500352,Recent Advances in Interface Engineering to Stabilize Formamidinium‐Based Perovskite Solar Cells,The Chemical Record,journal,2026-03-21,article,en,,,,,Nanjing Tech University,2,closed,0
10.1007/s10853-026-12595-1,10.1007/s10853-026-12595-1,"First-principles insights into CaMX3 (M = Zr, Hf; X = S, Se, Te) chalcogenide perovskites as eco-friendly photovoltaic materials",Journal of Materials Science,journal,2026-03-21,article,en,,,,,Chandigarh University,2,closed,0
10.1016/j.nanoen.2026.111896,10.1016/j.nanoen.2026.111896,Tailored NiOx mesoporous frameworks driving interface engineering towards durable and efficient inverted perovskite solar cells,Nano Energy,journal,2026-03-21,article,en,,,,,Nanyang Technological University,2,closed,0
10.1016/j.solmat.2026.114307,10.1016/j.solmat.2026.114307,Size-dependent mechanical strength of pyramidal-textured Si wafers from nanoscale to microscale and its implications for Si heterojunction and perovskite/Si tandem solar cells,Solar Energy Materials and Solar Cells,journal,2026-03-21,article,en,,,,,Tokyo,1,closed,0
10.1002/adfm.74890,10.1002/adfm.74890,A Hydrogen‐Bonded Disaccharide Network Enables >600 cm 2 Flexible Perovskite Solar Modules With High Efficiency and Robustness,Advanced Functional Materials,journal,2026-03-21,article,en,,,,,Jinan University,1,closed,0
10.1016/j.nanoen.2026.111907,10.1016/j.nanoen.2026.111907,"Recycling, recovery, and reuse of metal halides from waste multi-metal and halogen-containing perovskite solar cells",Nano Energy,journal,2026-03-22,article,en,,,,,National Cheng Kung University,4,closed,0
10.1016/j.nanoen.2026.111906,10.1016/j.nanoen.2026.111906,All-perovskite Indoor Tandem Solar Cells,Nano Energy,journal,2026-03-22,article,en,,,,,University Of Rome Tor Vergata,2,closed,0
10.24425/amm.2026.157778,10.24425/amm.2026.157778,"Pressure Effects on the Structural, Mechanical and Opto-Electronic Properties of Potassium-Based Antiperovskites K3XO (X = Cl, Br, I) from First-Principles Investigation",Archives of Metallurgy and Materials,journal,2026-03-22,article,pl,,,,,University Of Biskra,1,diamond,0
10.1002/solr.70310,10.1002/solr.70310,"Modifying 6,6‐Phenyl‐C61‐Butyric Acid Methyl Ester With a Multifunctional Organic Molecule Improves Performance of Electron Transport Layer and Passivates Defects in Inverted Perovskite Solar Cell",Solar RRL,journal,2026-03-22,article,en,,,,,University Of Electronic Science And Technology Of China,1,closed,1
10.1016/j.ssc.2026.116406,10.1016/j.ssc.2026.116406,Engineering NiO–Nb2O5 composite electron transport layers to suppress recombination in perovskite solar cells,Solid State Communications,journal,2026-03-22,article,en,,,,,University Of Science And Technology Of China,0,closed,0
10.1002/solr.202600005,10.1002/solr.202600005,Bulk Organic Ions as Buried Interfacial Assembled Molecular Glues for Boosting the Performance of Perovskite Solar Cells,Solar RRL,journal,2026-03-22,article,en,,,,,Nanjing University Of Science And Technology,0,closed,1
10.65204/djes.v3i1.468,10.65204/djes.v3i1.468,Development And Characterization of Low –Cost Perovskite Solar Cells: Optical Structure and Electoral (I-V) Analysis,Dijlah Journal of Engineering Sciences ISSN 3078-9664 e-ISSN 3078-9656,journal,2026-03-22,article,en,,,,,,0,closed,0
10.1002/adma.202523249,10.1002/adma.202523249,Rationally Designed Self‐Assembled Monolayer for Dual‐Site Passivation Enables Efficient and Stable Perovskite Solar Cells,Advanced Materials,journal,2026-03-23,article,en,,,,,,5,closed,1
10.1038/s41563-026-02541-6,10.1038/s41563-026-02541-6,Perovskite–organic tandem solar cells with superior reverse-bias stability,Nature Materials,journal,2026-03-23,article,en,,,,,University Of North Carolina At Chapel Hill,4,closed,0
10.1038/s41560-026-02025-6,10.1038/s41560-026-02025-6,A molecularly engineered electron-selective self-assembled monolayer enhances quasi-Fermi level splitting in inverted perovskite solar cells,Nature Energy,journal,2026-03-23,article,en,,,,,Wuhan University Of Technology,2,closed,0
10.1021/acsenergylett.6c00031,10.1021/acsenergylett.6c00031,Covalent Organic Framework-Templated Molecular Contacts for Inverted Perovskite Solar Cells,ACS Energy Letters,journal,2026-03-23,article,en,,,,,Pukyong National University,1,closed,0
10.1002/adfm.202530037,10.1002/adfm.202530037,In Situ Ring‐Opening Polymerization for a Reactive Polymer Interlayer Enables Efficient and Stable Perovskite Solar Cells,Advanced Functional Materials,journal,2026-03-23,article,en,,,,,Jiangxi Normal University,1,closed,1
10.1002/adfm.202532139,10.1002/adfm.202532139,In‐Situ Solution Complexation for n‐Type Surface‐Energetics Reconstruction in 2.0 eV Ultra‐Wide‐Bandgap Perovskite Solar Cells,Advanced Functional Materials,journal,2026-03-23,article,en,,,,,Chung-ang University,1,hybrid,0
10.1016/j.ssc.2026.116404,10.1016/j.ssc.2026.116404,Enhancing the efficiency of HTL-free tin-based perovskite solar cells by the gradient structure designed with SCAPS-1D,Solid State Communications,journal,2026-03-23,article,en,,,,,Shanghai University Of Electric Power,1,closed,0
10.1038/s41560-026-02011-y,10.1038/s41560-026-02011-y,Decoupling cation segregation and volatile loss in formamidinium–caesium metal halide perovskite solar cells under high-temperature operating conditions,Nature Energy,journal,2026-03-23,article,en,,,,,University Of North Carolina At Chapel Hill,1,closed,0
10.1021/acsami.5c24915,10.1021/acsami.5c24915,Two-Dimensional Perovskite Quantum Dot Building Blocks toward Efficient 2D/3D Perovskite Heterostructures in Photovoltaics,ACS Applied Materials & Interfaces,journal,2026-03-23,article,en,,,,,Of The People's Republic Of China,1,closed,1
10.1016/j.optlastec.2026.115153,10.1016/j.optlastec.2026.115153,Harnessing plasmonic gratings for boosting band-edge photon utilization in perovskite solar cells,Optics & Laser Technology,journal,2026-03-23,article,en,,,,,Jilin Normal University,0,closed,0
10.4028/p-cjlz8h,10.4028/p-cjlz8h,Experiment Calibrated and Uncertainty Aware Benchmarking Framework for Lead Tin Perovskite Solar Cells,Journal of nano research,journal,2026-03-23,article,en,,,,,The University Of Dodoma,0,hybrid,0
10.1021/acsenergylett.6c00075,10.1021/acsenergylett.6c00075,Rapid Parameter Prediction in Perovskite Solar Cells via AI-Assisted Performance Analysis,ACS Energy Letters,journal,2026-03-23,article,en,,,,,University Of Potsdam,0,hybrid,1
10.5281/zenodo.19184691,10.5281/zenodo.19184691,SASA Validation Sweep v1,Zenodo (CERN European Organization for Nuclear Research),repository,2026-03-23,article,en,,,,,,0,green,0
10.5281/zenodo.19184690,10.5281/zenodo.19184690,SASA Validation Sweep v1,Zenodo (CERN European Organization for Nuclear Research),repository,2026-03-23,article,en,,,,,,0,green,0
10.21203/rs.3.rs-9068209/v1,10.21203/rs.3.rs-9068209/v1,Bifunctional Multidentate Linker Tailoring Interfacial Dipole and Residual Stress to Enhance Photovoltaic Performance,Research Square,repository,2026-03-23,preprint,en,,,,,Chang Gung University,0,green,0
10.1021/acs.jpclett.6c00410,10.1021/acs.jpclett.6c00410,Electron-Beam Cross-Linked Ligands Enable Highly Stable and Freestanding Perovskite Nanocrystal Films,The Journal of Physical Chemistry Letters,journal,2026-03-23,article,en,,,,,Center For Nanoscience,0,closed,0
10.48550/arxiv.2603.21657,10.48550/arxiv.2603.21657,SAM Molecular Stacking with Heterogeneous Orientationfor High-Performance Perovskite Photovoltaics,arXiv (Cornell University),repository,2026-03-23,preprint,en,,,,,,0,green,1
10.48550/arxiv.2603.22520,10.48550/arxiv.2603.22520,AI-supported Degradation Study of Carbon-based Perovskite Solar Cells: Learning the Device Physics of Perovskite Solar Cells: A Drift-Diffusion Guided Autoencoder Approach,arXiv (Cornell University),repository,2026-03-23,preprint,en,,,,,Zhaw Zurich University Of Applied Sciences,0,green,1
ai supported degradation study of carbon based perovskite solar cells learning the device physics of perovskite solar cells a drift diffusion guided autoencoder approach|zbinden,,AI-supported Degradation Study of Carbon-based Perovskite Solar Cells: Learning the Device Physics of Perovskite Solar Cells: A Drift-Diffusion Guided Autoencoder Approach,arXiv (Cornell University),repository,2026-03-23,preprint,en,,,,,,0,green,0
10.1016/j.cej.2026.175529,10.1016/j.cej.2026.175529,Data-driven discovery of high-performance surface passivators for efficient and stable perovskite solar cells,Chemical Engineering Journal,journal,2026-03-24,article,en,,,,,Zhejiang Energy Group (china),11,closed,0
10.1021/acsnano.5c18895,10.1021/acsnano.5c18895,Disaggregation of Self-Assembling Molecules for Efficient Inverted Perovskite Solar Cells,ACS Nano,journal,2026-03-24,article,en,,,,,University Of Victoria,8,closed,1
10.1002/adfm.202531620,10.1002/adfm.202531620,The Application of π ‐Conjugated Multi‐Pyridyl Molecule for Mitigating Dual‐Interfacial Deficiencies in Inverted Perovskite Solar Cells,Advanced Functional Materials,journal,2026-03-24,article,en,,,,,Chongqing Normal University,4,closed,0
10.1021/acsenergylett.5c04174,10.1021/acsenergylett.5c04174,Intermediate-Phase Engineering of Thermally-Evaporated Lead-Free Halide Perovskites for Indoor Photovoltaics,ACS Energy Letters,journal,2026-03-24,article,en,,,,,The University Of Queensland,3,closed,1
10.1007/s10971-025-07099-4,10.1007/s10971-025-07099-4,ML-integrated predictive modeling and performance evaluation of inorganic Ba3SbI3 perovskite solar cell using SCAPS-1D,Journal of Sol-Gel Science and Technology,journal,2026-03-24,article,en,,,,,University Of Dhaka,2,hybrid,0
10.1007/s44291-026-00195-x,10.1007/s44291-026-00195-x,Enhancing performance of photovoltaic cell by spectral modification: a review,Discover Electronics,journal,2026-03-24,article,en,,,,,Sri Guru Granth Sahib World University,2,diamond,0
10.1002/adfm.202529991,10.1002/adfm.202529991,Suppressing Phase Segregation and Optimizing Interface Carrier Extraction in High‐Efficiency Wide Bandgap Perovskite Solar Cells,Advanced Functional Materials,journal,2026-03-24,article,en,,,,,Shenzhen Institutes Of Advanced Technology,2,closed,0
10.1021/acs.jpcc.5c08577,10.1021/acs.jpcc.5c08577,A DFT Study on Tunable Optoelectronic Properties and Stability of (2-CEA)-Based Perovskites for Solar Cells,The Journal of Physical Chemistry C,journal,2026-03-24,article,en,,,,,Northeast Normal University,1,closed,0
10.1002/eem2.70329,10.1002/eem2.70329,Organotrifluoroborate‐Driven Phase Stabilization and Defect Suppression for Wide‐Bandgap Perovskites,Energy & environment materials,journal,2026-03-24,article,en,,,,,Xi'an Jiaotong University,1,hybrid,1
10.1016/j.joule.2026.102391,10.1016/j.joule.2026.102391,Scalable fabrication of high-efficiency FAPbI3 perovskite solar modules in humid air via intermediate-phase engineering,Joule,journal,2026-03-24,article,en,,,,,Northwestern Polytechnical University,1,closed,0
10.1016/j.solmat.2026.114321,10.1016/j.solmat.2026.114321,Over 19% efficiency in 1.79 eV wide-bandgap perovskite solar cells via synergistic P-F-PEA+ and chloride anion passivation,Solar Energy Materials and Solar Cells,journal,2026-03-24,article,en,,,,,Zhejiang Normal University,1,closed,0
10.1016/j.cap.2026.03.014,10.1016/j.cap.2026.03.014,A brief review of hot-carrier dynamics in metal halide perovskites: mechanistic insights from time-resolved spectroscopy,Current Applied Physics,journal,2026-03-24,article,en,,,,,Daegu Gyeongbuk,0,closed,0
10.1021/acsaem.6c00562,10.1021/acsaem.6c00562,Antisolvent Engineering via Fluorinated Phenylalkylamine Additives for Synergistic Optimization on Crystallization Kinetics and Carrier Transport of Perovskite Solar Cells,ACS Applied Energy Materials,journal,2026-03-24,article,en,,,,,Guilin University Of Technology,0,closed,1
10.1021/acs.jpclett.6c00645,10.1021/acs.jpclett.6c00645,Nonmonotonic Strain Dependence of Defect-Assisted Nonradiative Recombination in MAPbI 3 Revealed by Nonadiabatic Dynamics,The Journal of Physical Chemistry Letters,journal,2026-03-24,article,en,,,,,Mathematics And Informatics,0,closed,1
10.17615/y669-rk70,10.17615/y669-rk70,Unraveling radiation damage and healing mechanisms in halide perovskites using energy-tuned dual irradiation dosing,UNC Libraries,repository,2026-03-24,article,en,,,,,,0,green,0
10.1016/j.jpowsour.2026.239905,10.1016/j.jpowsour.2026.239905,Harnessing the photovoltaic potential of dual absorbing layer in perovskite-based solar cells for efficient energy solutions,Journal of Power Sources,journal,2026-03-24,article,en,,,,,King Faisal University,0,hybrid,0
10.1021/acsami.6c02288,10.1021/acsami.6c02288,Addressing the Optical–Electrical Trade-Off via Rear Polished TOPCon Structures for Efficient Perovskite/Silicon Tandem Solar Cells,ACS Applied Materials & Interfaces,journal,2026-03-24,article,en,,,,,Zhejiang Normal University,0,closed,0
10.1002/ifm2.70015,10.1002/ifm2.70015,Emerging Perovskite Solar Cells for Building‐Integrated Photovoltaic Applications,Information & Functional Materials,journal,2026-03-24,article,en,,,,,Advanced Energy (united States),0,diamond,0
10.1007/s12648-026-04010-x,10.1007/s12648-026-04010-x,"Study of the stability, electronic and optical properties of the copper-based perovskite CuSrX3 (X = F, Cl, Br and I): DFT analysis",Indian Journal of Physics,journal,2026-03-24,article,en,,,,,Université Ibn Zohr,0,closed,0
10.1021/acs.jpclett.6c00065,10.1021/acs.jpclett.6c00065,First-Day Degradation and Night-Time Recovery Mechanisms of Lead–Tin Perovskite Solar Cells,The Journal of Physical Chemistry Letters,journal,2026-03-24,article,en,,,,,Institute For Atomic And Molecular Physics,0,closed,1
10.35848/1347-4065/ae56a5,10.35848/1347-4065/ae56a5,Refining IPCE measurement conditions for perovskite solar cells considering transient current responses,Japanese Journal of Applied Physics,journal,2026-03-24,article,en,,,,,Tokyo,0,hybrid,0
10.1021/acsenergylett.5c04253,10.1021/acsenergylett.5c04253,Photoluminescence Mapping of Mobile and Fixed Defects in Halide Perovskite Films,ACS Energy Letters,journal,2026-03-24,article,en,,,,,Energy Research Centre Of The Netherlands,0,closed,1
10.1016/j.matchemphys.2026.132423,10.1016/j.matchemphys.2026.132423,"Multifunctional lead-free double perovskites Cs2CuScX6 (X = Br, I) for photovoltaic and thermoelectric applications: A DFT and SCAPS-1D study",Materials Chemistry and Physics,journal,2026-03-25,article,en,,,,,Mohammed V University,4,closed,0
10.1016/j.xcrp.2026.103207,10.1016/j.xcrp.2026.103207,Upcycling bullets into solar cells converts lead waste into a green energy source,Cell Reports Physical Science,journal,2026-03-25,article,en,,,,,Forschungszentrum Jülich,4,gold,0
10.1016/j.jallcom.2026.187586,10.1016/j.jallcom.2026.187586,First-principle investigation of novel Cs3SBr anti-perovskite and design and performance evaluation of solar cell structures utilizing a variation of electron transport components and back contact metals,Journal of Alloys and Compounds,journal,2026-03-25,article,en,,,,,National,3,closed,0
10.1002/inf2.70140,10.1002/inf2.70140,Deuteration‐functionalized self‐assembled monolayers for UV ‐durable perovskite solar cells,InfoMat,journal,2026-03-25,article,en,,,,,Guangxi University,3,gold,1
10.1038/s41560-026-02027-4,10.1038/s41560-026-02027-4,Contact-triggered molecular interactions enable structural refinement of perovskite layers in solar cells,Nature Energy,journal,2026-03-25,article,en,,,,,Korea University,3,hybrid,1
10.1016/j.synthmet.2026.118145,10.1016/j.synthmet.2026.118145,Comprehensive review of lead-free bismuth halide perovskite materials for photovoltaic applications,Synthetic Metals,journal,2026-03-25,article,en,,,,,Amet University,2,closed,0
10.1021/acs.jpclett.6c00329,10.1021/acs.jpclett.6c00329,Hole Transfer to Carbazole Derivatives: Untold Story of “ Self-Assembled Monolayers ” Employed in “Halide Perovskite Solar Cells ”,The Journal of Physical Chemistry Letters,journal,2026-03-25,article,en,,,,,University Of Szeged,2,green,0
10.1088/1361-6641/ae573a,10.1088/1361-6641/ae573a,High-performance lead-free Ba 3 SbI 3 -based perovskite solar cells: device simulation and machine learning-based optimization,Semiconductor Science and Technology,journal,2026-03-25,article,en,,,,,University Of Dhaka,1,hybrid,0
10.1002/solr.70317,10.1002/solr.70317,Sulfonic‐Derivative Side Group Modulation for Perovskite Solar Cells: A Synergistic Role in Promoting Defect Passivation and Carrier Transport,Solar RRL,journal,2026-03-25,article,en,,,,,Beijing University Of Chemical Technology,1,closed,1
10.1002/adfm.75104,10.1002/adfm.75104,Synergistic Regulation of SnO 2 /Perovskite Buried Interface by Pyridine Derivative Molecular Bridging for Photovoltaic Performance Optimization,Advanced Functional Materials,journal,2026-03-25,article,en,,,,,Huaqiao University,1,closed,1
10.1002/smtd.70628,10.1002/smtd.70628,Synergistic Dual Engineering of NiO x via Ethylenediamine Chelation and γ‐Ray Irradiation for Enhanced Interfacial Transport in Perovskite Solar Cells,Small Methods,journal,2026-03-25,article,en,,,,,Intelligent Energy (united Kingdom),1,closed,0
10.1088/1402-4896/ae5772,10.1088/1402-4896/ae5772,SCAPS-1D simulation of high-performance NaZn 0.7 Ag 0.3 Br 3 double perovskite solar cells with optimized transport layers,Physica Scripta,journal,2026-03-25,article,en,,,,,Bharath University,1,hybrid,0
10.1007/s40843-025-3931-6,10.1007/s40843-025-3931-6,Overcoming the chiroptical activity-photoelectricity trade-off via the construction of multilayered Cs-based chiral-polar perovskite,Science China Materials,journal,2026-03-25,article,en,,,,,Fujian,1,closed,0
10.1021/acsenergylett.5c04261,10.1021/acsenergylett.5c04261,Ultrathin Fully Vacuum-Processed Perovskite Solar Cells with Absorbers Down to 10 nm,ACS Energy Letters,journal,2026-03-25,article,en,,,,,Nanyang Technological University,0,closed,0
10.53941/mi.2026.100004,10.53941/mi.2026.100004,From Static to Dynamic: Rethinking Interface Passivation in Inverted Perovskite Solar Cells,Materials and Interfaces,journal,2026-03-25,article,en,,,,,Westlake University,0,diamond,0
10.1016/j.matchemphys.2026.132444,10.1016/j.matchemphys.2026.132444,Post-deposition Na diffusion improves Ag-alloyed kesterite thin films properties for c-Si based-tandem solar cells,Materials Chemistry and Physics,journal,2026-03-25,article,en,,,,,Université Mohammed Vi Polytechnique,0,closed,0
10.1016/j.mtphys.2026.102078,10.1016/j.mtphys.2026.102078,Tuning of wide bandgap in Cs1-nFAnPbI2+xBr1-x perovskites via antisolvent free and dry processing approach for efficient and stable perovskite solar cells,Materials Today Physics,journal,2026-03-25,article,en,,,,,Chonnam National University,0,closed,0
10.1002/pip.70101,10.1002/pip.70101,Passivation of Magnetron‐Sputtered SnO 2 Via Ammonium Paratungstate for Enhanced Open‐Circuit Voltage in Perovskite Solar Cells,Progress in Photovoltaics Research and Applications,journal,2026-03-25,article,en,,,,,Tianjin Research,0,closed,1
10.1038/s41467-026-70848-8,10.1038/s41467-026-70848-8,Antimony oxide buffer layer for single- and double-junction perovskite-based solar cells,Nature Communications,journal,2026-03-25,article,en,,,,,Tianjin University Of Technology,0,gold,1
10.1038/d41586-026-00921-1,10.1038/d41586-026-00921-1,Redirecting current solves a shadowy problem faced by perovskite solar cells,Nature,journal,2026-03-25,article,en,,,,,,0,hybrid,1
10.1002/anie.5296449,10.1002/anie.5296449,Concurrent Nucleation of Mixed‐Halide Perovskite Phase via Balancing Solvent‐PbX 2 Interaction for Efficient Solar Cells in Air,Angewandte Chemie International Edition,journal,2026-03-25,article,en,,,,,Qingdao University Of Science And Technology,0,closed,1
10.1002/ange.5296449,10.1002/ange.5296449,Concurrent Nucleation of Mixed‐Halide Perovskite Phase via Balancing Solvent‐PbX 2 Interaction for Efficient Solar Cells in Air,Angewandte Chemie,journal,2026-03-25,article,en,,,,,Qingdao University Of Science And Technology,0,closed,0
10.15407/spqeo29.01.105,10.15407/spqeo29.01.105,Enhanced photovoltaic performance and minimal hysteresis of perovskite solar cells using caffeine-modified MAPbI3 light-harvesting material,Semiconductor Physics Quantum Electronics & Optoelectronics,journal,2026-03-25,article,en,,,,,,0,diamond,0
10.1016/j.joule.2026.102380,10.1016/j.joule.2026.102380,Self-assembled monolayer with two-dimensional bounded network as robust bottom contact for inverted perovskite solar cells,Joule,journal,2026-03-26,article,en,,,,,Shanghai Jiao Tong University,9,closed,0
10.1007/s11696-026-04797-3,10.1007/s11696-026-04797-3,Structure-dependent mechanical and optical properties of tin-based perovskites for optoelectronic applications: a DFT study,Chemical Papers,journal,2026-03-26,article,en,,,,,Indian,5,closed,0
10.1038/s41578-026-00909-3,10.1038/s41578-026-00909-3,Brightening halide perovskite emitters with Lewis basic molecules,Nature Reviews Materials,journal,2026-03-26,article,en,,,,,Northwestern Polytechnical University,5,closed,0
10.1002/adma.72936,10.1002/adma.72936,Internal Ultrathin Hydrophobic Self‐Assembled Capping Layers Enables Moisture‐Resistant All‐Perovskite Tandems,Advanced Materials,journal,2026-03-26,article,en,,,,,Wuhan University Of Technology,2,closed,1
10.1016/j.jpcs.2026.113681,10.1016/j.jpcs.2026.113681,Highly efficient lead-free double absorber perovskite solar cells: investigation of HTL-free architectures by means of SCAPS1D simulation,Journal of Physics and Chemistry of Solids,journal,2026-03-26,article,en,,,,,Siddhartha University,2,closed,0
10.1016/j.solmat.2026.114326,10.1016/j.solmat.2026.114326,One-step spin-coating nitrogen-doped SiO2 enabling high-performance full-area passivating contact Si solar cells,Solar Energy Materials and Solar Cells,journal,2026-03-26,article,en,,,,,Shanghai Ocean University,1,closed,0
10.5281/zenodo.18600851,10.5281/zenodo.18600851,"Raw data from: ""An operando spectroscopic examination of the influence of trace humidity on interdigital back contact metal halide perovskite solar cells""",Zenodo (CERN European Organization for Nuclear Research),repository,2026-03-26,article,en,,,,,,0,green,0
10.5281/zenodo.18600852,10.5281/zenodo.18600852,"Raw data from: ""An operando spectroscopic examination of the influence of trace humidity on interdigital back contact metal halide perovskite solar cells""",Zenodo (CERN European Organization for Nuclear Research),repository,2026-03-26,article,en,,,,,,0,green,0
10.1007/s00339-026-09427-z,10.1007/s00339-026-09427-z,Optimizing phase formation of CMR perovskite La₀.₆₇Sr₀.₃₃MnO₃ through grinding time,Applied Physics A,journal,2026-03-26,article,en,,,,,Helwan University,0,hybrid,0
10.1002/aenm.202506352,10.1002/aenm.202506352,Inversion of the Impedance Response Towards Physical Parameter Extraction Using Interpretable Machine Learning,Advanced Energy Materials,journal,2026-03-26,article,en,,,,,Universidad Pablo De Olavide,0,hybrid,1
10.1002/solr.70318,10.1002/solr.70318,Quaternized Phthalocyanine Additives for Dual‐Site Defect Passivation in High‐Efficiency and Stable Perovskite Solar Cells,Solar RRL,journal,2026-03-26,article,en,,,,,Necmettin Erbakan University,0,closed,1
10.1021/acs.jpcc.5c08380,10.1021/acs.jpcc.5c08380,Trap-Controlled Ideality Factors in Metal–Halide Perovskite Solar Cells: A Unified Analytical Framework,The Journal of Physical Chemistry C,journal,2026-03-26,article,en,,,,,Fujian Normal University,0,closed,0
10.3390/cryst16040222,10.3390/cryst16040222,Novel Method to Prepare Perovskite MAPb0.75Sn0.25I3 Solar Cells with Sn2+/Sn4+ Oxidation Mitigation via Molarity Reduction in a Non-Inert Atmosphere Processing,Crystals,journal,2026-03-26,article,en,,,,,Universidad De Sonora,0,gold,0
10.36922/ijamd025480051,10.36922/ijamd025480051,Data-driven identification of functional additives and solution parameters in mixed Sn-Pb perovskite solar cells via β-VAE augmentation,International Journal of AI for Materials and Design,journal,2026-03-26,article,en,,,,,,0,hybrid,0
10.1016/j.decarb.2026.100161,10.1016/j.decarb.2026.100161,Vapour-assisted surface treatment: a breakthrough for printed carbon-based perovskite solar modules,DeCarbon,journal,2026-03-26,article,en,,,,,Shanghai Jiao Tong University,0,gold,1
10.1016/j.solener.2026.114545,10.1016/j.solener.2026.114545,High-efficiency perovskite/silicon tandem solar cells with Ag-doped dual absorbers and WO3 electron transport layers,Solar Energy,journal,2026-03-26,article,en,,,,,Changzhou University,0,closed,0
10.5281/zenodo.19376070,10.5281/zenodo.19376070,Roll-Coating One-Meter Perovskite Films: From Tailored Inks to Mechanically Robust Flexible Solar Cells,Zenodo (CERN European Organization for Nuclear Research),repository,2026-03-26,article,en,,,,,University Of Rome Tor Vergata,0,green,0
10.5281/zenodo.19376071,10.5281/zenodo.19376071,Roll-Coating One-Meter Perovskite Films: From Tailored Inks to Mechanically Robust Flexible Solar Cells,Zenodo (CERN European Organization for Nuclear Research),repository,2026-03-26,article,en,,,,,University Of Rome Tor Vergata,0,green,0
10.18452/37448,10.18452/37448,An operando spectroscopic examination of the influence of trace humidity on interdigital back contact metal halide perovskite solar cells,,,2026-03-26,article,en,,,,,,0,gold,0
10.5281/zenodo.22053939,10.5281/zenodo.22053939,NUMERICAL MODELLING AND SIMULATION OF LEAD-FREE CHALCOGENIDE PEROVSKITES BY USING 1-D SOLAR CELL CAPACITANCE SIMULATOR,Zenodo (CERN European Organization for Nuclear Research),repository,2026-03-26,article,en,,,,,,0,green,0
10.5281/zenodo.22053938,10.5281/zenodo.22053938,NUMERICAL MODELLING AND SIMULATION OF LEAD-FREE CHALCOGENIDE PEROVSKITES BY USING 1-D SOLAR CELL CAPACITANCE SIMULATOR,Zenodo (CERN European Organization for Nuclear Research),repository,2026-03-26,article,en,,,,,,0,green,0
10.1016/j.joule.2026.102390,10.1016/j.joule.2026.102390,Monolayer or not: Assembly configuration of SAMs in perovskite photovoltaics,Joule,journal,2026-03-27,article,en,,,,,Zhejiang University,7,closed,0
10.1016/j.nxener.2026.100594,10.1016/j.nxener.2026.100594,Enhanced performance of lead-free tandem solar cells with CsSnCl3 perovskites: 44% power conversion efficiency,Next Energy,journal,2026-03-27,article,en,,,,,Manav Rachna International,5,gold,0
10.1038/s41560-026-02024-7,10.1038/s41560-026-02024-7,Quasi-random oriented molecular contacts for inverted perovskite solar cells with improved efficiency,Nature Energy,journal,2026-03-27,article,en,,,,,,4,closed,0
10.1016/j.joule.2026.102396,10.1016/j.joule.2026.102396,TOPCon-based bottom cells for perovskite/silicon tandem solar cells,Joule,journal,2026-03-27,article,en,,,,,Australian National University,4,hybrid,1
10.1038/s41560-026-02016-7,10.1038/s41560-026-02016-7,Controlled Cs⁺ incorporation through organocaesium salts in α-FA–Cs perovskite solar cells with a certified efficiency of 26.61%,Nature Energy,journal,2026-03-27,article,en,,,,,Nanchang University,3,closed,0
10.1016/j.joule.2026.102381,10.1016/j.joule.2026.102381,Tailoring colloidal precursor chemistry for tunable nucleation kinetics in all-perovskite tandem solar cells,Joule,journal,2026-03-27,article,en,,,,,,3,closed,0
10.1016/j.joule.2026.102389,10.1016/j.joule.2026.102389,Passivated porous light-management structure resolves emission-photovoltaic trade-off in thick perovskite diodes,Joule,journal,2026-03-27,article,en,,,,,National Synchrotron Radiation Laboratory,1,closed,0
10.1002/aenm.202506803,10.1002/aenm.202506803,Smart Exploration of Perovskite Photovoltaics: From AI Driven Discovery to Autonomous Laboratories,Advanced Energy Materials,journal,2026-03-27,article,en,,,,,Sungkyunkwan University,1,hybrid,1
10.1002/anie.8890696,10.1002/anie.8890696,In Situ Formation of Guanidinium Derivative and 2D/3D Heterostructure for 26.49% Efficient and Stable Inverted Perovskite Solar Cells,Angewandte Chemie International Edition,journal,2026-03-27,article,en,,,,,,1,closed,1
10.1016/j.synthmet.2026.118149,10.1016/j.synthmet.2026.118149,Improving the stability of tin perovskite solar cells by mixing organic cationic methylamine and phenethylamine,Synthetic Metals,journal,2026-03-27,article,en,,,,,Changchun University Of Science And Technology,0,closed,0
10.1016/j.solener.2026.114574,10.1016/j.solener.2026.114574,Dual-ligand engineering for surface reconstruction and suppressed non-radiative recombination in inverted perovskite solar cells,Solar Energy,journal,2026-03-27,article,en,,,,,Northwestern Polytechnical University,0,closed,0
10.3390/chemistry8040039,10.3390/chemistry8040039,"Pressure-Dependent Structural, Electronic, Mechanical, and Optical Properties of Cs2SeCl6: A DFT Simulation",Chemistry,journal,2026-03-27,article,en,,,,,Shandong Normal University,0,gold,0
10.21203/rs.3.rs-9205857/v1,10.21203/rs.3.rs-9205857/v1,A dipolar bidentate molecule for efficient and stable all-inorganic perovskite solar cells,Research Square,repository,2026-03-27,preprint,en,,,,,Harbin,0,green,0
10.1002/ange.8890696,10.1002/ange.8890696,In Situ Formation of Guanidinium Derivative and 2D/3D Heterostructure for 26.49% Efficient and Stable Inverted Perovskite Solar Cells,Angewandte Chemie,journal,2026-03-27,article,en,,,,,,0,closed,0
10.1002/bkcs.70159,10.1002/bkcs.70159,Defect engineering for highly efficient and stable perovskite top cells for Si tandems,Bulletin of the Korean Chemical Society,journal,2026-03-27,article,en,,,,,Seoul National University,0,hybrid,0
10.56919/usci.2651.029,10.56919/usci.2651.029,Defect and Temperature Effects in MASnI3 Perovskite Solar Cells: A SCAPS-1D Simulation Study with Interface and Recombination Analysis,UMYU Scientifica,journal,2026-03-27,article,en,,,,,Yobe State University,0,diamond,0
10.1007/s40820-026-02134-7,10.1007/s40820-026-02134-7,"High-Performance Perovskite Solar Cells and Modules via Slot-Die Coating: Engineering Advances, Photoluminescence Insights, and Future Perspectives",Nano-Micro Letters,journal,2026-03-28,article,en,,,,,China University Of Petroleum East China,6,gold,1
10.1002/adma.202521898,10.1002/adma.202521898,“Standing up” SAMs for Efficient Wide Bandgap and All‐Perovskite Tandem Solar Cells,Advanced Materials,journal,2026-03-28,article,en,,,,,Nanjing Tech University,5,closed,1
10.1016/j.matchemphys.2026.132401,10.1016/j.matchemphys.2026.132401,"Computational design and property engineering of Rb2AgXCl6 (X = Ti, Sb, In) halide double perovskites for optoelectronic and energy applications",Materials Chemistry and Physics,journal,2026-03-28,article,en,,,,,Middle East University,3,closed,0
10.1002/anie.4012708,10.1002/anie.4012708,Redox‐Mediated Stabilization of the Hole Transport Layer and Buried Interface Toward Stable Perovskite Solar Cells,Angewandte Chemie International Edition,journal,2026-03-28,article,en,,,,,City University Of Hong Kong,2,hybrid,1
the effects of macadamia nut oil and coconut oil on the voltage production of perovskite solar cells|jani,,The Effects of Macadamia Nut Oil and Coconut Oil on the Voltage Production of Perovskite Solar Cells,Furman University Scholar Exchange (Furman University),repository,2026-03-28,article,en,,,,,Green Valley High School,0,closed,0
10.1021/acsaelm.5c02693,10.1021/acsaelm.5c02693,Solution-Processed Perovskite/Polymer Nanocomposites for Advanced Optoelectronic Devices,ACS Applied Electronic Materials,journal,2026-03-28,article,en,,,,,Sookmyung Women's University,0,closed,0
10.1016/j.xinn.2026.101356,10.1016/j.xinn.2026.101356,Terahertz spectroscopy for probing free carriers in perovskite solar cells,The Innovation,journal,2026-03-28,article,en,,,,,Tsinghua University,0,gold,0
10.1016/j.cocom.2026.e01291,10.1016/j.cocom.2026.e01291,Theoretical investigation of the cubic phase of KInI3 perovskite using density functional theory,Computational Condensed Matter,journal,2026-03-28,article,en,,,,,University Of Zakho,0,closed,0
10.1002/ange.4012708,10.1002/ange.4012708,Redox‐Mediated Stabilization of the Hole Transport Layer and Buried Interface Toward Stable Perovskite Solar Cells,Angewandte Chemie,journal,2026-03-28,article,en,,,,,City University Of Hong Kong,0,hybrid,0
10.1007/s11664-026-12807-z,10.1007/s11664-026-12807-z,Fabrication and Characterization of Perovskite Solar Cells Using Metal Naphthalocyanine,Journal of Electronic Materials,journal,2026-03-28,article,en,,,,,University Of Shiga Prefecture,0,closed,0
10.1007/s40243-026-00366-6,10.1007/s40243-026-00366-6,Enhancing dye-sensitized solar cell performance by introducing Fe/Co into the B-site of Sr0.7Sm0.3BO2.89 perovskite photoanodes,Materials for Renewable and Sustainable Energy,journal,2026-03-28,article,en,,,,,University Of Kwazulu-natal,0,gold,0
10.1007/s11224-026-02768-8,10.1007/s11224-026-02768-8,Imidazole-based materials as effective hole transporters for perovskite photovoltaics: a computational DFT study,Structural Chemistry,journal,2026-03-28,article,en,,,,,University Of Zanjan,0,closed,0
10.1002/solr.202600009,10.1002/solr.202600009,Predicting the Inverse Coupling Between Temperature and Photovoltaic Output Power in Perovskite Heterojunction Solar Cells,Solar RRL,journal,2026-03-29,article,en,,,,,University Of The Punjab,5,hybrid,1
10.1002/adfm.75154,10.1002/adfm.75154,Cross‐Layer Molecular Design for Coherent Interface Passivation in Rigid and Flexible Perovskite Solar Cells,Advanced Functional Materials,journal,2026-03-29,article,en,,,,,North China Electric Power University,2,hybrid,0
10.1016/j.solmat.2026.114334,10.1016/j.solmat.2026.114334,Design and optimization of highly efficient and lead-free Cs2TeI6-based double perovskite solar cells: Insights from DFT and SCAPS-1D,Solar Energy Materials and Solar Cells,journal,2026-03-29,article,en,,,,,King Fahd University Of Petroleum And Minerals,0,closed,0
10.1002/solr.70324,10.1002/solr.70324,Dip Coating of Passivation Layers for FA‐Cs‐Based Perovskite Solar Cells,Solar RRL,journal,2026-03-29,article,en,,,,,Southwest Petroleum University,0,hybrid,1
10.1002/solr.70328,10.1002/solr.70328,Device Modeling and Numerical Investigation of Highly Efficient CsSn 0.5 Ge 0.5 I 3 /Si 2T Tandem Solar Cell With >31% Efficiency,Solar RRL,journal,2026-03-29,article,en,,,,,Mahatma Gandhi University,0,closed,1
10.1002/aenm.70897,10.1002/aenm.70897,Bilateral Anchoring Strategy Enables Highly Efficient Wide‐Bandgap Perovskite Solar Cells/Modules for Self‐Powered Photo‐Electrocatalytic Antibacterial System,Advanced Energy Materials,journal,2026-03-29,article,en,,,,,Hefei University Of Technology,0,closed,0
10.1002/solr.202600003,10.1002/solr.202600003,Giant‐Domain Perovskite Films via Reduced‐Temperature Meniscus‐Guided Coating: Fluid‐Dynamic Control of Supersaturation,Solar RRL,journal,2026-03-29,article,en,,,,,The University Of Osaka,0,hybrid,1
10.1002/solr.70322,10.1002/solr.70322,Excellent Performance of Perovskite Solar Cells With SnO 2 Quantum Dots as Electron Transport Layer,Solar RRL,journal,2026-03-29,article,en,,,,,China University Of Mining And Technology,0,closed,1
10.1002/solr.202500779,10.1002/solr.202500779,"When Are Capacitance–Voltage, Drive‐Level Capacitance Profiling, and Fast‐CV Actually Insensitive to Interface and Bulk Defects?",Solar RRL,journal,2026-03-29,article,en,,,,,University Of Parma,0,hybrid,0
10.5281/zenodo.22234699,10.5281/zenodo.22234699,First-Principles Simulation of Perovskite Materials for Stable and High-Performance Solar Cells,Zenodo (CERN European Organization for Nuclear Research),repository,2026-03-29,article,en,,,,,,0,green,0
10.5281/zenodo.22234698,10.5281/zenodo.22234698,First-Principles Simulation of Perovskite Materials for Stable and High-Performance Solar Cells,Zenodo (CERN European Organization for Nuclear Research),repository,2026-03-29,article,en,,,,,,0,green,0
10.1142/s0217984926501228,10.1142/s0217984926501228,Performance optimization of Cs 2 AgInBr 6 -based inorganic perovskite solar cells via hole transport layer engineering: A SCAPS-1D simulation study,Modern Physics Letters B,journal,2026-03-30,article,en,,,,,Yangtze University,25,closed,0
10.1021/acsenergylett.6c00328,10.1021/acsenergylett.6c00328,Synergistic A-Site Codoping Enables Lattice Stabilization and Strain Balance in Wide-Bandgap Perovskites,ACS Energy Letters,journal,2026-03-30,article,en,,,,,University Of Science And Technology Of China,3,closed,1
10.1021/acsami.6c00054,10.1021/acsami.6c00054,Synergistic Buried Interface Engineering via Bisphosphonate-Anchored Co-Self-Assembled Monolayers for High-Performance Inverted Perovskite Solar Cells,ACS Applied Materials & Interfaces,journal,2026-03-30,article,en,,,,,,2,closed,1
10.1002/adfm.75080,10.1002/adfm.75080,Ytterbium Acetylacetonate as Cathode Buffer Layer for Tin‐Based Perovskite Solar Cells,Advanced Functional Materials,journal,2026-03-30,article,en,,,,,Advanced Materials And Devices (united States),1,closed,0
10.1016/j.jallcom.2026.187686,10.1016/j.jallcom.2026.187686,Enhanced ferroelectricity and switchable photovoltaic response of Bi0.5Na0.5TiO3-modified BiFeO3 polycrystalline films,Journal of Alloys and Compounds,journal,2026-03-30,article,en,,,,,Kunming University Of Science And Technology,1,closed,0
10.1016/j.nexres.2026.101692,10.1016/j.nexres.2026.101692,A review on latest developments of materials used in perovskite solar cells: An emerging technology,Next research.,journal,2026-03-30,article,en,,,,,Bharat Electronics (india),1,closed,0
10.1016/j.joule.2026.102388,10.1016/j.joule.2026.102388,Lead immobilization for perovskite solar cells and modules under thermal cycling,Joule,journal,2026-03-30,article,en,,,,,Tianjin University,1,closed,0
10.1021/acsaem.6c00059,10.1021/acsaem.6c00059,Atomic Layer Deposition Grown Nb-Doped SnO 2 Electron Transport Layers for High-Performance p–i–n Perovskite Devices,ACS Applied Energy Materials,journal,2026-03-30,article,en,,,,,Institut De France,1,closed,1
10.1007/s40430-026-06312-x,10.1007/s40430-026-06312-x,Vibration and dynamic response of sandwich cylindrical panels with arc-type auxetic core and perovskite solar face sheets,Journal of the Brazilian Society of Mechanical Sciences and Engineering,journal,2026-03-30,article,en,,,,,K. N. Toosi University Of Technology,0,closed,0
10.1038/s44460-026-00051-1,10.1038/s44460-026-00051-1,"Battery-free digital mask for real-time, sustainable monitoring of exhaled metabolites",Nature Sensors,journal,2026-03-30,article,en,,,,,University Of Notre Dame,0,closed,0
10.1016/j.matlet.2026.140575,10.1016/j.matlet.2026.140575,Multifunctional roles of Fe₃O₄ in printable mesoscopic perovskite solar cells enabling enhanced performance,Materials Letters,journal,2026-03-30,article,en,,,,,Nanjing Tech University,0,closed,0
10.1002/adfm.75159,10.1002/adfm.75159,Multifunctional Pyrene‐Carbazole Integration as Flexible‐Skeletonized Hole Contact for Stable Inverted Perovskite Solar Cells,Advanced Functional Materials,journal,2026-03-30,article,en,,,,,Tianjin University Of Technology,0,closed,1
10.1007/s12034-026-03561-3,10.1007/s12034-026-03561-3,"Structural, electronic and optical properties of BaMX3 (M = Zr, Hf; X = S, Se, Te) chalcogenide perovskites: a DFT study for solar cell design",Bulletin of Materials Science,journal,2026-03-30,article,en,,,,,Chandigarh University,0,closed,0
10.5281/zenodo.19333001,10.5281/zenodo.19333001,ETM ENGINEERING AND PERFORMANCE OPTIMIZATION OF LEAD-FREE K₂GeBr₆ PEROVSKITE SOLAR CELLS,Zenodo (CERN European Organization for Nuclear Research),repository,2026-03-30,article,de,,,,,,0,green,0
10.1002/pssa.202500826,10.1002/pssa.202500826,Electric Field Engineering for High‐Performance Perovskite Photovoltaics,physica status solidi (a),journal,2026-03-30,article,en,,,,,National,0,closed,0
10.1002/adma.202522790,10.1002/adma.202522790,Enhancing Photo‐Stability of All‐Perovskite Tandem Solar Cells via In Situ Construction PEDOT Hole Transport Channels,Advanced Materials,journal,2026-03-30,article,en,,,,,East China Normal University,0,closed,1
10.54097/f65m8b92,10.54097/f65m8b92,Progress of Physical Vapor Deposition’s Application in the Field of Solar Cells,Academic Journal of Science and Technology,journal,2026-03-30,article,en,,,,,East China University Of Science And Technology,0,diamond,0
10.48550/arxiv.2603.28289,10.48550/arxiv.2603.28289,Quantitative Analysis of Light Induced Ion Segregation in Mixed-Halide Perovskites,arXiv (Cornell University),repository,2026-03-30,preprint,en,,,,,,0,green,1
quantitative analysis of light induced ion segregation in mixed halide perovskites|machovec,,Quantitative Analysis of Light Induced Ion Segregation in Mixed-Halide Perovskites,arXiv (Cornell University),repository,2026-03-30,preprint,en,,,,,Charles University,0,green,0
10.1063/5.0337228,10.1063/5.0337228,Energy level alignment of vacancy-ordered halide double perovskites,arXiv (Cornell University),repository,2026-03-30,preprint,en,,,,,Centre National De La Recherche Scientifique,0,green,1
10.69923/p6eapa26,10.69923/p6eapa26,Lead-Free Perovskite Nanostructures: A Step Toward Sustainable High-Efficiency Solar Cells,Iraqi journal for applied science.,journal,2026-03-30,article,en,,,,,University Of Sfax,0,hybrid,0
10.5281/zenodo.19326898,10.5281/zenodo.19326898,Techno-Economic Analysis of Nanomaterial-Enhanced Perovskite Solar Cells in India's Renewable Transition,Zenodo (CERN European Organization for Nuclear Research),repository,2026-03-30,article,en,,,,,G.s. Science Arts And Commerce College,0,green,0
10.5281/zenodo.19326899,10.5281/zenodo.19326899,Techno-Economic Analysis of Nanomaterial-Enhanced Perovskite Solar Cells in India's Renewable Transition,Zenodo (CERN European Organization for Nuclear Research),repository,2026-03-30,article,en,,,,,G.s. Science Arts And Commerce College,0,green,0
10.1016/j.matt.2026.102758,10.1016/j.matt.2026.102758,Chiral perovskites: From chirality mechanisms to photovoltaics,Matter,journal,2026-03-31,article,en,,,,,North China Electric Power University,2,closed,0
10.1016/j.cej.2026.175735,10.1016/j.cej.2026.175735,Precursor engineering via multifunctional additive for modulating perovskite crystallization and interface passivation enabled high-performance perovskite solar cells over 26%,Chemical Engineering Journal,journal,2026-03-31,article,en,,,,,,1,closed,0
10.1016/j.solmat.2026.114333,10.1016/j.solmat.2026.114333,Interface engineering for stabilization of efficient perovskite mini-modules with over 1300 hr operational stability,Solar Energy Materials and Solar Cells,journal,2026-03-31,article,en,,,,,Bar-ilan University,1,green,0
10.1021/acsami.5c25501,10.1021/acsami.5c25501,Machine Learning-Guided Discovery of High-Performance Perovskite Solar Cells via Cluster Analysis and Experimental Validation,ACS Applied Materials & Interfaces,journal,2026-03-31,article,en,,,,,Harbin,1,closed,0
10.1016/j.solmat.2026.114349,10.1016/j.solmat.2026.114349,Tuning the electronic structure of sol-gel derived SnO2 via aluminum doping for all-glass laser-encapsulated perovskite photovoltaic,Solar Energy Materials and Solar Cells,journal,2026-03-31,article,en,,,,,Fujian Jiangxia University,1,closed,0
10.3390/mi17040431,10.3390/mi17040431,Triple-Cation Perovskite Photoanodes for Solar Water Splitting: From Photovoltaic-Assisted to Immersed Photoelectrochemical Operation,Micromachines,journal,2026-03-31,article,en,,,,,National Agency For New Technologies Energy And Sustainable Economic Development,1,gold,0
10.1007/s40820-026-02141-8,10.1007/s40820-026-02141-8,Assessment and Optimization of 2T Perovskite/CIGS Tandems via Data-Driven and Optoelectronic Modelling,Nano-Micro Letters,journal,2026-03-31,article,en,,,,,University Of Rome Tor Vergata,1,gold,1
10.1021/acsenergylett.6c00385,10.1021/acsenergylett.6c00385,In-Situ Cross-Linked Multianchoring Fullerene Interlayer for Tin-Based Perovskite Solar Cells,ACS Energy Letters,journal,2026-03-31,article,en,,,,,Huaqiao University,1,closed,1
10.53941/ac.2026.100002,10.53941/ac.2026.100002,Probing Buried Interfaces and Phase Gradients in MAPbI3 Films via Combined Back- and Surface-Incidence GIXRD,Advanced Characterization,journal,2026-03-31,article,en,,,,,,1,hybrid,0
10.1002/ese3.70520,10.1002/ese3.70520,Exploring Low‐Concentrating Photovoltaic Systems and Solar Cell Solutions for Nigeria's Renewable Energy Future,Energy Science & Engineering,journal,2026-03-31,article,en,,,,,Robert Gordon University,0,gold,0
10.1016/j.matt.2026.102763,10.1016/j.matt.2026.102763,Flash-extraction enables conformal growth of perovskites on industrially textured silicon,Matter,journal,2026-03-31,article,en,,,,,Zhejiang University,0,closed,0
10.1016/j.cej.2026.175717,10.1016/j.cej.2026.175717,2-Mercaptopyridine N-oxide passivation for efficient and stable perovskite solar cells,Chemical Engineering Journal,journal,2026-03-31,article,en,,,,,Zhengzhou University,0,closed,0
10.1021/acs.jchemed.5c01851,10.1021/acs.jchemed.5c01851,A Comprehensive Undergraduate Experiment: Bismuth Trichloride-Doped PTAA as Hole Transport Layer for High-Performance Perovskite Solar Cells,Journal of Chemical Education,journal,2026-03-31,article,en,,,,,Jiangxi Normal University,0,closed,0
10.1016/j.commatsci.2026.114657,10.1016/j.commatsci.2026.114657,"Robust superexchange ferromagnetic coupling, high structural stability, and direct energy gap in the Pr + 3 @La + 3 -doped La 2 FeCrO 6 : Potential material for spin-optoelectronic devices",Computational Materials Science,journal,2026-03-31,article,en,,,,,University Of Sargodha,0,closed,0
10.1038/s41560-026-02012-x,10.1038/s41560-026-02012-x,Degradation pathways of FAxCs1−xPbI3 perovskite solar cells,Nature Energy,journal,2026-03-31,article,en,,,,,,0,closed,0
10.1007/s11082-026-08773-9,10.1007/s11082-026-08773-9,Performance engineering of two-terminal all-perovskite tandem solar cells via SCAPS-1D simulations,Optical and Quantum Electronics,journal,2026-03-31,article,en,,,,,Indian,0,closed,0
10.1038/s41560-026-02017-6,10.1038/s41560-026-02017-6,Understanding reverse bias effects,Nature Energy,journal,2026-03-31,article,en,,,,,East China Normal University,0,closed,0
10.1021/acsnano.6c00728,10.1021/acsnano.6c00728,Beyond the Surface: Three-Dimensional Distribution and Defect Passivation of Self-Assembled Monolayers in Perovskite Solar Cells,ACS Nano,journal,2026-03-31,article,en,,,,,Centre National De La Recherche Scientifique,0,green,1
10.1016/j.solmat.2026.114332,10.1016/j.solmat.2026.114332,Opto-electrical synergy in pyramid-textured perovskite/silicon tandem solar cells: Design principles and performance enhancement,Solar Energy Materials and Solar Cells,journal,2026-03-31,article,en,,,,,Soochow University,0,closed,0
10.1021/acsaom.6c00093,10.1021/acsaom.6c00093,Spectroscopic Investigation of Interfacial Electron Extraction and Recombination at Azaacene-Based ETLs in Perovskite Solar Cells,ACS Applied Optical Materials,journal,2026-03-31,article,en,,,,,Ewha Womans University Medical Center,0,closed,0
10.1016/j.nxmate.2026.101991,10.1016/j.nxmate.2026.101991,"Influence of germanium doping on the structural, band structure, and optical properties of RbPbCl3 for optoelectronics: A DFT approach",Next Materials,journal,2026-03-31,article,en,,,,,,0,gold,0
10.1016/j.solmat.2026.114322,10.1016/j.solmat.2026.114322,Unraveling perovskite solar cell degradation via interfacial surface recombination and ion migration by analytical and drift–diffusion modeling,Solar Energy Materials and Solar Cells,journal,2026-03-31,article,en,,,,,Indian,0,closed,0
10.1007/s11082-026-08766-8,10.1007/s11082-026-08766-8,High-efficiency and thermally stable HTL-free CsxFA1−xPbI3 perovskite solar cells enabled by a PEAI interlayer,Optical and Quantum Electronics,journal,2026-03-31,article,en,,,,,Prince Sattam Bin Abdulaziz University,0,closed,0
10.1002/cssc.202600007,10.1002/cssc.202600007,Enhanced Wide‐Bandgap Perovskite Solar Cells via Kinetically Optimized C 60 Electron‐Transport Layers,ChemSusChem,journal,2026-03-31,article,en,,,,,Daegu Gyeongbuk,0,green,0
10.1016/j.surfin.2026.109156,10.1016/j.surfin.2026.109156,Engineering the germanium sulfide embedded carbon nanotube composites doped electron transport layer for enhanced perovskite solar cell characteristics,Surfaces and Interfaces,journal,2026-03-31,article,en,,,,,Dankook University,0,closed,0
10.1016/j.mseb.2026.119431,10.1016/j.mseb.2026.119431,Ligand-field engineered NiCo2O4 hole transport layers: defect suppression and efficiency enhancement in all-inorganic perovskite solar cells,Materials Science and Engineering B,journal,2026-03-31,article,en,,,,,,0,closed,0
10.1002/aenm.70902,10.1002/aenm.70902,Imide‐Based Molecular Passivation Enables Efficient Wide‐Bandgap Perovskite and Perovskite/Silicon Tandem Solar Cells,Advanced Energy Materials,journal,2026-04-01,article,en,,,,,,6,closed,1
10.1126/sciadv.aed2200,10.1126/sciadv.aed2200,Enhancing halide ion homogeneity in blade-coated wide-bandgap perovskite for perovskite-organic tandem solar cells,Science Advances,journal,2026-04-01,article,en,,,,,Shanghai Jiao Tong University,5,gold,1
10.1021/acsenergylett.6c00166,10.1021/acsenergylett.6c00166,Synchronous Interfacial and Crystallographic Engineering of Wide-Bandgap Perovskites for Efficient Perovskite/Silicon Tandem Solar Cells,ACS Energy Letters,journal,2026-04-01,article,en,,,,,Shenzhen Polytechnic University,4,closed,1
10.1002/adma.72986,10.1002/adma.72986,A Universal Strategy to Stabilize Crystal Lattice and Composition of Wide‐Bandgap Perovskites for Efficient Tandem Solar Cells,Advanced Materials,journal,2026-04-01,article,en,,,,,Ingenierie Des Materiaux Polymeres,3,closed,1
10.1016/j.solmat.2026.114315,10.1016/j.solmat.2026.114315,Revive or reuse: Environmental and energy insights into mesoporous perovskite solar cells recycling,Solar Energy Materials and Solar Cells,journal,2026-04-01,article,en,,,,,Aalto University,3,hybrid,1
10.1016/j.jics.2026.102581,10.1016/j.jics.2026.102581,"A-site gold-halide perovskites AuGeX3 (X = Cl, Br, I): A first-principles study for photovoltaics applications",Journal of the Indian Chemical Society,journal,2026-04-01,article,en,,,,,Chandigarh University,3,closed,0
10.1002/agt2.70339,10.1002/agt2.70339,Aromatic‐Substituted Carbazole Monolayers: Self‐Assembly Optimization for Efficient Inverted Perovskite Solar Cells,Aggregate,journal,2026-04-01,article,en,,,,,Fujian Agriculture And Forestry University,3,gold,1
10.1016/j.jallcom.2026.187847,10.1016/j.jallcom.2026.187847,Organic vs. inorganic lead halide perovskites: Navigating synthesis pathways and stability landscapes of CH3NH3PbI3 and CsPbI3,Journal of Alloys and Compounds,journal,2026-04-01,article,en,,,,,Babasaheb Bhimrao Ambedkar Bihar University,3,closed,0
10.1002/slct.202505842,10.1002/slct.202505842,Effects of Thermal Modification of Cerium‐Doped Black Titanium Dioxide Nanoparticles for Improved Light Absorption in Perovskite Solar Cells,ChemistrySelect,journal,2026-04-01,article,en,,,,,Sefako Makgatho Health Sciences University,2,hybrid,0
10.1016/j.jallcom.2026.187826,10.1016/j.jallcom.2026.187826,Spray-engineered Cs3Bi2I9 perovskite films with tailored thermal processing for high-stability photovoltaic and photodetector applications,Journal of Alloys and Compounds,journal,2026-04-01,article,en,,,,,Bharathidasan University,2,closed,0
10.1016/j.cclet.2026.112758,10.1016/j.cclet.2026.112758,Host-guest PMo12@γ-CD composite facilitates synergistic defect regulation for high-performance and stable perovskite solar cells,Chinese Chemical Letters,journal,2026-04-01,article,en,,,,,Harbin,2,closed,0
10.1016/j.actphy.2026.100307,10.1016/j.actphy.2026.100307,Metastability-driven burn-in in perovskite and organic solar cells,Acta Physico-Chimica Sinica,journal,2026-04-01,article,en,,,,,Beijing,2,closed,0
10.1002/adts.70399,10.1002/adts.70399,Multiphysics Modeling and Optimization of High‐Efficiency Lead‐Free CH 3 NH 3 SnBr 3 Perovskite Solar Cells,Advanced Theory and Simulations,journal,2026-04-01,article,en,,,,,Birla Pilani,2,closed,0
10.1016/j.mtcomm.2026.115331,10.1016/j.mtcomm.2026.115331,Strain-engineered Ba3SbBr3 perovskite for high-efficiency photovoltaic applications: Insights from DFT and SCAPS-1D,Materials Today Communications,journal,2026-04-01,article,en,,,,,Khulna University Of Engineering And Technology,2,hybrid,0
10.1021/acs.jpclett.6c00490,10.1021/acs.jpclett.6c00490,Multifield Modulation of Resistance States in a Spin Valve Based on Chiral Perovskites,The Journal of Physical Chemistry Letters,journal,2026-04-01,article,en,,,,,Sun Yat-sen University,1,closed,0
10.1002/adpr.202500283,10.1002/adpr.202500283,Intense Pulsed Light Annealing of Tin(IV) Oxide Electron‐Transport Layer for Large‐Scale Fabrication of Flexible Printed Perovskite Solar Cells,Advanced Photonics Research,journal,2026-04-01,article,en,,,,,Nazarbayev University,1,gold,0
10.1007/s11664-026-12833-x,10.1007/s11664-026-12833-x,Influence of Calcination Temperature on SnO2 Bandgap and Its Impact on Double Absorber Perovskite Solar Cell Efficiency,Journal of Electronic Materials,journal,2026-04-01,article,en,,,,,Chitkara University,1,closed,0
10.1002/adsu.202501733,10.1002/adsu.202501733,Performance Optimization of Semi‐Transparent CsPbBr 3 Perovskite Solar Cells via Synergistic Dual‐Function Regulation by BaCl 2,Advanced Sustainable Systems,journal,2026-04-01,article,en,,,,,Hubei University Of Arts And Science,1,closed,0
10.1021/acsaelm.5c02584,10.1021/acsaelm.5c02584,"Recent Progress in CH 3 NH 3 PbX 3 (X = Cl, Br, I) Organic–Inorganic Hybrid Perovskite Optoelectronic Devices",ACS Applied Electronic Materials,journal,2026-04-01,article,en,,,,,Beijing Information Science & Technology University,1,closed,0
10.35848/1882-0786/ae5b1d,10.35848/1882-0786/ae5b1d,Overview and future perspective of Si tandem solar cells,Applied Physics Express,journal,2026-04-01,article,en,,,,,Toyota Technological Institute,1,gold,0
10.1007/s10854-026-17193-0,10.1007/s10854-026-17193-0,Advancing mixed cation perovskite solar cells through cesium incorporation: attaining 30.37% conversion efficiency,Journal of Materials Science Materials in Electronics,journal,2026-04-01,article,en,,,,,Madan Mohan Malaviya University Of Technology,1,closed,0
10.1016/j.greenca.2026.01.002,10.1016/j.greenca.2026.01.002,All-perovskite tandem solar cells with certified efficiency exceeding 30%,Green Carbon,journal,2026-04-01,article,en,,,,,Zhengzhou University,1,diamond,0
10.1007/s10854-026-17206-y,10.1007/s10854-026-17206-y,Cloud-based machine learning approach for performance prediction of HTL-free CsSnCl3 perovskite solar cells,Journal of Materials Science Materials in Electronics,journal,2026-04-01,article,en,,,,,Chandigarh University,1,closed,0
10.1007/s10854-026-17302-z,10.1007/s10854-026-17302-z,"Performance evaluation of BaZrS3-based perovskite solar cells with metal oxide ETLs and sulphur-based HTLs: a SCAPS-1D simulation study of resistance, temperature, and defects",Journal of Materials Science Materials in Electronics,journal,2026-04-01,article,en,,,,,Yuan Ze University,1,closed,0
10.1016/j.photonics.2026.101565,10.1016/j.photonics.2026.101565,Photostability improvement of wide bandgap mixed-halide perovskite solar cells via ion migration reduction,Photonics and Nanostructures - Fundamentals and Applications,journal,2026-04-01,article,en,,,,,Itmo University,1,closed,0
10.1002/sstr.202500879,10.1002/sstr.202500879,Cationic Lattice Coupling Enables Efficient FAPbI 3 Perovskite Solar Cells,Small Structures,journal,2026-04-01,article,en,,,,,Shanghai,1,gold,0
10.1007/s10854-026-17253-5,10.1007/s10854-026-17253-5,Impact of MAPbBr3 incorporation on (FAPbI3)1-x(MAPbBr3)x perovskite solar cells processed under high-humidity ambient conditions without use of additives,Journal of Materials Science Materials in Electronics,journal,2026-04-01,article,en,,,,,Universidad Nacional Autónoma De México,1,hybrid,0
10.1016/j.mtcomm.2026.115430,10.1016/j.mtcomm.2026.115430,Assessment of thickness-dependent recombination mechanisms and realistic performance limits in CsBi₃I₁₀ lead-free perovskite solar cells,Materials Today Communications,journal,2026-04-01,article,en,,,,,Ionic Systems (united States),1,hybrid,0
10.1016/j.jallcom.2026.187900,10.1016/j.jallcom.2026.187900,Performance enhanced and stable self-powered lead-free copper-based perovskite UV photodetector based on CuI buffer layer strategy,Journal of Alloys and Compounds,journal,2026-04-01,article,en,,,,,,0,green,0
10.1021/acsaelm.6c00048,10.1021/acsaelm.6c00048,Applicability of La-Doped BaSnO 3 as an Efficient ETL for Perovskite Solar Cells,ACS Applied Electronic Materials,journal,2026-04-01,article,en,,,,,Kurukshetra University,0,closed,0
10.1021/acs.jpclett.6c00211,10.1021/acs.jpclett.6c00211,Pyrido-phenazine-Based Multifunctional Interface Molecules: Construction and Mechanism of High-Efficiency and Stable Perovskite Solar Cells,The Journal of Physical Chemistry Letters,journal,2026-04-01,article,en,,,,,Jiangsu University,0,closed,1
10.1021/acs.jpclett.6c00345,10.1021/acs.jpclett.6c00345,Carbazole Core-Based Small Molecule as an Effective 4- tert -Butylpyridine Replacement for Perovskite Solar Cells,The Journal of Physical Chemistry Letters,journal,2026-04-01,article,en,,,,,Jiangsu University Of Science And Technology,0,closed,1
10.1021/acsami.5c22628,10.1021/acsami.5c22628,2D or Not 2D? Impact of Bulky Cation Deposition Method on Inverted Perovskite Solar Cells,ACS Applied Materials & Interfaces,journal,2026-04-01,article,en,,,,,Leibniz Institute For Solid State And Materials Research,0,hybrid,1
10.1038/d41586-026-01001-0,10.1038/d41586-026-01001-0,These advanced solar cells have an antique source: old bullets,Nature,journal,2026-04-01,article,en,,,,,,0,closed,0
10.1016/j.apsusc.2026.166755,10.1016/j.apsusc.2026.166755,Influence of deposition temperature and thickness of ALD-TiO2 on planar perovskite solar cell performance,Applied Surface Science,journal,2026-04-01,article,en,,,,,Åbo Akademi University,0,hybrid,0
10.17615/emw4-2b73,10.17615/emw4-2b73,Sustainable development of perovskite solar cells: keeping a balance between toxicity and efficiency,UNC Libraries,repository,2026-04-01,article,en,,,,,,0,green,0
10.17615/w175-ga93,10.17615/w175-ga93,Improving Thermal Stability of Perovskite Solar Cells by Suppressing Ion Migration,UNC Libraries,repository,2026-04-01,article,en,,,,,,0,green,0
10.17615/nn7f-zc20,10.17615/nn7f-zc20,Vertical grain-shape engineering for high-efficiency and stable perovskite solar cells,UNC Libraries,repository,2026-04-01,article,en,,,,,,0,green,0
10.1016/j.photonics.2026.101546,10.1016/j.photonics.2026.101546,Optical properties of metal halide perovskites for indoor photovoltaics,Photonics and Nanostructures - Fundamentals and Applications,journal,2026-04-01,article,en,,,,,Harbin Engineering University,0,closed,0
10.1007/s10854-026-17038-w,10.1007/s10854-026-17038-w,CMTS: An inorganic hole-transport material for efficient and stable perovskite solar cells through surface defect passivation,Journal of Materials Science Materials in Electronics,journal,2026-04-01,article,en,,,,,Selçuk University,0,hybrid,0
10.1002/bkcs.70130,10.1002/bkcs.70130,Electrical insulation checking‐out before perovskite infiltration for optimization in carbon‐based multiporous‐layered‐electrode perovskite solar cells,Bulletin of the Korean Chemical Society,journal,2026-04-01,article,en,,,,,University Of Hyogo,0,closed,0
10.1016/j.xcrp.2026.103226,10.1016/j.xcrp.2026.103226,Quotient-complex transformer for perovskite data analysis,Cell Reports Physical Science,journal,2026-04-01,article,en,,,,,Nanyang Technological University,0,gold,0
10.1002/ente.202502597,10.1002/ente.202502597,Molecular Glass Interface Engineering Enables Highly Efficient and Stable Inverted Perovskite Solar Cells,Energy Technology,journal,2026-04-01,article,en,,,,,Universitas Trisakti,0,hybrid,1
10.1134/s1063783425604114,10.1134/s1063783425604114,Effect of a Doping Gradient on the Performance of HTL-Free Mixed-Halide Perovskite Solar Cells: A Simulation Study,Physics of the Solid State,journal,2026-04-01,article,en,,,,,Ned University Of Engineering And Technology,0,diamond,0
10.1002/ente.202502317,10.1002/ente.202502317,Numerical Insights Into Carrier Dynamics for ≈ 28% Efficient Perovskite Solar Cells via Surface‐Passivated FAPbI 3 Absorber and Bilayer Electron Extraction Pathway,Energy Technology,journal,2026-04-01,article,en,,,,,Princess Nourah Bint Abdulrahman University,0,closed,1
10.1002/pssr.202500482,10.1002/pssr.202500482,"Impact of X‐Anions Modified and Defect Density on the Structural, Electronic, Optical, and Solar Cell Performance in Novel Perovskites Sr 3 NX 3 (X = I, Br, and Cl)",physica status solidi (RRL) - Rapid Research Letters,journal,2026-04-01,article,en,,,,,Elizabeth City State University,0,hybrid,0
10.1016/j.joule.2026.102428,10.1016/j.joule.2026.102428,Releasing the core in hole-transporting materials,Joule,journal,2026-04-01,article,en,,,,,East China University Of Science And Technology,0,closed,0
10.1016/j.greenca.2026.02.005,10.1016/j.greenca.2026.02.005,Cs-rich hybrid perovskites as potential light-absorbing materials for multiple junction solar cells,Green Carbon,journal,2026-04-01,article,en,,,,,Shenzhen Institutes Of Advanced Technology,0,diamond,0
10.1002/ente.202502172,10.1002/ente.202502172,"Analysing the State of Lead Halide Perovskites Through 38,000 Photovoltaic Device Records",Energy Technology,journal,2026-04-01,article,en,,,,,Srm,0,closed,0
10.1007/s10854-026-17251-7,10.1007/s10854-026-17251-7,Highly efficient hole-transport-layer-free carbon-based all-inorganic CsPbI2.2Br0.8 perovskite solar cells using TACl-modified TiO2 ETL,Journal of Materials Science Materials in Electronics,journal,2026-04-01,article,en,,,,,Nanjing Tech University,0,closed,0
10.1007/s10854-026-17267-z,10.1007/s10854-026-17267-z,Synergistic enhancement of efficiency and stability in CsPbBr3 solar cells via a multifunctional PbCl2–ZnO electron transport,Journal of Materials Science Materials in Electronics,journal,2026-04-01,article,en,,,,,Henan Polytechnic University,0,closed,0
10.1007/s12613-025-3310-8,10.1007/s12613-025-3310-8,Optical absorption performance of (C4H9NH3)2(CH3NH3)3Pb4I13-based two-dimensional perovskite solar cells with periodic nanostructure,International Journal of Minerals Metallurgy and Materials,journal,2026-04-01,article,en,,,,,University Of Science And Technology Beijing,0,closed,0
10.1016/j.matre.2026.100432,10.1016/j.matre.2026.100432,Surface engineered wide-bandgap all-inorganic perovskite solar cells achieve a fill factor exceeding 82%,Materials Reports Energy,journal,2026-04-01,article,en,,,,,King Fahd University Of Petroleum And Minerals,0,diamond,0
10.1002/ente.70483,10.1002/ente.70483,Photovoltaic Performance of Lead‐Free Na 2 GeBr 6 Perovskite Investigated via Density Functional Theory and SCAPS‐1D Modeling,Energy Technology,journal,2026-04-01,article,en,,,,,Indian,0,closed,1
10.1002/sstr.202600012,10.1002/sstr.202600012,Dual‐Interface Engineered 2D/3D/2D Heterojunctions for Stable Inverted FACsPbI 3 Perovskite Solar Cells,Small Structures,journal,2026-04-01,article,en,,,,,Yunnan Normal University,0,gold,0
10.1007/s10854-026-17321-w,10.1007/s10854-026-17321-w,Design and analysis of CsXI3 perovskite solar cells with varied hole and electron transport layers,Journal of Materials Science Materials in Electronics,journal,2026-04-01,article,en,,,,,National,0,closed,0
10.1002/pssr.70177,10.1002/pssr.70177,Optical Density of Perovskite Films as a Novel Parameter in Statistical Modeling for Perovskite Solar Cells,physica status solidi (RRL) - Rapid Research Letters,journal,2026-04-01,article,en,,,,,Universidad Nacional Autónoma De México,0,hybrid,0
10.1002/adma.73134,10.1002/adma.73134,In‐Situ Photoluminescence for Perovskite Crystallization: Bridging Mechanistic Insights and Device Engineering Control (Adv. Mater. 24/2026),Advanced Materials,journal,2026-04-01,article,en,,,,,Nanjing University Of Science And Technology,0,closed,0
10.1088/1674-4926/26020002,10.1088/1674-4926/26020002,Mitigating phosphonic acid-perovskite interfacial degradation via molecular engineering for ultra-stable solar cells,Journal of Semiconductors,journal,2026-04-01,article,en,,,,,Nanjing University Of Science And Technology,0,closed,0
10.17863/cam.129895,10.17863/cam.129895,Photon-counting radiation detectors based on metal-halide perovskites and derivatives,Apollo (University of Cambridge),repository,2026-04-01,article,en,,,,,,0,green,0
10.1016/j.mtcomm.2026.115386,10.1016/j.mtcomm.2026.115386,Electrospun PEDOT:PSS nanofiber hole transport layers: Effect of processing parameters and solvent treatment on morphology and perovskite film growth,Materials Today Communications,journal,2026-04-01,article,en,,,,,Aalborg University,0,hybrid,0
10.1016/j.mtcomm.2026.115377,10.1016/j.mtcomm.2026.115377,Data-driven design of pseudohalide perovskites for optoelectronic applications,Materials Today Communications,journal,2026-04-01,article,en,,,,,University Of Missouri,0,hybrid,0
10.62341/istj-vol38-2-irego74,10.62341/istj-vol38-2-irego74,Material Demand and Sustainability Risks in Scaling Emerging Perovskite Photovoltaics for Global Energy Deployment,International Science and Technology Journal,journal,2026-04-01,article,en,,,,,University Of Tripoli,0,hybrid,0
10.1038/s41467-026-71301-6,10.1038/s41467-026-71301-6,Homogenizing interfacial assembly via indole-mediated binary monolayers for perovskite solar cells,Nature Communications,journal,2026-04-02,article,en,,,,,Quantum Technologies (sweden),6,gold,1
10.1002/anie.9708831,10.1002/anie.9708831,Electron‐Deficient Amines Enable Halide‐Anchoring Hydrogen Bonding for Stable Wide‐Bandgap Perovskites Toward Perovskite/Organic Tandem Solar Cells,Angewandte Chemie International Edition,journal,2026-04-02,article,en,,,,,Zhengzhou University,4,closed,1
10.1016/j.chemphys.2026.113198,10.1016/j.chemphys.2026.113198,"Designing flexible and stable lead-free A2LiNaI6 (A = Ca, Sr) double perovskites for high performance solar cells and solar-driven water splitting",Chemical Physics,journal,2026-04-02,article,en,,,,,,4,closed,0
10.1002/aenm.70910,10.1002/aenm.70910,Enhancing Crystallization and Optimizing the Buried Interface via Hydrophobic Trifluoromethyl Molecules for Efficient Sn–Pb Perovskite and All‐Perovskite Tandem Solar Cells,Advanced Energy Materials,journal,2026-04-02,article,en,,,,,Energy Storage Systems (united States),3,closed,1
10.1002/advs.75134,10.1002/advs.75134,Electrostatic Potential Complementarity for Thickness‐Tolerant Cathode Interlayers in High‐Efficiency Organic and Tandem Solar Cells,Advanced Science,journal,2026-04-02,article,en,,,,,Shenzhen Polytechnic University,3,gold,0
10.1038/s44160-026-01044-1,10.1038/s44160-026-01044-1,A synthetically tailored conjugated polymer for thermal and charge management in perovskite interfaces,Nature Synthesis,journal,2026-04-02,article,en,,,,,Lanzhou University Of Technology,3,closed,0
10.1002/advs.202524360,10.1002/advs.202524360,Fluorine‐Doping of Mesoporous TiO 2 Enables Efficient Defect Passivation for High‐Efficiency and Stable Perovskite Solar Cells,Advanced Science,journal,2026-04-02,article,en,,,,,Ajou University,3,gold,1
10.1002/adfm.202524082,10.1002/adfm.202524082,Lab‐to‐Fab: Advances and Challenges in Bifacial Perovskite Solar Cells and Modules,Advanced Functional Materials,journal,2026-04-02,article,en,,,,,University Of Nottingham Ningbo China,1,closed,1
10.1002/ange.9708831,10.1002/ange.9708831,Electron‐Deficient Amines Enable Halide‐Anchoring Hydrogen Bonding for Stable Wide‐Bandgap Perovskites Toward Perovskite/Organic Tandem Solar Cells,Angewandte Chemie,journal,2026-04-02,article,en,,,,,Zhengzhou University,1,closed,0
10.22541/au.177516296.69014470/v1,10.22541/au.177516296.69014470/v1,EDTA-2K as a Molecular Bridge for Synergistic Passivation at the SnO2/Perovskite Interface Toward Efficient and UV-Resilient Solar Cells,,,2026-04-02,preprint,en,,,,,Liaoning University,0,closed,1
10.1002/advs.74909,10.1002/advs.74909,Engineered Interfacial Control for Suppression of Phase Instability: Operando Visualization from Device to Module Scale,Advanced Science,journal,2026-04-02,article,en,,,,,Korea Aerospace University,0,gold,1
10.1021/acsaenm.6c00040,10.1021/acsaenm.6c00040,Numerical Investigation of Rb 1– x Cs x SnCl 3 Perovskite Solar Cells: Role of Transport Layers and Defect Passivation,ACS Applied Engineering Materials,journal,2026-04-02,article,en,,,,,University Of Kerala,0,closed,0
10.1038/s41598-026-47055-y,10.1038/s41598-026-47055-y,Hydrogenated Cs₂AgBiBr₆ double perovskites: a sustainable lead-free route toward high-efficiency solar cells,Scientific Reports,journal,2026-04-02,article,en,,,,,Jaypee,0,gold,0
10.1021/acs.jpcc.6c01188,10.1021/acs.jpcc.6c01188,Manipulation of Ion Migration in Inverted Perovskite Solar Cell with Rubidium-Doped NiO x Hole Transport Layer,The Journal of Physical Chemistry C,journal,2026-04-02,article,en,,,,,Renmin University Of China,0,closed,0
10.1002/advs.202523042,10.1002/advs.202523042,Generative AI‐Driven Accelerated Discovery of Passivation Molecules for Perovskite Solar Cells,Advanced Science,journal,2026-04-02,article,en,,,,,Energy Institute,0,gold,1
10.1016/j.nanoen.2026.111926,10.1016/j.nanoen.2026.111926,Developing wide-bandgap perovskite materials for efficient multi-junction tandem solar cells: Advances and prospects,Nano Energy,journal,2026-04-03,article,en,,,,,Northwestern Polytechnical University,4,closed,0
10.1016/j.matdes.2026.115962,10.1016/j.matdes.2026.115962,Design and optimization of lead-free double-absorber perovskite solar cells using Cs2PtI6 and Cs2TiI6,Materials & Design,journal,2026-04-03,article,en,,,,,National,2,gold,0
10.1002/ece2.70059,10.1002/ece2.70059,The Role of Current Mismatch on Reverse‐Bias Stability of Monolithic Perovskite/Silicon Tandem Solar Cells,EcoEnergy,journal,2026-04-03,article,en,,,,,King Abdullah University Of Science And Technology,2,diamond,1
10.1016/j.poly.2026.118136,10.1016/j.poly.2026.118136,Integrated machine learning and impedance spectroscopy analysis of bifacial lead-free Rb2LiTlBr6 double perovskite solar cells using numerical simulation,Polyhedron,journal,2026-04-03,article,en,,,,,Gopalganj Science And Technology University,1,closed,0
10.1016/j.rineng.2026.110377,10.1016/j.rineng.2026.110377,ETL-free and HTL-free perovskite solar cell as the simplified power source for energy-frugal indoor IoTs,Results in Engineering,journal,2026-04-03,article,en,,,,,Mahidol University,0,gold,1
10.1007/s11082-026-08792-6,10.1007/s11082-026-08792-6,Tuning thermoelectric and optical performance of calcium titanate perovskites by Mg content for photovoltaic and optoelectronic applications,Optical and Quantum Electronics,journal,2026-04-03,article,en,,,,,Prince Sattam Bin Abdulaziz University,0,closed,0
10.1016/j.ssc.2026.116420,10.1016/j.ssc.2026.116420,"First-principles calculations to investigate the electronic, thermal and optical properties of La 2 NiMnO 6 in different phases",Solid State Communications,journal,2026-04-03,article,en,,,,,Utkal University,0,closed,0
10.1016/j.scenem.2026.100039,10.1016/j.scenem.2026.100039,Improved thermal stability of perovskite solar cells via hole transporting materials design,Sustainable Chemistry for Energy Materials,journal,2026-04-03,article,en,,,,,Inha University,0,gold,0
10.64388/irev9i10-1715966,10.64388/irev9i10-1715966,"New Generation Solar Panels Technologies, Innovations, And Future Prospects",Iconic Research and Engineering Journals,journal,2026-04-03,article,en,,,,,National Society Of Professional Engineers,0,bronze,0
10.1038/s41467-026-71389-w,10.1038/s41467-026-71389-w,Solution-processed photovoltaic and thermoelectric hybrid systems with efficiency exceeding 50%,Nature Communications,journal,2026-04-03,article,en,,,,,Nankai University,0,gold,1
10.1016/j.mtener.2026.102272,10.1016/j.mtener.2026.102272,Electronegativity-driven fluorotyrosine modulation of SnOX ETLs via deposition control and oxygen-vacancy suppression for carbon-based perovskite solar cells exceeding 20%,Materials Today Energy,journal,2026-04-03,article,en,,,,,Xi'an Jiaotong University,0,closed,0
10.1016/j.ssc.2026.116418,10.1016/j.ssc.2026.116418,Machine-learning-assisted optimization of power conversion efficiency in perovskite solar cells,Solid State Communications,journal,2026-04-03,article,en,,,,,Shanghai,0,closed,0
10.1016/j.synthmet.2026.118157,10.1016/j.synthmet.2026.118157,Thiophene- and carbazole-modified triphenylamine-containing copolymers as hole-transporting materials for perovskite solar cells,Synthetic Metals,journal,2026-04-03,article,en,,,,,,0,closed,0
10.1038/s41598-026-42690-x,10.1038/s41598-026-42690-x,Development of Zn1−xSnxO and Mg1−xSnxO transparent conducting oxide thin films for perovskite solar cell applications,Scientific Reports,journal,2026-04-03,article,en,,,,,Karpagam Academy Of Higher Education,0,gold,0
10.1016/j.solmat.2026.114353,10.1016/j.solmat.2026.114353,"Samarium iodide incorporated MAPbI3 with improved structural, photophysical and photovoltaic properties",Solar Energy Materials and Solar Cells,journal,2026-04-03,article,en,,,,,Shiv Nadar University,0,closed,0
10.1002/advs.75107,10.1002/advs.75107,Tracing the Dynamic Chemical Transformations of Spiro‐OMeTAD in Operating Perovskite Solar Cells,Advanced Science,journal,2026-04-03,article,en,,,,,Helmholtz Institute Mainz,0,gold,0
10.1016/j.solmat.2026.114330,10.1016/j.solmat.2026.114330,Numerical validation and machine learning-based modeling of energy conversion efficiency in Cs2AgBi0.75Sb0.25Br6 double perovskite solar cells,Solar Energy Materials and Solar Cells,journal,2026-04-04,article,en,,,,,University Of Hassan Ii Casablanca,3,closed,0
10.1021/acsaem.5c04101,10.1021/acsaem.5c04101,Rationalizing NiO x Processing through XPS Chemical Analysis: A Case Study on p-i-n Perovskite Solar Cells,ACS Applied Energy Materials,journal,2026-04-04,article,en,,,,,Universidade Estadual De Campinas (unicamp),2,hybrid,1
10.51646/jsesd.v14istr2e.1181,10.51646/jsesd.v14istr2e.1181,"DFT Analysis of Structural, Elastic and Optoelectronic Enhancements in LiGeCl₃ Under Pressure for Photovoltaic Applications",Solar Energy and Sustainable Development,journal,2026-04-04,article,en,,,,,,1,diamond,0
10.1016/j.cplett.2026.142799,10.1016/j.cplett.2026.142799,Spectral filtering and bifacial light harvesting for high-efficiency semi-transparent perovskite solar cells,Chemical Physics Letters,journal,2026-04-04,article,en,,,,,,1,closed,0
10.1016/j.mtener.2026.102273,10.1016/j.mtener.2026.102273,The hysteresis-stability nexus in perovskite photovoltaics: A review of intrinsic origins and advanced strategies,Materials Today Energy,journal,2026-04-04,article,en,,,,,Qingdao University,1,closed,0
10.1002/adma.73011,10.1002/adma.73011,Tunable and Low‐Acidity PEDOT:SAM Supramolecular Complex Hole‐Transport Materials for High‐Performance All‐Perovskite Tandem Solar Cells,Advanced Materials,journal,2026-04-04,article,en,,,,,University Of Macau,1,closed,1
10.1002/solr.70331,10.1002/solr.70331,Modeling and Design Principles for Plasmonic Nanoparticle‐Enhanced Perovskite Solar Cells: A Comprehensive Review,Solar RRL,journal,2026-04-04,article,en,,,,,International Iberian Nanotechnology Laboratory,1,hybrid,0
10.1002/solr.70333,10.1002/solr.70333,Identifying Recombination Mechanisms in Bifacial Perovskite Solar Cells: Consequences for High Efficiency Tandems,Solar RRL,journal,2026-04-04,article,en,,,,,University Of Groningen,0,hybrid,1
the state of nanotechnology in 2026 convergence of artificial intelligence quantum mechanics and bioengineering|g,,"The State of Nanotechnology in 2026: Convergence of Artificial Intelligence, Quantum Mechanics, and Bioengineering",OSF Preprints (OSF Preprints),repository,2026-04-04,preprint,en,,,,,,0,closed,0
10.1002/cssc.202502608,10.1002/cssc.202502608,"Strategies and Pathways Toward Efficient Perovskite/Cu(In,Ga)Se 2 Tandem Solar Cells",ChemSusChem,journal,2026-04-05,article,en,,,,,Wuhan,2,green,0
10.1016/j.apsusc.2026.166812,10.1016/j.apsusc.2026.166812,"BTP-4F modified CsPbBr3 quantum dots: enhancement of photoluminescence stability under UV, red light, and ambient conditions",Applied Surface Science,journal,2026-04-05,article,en,,,,,Jiangxi University Of Science And Technology,1,closed,0
10.1063/5.0320916,10.1063/5.0320916,Mitigation energy loss with fullerene derivatives doping regulation for efficient tin perovskite solar cells,Applied Physics Letters,journal,2026-04-05,article,en,,,,,University Of Science And Technology Of China,0,closed,0
10.3390/ma19071455,10.3390/ma19071455,Transparent Conductive Copper-Doped Zinc Oxide (ZnO:Cu) Thin Films: PVco-D Fabrication and Applications in Perovskite Solar Cells,Materials,journal,2026-04-05,article,en,,,,,Nicolaus Copernicus University,0,gold,0
10.1063/5.0326539,10.1063/5.0326539,The CuI/NiO gradient hole transport layer for enhanced carrier efficiency in large-area perovskite solar cell,Applied Physics Letters,journal,2026-04-06,article,en,,,,,Zhejiang Sci-tech University,9,closed,0
10.1016/j.nxsust.2026.100302,10.1016/j.nxsust.2026.100302,"Advances in photovoltaic module recovery and recycling: Technologies, policies, and circular economy perspectives",Next Sustainability,journal,2026-04-06,article,en,,,,,University For International Integration Of The Afro-brazilian Lusophony,6,gold,0
10.1016/j.chemphys.2026.113204,10.1016/j.chemphys.2026.113204,"Beyond conventional DFT: AIMD and phonon stability, carrier physics, photocatalysis, and photovoltaic device modeling of lead-free double perovskites X2MgZnBr6 (X = Rb, Cs)",Chemical Physics,journal,2026-04-06,article,en,,,,,University Of Science And Technology Bannu,4,closed,0
10.1038/s41563-026-02546-1,10.1038/s41563-026-02546-1,Bulk nano-heterointerface secures molecular contacts in perovskite solar cells,Nature Materials,journal,2026-04-06,article,en,,,,,Zhejiang University,3,closed,0
10.1109/jphotov.2026.3675739,10.1109/jphotov.2026.3675739,Role of Hydrogen on the ITO/Ag Contact Resistance for Low-Temperature Screen-Printing Metallization of Pero/Si Tandems,IEEE Journal of Photovoltaics,journal,2026-04-06,article,en,,,,,Beijing Solar Energy Research Institute,1,hybrid,0
10.1016/j.jechem.2026.03.050,10.1016/j.jechem.2026.03.050,Gemini quaternary ammonium salt-enabled efficient interface and bulk engineering for inverted perovskite solar cells,Journal of Energy Chemistry,journal,2026-04-06,article,en,,,,,Guilin University Of Electronic Technology,1,closed,0
10.1016/j.mtener.2026.102274,10.1016/j.mtener.2026.102274,Boosting the efficiency and stability of carbon-based inorganic perovskite solar cells via strategic surface modification using a polar polymer,Materials Today Energy,journal,2026-04-06,article,en,,,,,Bohai University,0,closed,0
10.1016/j.cej.2026.175873,10.1016/j.cej.2026.175873,High-rate fabrication of efficient perovskite solar cells via vapor transport deposition and PbI2 microstructure engineering,Chemical Engineering Journal,journal,2026-04-06,article,en,,,,,Wuhan University Of Technology,0,closed,0
10.1021/acsami.5c25895,10.1021/acsami.5c25895,Functionalized Solid Solubilizer for Modulating Residual PbI 2 toward Efficient and Stable Perovskite Solar Cells,ACS Applied Materials & Interfaces,journal,2026-04-06,article,en,,,,,Shantou University,0,closed,0
10.1021/acsmaterialslett.6c00270,10.1021/acsmaterialslett.6c00270,"The Convergence of Crystallization, Interface Engineering, and Scalable Device Design in Perovskite Solar Cells",ACS Materials Letters,journal,2026-04-06,article,en,,,,,Renewable Energy Systems (united States),0,closed,0
10.48550/arxiv.2604.04446,10.48550/arxiv.2604.04446,"Atomic Structure of Grain Boundaries, Dislocations and Associated Strain in Templated Co-evaporated Photoactive Halide Perovskites",arXiv (Cornell University),repository,2026-04-06,preprint,en,,,,,,0,green,0
10.48550/arxiv.2604.04628,10.48550/arxiv.2604.04628,Reduced Optical Gain Threshold by Carrier Multiplication in Semiconductor Perovskite Nanocrystals,arXiv (Cornell University),repository,2026-04-06,preprint,en,,,,,,0,green,0
reduced optical gain threshold by carrier multiplication in semiconductor perovskite nanocrystals|zhang,,Reduced Optical Gain Threshold by Carrier Multiplication in Semiconductor Perovskite Nanocrystals,arXiv (Cornell University),repository,2026-04-06,preprint,en,,,,,Collaborative Innovation Center Of Advanced Microstructures,0,green,0
atomic structure of grain boundaries dislocations and associated strain in templated co evaporated photoactive halide perovskites|pham,,"Atomic Structure of Grain Boundaries, Dislocations and Associated Strain in Templated Co-evaporated Photoactive Halide Perovskites",arXiv (Cornell University),repository,2026-04-06,preprint,en,,,,,,0,green,0
10.1007/s40820-026-02147-2,10.1007/s40820-026-02147-2,"Semitransparent Perovskite Solar Cells: Strategies, Prospects, and Challenges",Nano-Micro Letters,journal,2026-04-07,article,en,,,,,Universiti Tenaga Nasional,6,gold,1
10.1109/jphotov.2026.3675701,10.1109/jphotov.2026.3675701,Toward Less Than 10 mg/Wp Silver Consumption in HJT Modules With ECA Based Interconnection,IEEE Journal of Photovoltaics,journal,2026-04-07,article,en,,,,,Institut Des Langues Et Cultures D'europe Amérique Afrique Asie Et Australie,1,closed,0
10.1021/acssuschemeng.5c13680,10.1021/acssuschemeng.5c13680,Molecular Engineering in Donor–Acceptor-Conjugated Hole-Transporting Materials for High-Performance Perovskite Solar Cells,ACS Sustainable Chemistry & Engineering,journal,2026-04-07,article,en,,,,,Hebei Normal University,1,closed,0
10.1016/j.cocom.2026.e01300,10.1016/j.cocom.2026.e01300,"Structural, electronic, mechanical, and optical properties of SnSiO3 and PbSiO3 Perovskites: A first-principles insight into silicon-based oxide optoelectronic materials",Computational Condensed Matter,journal,2026-04-07,article,en,,,,,National Taiwan University,1,closed,0
10.1002/aenm.70925,10.1002/aenm.70925,Amino Acid Hydrochloride‐Mediated Self‐Assembled Monolayers for High‐Performance Inverted Perovskite Solar Cells,Advanced Energy Materials,journal,2026-04-07,article,en,,,,,Soochow University,1,closed,1
10.20517/energymater.2025.183,10.20517/energymater.2025.183,Electron-donor/-acceptor ratio-guided molecular engineering for buried interface optimization in n-i-p perovskite solar cells,Energy Materials,journal,2026-04-07,article,en,,,,,,1,hybrid,1
10.1016/j.matchemphys.2026.132495,10.1016/j.matchemphys.2026.132495,"First-principles investigation of the structural, electronic, optical, and photovoltaic properties of lead-free halide perovskites Ba3XI3 (X = As, Bi, Sb)",Materials Chemistry and Physics,journal,2026-04-07,article,en,,,,,,1,closed,0
10.1007/s44291-026-00205-y,10.1007/s44291-026-00205-y,Effects of deposition parameters on optical and electrical properties of colloidal SnO2 film,Discover Electronics,journal,2026-04-07,article,en,,,,,Auckland University Of Technology,0,diamond,0
10.1073/pnas.2518381123,10.1073/pnas.2518381123,Shift current anomalous photovoltaics in a double perovskite ferroelectric,Proceedings of the National Academy of Sciences,journal,2026-04-07,article,en,,,,,Fujian,0,green,0
10.26434/chemrxiv.15001704/v1,10.26434/chemrxiv.15001704/v1,A Simplified Architecture of a Neural Network for Improved Performance on Small Datasets in Photovoltaic Applications,ChemRxiv,repository,2026-04-07,preprint,en,,,,,Indian,0,green,0
10.1002/adfm.75311,10.1002/adfm.75311,Engineering a Conformal and Lossless Interconnect via Ultrathin ITO for High‐Efficiency Perovskite/Silicon Tandem Solar Cells,Advanced Functional Materials,journal,2026-04-07,article,en,,,,,Zhejiang Medicine (china),0,closed,1
10.1021/acsomega.6c01001,10.1021/acsomega.6c01001,Perovskite/Copper Indium Gallium Selenide Tandem Solar Cells,ACS Omega,journal,2026-04-07,article,en,,,,,Zhangjiakou Academy Of Agricultural Sciences,0,gold,0
10.1016/j.cocom.2026.e01298,10.1016/j.cocom.2026.e01298,Theoretical investigation of Ba3AsBr3 perovskite using quasiparticle and excitonic calculations: A promising material for solar cell application,Computational Condensed Matter,journal,2026-04-07,article,en,,,,,Umaru Musa Yar'adua University,0,closed,0
10.1002/adfm.75283,10.1002/adfm.75283,Regulating Intermediate State for Low‐Strain Perovskite Films,Advanced Functional Materials,journal,2026-04-07,article,en,,,,,Dalian,0,closed,0
10.6084/m9.figshare.31953306,10.6084/m9.figshare.31953306,"Nanotechnology-Enhanced Solar Panels: Revolutionising Sustainable Energy Systems For Generation, Storage, And Distribution.",Figshare,repository,2026-04-07,article,en,,,,,,0,green,0
10.6084/m9.figshare.31953306.v1,10.6084/m9.figshare.31953306.v1,"Nanotechnology-Enhanced Solar Panels: Revolutionising Sustainable Energy Systems For Generation, Storage, And Distribution.",Figshare,repository,2026-04-07,article,en,,,,,,0,green,0
10.1016/j.cej.2026.175960,10.1016/j.cej.2026.175960,Evaporated molecular bilayers strengthen interface reliability of perovskite solar cells,Chemical Engineering Journal,journal,2026-04-07,article,en,,,,,Xiamen University,0,closed,0
10.1038/s41467-026-71582-x,10.1038/s41467-026-71582-x,Deuterated perovskite for room temperature spin device,Nature Communications,journal,2026-04-07,article,en,,,,,,0,gold,1
10.1016/j.cej.2026.175988,10.1016/j.cej.2026.175988,Synergistic mechanochemical surface reconstruction of perovskite layer for efficient and stable carbon-electrode perovskite devices,Chemical Engineering Journal,journal,2026-04-07,article,en,,,,,Korea Research,0,closed,0
10.26434/chemrxiv.15001694/v1,10.26434/chemrxiv.15001694/v1,Impact of Br and Cs Substitution on Optoelectronic Properties in FAPbI3 for Perovskite/TOPCon Tandem Solar Cells using First-Principles and Drift-Diffusion Simulation Study,ChemRxiv,repository,2026-04-07,preprint,en,,,,,Indian Shibpur,0,green,1
10.1002/smll.73299,10.1002/smll.73299,The Impact of Dust Particles on the Function of Screen‐Printed Triple‐Mesoscopic Perovskite Solar Cells,Small,journal,2026-04-07,article,en,,,,,Swansea University,0,hybrid,0
10.64589/juri/218959,10.64589/juri/218959,Blocking Humidity Ingression in FAPbI3 Thin Film for Perovskite Solar Cell Application,,,2026-04-07,article,en,,,,,King Fahd University Of Petroleum And Minerals,0,gold,0
10.1016/j.jpowsour.2026.240037,10.1016/j.jpowsour.2026.240037,Advancing energy materials through Cryo-TEM: Microscopic insights into organic-inorganic structures in battery interphase and hybrid perovskites,Journal of Power Sources,journal,2026-04-07,article,en,,,,,Dongguan University Of Technology,0,closed,0
10.1002/adfm.75247,10.1002/adfm.75247,D‐Isoascorbic Acid Endows Formamidinium Iodide With Robust Storage Stability and Wide‐Bandgap Perovskite With Reduced Phase Segregation,Advanced Functional Materials,journal,2026-04-07,article,en,,,,,Of The People's Republic Of China,0,closed,0
10.1016/j.enganabound.2026.106757,10.1016/j.enganabound.2026.106757,Thermal flutter and buckling boundaries of PSC structures with surface cracks,Engineering Analysis with Boundary Elements,journal,2026-04-07,article,en,,,,,Tianjin University Of Technology,0,closed,0
10.1002/advs.75170,10.1002/advs.75170,Degradation Mechanisms Associated with Electron‐Blocking Layers in Inverted Perovskite Solar Cells,Advanced Science,journal,2026-04-07,article,en,,,,,Southern University Of Science And Technology,0,gold,0
10.1088/2515-7655/ae5c3a,10.1088/2515-7655/ae5c3a,Photoelectron spectroscopy investigation of Spiro-OMeTAD thermal stability and high-temperature behaviour for perovskite solar cells,Journal of Physics Energy,journal,2026-04-07,article,en,,,,,Aberystwyth University,0,gold,0
10.1515/revic-2025-0105,10.1515/revic-2025-0105,Inorganic and molecular photocatalysts for solar energy conversion: from ligand design to device integration,Reviews in Inorganic Chemistry,journal,2026-04-07,article,en,,,,,Shaqra University,0,hybrid,0
10.1002/flm2.70070,10.1002/flm2.70070,Mechanical stability in flexible perovskite solar cells: Interface engineering and device design,FlexMat.,journal,2026-04-08,article,en,,,,,East China Normal University,5,diamond,0
10.1002/smll.73319,10.1002/smll.73319,Tripodal Carboxylate Bridge Enables Buried Interface Passivation Toward High‐Performance and Durable Perovskite Solar Cells,Small,journal,2026-04-08,article,en,,,,,Northwestern Polytechnical University,4,closed,1
10.1016/j.surfin.2026.109216,10.1016/j.surfin.2026.109216,Machine learning–enhanced SCAPS optimization of 28.38%-efficient bifacial triple-cation perovskite solar cells for building integration,Surfaces and Interfaces,journal,2026-04-08,article,en,,,,,University Frères Mentouri Constantine 1,2,hybrid,0
10.1016/j.jpcs.2026.113738,10.1016/j.jpcs.2026.113738,Machine learning-enhanced optimization of Cs2TiF6/CsGeI3 dual-absorber perovskite solar cells: Integrating SCAPS-1D with active learning and black-box Bayesian search,Journal of Physics and Chemistry of Solids,journal,2026-04-08,article,en,,,,,Nanjing University Of Posts And Telecommunications,1,closed,0
10.1021/acsenergylett.6c00044,10.1021/acsenergylett.6c00044,Synergistic Additive Strategy Enables Sub-100 °C Fabrication of CsPbI 3 Films for Efficient and Stable All-Inorganic Perovskite Solar Cells,ACS Energy Letters,journal,2026-04-08,article,en,,,,,North China Electric Power University,1,hybrid,1
10.1021/acssuschemeng.5c13860,10.1021/acssuschemeng.5c13860,Buried Interface Engineering with Multifunctional Self-Assembled Monolayers Additive Enabling Efficient and Stable Inverted Perovskite Solar Cells,ACS Sustainable Chemistry & Engineering,journal,2026-04-08,article,en,,,,,South China Normal University,1,closed,1
10.1016/j.eng.2026.04.002,10.1016/j.eng.2026.04.002,Agentic Robotic Boxes for Perovskite Solar Cell Fabrication with Recipe Language Model,Engineering,journal,2026-04-08,article,en,,,,,,1,gold,0
10.1016/j.physb.2026.418609,10.1016/j.physb.2026.418609,"First principle study of structural, mechanical, electronic, dynamical and optical properties of CaZrS 3 − x T e x ( x = 0 , 1 , 2 , 3 ) chalcogenide perovskite materials for optoelectronics and photovoltaic applications",Physica B Condensed Matter,journal,2026-04-08,article,en,,,,,Arba Minch University,1,closed,0
10.1063/5.0332515,10.1063/5.0332515,Special topic on Applied Energy in Latin America,APL Energy,journal,2026-04-08,article,en,,,,,Universidad Autónoma De Chile,0,diamond,0
10.1007/s11664-026-12851-9,10.1007/s11664-026-12851-9,Perovskite Solar Cells Based on a Methoxy Dual-Sided Modification Strategy,Journal of Electronic Materials,journal,2026-04-08,article,en,,,,,Jilin Normal University,0,closed,0
10.53941/matsus.2026.100004,10.53941/matsus.2026.100004,Unravelling the Formation of 2-Phenylethylammonium 2D Perovskites by In Situ GIWAXS,Materials and Sustainability,journal,2026-04-08,article,en,,,,,University Of Tübingen,0,hybrid,0
10.1021/acs.jpclett.6c00258,10.1021/acs.jpclett.6c00258,Halide Mixing Determines the Organic Structure in 2D Layered Perovskites,The Journal of Physical Chemistry Letters,journal,2026-04-08,article,en,,,,,Institut De Chimie,0,closed,1
10.1016/j.cej.2026.175931,10.1016/j.cej.2026.175931,Reactive plasma deposition enables tunable ITO buffer layers for efficient and thermally stable perovskite solar cells,Chemical Engineering Journal,journal,2026-04-08,article,en,,,,,Wuhan University,0,closed,0
10.1016/j.cej.2026.176028,10.1016/j.cej.2026.176028,Nafion-assisted n-TOPCon bottom cells integrated with FAPbI₃ perovskite top cells for high-efficiency four-terminal tandem solar cell under rear-albedo illumination,Chemical Engineering Journal,journal,2026-04-08,article,en,,,,,,0,closed,0
10.5281/zenodo.19467414,10.5281/zenodo.19467414,Generated Pattern Current for Photovoltaic Cell Activation: Trap State Passivation via Temporally Structured Current Injection,Zenodo (CERN European Organization for Nuclear Research),repository,2026-04-08,preprint,en,,,,,Shaanxi Yulin Energy Group,0,green,1
10.1016/j.matlet.2026.140631,10.1016/j.matlet.2026.140631,Interface engineering via Z-L-Val-OH for performance enhancement in inverted perovskite solar cells,Materials Letters,journal,2026-04-08,article,en,,,,,Guilin University Of Electronic Technology,0,closed,0
10.1088/1402-4896/ae5ced,10.1088/1402-4896/ae5ced,Simulation and optimization of MAPbI 2 Br and MAPbBr 3 perovskite solar cells achieving efficiencies up to 27.9%,Physica Scripta,journal,2026-04-08,article,en,,,,,Wuhan Engineering Science & Technology Institute,0,hybrid,0
10.1021/acsaem.6c00614,10.1021/acsaem.6c00614,Composition-Dependent Crystallization of Wide-Bandgap Perovskite Solar Cells via Intense Pulsed Light Annealing,ACS Applied Energy Materials,journal,2026-04-08,article,en,,,,,Ningbo University,0,closed,0
10.21203/rs.3.rs-9260183/v1,10.21203/rs.3.rs-9260183/v1,Transport Limitations and Defect-Mediated Recombination in Lead- Free Double Perovskite Cs₂AgSbI₆: Implications for Solar-Cell Design,Research Square,repository,2026-04-08,preprint,en,,,,,University Of Ha'il,0,green,0
10.1088/1361-651x/ae5cb7,10.1088/1361-651x/ae5cb7,Simulation and performance analysis of lead-free CsRbSnI 3 perovskite solar cell,Modelling and Simulation in Materials Science and Engineering,journal,2026-04-08,article,en,,,,,Université Ibn Zohr,0,closed,0
10.1021/acsami.6c03670,10.1021/acsami.6c03670,Interface-Directed Self-Assembled Monolayers for High-Efficiency and Scalable Inverted Wide-Bandgap Perovskite Solar Cells,ACS Applied Materials & Interfaces,journal,2026-04-08,article,en,,,,,,0,closed,1
10.3390/gels12040316,10.3390/gels12040316,Sol-Gel Derived Dual-Functional Organosilicone Coating for Enhanced Solar Panel Performance,Gels,journal,2026-04-08,article,en,,,,,Hunan,0,gold,0
10.48550/arxiv.2604.07262,10.48550/arxiv.2604.07262,Determining the Free-Carrier Fraction in 2D Perovskites using Power Dependent Photoluminescence,arXiv (Cornell University),repository,2026-04-08,preprint,en,,,,,,0,green,1
10.1002/cssc.202502514,10.1002/cssc.202502514,Effects of Anti‐UV UV312 Molecular on Photovoltage Properties of Perovskite Solar Cells,ChemSusChem,journal,2026-04-08,article,en,,,,,Fujian Metrology Institute,0,green,0
10.1002/cssc.202502524,10.1002/cssc.202502524,Anisole as a Green Solvent Alternative for [6]‐Phenyl‐C 61 ‐Butyric Acid Methyl Ester in Ambient‐Processed p–i–n Perovskite Solar Cells and Flexible Minimodules,ChemSusChem,journal,2026-04-08,article,en,,,,,Universidad De Antioquia,0,green,0
10.1002/adfm.75295,10.1002/adfm.75295,Dynamic Feedback of Interfacial Electric Fields Governs Charge Extraction in Perovskite Solar Cells,Advanced Functional Materials,journal,2026-04-08,article,en,,,,,Southern University Of Science And Technology,0,closed,1
10.48550/arxiv.2604.06555,10.48550/arxiv.2604.06555,On the possibility of hybrid chalcogenide perovskite photovoltaics,arXiv (Cornell University),repository,2026-04-08,preprint,en,,,,,,0,green,1
on the possibility of hybrid chalcogenide perovskite photovoltaics|wu,,On the possibility of hybrid chalcogenide perovskite photovoltaics,arXiv (Cornell University),repository,2026-04-08,preprint,en,,,,,London Biofoundry,0,green,0
determining the free carrier fraction in 2d perovskites using power dependent photoluminescence|cutrupi,,Determining the Free-Carrier Fraction in 2D Perovskites using Power Dependent Photoluminescence,arXiv (Cornell University),repository,2026-04-08,preprint,en,,,,,,0,green,0
10.36347/sjpms.2026.v13i04.001,10.36347/sjpms.2026.v13i04.001,Sensorless Thermometry from MPPT Electrical Traces: A Physics-Informed Inversion for Perovskite Solar Cells,Scholars Journal of Physics Mathematics and Statistics,journal,2026-04-08,article,en,,,,,,0,diamond,0
10.3390/en19081847,10.3390/en19081847,"A Comprehensive Survey of AI/ML-Driven Optimization, Predictive Control, and Innovative Solar Technologies",Energies,journal,2026-04-09,article,en,,,,,Jazan University,5,gold,0
10.1016/j.solener.2026.114604,10.1016/j.solener.2026.114604,"Machine learning applications in the design, optimization, and manufacturing of perovskite solar cells",Solar Energy,journal,2026-04-09,article,en,,,,,University Of Alabama,3,closed,0
10.1002/adfm.75318,10.1002/adfm.75318,Controlling Top‐Interface Reconstruction in Perovskite Solar Cells via Molecular Design of Dual‐Functional Ammonium Salts,Advanced Functional Materials,journal,2026-04-09,article,en,,,,,Qiqihar University,2,closed,0
10.1002/aenm.70922,10.1002/aenm.70922,Efficient and Durable Tin‐Lead Narrow‐Bandgap Perovskite Solar Cells via Synergistic (100) Crystallization Control and Interfacial Modification,Advanced Energy Materials,journal,2026-04-09,article,en,,,,,Shanghai Jiao Tong University,2,closed,1
10.1016/j.nxmate.2026.102037,10.1016/j.nxmate.2026.102037,Analysing thickness and doping dependent photovoltaic performance in double perovskite (cesium tin iodide) solar cells: A TCAD-based simulation study,Next Materials,journal,2026-04-09,article,en,,,,,Banasthali University,1,gold,0
10.35848/1347-4065/ae5303,10.35848/1347-4065/ae5303,Development of two-terminal perovskite/Si tandem solar modules and their application to building-integrated and vehicle-integrated photovoltaics,Japanese Journal of Applied Physics,journal,2026-04-09,article,en,,,,,Kaneka (japan),1,closed,0
10.1002/adma.73024,10.1002/adma.73024,Exciton‐Photon Critical Coupling in Size‐Tailored Quantum Dots Enables >22% Efficient and Stable Inverted CsPbI 3 Solar Cells,Advanced Materials,journal,2026-04-09,article,en,,,,,,1,closed,0
10.1002/adfm.75309,10.1002/adfm.75309,Molecule‐Assisted Dispersion of Self‐Assembled Monolayers for High‐Efficiency and Stable Perovskite Solar Cells,Advanced Functional Materials,journal,2026-04-09,article,en,,,,,Beihang University,1,closed,0
10.1002/advs.202520257,10.1002/advs.202520257,Interfacial Engineering by Metallic Ions and Organic Ammonium Ligand Passivation for Perovskite Solar Cells,Advanced Science,journal,2026-04-09,article,en,,,,,Griffith University,0,gold,1
10.1557/s43579-026-00959-2,10.1557/s43579-026-00959-2,OpenAI perovskite: A data-driven platform for exploration and performance analysis of two-dimensional perovskite solar cells,MRS Communications,journal,2026-04-09,article,en,,,,,Universiti Teknologi Petronas,0,closed,0
10.62177/jaet.v3i1.1275,10.62177/jaet.v3i1.1275,Interface Physical Regulation and Performance Optimization of Solid-State Electrolytes and Perovskite Photovoltaic Devices,Journal of advances in engineering and technology.,journal,2026-04-09,article,en,,,,,Hubei University Of Education,0,hybrid,0
10.1002/smtd.70654,10.1002/smtd.70654,A Defect‐Engineered Vacuum Evaporation Strategy for High‐Efficiency Indoor Perovskite Mini Solar Modules,Small Methods,journal,2026-04-09,article,en,,,,,Ming Chi University Of Technology,0,green,1
10.17863/cam.128899,10.17863/cam.128899,Near-Field Effects on Cathodoluminescence Outcoupling in Perovskite Thin Films,Apollo (University of Cambridge),repository,2026-04-09,article,en,,,,,,0,green,0
10.1002/smll.73351,10.1002/smll.73351,Methoxyl‐Substitution of Phenylethylammonium Strengthened 2D/3D Heterogeneous Structures for Inverted Perovskite Solar Cells with Enhanced Efficiency and Stability,Small,journal,2026-04-09,article,en,,,,,Central South University,0,closed,1
10.1016/j.ssc.2026.116419,10.1016/j.ssc.2026.116419,"Ab initio calculations of electronic and mechanical properties of Mn-doped CsPbX3(X=Cl, Br, I) perovskites",Solid State Communications,journal,2026-04-09,article,en,,,,,,0,closed,0
10.1002/solr.70323,10.1002/solr.70323,Reducing Residual PbI 2 Through Chemical Polishing Strategy to Improve the Performance of Perovskite Solar Cells,Solar RRL,journal,2026-04-09,article,en,,,,,Southwest Petroleum University,0,closed,1
10.63001/tbs.2026.v21.i02.pp144-162,10.63001/tbs.2026.v21.i02.pp144-162,Tandem Solar Cells Using Ternary and Quaternary Compound Semiconductors,The Bioscan.,journal,2026-04-09,article,en,,,,,Barkatullah University,0,hybrid,0
10.1002/aenm.70932,10.1002/aenm.70932,Tailored Additive‐Mediated Bidentate Coordination Achieves Simultaneous Efficiency‐Stability Enhancement in Inverted Perovskite Solar Cells,Advanced Energy Materials,journal,2026-04-09,article,en,,,,,Ji Hua Laboratory,0,closed,0
10.1002/smll.73353,10.1002/smll.73353,pH‐Controlled Synthesis of SnO 2 Electron Transport Layers for High‐Efficiency and Stable Perovskite Solar Cells,Small,journal,2026-04-09,article,en,,,,,Qingdao University Of Science And Technology,0,closed,1
10.1021/jacs.6c02024,10.1021/jacs.6c02024,Hydrogen Bonding Enhanced Molecular Assembly of Hole-Selective Contact for Thermally Stable Perovskite Solar Cells,Journal of the American Chemical Society,journal,2026-04-10,article,en,,,,,East China University Of Science And Technology,8,closed,1
10.1021/acsenergylett.5c03637,10.1021/acsenergylett.5c03637,Tuning Self-Assembled Monolayers of Me-4PACz with Bisphosphonic Acid Groups to Improve Temperature and Cycling Stability of Perovskite Photovoltaics,ACS Energy Letters,journal,2026-04-10,article,en,,,,,Nanyang Technological University,6,closed,1
10.1002/adma.202520577,10.1002/adma.202520577,Dipolar Cation Chemically Bonded Tin Oxide and Bridged Buried Interface for Air‐Processed Operationally Stable n‐i‐p Perovskite Solar Cells,Advanced Materials,journal,2026-04-10,article,en,,,,,Kunming University Of Science And Technology,5,closed,1
10.1007/s11664-026-12804-2,10.1007/s11664-026-12804-2,"Ab Initio Study of the Structural, Electronic, Optical, Transport, and Elastic Properties of Lithium-based Double Perovskites Li2InSbX6 (X = Cl, Br) for Green Energy Harvesting",Journal of Electronic Materials,journal,2026-04-10,article,en,,,,,Government College University Lahore,3,closed,0
10.1038/s41578-026-00917-3,10.1038/s41578-026-00917-3,The stability turn in perovskite photovoltaics,Nature Reviews Materials,journal,2026-04-10,article,en,,,,,Zhejiang University,2,closed,0
10.1126/sciadv.aec3238,10.1126/sciadv.aec3238,Homogenizing out-of-plane strain distribution for high-performance flexible perovskite photovoltaics,Science Advances,journal,2026-04-10,article,en,,,,,Nanchang University,1,gold,1
10.1016/j.cej.2026.176106,10.1016/j.cej.2026.176106,Interfacial engineering with a carbonyl-functionalized truxene self-assembled monolayer for high efficiency and stable NiOX-based perovskite solar cells,Chemical Engineering Journal,journal,2026-04-10,article,en,,,,,Sogang University,1,closed,0
10.1021/acsaem.6c00560,10.1021/acsaem.6c00560,Meta-Fluorinated Phenyl-Linkers Enable a Compact Self-Assembled Monolayer for Efficient and Stable Inverted Perovskite Solar Cells,ACS Applied Energy Materials,journal,2026-04-10,article,en,,,,,Guangdong University Of Technology,1,closed,1
10.1007/s10853-026-12712-0,10.1007/s10853-026-12712-0,Low-temperature sinterable copper paste with a flake-spherical hybrid network and enhanced anti-oxidation properties,Journal of Materials Science,journal,2026-04-10,article,en,,,,,Ningbo,1,closed,0
10.20517/microstructures.2025.138,10.20517/microstructures.2025.138,Progress in atomic layer deposition of metal oxides for efficient and stable perovskite solar cells,Microstructures,journal,2026-04-10,article,en,,,,,Korea University,1,hybrid,0
10.1016/j.jpcs.2026.113742,10.1016/j.jpcs.2026.113742,Modelling and performance optimization of Rb2SnBr6-based lead-free perovskite solar cells using SCAPS-1D numerical simulation,Journal of Physics and Chemistry of Solids,journal,2026-04-10,article,en,,,,,Bangladesh University Of Business And Technology,1,closed,0
10.1002/adfm.75317,10.1002/adfm.75317,Pharmacophore‐Guided Interfacial Ligands Co‐Optimize Charge Extraction and Heat Dissipation in Semitransparent Perovskite Solar Cells,Advanced Functional Materials,journal,2026-04-10,article,en,,,,,University Of Science And Technology Of China,1,closed,0
10.1002/adfm.75356,10.1002/adfm.75356,A Reduction–Complexation Cascade Stabilizes the Buried NiOx/Perovskite Interface for High‐Performance Perovskite Solar Cells,Advanced Functional Materials,journal,2026-04-10,article,en,,,,,Jilin University,1,closed,0
10.1021/acsaelm.6c00248,10.1021/acsaelm.6c00248,Bioinspired Strain-Engineered Perovskite–Organic Tandem Solar Cells: Advances in Organic Semiconductors for Wearable Photovoltaics,ACS Applied Electronic Materials,journal,2026-04-10,article,en,,,,,Shiraz University,1,closed,0
10.1016/j.cej.2026.176105,10.1016/j.cej.2026.176105,Asymmetric molecular design of buried interfaces for efficient perovskite solar cells,Chemical Engineering Journal,journal,2026-04-10,article,en,,,,,Kwangwoon University,0,green,0
10.1016/j.cej.2026.176080,10.1016/j.cej.2026.176080,Low-dimensional hydrophobic ligand in antioxidant vitamin acetate enables high-performance perovskite solar cells,Chemical Engineering Journal,journal,2026-04-10,article,en,,,,,Wuhan,0,closed,0
10.1007/s10853-026-12710-2,10.1007/s10853-026-12710-2,Interpretable machine learning analysis of stability mechanisms and feature interactions in halide perovskite solar cells,Journal of Materials Science,journal,2026-04-10,article,en,,,,,Islamic University Of Madinah,0,closed,0
10.1088/1402-4896/ae5e29,10.1088/1402-4896/ae5e29,"Performance enhancement in FAMAPb(I, Br) 3 /FAMASnGeI 3 double-absorber perovskite solar cells: a numerical simulation",Physica Scripta,journal,2026-04-10,article,en,,,,,Ziane Achour University Of Djelfa,0,closed,0
10.1021/acsaem.6c00401,10.1021/acsaem.6c00401,Crown Ether Coordination Enables Efficient and Stable CsPbIBr 2 Perovskite Solar Cells,ACS Applied Energy Materials,journal,2026-04-10,article,en,,,,,Xiamen University,0,closed,0
10.1088/1402-4896/ae5e2b,10.1088/1402-4896/ae5e2b,Effect of hole transport layers on inverted FA 0.9 PEA 0.1 SnI 3 perovskite solar cells via SCAPS-1D simulation,Physica Scripta,journal,2026-04-10,article,en,,,,,Nanjing University Of Aeronautics And Astronautics,0,hybrid,0
10.1007/s12648-026-04030-7,10.1007/s12648-026-04030-7,"Unveiling the potential of Cs2YCuQ6 (Q = F, Cl) double halide perovskites for next-generation optoelectronics and energy applications: a DFT study",Indian Journal of Physics,journal,2026-04-10,article,en,,,,,,0,closed,0
10.5281/zenodo.19495875,10.5281/zenodo.19495875,Modeling and Optimization of Optical and Device- Architecture Parameters for Enhanced Photon Recycling in MAPbI₃ (CH₃NH₃PbI₃) Thin-Film Perovskite Solar Cells,Zenodo (CERN European Organization for Nuclear Research),repository,2026-04-10,article,en,,,,,Sabarmati University,0,green,0
10.5281/zenodo.19495876,10.5281/zenodo.19495876,Modeling and Optimization of Optical and Device- Architecture Parameters for Enhanced Photon Recycling in MAPbI₃ (CH₃NH₃PbI₃) Thin-Film Perovskite Solar Cells,Zenodo (CERN European Organization for Nuclear Research),repository,2026-04-10,article,en,,,,,Sabarmati University,0,green,0
10.1051/e3sconf/202670401005/pdf,10.1051/e3sconf/202670401005/pdf,Methylammonium lead halide perovskites: Electronic structure and optical properties for tandem solar cells,Springer Link (Chiba Institute of Technology),repository,2026-04-10,article,en,,,,,Abdelmalek Essaâdi University,0,green,0
10.1016/j.jpcs.2026.113757,10.1016/j.jpcs.2026.113757,"DFT insights into Rb2ZAsI6 (Z = K, Cs) halide double perovskites as promising candidates for next-generation energy storage",Journal of Physics and Chemistry of Solids,journal,2026-04-11,article,en,,,,,,1,hybrid,0
10.1016/j.ccr.2026.217929,10.1016/j.ccr.2026.217929,"Defect-driven optoelectronic and magnetic properties of Delafossite materials for photocatalytic, energy, and biomedical applications",Coordination Chemistry Reviews,journal,2026-04-11,article,en,,,,,Dav University,1,closed,0
10.1016/j.rsurfi.2026.100804,10.1016/j.rsurfi.2026.100804,SCAPS-1D numerical simulation of carbon-based perovskite solar cells with TiO2-doped Tm as potential n-type materials,Results in Surfaces and Interfaces,journal,2026-04-11,article,en,,,,,,1,gold,0
10.1002/adma.73036,10.1002/adma.73036,Multifunctional Glutathione Enables ISOS‐Robust Inverted Perovskite Solar Cells via Dipole Engineering and Redox‐Driven Self‐Healing,Advanced Materials,journal,2026-04-11,article,en,,,,,,1,closed,1
10.1002/adfm.202529123,10.1002/adfm.202529123,Synergistic Interface Passivation and Hole Transport via Carbazole‐Based Molecules Enable Highly Efficient and Stable Perovskite Photovoltaics,Advanced Functional Materials,journal,2026-04-11,article,en,,,,,Qingdao University Of Science And Technology,1,closed,1
10.1016/j.jpowsour.2026.239991,10.1016/j.jpowsour.2026.239991,The optoelectrical properties of cerium-doped ZnO:Al electron transport layer material boost the efficiency of FA1-yCsyPb(I1-xBrx)3 perovskite photovoltaic cell,Journal of Power Sources,journal,2026-04-11,article,en,,,,,National,0,closed,0
10.1002/smll.73348,10.1002/smll.73348,Synergistic Bimolecular Engineering Enables Homogeneous and Multifunctional Surfaces for High‐Performance Inverted Perovskite Solar Cells,Small,journal,2026-04-11,article,en,,,,,Hangzhou Dianzi University,0,closed,1
10.1016/j.chemphys.2026.113205,10.1016/j.chemphys.2026.113205,"First principles study of structural, mechanical, electronic and optical properties of A₂MTlX₆ compounds",Chemical Physics,journal,2026-04-11,article,en,,,,,Islamia College University,0,closed,0
10.1007/s42452-026-08639-5,10.1007/s42452-026-08639-5,Comparative SCAPS-1D simulation of lead-based and lead-free 2D perovskite absorbers for high-efficiency solar cells,Discover Applied Sciences,journal,2026-04-11,article,en,,,,,Indian,0,diamond,0
10.1002/admt.202502474,10.1002/admt.202502474,Ultrafast (1‐5 sec) Lamination of Perovskite Solar Cells With Self‐Encapsulation Using Rapid Joule Heating,Advanced Materials Technologies,journal,2026-04-11,article,en,,,,,University Of Michigan,0,hybrid,0
10.36348/sjet.2026.v11i04.007,10.36348/sjet.2026.v11i04.007,An Advanced Study of Carbon Nanotube Applications in Perovskite Solar Cells,Saudi Journal of Engineering and Technology,journal,2026-04-11,article,en,,,,,,0,diamond,0
10.3390/ijms27083459,10.3390/ijms27083459,Stability and Degradation of Perovskite Solar Cells in Space Environments: Mechanisms and Protocols,International Journal of Molecular Sciences,journal,2026-04-12,article,en,,,,,Satbayev University,4,gold,0
10.1007/s11664-026-12837-7,10.1007/s11664-026-12837-7,High-Efficiency Lead-Free Tandem Solar Cells Based on CaV0.5Fe0.5O3 and Ag2BeSnX4,Journal of Electronic Materials,journal,2026-04-12,article,en,,,,,Mohammed V University,0,closed,0
10.1016/j.matlet.2026.140664,10.1016/j.matlet.2026.140664,Additive engineering for defect passivation in high-efficiency wide-bandgap perovskite solar cells,Materials Letters,journal,2026-04-12,article,en,,,,,Zhejiang Normal University,0,closed,0
10.1021/acsaem.6c00457,10.1021/acsaem.6c00457,Slowing Down Perovskite Crystallization for Enhanced Open-Circuit Voltage in Wide-Bandgap Perovskite Solar Cells,ACS Applied Energy Materials,journal,2026-04-12,article,en,,,,,The University Of Osaka,0,closed,0
10.53762/grjnst.04.02.11,10.53762/grjnst.04.02.11,Computational Design of Functional Materials Using Density Functional Theory for Energy Applications,Global Research Journal of Natural Science and Technology,journal,2026-04-12,article,en,,,,,National University Of Sciences And Technology,0,hybrid,0
10.1038/s41467-026-71845-7,10.1038/s41467-026-71845-7,Dimensional control of low-dimensional perovskite hybrids for photovoltaics,Nature Communications,journal,2026-04-13,article,en,,,,,Shenzhen Polytechnic University,5,gold,1
10.1007/s40820-026-02173-0,10.1007/s40820-026-02173-0,Perovskite Solar Cells for Extreme Environments: Tailoring Material Design and Exploring New Opportunities,Nano-Micro Letters,journal,2026-04-13,article,en,,,,,Hanyang University,4,gold,1
10.3390/j9020012,10.3390/j9020012,"CsPbI3 Perovskites at the Edge of Commercialization: Persistent Barriers, Multidisciplinary Solutions, and the Emerging Role of AI",J — Multidisciplinary Scientific Journal,journal,2026-04-13,article,en,,,,,Institute For Microelectronics And Microsystems,4,gold,0
10.1002/anie.202525625,10.1002/anie.202525625,Spiro‐Buckybowl‐Structured Hole‐Transporting Materials Toward High‐Efficiency and Stable p–i–n Perovskite Solar Cells,Angewandte Chemie International Edition,journal,2026-04-13,article,en,,,,,University Of Electronic Science And Technology Of China,3,closed,1
10.1002/adfm.75370,10.1002/adfm.75370,Temporal Decoupling of Processing and Passivation: A Latent Passivator Activated by In Situ Hydrolysis for Efficient Perovskite Solar Cells,Advanced Functional Materials,journal,2026-04-13,article,en,,,,,Shaanxi Normal University,2,closed,1
10.1016/j.jallcom.2026.187989,10.1016/j.jallcom.2026.187989,Optimizing eco-friendly FASnI3 based perovskite solar cells: Achieving 31.34% efficiency with graphene and advanced interface layers,Journal of Alloys and Compounds,journal,2026-04-13,article,en,,,,,Hohai University,2,closed,0
10.1002/adfm.75347,10.1002/adfm.75347,KOH‑Modified SnO 2 Buried Interfacial Crystallization Engineering for Efficient Flexible Perovskite Solar Cells,Advanced Functional Materials,journal,2026-04-13,article,en,,,,,Dalian,1,closed,1
10.1063/5.0326762,10.1063/5.0326762,Reinforcing CsPbI3 all-inorganic perovskite grain boundaries through bilateral cyano-based molecular cross-linking for efficient and stable solar cells,Applied Physics Letters,journal,2026-04-13,article,en,,,,,Zhejiang Sci-tech University,1,closed,0
10.5281/zenodo.19560283,10.5281/zenodo.19560283,Quantum D Royale Defence Satellite,Zenodo (CERN European Organization for Nuclear Research),repository,2026-04-13,article,en,,,,,Indian,0,green,0
10.5281/zenodo.19560282,10.5281/zenodo.19560282,Quantum D Royale Defence Satellite,Zenodo (CERN European Organization for Nuclear Research),repository,2026-04-13,article,en,,,,,Indian,0,green,0
10.1021/acsami.6c02081,10.1021/acsami.6c02081,Unlocking the Potential of Inverted Perovskite Solar Cells by Mastering Interface Wettability,ACS Applied Materials & Interfaces,journal,2026-04-13,article,en,,,,,Beijing University Of Civil Engineering And Architecture,0,closed,1
10.1016/j.solener.2026.114623,10.1016/j.solener.2026.114623,Optoelectronic performance enhancement of All-Perovskite tandem solar cells through textured structure design,Solar Energy,journal,2026-04-13,article,en,,,,,Soochow University,0,closed,0
10.1088/1402-4896/ae5eb1,10.1088/1402-4896/ae5eb1,Enhancing power conversion efficiency by reducing Schottky barrier height at ZnTe/CH 3 NH 3 GeI 3 interface,Physica Scripta,journal,2026-04-13,article,en,,,,,Maulana Azad National,0,hybrid,0
10.1002/admt.70989,10.1002/admt.70989,Machine Learning‐Assisted Screening of Small Molecules for Surface Modification of 2D Perovskites,Advanced Materials Technologies,journal,2026-04-13,article,en,,,,,Northeastern University,0,closed,0
10.1021/acsaem.5c04025,10.1021/acsaem.5c04025,Interface Modeling of Perovskite/Polymer Heterostructures for Enhanced Charge-Transfer Efficiency in Hybrid Photovoltaic Materials,ACS Applied Energy Materials,journal,2026-04-13,article,en,,,,,Sabancı Üniversitesi,0,closed,1
10.1088/1402-4896/ae5852,10.1088/1402-4896/ae5852,Carrier relaxation dynamics in mixed-halide CsPb(Br x Cl 1-x ) 3 perovskite films,Physica Scripta,journal,2026-04-13,article,en,,,,,,0,closed,0
10.54254/2755-2721/2026.ad32656,10.54254/2755-2721/2026.ad32656,Research Progress on Strategies for Enhancing the Stability of Perovskite Solar Cells,Applied and Computational Engineering,journal,2026-04-13,article,en,,,,,Hebei University Of Technology,0,hybrid,0
10.1007/s10751-026-02478-x,10.1007/s10751-026-02478-x,"Sustainable energy-based perovskite, thin-film, and tandem solar cell technologies: recent advancements",Interactions,journal,2026-04-13,article,en,,,,,Prince Mohammad Bin Fahd University,0,closed,0
10.1002/ange.202525625,10.1002/ange.202525625,Spiro‐Buckybowl‐Structured Hole‐Transporting Materials Toward High‐Efficiency and Stable p–i–n Perovskite Solar Cells,Angewandte Chemie,journal,2026-04-13,article,en,,,,,University Of Electronic Science And Technology Of China,0,closed,0
10.54097/5drxvx21,10.54097/5drxvx21,Green Power and Chemical Foundations: Evolution and Bottlenecks of Core Materials for Solar Electric Vehicles,Academic Journal of Applied Sciences,journal,2026-04-13,article,en,,,,,Jining Normal University,0,hybrid,0
10.48550/arxiv.2604.11264,10.48550/arxiv.2604.11264,Nature-Inspired Hyperuniform Nanohole Patterning for Robust Broadband Absorption Enhancement in Perovskite Solar Cells,arXiv (Cornell University),repository,2026-04-13,preprint,en,,,,,,0,green,1
nature inspired hyperuniform nanohole patterning for robust broadband absorption enhancement in perovskite solar cells|sur,,Nature-Inspired Hyperuniform Nanohole Patterning for Robust Broadband Absorption Enhancement in Perovskite Solar Cells,arXiv (Cornell University),repository,2026-04-13,preprint,en,,,,,,0,green,0
10.1038/s41586-026-10482-y,10.1038/s41586-026-10482-y,Autonomous closed-loop framework for reproducible perovskite solar cells,Nature,journal,2026-04-14,article,en,,,,,City University Of Hong Kong,18,closed,0
10.1002/anie.9286497,10.1002/anie.9286497,Interfacial Energetics Reconstruction via Bridging Engineering for Efficient Inverted Perovskite Solar Cells and Modules,Angewandte Chemie International Edition,journal,2026-04-14,article,en,,,,,Chongqing University,5,closed,1
10.1007/s40820-026-02190-z,10.1007/s40820-026-02190-z,Diamine-Mediated Synergistic Engineering of Orientation and Interfacial Field of 3D/1D Heterojunctions for Efficient Perovskite Photovoltaics,Nano-Micro Letters,journal,2026-04-14,article,en,,,,,Peking University,2,gold,1
10.1002/aenm.202506810,10.1002/aenm.202506810,Multiscale Perspectives on Perovskite Instability: From Atomistic Deformation to Device Degradation in Perovskite Solar Cells,Advanced Energy Materials,journal,2026-04-14,article,en,,,,,Seoul National University,2,hybrid,1
10.1002/adfm.202525903,10.1002/adfm.202525903,Advanced Sub‐Micron Pyramid Texture Enables Approximately 32% Efficiency in Perovskite/Silicon Tandem Solar Cells,Advanced Functional Materials,journal,2026-04-14,article,en,,,,,,1,closed,0
10.1002/smll.73396,10.1002/smll.73396,Suppression of Formamidinium Deprotonation and Regulation of Thin‐Film Stress Toward High Performance and Stability of Perovskite Solar Cells,Small,journal,2026-04-14,article,en,,,,,Qingdao University Of Science And Technology,1,closed,0
10.1002/bkcs.70166,10.1002/bkcs.70166,Advances in 2D / 3D perovskite heterostructures: Toward commercially viable perovskite solar cells,Bulletin of the Korean Chemical Society,journal,2026-04-14,article,en,,,,,Hebrew University Of Jerusalem,0,closed,0
10.1002/aenm.70901,10.1002/aenm.70901,High‐Sublimation‐Temperature Additives for Efficient Perovskite Solar Cells via Single‐Source Evaporation,Advanced Energy Materials,journal,2026-04-14,article,en,,,,,Leibniz Institute For Solid State And Materials Research,0,hybrid,1
10.1021/acs.jpcc.5c08089,10.1021/acs.jpcc.5c08089,"First-Principles Study on Structural, Electronic, and Optical Properties of the BaTi x Zr 1– x S 3 Chalcogenide Perovskite for Solar Cells Applications",The Journal of Physical Chemistry C,journal,2026-04-14,article,en,,,,,Prince Of Songkla University,0,hybrid,0
10.1002/ange.9286497,10.1002/ange.9286497,Interfacial Energetics Reconstruction via Bridging Engineering for Efficient Inverted Perovskite Solar Cells and Modules,Angewandte Chemie,journal,2026-04-14,article,en,,,,,Chongqing University,0,closed,0
10.1038/s43246-026-01158-1,10.1038/s43246-026-01158-1,"Stable and eco-friendly inorganic lead-free perovskite solar cells: structural, electronic, and defect engineering",Communications Materials,journal,2026-04-15,article,en,,,,,Korea University,6,gold,0
10.3390/mi17040474,10.3390/mi17040474,"Quantum Dot Solar Cells: Background, Progress, and Perspective",Micromachines,journal,2026-04-15,article,en,,,,,Michigan Technological University,3,gold,0
10.1016/j.nanoen.2026.111956,10.1016/j.nanoen.2026.111956,Unlocking charge transport in Dion-Jacobson perovskite solar cells through rational spacer design,Nano Energy,journal,2026-04-15,article,en,,,,,Amirkabir University Of Technology,2,hybrid,1
10.1021/acsami.6c03372,10.1021/acsami.6c03372,Atomic Contact Enables Highly Oriented and Covered Self-Assembled Monolayers for Composite Hole-Selective Structure Achieving Efficient Perovskite Solar Cells,ACS Applied Materials & Interfaces,journal,2026-04-15,article,en,,,,,Of The People's Republic Of China,1,closed,1
10.1088/1402-4896/ae5ff3,10.1088/1402-4896/ae5ff3,Research on prediction and optimization of perovskite materials based on the combination of machine learning and SCAPS-1D,Physica Scripta,journal,2026-04-15,article,en,,,,,Dali University,1,hybrid,0
10.1016/j.cej.2026.176284,10.1016/j.cej.2026.176284,Synergistic all-round passivation via dual-mode ion-pair treatment for efficient and stable carbon-based perovskite solar cells,Chemical Engineering Journal,journal,2026-04-15,article,en,,,,,East China University Of Science And Technology,1,closed,0
10.1002/cjoc.70565,10.1002/cjoc.70565,Ammonium Hexafluoroaluminate Mediated Charge Compensation in Nickel Oxide and Interface Regulation for Heat‐Resilient Perovskite Solar Cells †,Chinese Journal of Chemistry,journal,2026-04-15,article,en,,,,,Southwest Jiaotong University,1,closed,0
10.48550/arxiv.2604.13768,10.48550/arxiv.2604.13768,"Anion Ordering and Phase Stability Govern Optical Band Gaps in BaZr(S,Se)3",arXiv (Cornell University),repository,2026-04-15,preprint,en,,,,,,1,green,1
10.1038/s41524-026-01995-1,10.1038/s41524-026-01995-1,High-throughput parameter estimation from experimental data using Bayesian Inference with accelerated sampling,npj Computational Materials,journal,2026-04-15,article,en,,,,,Massachusetts,0,gold,1
10.1016/j.cej.2026.176242,10.1016/j.cej.2026.176242,Multifunctional interface engineering enables high efficiency of semi-transparent CsPbBr3 solar cells,Chemical Engineering Journal,journal,2026-04-15,article,en,,,,,Wuhan University Of Technology,0,hybrid,1
10.1016/j.surfin.2026.109298,10.1016/j.surfin.2026.109298,Dual-interface modification with BDAI₂ for high-performance inverted perovskite solar cells: Comparative study of solar and laser power conversion efficiency,Surfaces and Interfaces,journal,2026-04-15,article,en,,,,,National Taipei University Of Technology,0,closed,0
10.1021/acsenergylett.6c00190,10.1021/acsenergylett.6c00190,Dose-Dependent Transition in Wide-Bandgap Tin-Based Perovskite Solar Cells under Low-Dose γ-Irradiation,ACS Energy Letters,journal,2026-04-15,article,en,,,,,Chung-ang University,0,closed,1
10.1016/j.mseb.2026.119481,10.1016/j.mseb.2026.119481,Mechanism study on performance enhancement of inverted perovskite solar cells via 5-nitro-2-(3-pyridyl)benzimidazole molecular interface modification,Materials Science and Engineering B,journal,2026-04-15,article,en,,,,,Tianshui Normal University,0,hybrid,0
10.1002/cssc.202502736,10.1002/cssc.202502736,Process in π‐Conjugated Self‐Assembled Monolayers for Inverted Perovskite Solar Cells,ChemSusChem,journal,2026-04-15,article,en,,,,,Tianjin University Of Technology,0,closed,0
10.1021/acsami.6c02481,10.1021/acsami.6c02481,Synergistic Stabilization and Defect Passivation of CsPbI 3 Perovskite Solar Cells Enabled by an In Situ Polymerized Network,ACS Applied Materials & Interfaces,journal,2026-04-15,article,en,,,,,Renmin University Of China,0,closed,1
10.1002/cssc.202502742,10.1002/cssc.202502742,Impact of Electron Transport Layers on Hysteresis and Performance of Ambient‐Processed Perovskite Solar Cells,ChemSusChem,journal,2026-04-15,article,en,,,,,University Of Liverpool,0,hybrid,0
10.1016/j.scenem.2026.100040,10.1016/j.scenem.2026.100040,Recent advances in blade-coated fabrication of wide-bandgap perovskite photovoltaics and their multifunctional applications,Sustainable Chemistry for Energy Materials,journal,2026-04-15,article,en,,,,,Sun Yat-sen University,0,gold,0
10.1016/j.cej.2026.176254,10.1016/j.cej.2026.176254,The photochemical stability challenges in perovskite photovoltaics: Bridging molecular scale degradation to device-level improvement strategies,Chemical Engineering Journal,journal,2026-04-15,article,en,,,,,Qingdao University Of Science And Technology,0,closed,0
10.1021/acsami.5c26214,10.1021/acsami.5c26214,Employment of Multifunctional Small Molecules in Buried Interfaces for Highly Efficient Perovskite Solar Cells,ACS Applied Materials & Interfaces,journal,2026-04-15,article,en,,,,,Guangdong University Of Technology,0,closed,1
10.48550/arxiv.2604.13442,10.48550/arxiv.2604.13442,"Probing local coordination and halide miscibility in single-, double-, and triple-halide perovskites using EXAFS",arXiv (Cornell University),repository,2026-04-15,preprint,en,,,,,,0,green,1
10.1021/acs.jpcc.6c03620,10.1021/acs.jpcc.6c03620,"Probing local coordination and halide miscibility in single-, double-, and triple-halide perovskites using EXAFS",arXiv (Cornell University),repository,2026-04-15,preprint,en,,,,,University Of Toronto,0,green,1
anion ordering and phase stability govern optical band gaps in bazr s se 3|fransson,,"Anion Ordering and Phase Stability Govern Optical Band Gaps in BaZr(S,Se)3",arXiv (Cornell University),repository,2026-04-15,preprint,en,,,,,Chalmers University Of Technology,0,green,0
10.1002/anie.202525646,10.1002/anie.202525646,Alkyne‐Based Dual‐Function Self‐Assembled Monolayers for Efficient and Stable p‐i‐n Perovskite Solar Cells,Angewandte Chemie International Edition,journal,2026-04-16,article,en,,,,,Jiangsu University,4,hybrid,1
10.1002/aenm.70942,10.1002/aenm.70942,π‐Conjugation and Hole–Electron Separation in Self‐Assembled Monolayers Enables Efficient Inverted Perovskite Solar Cells,Advanced Energy Materials,journal,2026-04-16,article,en,,,,,South China University Of Technology,3,closed,0
10.1002/ange.5905435,10.1002/ange.5905435,Dimeric Self‐Assembled Monolayer Materials for High‐Performance Perovskite and Perovskite/Organic Tandem Solar Cells,Angewandte Chemie,journal,2026-04-16,article,en,,,,,Nanjing University,3,closed,0
10.1002/anie.5905435,10.1002/anie.5905435,Dimeric Self‐Assembled Monolayer Materials for High‐Performance Perovskite and Perovskite/Organic Tandem Solar Cells,Angewandte Chemie International Edition,journal,2026-04-16,article,en,,,,,Nanjing University,3,closed,1
10.1038/s44160-026-01033-4,10.1038/s44160-026-01033-4,Synthetic routes to advancing perovskite solar cells through interface design,Nature Synthesis,journal,2026-04-16,article,en,,,,,Northwestern University,2,closed,0
10.1002/aenm.70950,10.1002/aenm.70950,High‐Performance Noble‐Metal‐Free Perovskite Solar Cells Enabled by MoO X /Cr/Al Multilayer Electrodes,Advanced Energy Materials,journal,2026-04-16,article,en,,,,,Hanyang University,2,hybrid,0
10.1002/adfm.75412,10.1002/adfm.75412,Suppressing Interlayer Ion Migration With a Tailored Passivator for Highly Air‐Stable Perovskite Solar Cells,Advanced Functional Materials,journal,2026-04-16,article,en,,,,,Shanghaitech University,2,closed,1
10.1002/adfm.75386,10.1002/adfm.75386,Constructing Layered 1D/3D Heterostructure for Efficient and Stable Single‐Crystal Perovskite Photovoltaics,Advanced Functional Materials,journal,2026-04-16,article,en,,,,,Shandong University,2,closed,1
10.1007/s00339-026-09460-y,10.1007/s00339-026-09460-y,Tailored MoO3 hole transport layer for performance enhancement in lead-free hybrid tandem perovskite solar cell,Applied Physics A,journal,2026-04-16,article,en,,,,,Technical University Of Malaysia Malacca,1,hybrid,0
10.1002/ange.202525646,10.1002/ange.202525646,Alkyne‐Based Dual‐Function Self‐Assembled Monolayers for Efficient and Stable p‐i‐n Perovskite Solar Cells,Angewandte Chemie,journal,2026-04-16,article,en,,,,,Jiangsu University,1,closed,0
10.1016/j.cej.2026.176355,10.1016/j.cej.2026.176355,Smart and colorful multifunctional perovskite solar cells for advanced applications,Chemical Engineering Journal,journal,2026-04-16,article,en,,,,,Beihang University,1,closed,0
10.1002/aenm.70962,10.1002/aenm.70962,Synthetic Surface Design of Transparent Electrodes for Enhanced Molecular Contact in Perovskite Solar Cells,Advanced Energy Materials,journal,2026-04-16,article,en,,,,,Center For Nanoscience,1,hybrid,0
10.1002/adom.202503613,10.1002/adom.202503613,Insights Into Degradation Pathways of Perovskite Thin Films under Outdoor and Indoor Conditions: A Comparative Analysis,Advanced Optical Materials,journal,2026-04-16,article,en,,,,,Queen Mary University Of London,0,hybrid,0
10.1002/ange.9551164,10.1002/ange.9551164,Lithium‐Based Deep Eutectic in Spiro‐OMeTAD Enable Efficient and Stable Perovskite Solar Cells,Angewandte Chemie,journal,2026-04-16,article,en,,,,,Zhengzhou University,0,closed,0
10.1002/adfm.202530317,10.1002/adfm.202530317,Viologen Enabled Dynamic Interface Passivation for Efficient and Stable Inverted Perovskite Solar Cells,Advanced Functional Materials,journal,2026-04-16,article,en,,,,,Fuzhou University,0,closed,1
10.1088/1402-4896/ae60b1,10.1088/1402-4896/ae60b1,Kesterite compounds as inorganic hole transport layers for chalcogenide perovskite solar cells: a SCAPS-1D study,Physica Scripta,journal,2026-04-16,article,en,,,,,University Of Technology Malaysia,0,hybrid,0
10.1002/adma.73038,10.1002/adma.73038,Synergistic Management of Crystallization and Defects in Tin‐Lead Perovskites towards Efficient All‐Perovskite Tandem Solar Cells,Advanced Materials,journal,2026-04-16,article,en,,,,,Ministry Of Energy,0,closed,1
10.1016/j.mtener.2026.102277,10.1016/j.mtener.2026.102277,Interface engineering of cesium-formamidinium perovskite quantum dots toward efficient and stable organic solar cells,Materials Today Energy,journal,2026-04-16,article,en,,,,,Pukyong National University,0,closed,0
10.1002/adma.202522668,10.1002/adma.202522668,Halide‐Cation Interactions Enable Controlled Crystallization and Defect Minimization in High‐Performance All‐Perovskite Tandems,Advanced Materials,journal,2026-04-16,article,en,,,,,Ningbo University,0,closed,1
10.1088/1361-6528/ae607f,10.1088/1361-6528/ae607f,Synergistic defect passivation and energy band reconstruction via LiH 2 PO 4 additive for efficient inverted perovskite solar cells,Nanotechnology,journal,2026-04-16,article,en,,,,,Shanghai,0,hybrid,0
10.1109/jphotov.2026.3677493,10.1109/jphotov.2026.3677493,Synergistic Composite Electron Transport Layer and Interfacial Engineering for High-Efficiency and Stable Perovskite Solar Cells,IEEE Journal of Photovoltaics,journal,2026-04-16,article,en,,,,,Qingdao University Of Science And Technology,0,closed,0
10.1002/adfm.75395,10.1002/adfm.75395,Plane Pinning Kinetics Enable Crystallographic Organization in Wide‐Bandgap Perovskites for Efficient and Stable All‐Perovskite Tandems,Advanced Functional Materials,journal,2026-04-16,article,en,,,,,Jiangxi University Of Technology,0,closed,1
10.1002/anie.9551164,10.1002/anie.9551164,Lithium‐Based Deep Eutectic in Spiro‐OMeTAD Enable Efficient and Stable Perovskite Solar Cells,Angewandte Chemie International Edition,journal,2026-04-16,article,en,,,,,Zhengzhou University,0,closed,1
10.1021/acsaem.6c00237,10.1021/acsaem.6c00237,Improved Morphology of Wide-Bandgap Perovskite Solar Cells Enabled by Double Anti-Solvent Pb–Halide Bonding Control,ACS Applied Energy Materials,journal,2026-04-16,article,en,,,,,Macquarie University,0,closed,0
10.1002/aenm.70961,10.1002/aenm.70961,Reactive Monomer‐Driven Crystallization Control and Polymeric Grain‐Boundary Networks for Efficient Wide‐Bandgap and All‐Perovskite Tandems,Advanced Energy Materials,journal,2026-04-16,article,en,,,,,Wuhan University Of Technology,0,closed,0
10.1002/adma.73106,10.1002/adma.73106,Stabilizing Efficient Perovskite/Silicon Tandem Solar Cells With Amorphous and Asymmetric Hole‐Selective Contacts,Advanced Materials,journal,2026-04-17,article,en,,,,,Integrated Optoelectronics (norway),5,closed,1
10.1007/s12596-026-03132-z,10.1007/s12596-026-03132-z,Exploring the potential of lead-free NaZnBr3 perovskites for high-efficiency solar cells,Journal of Optics,journal,2026-04-17,article,en,,,,,University Mohamed El Bachir El Ibrahimi Of Bordj Bou Arreridj,4,closed,0
10.1021/acsenergylett.6c00617,10.1021/acsenergylett.6c00617,Suppressing Sn-Rich Phase Precipitation Enables Controlled Crystallization in MA-free Sn–Pb Perovskite Solar Cells,ACS Energy Letters,journal,2026-04-17,article,en,,,,,Nanjing University Of Aeronautics And Astronautics,3,closed,1
10.1021/accountsmr.5c00344,10.1021/accountsmr.5c00344,Functionalized Organic/Polymeric Materials for Perovskite and Organic Solar Cells,Accounts of Materials Research,journal,2026-04-17,article,en,,,,,,3,bronze,1
10.1007/s11082-026-08820-5,10.1007/s11082-026-08820-5,Insight into the lead-free halide double perovskite K2AgSbX6 for solar cell applications: a DFT and SCAPS-1D analysis,Optical and Quantum Electronics,journal,2026-04-17,article,en,,,,,Salesian University,2,closed,0
10.1021/acsenergylett.6c00270,10.1021/acsenergylett.6c00270,Assessing the Opportunities of Spectral Shaping by Quantum Cutting for Perovskite/Silicon Tandem Solar Cells,ACS Energy Letters,journal,2026-04-17,article,en,,,,,Clarendon College,2,hybrid,1
10.1016/j.cclet.2026.112780,10.1016/j.cclet.2026.112780,Stabilizing inverted perovskite solar cells by phosphonic acid-based molecules,Chinese Chemical Letters,journal,2026-04-17,article,en,,,,,Taizhou University,1,closed,0
10.1007/s11082-026-08817-0,10.1007/s11082-026-08817-0,Lead-free perovskite materials for efficient indoor light energy harvesting: recent advancements and future prospects,Optical and Quantum Electronics,journal,2026-04-17,article,en,,,,,Netaji Subhas University Of Technology,1,closed,0
10.1016/j.sciaf.2026.e03352,10.1016/j.sciaf.2026.e03352,Optimizing CsSnI3 perovskites with Al and In doping for photovoltaic applications: A computational approach,Scientific African,journal,2026-04-17,article,en,,,,,Debre Tabor University,1,gold,0
10.1016/j.nxmate.2026.102075,10.1016/j.nxmate.2026.102075,Germanium perovskite solar cells: Overcoming the lead toxicity challenge with enhanced efficiency,Next Materials,journal,2026-04-17,article,en,,,,,American University Of The Middle East,1,gold,0
10.1002/smll.73439,10.1002/smll.73439,Synergistic Passivation and Crystallization Control via a Bifunctional Ionic Liquid for Minimizing Voltage Loss in Wide‐Bandgap Perovskites,Small,journal,2026-04-17,article,en,,,,,Qingdao University,1,closed,1
10.1038/s41598-026-48525-z,10.1038/s41598-026-48525-z,Investigation of perovskite solar cell temperature-dependent performance: a coupled opto-electro-thermal modeling approach,Scientific Reports,journal,2026-04-17,article,en,,,,,University Of Kurdistan,0,gold,0
10.1063/5.0287683,10.1063/5.0287683,Deconstructing the dynamic loop of phase segregation in mixed-halide perovskites,Applied Physics Reviews,journal,2026-04-17,article,en,,,,,Jain University,0,closed,1
10.3390/en19081935,10.3390/en19081935,The Influence of the TiO2 Compact Layer on the Performance of Carbon-Based Ambient-Synthesized CH3NH3PbI3 Solar Cells,Energies,journal,2026-04-17,article,en,,,,,Multimedia University,0,gold,0
10.1002/solr.70342,10.1002/solr.70342,Top‐Interface Passivation With Morpholine‐4‐Carboximidamide Hydrochloride Enables 25.79% Efficiency and Highly Stable Air‐Processed n‐i‐p Perovskite Solar Cells,Solar RRL,journal,2026-04-17,article,en,,,,,San’an Optoelectronics (china),0,closed,1
10.26434/chemrxiv.15002140/v1,10.26434/chemrxiv.15002140/v1,Combinatorial synthesis of Ba-Zr-S-O thin films: cation ratio controls crystallization kinetics of BaZrS3,ChemRxiv,repository,2026-04-17,preprint,en,,,,,Helmholtz-zentrum Berlin Für Materialien Und Energie,0,green,1
10.1016/j.nxmate.2026.102081,10.1016/j.nxmate.2026.102081,"Integrated DFT and SCAPS-1D analysis of Tl2AgAsX6 (X = Cl, I) double perovskites for advanced energy-harvesting devices",Next Materials,journal,2026-04-17,article,en,,,,,Jatiya Kabi Kazi Nazrul Islam University,0,gold,0
10.1021/acsenergylett.6c00507,10.1021/acsenergylett.6c00507,Oxidant-Assisted Interface Engineering for Enhanced Stability in Lead Halide Perovskite Solar Cells,ACS Energy Letters,journal,2026-04-17,article,en,,,,,Italian,0,hybrid,1
10.21203/rs.3.rs-9374433/v1,10.21203/rs.3.rs-9374433/v1,Internal electric field design suppresses ion migration in perovskite solar cells,Research Square,repository,2026-04-17,preprint,en,,,,,University Of California Los Angeles,0,green,0
the influence of the tio2 compact layer on the performance of carbon based ambient synthesized ch3nh3pbi3 solar cells|eldjilali,,The Influence of the TiO2 Compact Layer on the Performance of Carbon-Based Ambient-Synthesized CH3NH3PbI3 Solar Cells,Universiti Putra Malaysia Institutional Repository (Universiti Putra Malaysia),repository,2026-04-17,article,en,,,,,,0,green,0
10.1002/anie.3596437,10.1002/anie.3596437,Photo‐Tautomerization‐Driven Energy Transfer at the Hole‐Transport Interface Stabilizes Efficient Inverted Perovskite Solar Cells,Angewandte Chemie International Edition,journal,2026-04-18,article,en,,,,,Ingenierie Des Materiaux Polymeres,1,closed,1
10.1016/j.cej.2026.176387,10.1016/j.cej.2026.176387,KPF6-assisted two-step hybrid evaporation-solution method for large-area scalable and efficient perovskite solar cells,Chemical Engineering Journal,journal,2026-04-18,article,en,,,,,Zhejiang Energy Research Institute,1,closed,0
10.1002/ange.3596437,10.1002/ange.3596437,Photo‐Tautomerization‐Driven Energy Transfer at the Hole‐Transport Interface Stabilizes Efficient Inverted Perovskite Solar Cells,Angewandte Chemie,journal,2026-04-18,article,en,,,,,Ingenierie Des Materiaux Polymeres,0,closed,0
10.1002/adma.202522554,10.1002/adma.202522554,Data‐Driven Discovery of Quaternary Ammonium Interlayers for Efficient and Thermally Stable Perovskite Solar Cells,Advanced Materials,journal,2026-04-18,article,en,,,,,Ulsan National,0,hybrid,0
10.1007/s40243-026-00364-8,10.1007/s40243-026-00364-8,Interface engineering with single-walled carbon nanotubes for high-efficiency (> 29%) lead-free BaSnS₃ perovskite solar cells: insights from numerical simulation,Materials for Renewable and Sustainable Energy,journal,2026-04-19,article,en,,,,,University Of Maragheh,3,gold,0
10.1038/s41467-026-72115-2,10.1038/s41467-026-72115-2,Molecular confinement for enhanced interfacial contact and performance in inverted perovskite solar cells,Nature Communications,journal,2026-04-19,article,en,,,,,Nankai University,3,gold,1
10.1016/j.cej.2026.176388,10.1016/j.cej.2026.176388,Strong interfacial coupling of asymmetric sulfur ligands enables over 25% efficiency and superior stability in MA-rich triple-cation perovskite solar cells,Chemical Engineering Journal,journal,2026-04-19,article,en,,,,,Shaanxi University Of Science And Technology,1,closed,0
10.1002/adma.73119,10.1002/adma.73119,A Composite Interlayer Reconciling Mechanical and Electrical Stability in Perovskite Solar Cells,Advanced Materials,journal,2026-04-19,article,en,,,,,South China University Of Technology,1,closed,0
10.1016/j.mtchem.2026.103632,10.1016/j.mtchem.2026.103632,Modulation of microstructure of CsPbBr3 films in green solvent engineering to promote the efficiency of carbon-electrode perovskite solar cells,Materials Today Chemistry,journal,2026-04-19,article,en,,,,,Wuyi University,0,closed,0
10.1016/j.ceramint.2026.04.266,10.1016/j.ceramint.2026.04.266,Dual-interface engineering by two-dimensional spacer cations enables efficient and durable perovskite solar cells,Ceramics International,journal,2026-04-19,article,en,,,,,Jianghan University,0,closed,0
10.1002/pssa.202500745,10.1002/pssa.202500745,Design and Simulation Modelling of MAXI 3 and FAXI 3 Perovskite Solar Cells with Different Electron Transport Layers and Hole Transport Layers for Energy Harvesting,physica status solidi (a),journal,2026-04-19,article,en,,,,,National,0,closed,0
10.1016/j.cej.2026.176419,10.1016/j.cej.2026.176419,Vanadyl oxalate as an effective hole transporting layer for enhanced tin-based perovskite solar cell performance,Chemical Engineering Journal,journal,2026-04-19,article,en,,,,,University Of Tsukuba,0,closed,0
10.1021/acs.nanolett.6c00196,10.1021/acs.nanolett.6c00196,Intragrain Lateral Funneling as a Hidden Photovoltage Loss Channel in 2D Ruddlesden–Popper Perovskite Solar Cells,Nano Letters,journal,2026-04-19,article,en,,,,,Ningbo University,0,closed,0
10.1002/adfm.75430,10.1002/adfm.75430,Successive Hemispherical Protrusions‐Like P‐type Tin Oxide Enabling Stable High‐Efficiency Sn‐Pb Mixed Perovskite Solar Cells,Advanced Functional Materials,journal,2026-04-19,article,en,,,,,University Of Science And Technology Of China,0,closed,0
10.1002/aenm.70966,10.1002/aenm.70966,Interface Engineering With Annealed MXene and SAM Molecules for High‐Performance Inverted Perovskite Solar Cells,Advanced Energy Materials,journal,2026-04-20,article,en,,,,,South China University Of Technology,22,closed,1
10.1002/cey2.70241,10.1002/cey2.70241,Key Challenges for Commercializing Perovskite–Silicon Tandem Solar Cells,Carbon Energy,journal,2026-04-20,article,en,,,,,,5,gold,1
10.1021/acsomega.6c00369,10.1021/acsomega.6c00369,All-Perovskite Four-Terminal Spectral Splitting Solar Cells of 30% PCE with FAPbI 3 Wide-Bandgap Perovskite Fabricated by Nanoparticle Technology,ACS Omega,journal,2026-04-20,article,en,,,,,The University Of Tokyo,3,gold,0
10.1021/acs.jpclett.6c00826,10.1021/acs.jpclett.6c00826,Dual-Site Coordination of a Novel Triphenylamine-Based Self-Assembled Monolayer for Efficient and Stable Inverted Perovskite Solar Cells,The Journal of Physical Chemistry Letters,journal,2026-04-20,article,en,,,,,Wuhan University Of Technology,3,closed,1
10.1021/acs.jpclett.6c00617,10.1021/acs.jpclett.6c00617,ESR Insights into PDINO-Modified Interfaces in Perovskite Solar Cells,The Journal of Physical Chemistry Letters,journal,2026-04-20,article,en,,,,,University Of Tsukuba,2,closed,1
10.1038/s41467-026-72097-1,10.1038/s41467-026-72097-1,Co-deposited inverted perovskite photovoltaics towards 27% efficiency via vertical redistribution of self-assembled-molecules and in-situ crosslinking,Nature Communications,journal,2026-04-20,article,en,,,,,Shanghai Jiao Tong University,2,gold,1
10.1021/acsami.6c00997,10.1021/acsami.6c00997,Dual-Action Self-Assembled Monolayer Synchronizes SnO 2 /Perovskite Interface and Crystallization for Superior Perovskite Photovoltaics,ACS Applied Materials & Interfaces,journal,2026-04-20,article,en,,,,,Yan'an University,1,closed,1
10.1002/solr.70339,10.1002/solr.70339,Ultrathin Perovskite Solar Cells With γ‐Ray Tolerance Enabled by a Flexible Radiation‐Resistant Plastic Substrate,Solar RRL,journal,2026-04-20,article,en,,,,,Tokyo University Of Information Sciences,1,hybrid,0
10.1002/solr.70349,10.1002/solr.70349,Chemical Vapor Deposition of FACs‐Perovskite on Asymmetric Self‐Assembled Molecules Enabled Efficiency of 19% for Semitransparent Solar Cells,Solar RRL,journal,2026-04-20,article,en,,,,,Wuhan University Of Technology,1,closed,0
10.1021/acsaem.6c00425,10.1021/acsaem.6c00425,Multi-site Mixing and Entropy Stabilization of CsPbI 3 with Potential Application in Photovoltaics,ACS Applied Energy Materials,journal,2026-04-20,article,en,,,,,,1,closed,0
10.1002/adma.73161,10.1002/adma.73161,Conjugated Amine Ligand‐Induced Robust‐Conductive Interlayer Enables Efficient and Durable n‐i‐p Perovskite Solar Cells,Advanced Materials,journal,2026-04-20,article,en,,,,,Shantou University,1,closed,1
10.1002/smtd.70646,10.1002/smtd.70646,A Gradient‐Doped PEDOT: PSS via Multifunctional DL‐Carnitine Hydrochloride for Efficient Tin‐Lead Perovskite Solar Cells,Small Methods,journal,2026-04-20,article,en,,,,,Huai'an University,1,closed,0
10.1021/acsami.6c01396,10.1021/acsami.6c01396,Homogenizing Buried Interfacial Contact and Halide Distribution in Wide-Bandgap Perovskites for Efficient Tandem Solar Cells,ACS Applied Materials & Interfaces,journal,2026-04-20,article,en,,,,,Southwest Petroleum University,1,closed,0
10.48550/arxiv.2604.18865,10.48550/arxiv.2604.18865,Electrochemical reactions under reverse bias create additional mobile ions that enable hole tunneling in metal halide perovskite diodes,arXiv (Cornell University),repository,2026-04-20,preprint,en,,,,,,1,green,1
10.5281/zenodo.19660973,10.5281/zenodo.19660973,OPTIMIZATION OF PEROVSKITE-BASED SOLAR CELLS FOR HIGH-EFFICIENCY PHOTOVOLTAIC ENERGY GENERATION UNDER PAKISTAN'S CLIMATIC CONDITIONS,Zenodo (CERN European Organization for Nuclear Research),repository,2026-04-20,article,de,,,,,,0,green,0
10.5281/zenodo.19660972,10.5281/zenodo.19660972,OPTIMIZATION OF PEROVSKITE-BASED SOLAR CELLS FOR HIGH-EFFICIENCY PHOTOVOLTAIC ENERGY GENERATION UNDER PAKISTAN'S CLIMATIC CONDITIONS,Zenodo (CERN European Organization for Nuclear Research),repository,2026-04-20,article,de,,,,,,0,green,0
10.1016/j.physe.2026.116548,10.1016/j.physe.2026.116548,Impact of MAI-ligand-passivated PbS quantum dot concentration on the photovoltaic performance of PbS/MAPbI3 core-shell nanorod array solar cells,Physica E Low-dimensional Systems and Nanostructures,journal,2026-04-20,article,en,,,,,Chongqing University Of Science And Technology,0,closed,0
10.1002/solr.202500809,10.1002/solr.202500809,"Breaking Barriers in FAPbI 3 Perovskite Photovoltaics: Synergistic Strategies for Phase Stability, Defect Mitigation, and Scalable Production",Solar RRL,journal,2026-04-20,article,en,,,,,Federal University Of Technology Owerri,0,closed,1
10.1002/solr.70343,10.1002/solr.70343,Parylene Capping for Prolonged Stability of Perovskite Solar Cells,Solar RRL,journal,2026-04-20,article,en,,,,,University Of Ljubljana,0,hybrid,0
10.1016/j.physb.2026.418696,10.1016/j.physb.2026.418696,SCAPS-1D and machine learning-assisted optimization of lead-free Cs3Bi2I9-based perovskite solar cells,Physica B Condensed Matter,journal,2026-04-20,article,en,,,,,Islamic University,0,closed,0
10.1002/advs.75257,10.1002/advs.75257,Solution‐Processed Nickel Oxide as Efficient Hole Transport Layers in Inverted Perovskite Solar Cells,Advanced Science,journal,2026-04-20,article,en,,,,,Chengdu University Of Information Technology,0,gold,1
10.1002/smll.73404,10.1002/smll.73404,Suppressing Ion Migration for 1.68 eV Wide‐Bandgap Perovskite Solar Cells via Bulk Crosslinking and Buried Passivation,Small,journal,2026-04-20,article,en,,,,,Shanghai Jiao Tong University,0,closed,1
10.1002/solr.70346,10.1002/solr.70346,Humidity‐Stable Unencapsulated Bi‐Additivited MAPbI 3 Perovskite Solar Cells by Electrodeposition,Solar RRL,journal,2026-04-20,article,en,,,,,Institut Polytechnique De Grenoble,0,closed,0
10.26434/chemrxiv.15002184/v1,10.26434/chemrxiv.15002184/v1,Effect of composition on structural and optoelectronic properties of combinatorial BaZrS3 thin films,ChemRxiv,repository,2026-04-20,preprint,en,,,,,Helmholtz-zentrum Berlin Für Materialien Und Energie,0,green,0
10.1002/adfm.75508,10.1002/adfm.75508,Ambient Air Fabrication of Highly Efficient and Stable Perovskite Solar Cells via Local Spontaneous Gas‐Mediated Crystallization,Advanced Functional Materials,journal,2026-04-20,article,en,,,,,Shaanxi University Of Science And Technology,0,closed,0
10.1002/solr.70344,10.1002/solr.70344,Molecular Diffusion Enables Gradient Energy‐Level and Defect Passivation for Efficient and Stable n–i–p Perovskite Solar Cells,Solar RRL,journal,2026-04-20,article,en,,,,,Xiamen University,0,closed,1
10.1002/smll.202514963,10.1002/smll.202514963,Shaping the Future With Unconventional Shapes: Application Potential of Morphologically Diverse CsPbBr 3 Perovskite Nanocrystals,Small,journal,2026-04-20,article,en,,,,,National,0,closed,0
10.1021/acs.langmuir.6c00104,10.1021/acs.langmuir.6c00104,Low-Temperature Fabrication of Flexible Perovskite Solar Cells in Ambient Air with Enhanced Stability,Langmuir,journal,2026-04-20,article,en,,,,,Jingdezhen Ceramic Institute,0,closed,0
10.1016/j.mser.2026.101226,10.1016/j.mser.2026.101226,Suppressing morphological and energetic disorder in self-assembled interfaces for efficient inverted perovskite solar cells,Materials Science and Engineering R Reports,journal,2026-04-20,article,en,,,,,Xi'an Jiaotong University,0,closed,0
10.1002/adma.73056,10.1002/adma.73056,Transient Interphase Assisted Crystallization of Antisolvent‐Free Perovskite for Enhanced Device Performance,Advanced Materials,journal,2026-04-20,article,en,,,,,Wuhan University Of Technology,0,closed,1
10.1002/bkcs.70161,10.1002/bkcs.70161,Roles of 2D halide perovskites in 2D / 3D heterojunctions for high‐performance perovskite solar cells,Bulletin of the Korean Chemical Society,journal,2026-04-20,article,en,,,,,Korea University,0,hybrid,0
10.54691/1zd8kt57,10.54691/1zd8kt57,Simulation Study of Environmentally Friendly Lead-Free All-Perovskite Tandem Solar Cells,Scientific Journal of Technology,journal,2026-04-20,article,en,,,,,Northeast Petroleum University,0,diamond,0
10.1063/5.0325994,10.1063/5.0325994,45.73 W/g ultra-flexible perovskite solar cells enabled with benzyl benzylcarbamate additives,Applied Physics Letters,journal,2026-04-20,article,en,,,,,Dalian University Of Technology,0,closed,0
10.1002/cey2.70236,10.1002/cey2.70236,Dry Vacuum Processing of Perovskite Films: Insights Into Growth and Precision Control Enabling Batch‐Stable High‐Efficiency Solar Cells,Carbon Energy,journal,2026-04-20,article,en,,,,,Korea University,0,gold,1
electrochemical reactions under reverse bias create additional mobile ions that enable hole tunneling in metal halide perovskite diodes|fremouw,,Electrochemical reactions under reverse bias create additional mobile ions that enable hole tunneling in metal halide perovskite diodes,arXiv (Cornell University),repository,2026-04-20,preprint,en,,,,,University Of Colorado Boulder,0,green,0
10.1063/5.0317627,10.1063/5.0317627,Enhanced temperature stability of flexoelectricity through high-entropy design,Applied Physics Letters,journal,2026-04-20,article,en,,,,,Nanchang University,0,closed,0
10.5281/zenodo.19731074,10.5281/zenodo.19731074,OPTIMIZATION OF PEROVSKITE-BASED SOLAR CELLS FOR HIGH-EFFICIENCY PHOTOVOLTAIC ENERGY GENERATION UNDER PAKISTAN'S CLIMATIC CONDITIONS,Zenodo (CERN European Organization for Nuclear Research),repository,2026-04-20,article,de,,,,,,0,green,0
10.3897/j.moem.12.1.166784,10.3897/j.moem.12.1.166784,Optimization of ZnPc and TPA-ZnPc phthalocyanines as hole transport materials to improve the performance of perovskite solar cells,Modern Electronic Materials,journal,2026-04-20,article,en,,,,,Instituto Superior Da Maia,0,diamond,0
10.60787/jnamp.vol72no.657,10.60787/jnamp.vol72no.657,MONTE CARLO SIMULATIONS OF ION BOMBARDMENT AND CALCULATION OF THE ION RANGE AND SPUTTER YIELD OF CAESIUM MIXED-HALIDE DOUBLE PEROVSKITES,Afrischolar Discovery,repository,2026-04-20,article,en,,,,,Crescent University,0,green,0
esr insights into pdino modified interfaces in perovskite solar cells|yizhou,,ESR Insights into PDINO-Modified Interfaces in Perovskite Solar Cells,Institutional Repositories DataBase (IRDB),repository,2026-04-20,article,en,,,,,,0,green,0
10.5281/zenodo.22024465,10.5281/zenodo.22024465,Large Area Uniform Industry-Compatible Perovskite Solar Cell Technology,Zenodo (CERN European Organization for Nuclear Research),repository,2026-04-20,article,en,,,,,Hasselt University,0,green,0
10.5281/zenodo.22024464,10.5281/zenodo.22024464,Large Area Uniform Industry-Compatible Perovskite Solar Cell Technology,Zenodo (CERN European Organization for Nuclear Research),repository,2026-04-20,article,en,,,,,Hasselt University,0,green,0
10.1016/j.jechem.2026.04.021,10.1016/j.jechem.2026.04.021,Highly efficient and stable perovskite solar cells via amide-mediated suppression of iodine impurities,Journal of Energy Chemistry,journal,2026-04-21,article,en,,,,,Xi'an Jiaotong University,4,closed,0
10.1021/acs.chemrev.5c00897,10.1021/acs.chemrev.5c00897,"Vapor Deposited Metal Halide Perovskites for Photovoltaics: Methods, Challenges and Prospects",Chemical Reviews,journal,2026-04-21,article,en,,,,,Universitat De València,4,green,1
10.1002/smll.73477,10.1002/smll.73477,The Residual PbI 2 Paradox in Perovskite Solar Cells: Harnessing Excess Phase for Synergistic Performance‐Stability Improvement,Small,journal,2026-04-21,article,en,,,,,Hangzhou Dianzi University,4,closed,0
10.3390/ma19081660,10.3390/ma19081660,"Recent Progress in Nanophotonics for Green Energy, Medicine, Healthcare, and Optical Computing Applications",Materials,journal,2026-04-21,article,en,,,,,Helwan University,3,gold,0
10.1038/s41598-026-49631-8,10.1038/s41598-026-49631-8,"First principles and machine learning investigation of structural stability and optoelectronic behavior in A2GaAgF6 (A = Na, K, Rb, Cs) double perovskite solar cells",Scientific Reports,journal,2026-04-21,article,en,,,,,Gopalganj Science And Technology University,3,gold,0
10.1002/adfm.202600042,10.1002/adfm.202600042,Self‐Assembled Monolayers for Perovskite‐Based Tandem Solar Cells,Advanced Functional Materials,journal,2026-04-21,article,en,,,,,Jianghan University,3,closed,0
10.3390/inorganics14040118,10.3390/inorganics14040118,Performance and Stability Enhancement of Perovskite Solar Cells Based on Iron-Doped Bi-Electron Transport Layers,Inorganics,journal,2026-04-21,article,en,,,,,Qassim University,2,gold,0
10.1021/acsenergylett.6c00432,10.1021/acsenergylett.6c00432,Is Photoluminescence Spectroscopy a Suitable Probe of Halide Segregation?,ACS Energy Letters,journal,2026-04-21,article,en,,,,,University Of Oxford,2,hybrid,1
10.1016/j.physb.2026.418695,10.1016/j.physb.2026.418695,"First-principles investigation of semiconducting cubic ASiO3 (A = P, As, Sb, Bi) perovskites for photovoltaic, high-temperature, and optoelectronic applications",Physica B Condensed Matter,journal,2026-04-21,article,en,,,,,Jahangirnagar University,1,closed,0
10.1038/s41467-026-72094-4,10.1038/s41467-026-72094-4,Pathway-priming of intermediate phases in FACs-based wide-bandgap perovskites for Si tandem solar cells,Nature Communications,journal,2026-04-21,article,en,,,,,Southern University Of Science And Technology,1,gold,1
10.1021/acsaem.6c00280,10.1021/acsaem.6c00280,Lewis Base-Functionalized Imidazolium Ionic Liquid Interface Layers in Scalable Nickel Oxide-Based Perovskite Solar Cells,ACS Applied Energy Materials,journal,2026-04-21,article,en,,,,,University Of Louisville Hospital,1,closed,1
10.1007/s12596-026-03049-7,10.1007/s12596-026-03049-7,Application of SCAPS-1D simulation in investigating ZnO nanowires as electron transport layers for lead-free FASnI3 perovskite solar cells,Journal of Optics,journal,2026-04-21,article,en,,,,,Tianjin University,0,green,0
10.1002/adfm.75435,10.1002/adfm.75435,A Universal Interfacial Dipole Strategy for Defect Suppression in Inverted Perovskite Solar Cells With Tunable Bandgaps,Advanced Functional Materials,journal,2026-04-21,article,en,,,,,Friedrich-alexander-universität Erlangen-nürnberg,0,hybrid,1
10.1016/j.solener.2026.114635,10.1016/j.solener.2026.114635,Thermal behavior analysis and strategic radiation regulation of the perovskite photovoltaic modules,Solar Energy,journal,2026-04-21,article,en,,,,,Shanghai Jiao Tong University,0,closed,0
10.1021/acsami.6c02006,10.1021/acsami.6c02006,Suppression of Interfacial Loss Pathways at Self-Assembled Molecular Hole Transport Layers in Perovskite Solar Cells,ACS Applied Materials & Interfaces,journal,2026-04-21,article,en,,,,,Leibniz Institute For Solid State And Materials Research,0,hybrid,1
10.1002/cssc.202600009,10.1002/cssc.202600009,Multifunctional Additives Suppressed Phase Segregation of Wide–Bandgap Perovskites for Semitransparent Solar Cells,ChemSusChem,journal,2026-04-21,article,en,,,,,Wuhan University Of Technology,0,closed,0
10.1038/d41586-026-01149-9,10.1038/d41586-026-01149-9,Triple-decker solar cells reach efficiency milestone,Nature,journal,2026-04-21,article,en,,,,,National University Of Singapore,0,closed,0
10.1016/j.cej.2026.176539,10.1016/j.cej.2026.176539,Interface-confined intermediate phase enabling carbon-based CsPbI2Br perovskite solar cells,Chemical Engineering Journal,journal,2026-04-21,article,en,,,,,Education,0,closed,0
10.1002/smll.73436,10.1002/smll.73436,Halogen‐Functional Molecules for Synergistic Multi‐Defect Healing in High‐Performance Perovskite Solar Cells,Small,journal,2026-04-21,article,en,,,,,Nanjing University Of Aeronautics And Astronautics,0,closed,1
10.1007/s11164-026-06004-0,10.1007/s11164-026-06004-0,Lanthanum acetate-mediated dual-ion passivation for efficient and stable carbon-based perovskite solar cells,Research on Chemical Intermediates,journal,2026-04-21,article,en,,,,,Guangxi University,0,closed,0
10.1021/acsaem.6c00491,10.1021/acsaem.6c00491,Enhancing Hot-Electron Extraction via Naphthalene Tetracarboxylic Diimide-Based Molecule in n–i–p Perovskite Solar Cells,ACS Applied Energy Materials,journal,2026-04-21,article,en,,,,,,0,closed,1
10.1021/acssusresmgt.6c00034,10.1021/acssusresmgt.6c00034,Circular Electrodeposited Perovskite Solar Cells: Reuse Instead of Remake,ACS Sustainable Resource Management,journal,2026-04-21,article,en,,,,,Centre National De La Recherche Scientifique,0,green,0
10.1088/2752-5724/ae628f,10.1088/2752-5724/ae628f,Operando stress monitoring reveals critical reversibility thresholds in UV-degraded perovskite solar cells,Materials Futures,journal,2026-04-21,article,en,,,,,Wuhan University Of Technology,0,diamond,1
10.1109/jflex.2026.3686049,10.1109/jflex.2026.3686049,Design Perspective and Numerical Analysis of Eco-Friendly CsGeI 3 Perovskite Solar Cell,IEEE Journal on Flexible Electronics,journal,2026-04-21,article,en,,,,,Indian,0,closed,0
10.17863/cam.129397,10.17863/cam.129397,Autonomous closed-loop framework for reproducible perovskite solar cells,Apollo (University of Cambridge),repository,2026-04-21,article,en,,,,,,0,green,0
10.5281/zenodo.19679861,10.5281/zenodo.19679861,Accelerating Solar Cell Material Discovery Using Machine Learning Models Trained on DFT Databases for Bandgap Prediction and Crystal Structure Stability,,,2026-04-21,article,en,,,,,,0,gold,0
10.5281/zenodo.19679862,10.5281/zenodo.19679862,Accelerating Solar Cell Material Discovery Using Machine Learning Models Trained on DFT Databases for Bandgap Prediction and Crystal Structure Stability,Zenodo (CERN European Organization for Nuclear Research),repository,2026-04-21,article,en,,,,,,0,green,0
10.1016/j.materresbull.2026.114180,10.1016/j.materresbull.2026.114180,Comprehensive review of materials and performance challenges in third-generation solar cells,Materials Research Bulletin,journal,2026-04-22,article,en,,,,,Ain Shams University,3,closed,0
10.1002/cssc.202502745,10.1002/cssc.202502745,"Transparent Conductive Oxide Electrodes in Perovskite Solar Cells: Challenges, Strategies, and Outlook",ChemSusChem,journal,2026-04-22,article,en,,,,,Qingdao University Of Science And Technology,2,closed,0
10.1016/j.joule.2026.102433,10.1016/j.joule.2026.102433,Rapid epitaxial growth of perovskite homojunctions via thermal shock for air-processed photovoltaics,Joule,journal,2026-04-22,article,en,,,,,Jilin University,1,closed,0
10.1002/smll.73517,10.1002/smll.73517,Crown Ether‐Based Co‐Self‐Assembled Monolayer Enhances the Interaction with Perovskite for High‐Performance Solar Cells,Small,journal,2026-04-22,article,en,,,,,North China Electric Power University,1,closed,1
10.1002/advs.202522103,10.1002/advs.202522103,Scalable Manufacturing of Roll‐to‐Roll Slot‐Die Coated Perovskite Solar Cells,Advanced Science,journal,2026-04-22,article,en,,,,,Power Roll (united Kingdom),1,gold,1
10.1038/s41467-026-72159-4,10.1038/s41467-026-72159-4,Ambient-compatible precursor engineering for efficient perovskite photovoltaics,Nature Communications,journal,2026-04-22,article,en,,,,,Sungkyunkwan University,0,gold,1
10.1021/acsami.6c04956,10.1021/acsami.6c04956,Eliminated Interfacial Side Reactions in Perovskite Solar Cells by Sterically Protected Ammonium Passivation,ACS Applied Materials & Interfaces,journal,2026-04-22,article,en,,,,,Jackson State University,0,closed,1
10.1142/s0217979226501602,10.1142/s0217979226501602,"Pressure-induced evolution of structural, mechanical, and optoelectronic properties of Na 2 LiYBr 6 : A first-principles investigation",International Journal of Modern Physics B,journal,2026-04-22,article,en,,,,,Princess Sumaya University For Technology,0,closed,0
10.1002/adfm.75548,10.1002/adfm.75548,Concurrent Perovskite Crystallization and Interface Modulation via Sulfonamides for High‐Performance Printable Mesoscopic Perovskite Solar Cells,Advanced Functional Materials,journal,2026-04-22,article,en,,,,,Wuhan National Laboratory For Optoelectronics,0,closed,1
10.1002/adma.202523053,10.1002/adma.202523053,Fully Thermally Evaporated Perovskite Optoelectronic Devices,Advanced Materials,journal,2026-04-22,article,en,,,,,Nanjing Tech University,0,closed,1
10.1016/j.optmat.2026.118129,10.1016/j.optmat.2026.118129,Orotic acid as an efficient passivating agent to enhance perovskite solar cells performance,Optical Materials,journal,2026-04-22,article,en,,,,,Tianshui Normal University,0,closed,0
10.1002/cssc.202502738,10.1002/cssc.202502738,The Rise of Perovskitoid for Photoelectric Device: From Preparation to Applications,ChemSusChem,journal,2026-04-22,article,en,,,,,Tianjin University,0,closed,0
10.1021/acs.chemmater.5c03103,10.1021/acs.chemmater.5c03103,Temperature-Dependent Structural and Optical Properties of CsGeI 3,Chemistry of Materials,journal,2026-04-22,article,en,,,,,Indian,0,closed,0
10.21203/rs.3.rs-9201221/v1,10.21203/rs.3.rs-9201221/v1,"Microflow-Driven Uniform Self-Assembly of Buried Interfaces Enables Scalable, Air-Processed Perovskite Modules",Research Square,repository,2026-04-22,preprint,en,,,,,,0,green,0
10.1021/acsami.5c25961,10.1021/acsami.5c25961,Ionic Liquid Assisting the Crystallization of CsPbI 3 for High-Quality Perovskite Solar Cells in Air Atmosphere,ACS Applied Materials & Interfaces,journal,2026-04-22,article,en,,,,,Hebei University,0,closed,0
10.1016/j.colsurfa.2026.140614,10.1016/j.colsurfa.2026.140614,Plasmonic Mo@MoO3-x core-shell nanospheres enhance the performance of MAPbI3 perovskite solar cells,Colloids and Surfaces A Physicochemical and Engineering Aspects,journal,2026-04-22,article,en,,,,,Jilin University,0,closed,0
10.1016/j.mtener.2026.102291,10.1016/j.mtener.2026.102291,Z907-buffered moisture migration enabling ambient-air preparation of high-quality wide-bandgap perovskite films for tandem applications,Materials Today Energy,journal,2026-04-22,article,en,,,,,Xidian University,0,closed,0
10.1142/s0217979226501638,10.1142/s0217979226501638,"Comprehensive analysis of the physical properties and stability of Cs 2 AgMoX 6 (X = Cl, Br) halide double perovskites for advanced applications",International Journal of Modern Physics B,journal,2026-04-22,article,en,,,,,Imam Mohammad Ibn Saud Islamic University,0,closed,0
10.35848/1347-4065/ae634a,10.35848/1347-4065/ae634a,Design of SiGe films with uniform compositions on Si substrates towards applications for MAPbI 3 /SiGe tandem solar cells,Japanese Journal of Applied Physics,journal,2026-04-22,article,en,,,,,Nagoya University,0,hybrid,0
10.20944/preprints202604.1508.v1,10.20944/preprints202604.1508.v1,Advances in the Modification of Perovskite Solar Cells with Carbon-Based Materials and Corresponding Modification Strategies,Preprints.org,repository,2026-04-22,preprint,en,,,,,,0,green,1
10.30871/jaic.v10i2.12240,10.30871/jaic.v10i2.12240,Development of a Hybrid Classical-Quantum SVM Model for Predicting Perovskite Formation Energy,Journal of Applied Informatics and Computing,journal,2026-04-22,article,id,,,,,,0,gold,0
10.1002/aenm.70979,10.1002/aenm.70979,Molecular Design and Interfacial Functions of Self‐Assembled Monolayers for Perovskite and Tandem Solar Cells,Advanced Energy Materials,journal,2026-04-23,article,en,,,,,Hong Kong Polytechnic University,3,hybrid,1
10.1016/j.cej.2026.176665,10.1016/j.cej.2026.176665,Ionic liquid-driven surface reconstruction for thermally stable n–i–p Sn–Pb perovskite solar cells,Chemical Engineering Journal,journal,2026-04-23,article,en,,,,,Ulsan National,3,closed,0
10.1016/j.nxmate.2026.102122,10.1016/j.nxmate.2026.102122,Optimization and numerical design of lead-free double halide perovskites K2AgSbX6 for photovoltaic applications through WIEN2K and SCAPS-1D,Next Materials,journal,2026-04-23,article,en,,,,,École Normale Supérieure Casablanca,2,gold,0
10.1016/j.surfin.2026.109394,10.1016/j.surfin.2026.109394,Interface engineering with 1-Ethyl-3-methylimidazolium acetate for low-temperature-prepared mesoporous perovskite solar cells,Surfaces and Interfaces,journal,2026-04-23,article,en,,,,,North University Of China,1,closed,0
10.1088/2399-1984/ae642d,10.1088/2399-1984/ae642d,Roadmap on Solar Energy Plasmonics,Nano Futures,journal,2026-04-23,article,en,,,,,University Of Glasgow,1,hybrid,1
10.1021/acsmaterialslett.5c01685,10.1021/acsmaterialslett.5c01685,Emerging Applications of Metal–Organic Frameworks in Perovskite Solar Cells,ACS Materials Letters,journal,2026-04-23,article,en,,,,,Qingdao University,1,closed,1
10.1016/j.joule.2026.102431,10.1016/j.joule.2026.102431,Amphiphilic molecular binder strengthens atomic layer-deposited SnOx for reliable perovskite solar cells,Joule,journal,2026-04-23,article,en,,,,,Central South University,0,closed,0
10.1109/jphotov.2026.3680141,10.1109/jphotov.2026.3680141,Design and Development of a Portable I – V Tracer for Perovskite Solar Cells,IEEE Journal of Photovoltaics,journal,2026-04-23,article,en,,,,,University Of Stuttgart,0,closed,0
10.1016/j.solmat.2026.114395,10.1016/j.solmat.2026.114395,Dynamic dispensing-assisted hybrid evaporation-solution processing for 29.82%-Efficient fully-textured tandem perovskite/silicon solar cells,Solar Energy Materials and Solar Cells,journal,2026-04-23,article,en,,,,,Tiangong University,0,closed,0
10.1021/acs.jpclett.6c01013,10.1021/acs.jpclett.6c01013,A Self-Adaptive Buffer Layer with Photoswitchable Responses for Durable Perovskite Photovoltaics,The Journal of Physical Chemistry Letters,journal,2026-04-23,article,en,,,,,Central South University,0,closed,0
10.1016/j.mtchem.2026.103645,10.1016/j.mtchem.2026.103645,"Computational discovery of efficient photovoltaic materials: structural stability and optoelectronic properties of Ba4MAs4 (M = Si4+, Ge4+, Ti4+)",Materials Today Chemistry,journal,2026-04-23,article,en,,,,,Pingxiang University,0,closed,0
10.5281/zenodo.19708848,10.5281/zenodo.19708848,Perovskite Solar Cells – The Solar Revolution That Is Already Here,Zenodo (CERN European Organization for Nuclear Research),repository,2026-04-23,article,en,,,,,,0,green,0
10.35848/1347-4065/ae63d9,10.35848/1347-4065/ae63d9,Spectral irradiance distribution at AM 1.5 in the Arabian desert and its influence on the current balance of multijunction PV technologies,Japanese Journal of Applied Physics,journal,2026-04-23,article,en,,,,,Technology Innovation Institute,0,hybrid,0
10.1002/smll.73482,10.1002/smll.73482,Sublimated Cyanoacetamide‐Driven Surface Recrystallization for Spray‐Coated Wide‐Bandgap Perovskite Solar Cells,Small,journal,2026-04-23,article,en,,,,,Shandong University,0,closed,1
10.1002/solr.70340,10.1002/solr.70340,A Diagnostic Technology Computer‐Aided Design Framework for Inverted Perovskite Solar Cells: Bridging Intrinsic Material Properties to Efficiency Ceilings,Solar RRL,journal,2026-04-23,article,en,,,,,National Yang Ming Chiao Tung University,0,hybrid,0
10.1002/smll.73511,10.1002/smll.73511,Composite Electrodes for Perovskite Solar Cells,Small,journal,2026-04-23,article,en,,,,,Huazhong University Of Science And Technology,0,closed,0
10.1002/solr.70351,10.1002/solr.70351,A Multifunctional Coumarin‐Based Additive for Defect Passivation in Perovskite Solar Cells,Solar RRL,journal,2026-04-23,article,en,,,,,University Of Science And Technology Of China,0,closed,1
10.1002/ange.7579788,10.1002/ange.7579788,In Situ Interfacial Polymerization Enabling a Dual‐Anchor Surface Binding Interlayer for Efficient and Stable Inverted Perovskite Solar Cells,Angewandte Chemie,journal,2026-04-23,article,en,,,,,Southwest Forestry University,0,closed,0
10.1002/adfm.202527584,10.1002/adfm.202527584,Oleylamine‐Formamidinium Coherent Structure Boosts the Synergistic Enhancement of Efficiency and Stability in Perovskite Solar Cells,Advanced Functional Materials,journal,2026-04-23,article,en,,,,,Hebei University,0,closed,1
10.1002/anie.7579788,10.1002/anie.7579788,In Situ Interfacial Polymerization Enabling a Dual‐Anchor Surface Binding Interlayer for Efficient and Stable Inverted Perovskite Solar Cells,Angewandte Chemie International Edition,journal,2026-04-23,article,en,,,,,Southwest Forestry University,0,closed,1
10.11648/j.ajee.20261402.13,10.11648/j.ajee.20261402.13,Comparative Study of Perovskite Thin Film Solar Cells: Effect of Perovskite Absorber Layer Thickness Variations in Electrical Parameters,American Journal of Energy Engineering,journal,2026-04-23,article,en,,,,,Cheikh Anta Diop University,0,diamond,0
10.1016/j.radphyschem.2026.113968,10.1016/j.radphyschem.2026.113968,"Computational investigation of structural, electronic, and photovoltaic properties of Ag2BeSnS4-based double perovskite solar cells and module-level assessment",Radiation Physics and Chemistry,journal,2026-04-24,article,en,,,,,International Islamic University Chittagong,4,closed,0
10.1038/s41467-026-72272-4,10.1038/s41467-026-72272-4,Molecular lead halide perovskite layer bridged AgBiS2 nanocrystals for efficient thin film solar cells,Nature Communications,journal,2026-04-24,article,en,,,,,Wuhan National Laboratory For Optoelectronics,4,gold,1
10.1038/s41467-026-72160-x,10.1038/s41467-026-72160-x,Uniform and ordered self-assembled hole-selective layers driven by π-π interactions for efficient perovskite-silicon tandem solar cells,Nature Communications,journal,2026-04-24,article,en,,,,,Fudan University,3,gold,1
10.1038/s41560-026-02037-2,10.1038/s41560-026-02037-2,Mitigating lead toxicity towards safer commercialization of perovskite solar cells,Nature Energy,journal,2026-04-24,article,en,,,,,Beijing,2,closed,0
10.1016/j.solener.2026.114651,10.1016/j.solener.2026.114651,Model-guided design of local contact passivation for high-efficiency perovskite solar cells,Solar Energy,journal,2026-04-24,article,en,,,,,Soochow University,2,closed,0
10.1002/smtd.70670,10.1002/smtd.70670,An Inert Fluoride Interlayer Enabling Efficient and Stable Inverted Perovskite Solar Cells,Small Methods,journal,2026-04-24,article,en,,,,,Qingdao University Of Science And Technology,1,closed,0
10.1016/j.esd.2026.102012,10.1016/j.esd.2026.102012,Life cycle assessment across three generations of photovoltaic systems: Insights from net-zero perspective,Energy Sustainable Development/Energy for sustainable development,journal,2026-04-24,article,en,,,,,Xiamen University Malaysia,1,closed,0
10.1088/2752-5724/ae6465,10.1088/2752-5724/ae6465,Cost-performance analysis of terrestrial perovskite and perovskite/silicon tandem photovoltaics,Materials Futures,journal,2026-04-24,article,en,,,,,Huaneng Clean Energy Research Institute,1,diamond,0
10.1002/cssc.202502409,10.1002/cssc.202502409,Prospective Environmental Impact Assessment of Scaling Up Perovskite/Silicon Tandem Solar Cells to Industrial Applications,ChemSusChem,journal,2026-04-24,article,en,,,,,University Of Siena,1,hybrid,0
10.1002/solr.70354,10.1002/solr.70354,Purine Derivatives Enable Tin Perovskite Solar Cells With Over 0.9 V Open‐Circuit Voltage and 13.8% Efficiency,Solar RRL,journal,2026-04-24,article,en,,,,,University Of Electronic Science And Technology Of China,1,closed,1
10.1016/j.cinorg.2026.100153,10.1016/j.cinorg.2026.100153,Optimizing the performance of CH3NH3SnBr3–based PSCs with SCAPS-1D and machine learning techniques,Chemistry of Inorganic Materials,journal,2026-04-24,article,en,,,,,Islamic University,1,gold,0
10.1016/j.solener.2026.114642,10.1016/j.solener.2026.114642,In situ RbPbI3 filler for high-performance carbon-based perovskite solar cells,Solar Energy,journal,2026-04-24,article,en,,,,,Harbin Engineering University,0,closed,0
10.1016/j.surfin.2026.109412,10.1016/j.surfin.2026.109412,A passivation-molecule anchoring strategy enables dual-defect passivation at the buried interface to enhance perovskite device performance,Surfaces and Interfaces,journal,2026-04-24,article,en,,,,,Nanjing University Of Posts And Telecommunications,0,closed,0
10.1021/acsenergylett.6c00983,10.1021/acsenergylett.6c00983,Topology Engineering of Heteroatom-Embedded Xanthones as Hole Conductors for Efficient and Stable Air-Processed Perovskite Solar Cells,ACS Energy Letters,journal,2026-04-24,article,en,,,,,Advanced Materials And Devices (united States),0,closed,1
10.1002/smll.73537,10.1002/smll.73537,A Targeting Light‐Management Strategy Affords Ultraviolet‐Stable and Efficient Perovskite Solar Cells,Small,journal,2026-04-24,article,en,,,,,Advanced Energy Materials (united States),0,closed,0
10.1016/j.nxmate.2026.102069,10.1016/j.nxmate.2026.102069,Tuning optical and electronic properties of FASiBrI2 through bromine site engineering : A first principles study,Next Materials,journal,2026-04-24,article,en,,,,,Cadi Ayyad University,0,gold,0
10.4028/p-0rrxel,10.4028/p-0rrxel,Ternary Nanocomposite as a Charge Transport Layer for High-Efficiency Perovskite Solar Cells,Nano hybrids and composites,journal,2026-04-24,article,en,,,,,International Islamic University Islamabad,0,hybrid,0
10.1016/j.mtener.2026.102297,10.1016/j.mtener.2026.102297,A sequentiality-regulated strategy via 2-mercaptopyridine for high-performance FA0.85Cs0.15PbI2.5Br0.5 perovskite solar cells by evaporation-spraying,Materials Today Energy,journal,2026-04-24,article,en,,,,,Wuhan University Of Technology,0,closed,0
10.1021/acsami.6c03928,10.1021/acsami.6c03928,Synergistic Bimolecular Passivation Enabling High-Performance Inverted Perovskite Solar Cells,ACS Applied Materials & Interfaces,journal,2026-04-24,article,en,,,,,Kenyatta University,0,closed,1
10.1016/j.mseb.2026.119514,10.1016/j.mseb.2026.119514,Numerical analysis of electron and hole transport layer engineering in MASnBr₃-based perovskite solar cells via SCAPS-1D simulation,Materials Science and Engineering B,journal,2026-04-24,article,en,,,,,National Taipei University Of Technology,0,hybrid,0
10.1016/j.jechem.2026.04.034,10.1016/j.jechem.2026.04.034,In situ condensation reaction modulates crystallization kinetics of tin-lead perovskites for high-efficiency photovoltaic devices,Journal of Energy Chemistry,journal,2026-04-24,article,en,,,,,,0,closed,0
10.1107/s1600576726002475,10.1107/s1600576726002475,Quantitative analysis of light-induced ion segregation in mixed-halide perovskites,Journal of Applied Crystallography,journal,2026-04-24,article,en,,,,,Charles University,0,hybrid,0
10.1016/j.fuproc.2026.108462,10.1016/j.fuproc.2026.108462,"Computational Exploration of APH6 (A = Na, K) Hydrides as High-Performance Materials for Hydrogen Storage and Photocatalytic Fuel Cell Applications using ab-initio and AIMD approach",Fuel Processing Technology,journal,2026-04-25,article,en,,,,,International Islamic University Chittagong,2,gold,0
10.1016/j.jpcs.2026.113776,10.1016/j.jpcs.2026.113776,A lead-free high-efficiency all-inorganic Cs2AgBiBr6/GeSe tandem solar cells: Simulation study,Journal of Physics and Chemistry of Solids,journal,2026-04-25,article,en,,,,,Hangzhou Dianzi University,1,closed,0
10.1016/j.solener.2026.114650,10.1016/j.solener.2026.114650,Multi architecture simulation and predictive modelling of high efficiency lead free perovskite solar cells,Solar Energy,journal,2026-04-25,article,en,,,,,Chitkara University,1,closed,0
10.1016/j.cej.2026.176684,10.1016/j.cej.2026.176684,Tailoring crystallization and oriented growth through crosslinking molecules toward efficient and stable CsPbI2Br perovskite solar cells,Chemical Engineering Journal,journal,2026-04-25,article,en,,,,,Shanghai University Of Electric Power,1,closed,0
10.1016/j.apsusc.2026.166960,10.1016/j.apsusc.2026.166960,The superoxide anion radical scavenger as interface layer for efficient Cs2AgBiBr6 solar cells,Applied Surface Science,journal,2026-04-25,article,en,,,,,Hefei University Of Technology,1,closed,0
10.1016/j.newton.2026.100507,10.1016/j.newton.2026.100507,Photon-counting radiation detectors based on metal-halide perovskites and derivatives,Newton,journal,2026-04-25,article,en,,,,,University Of Oxford,1,hybrid,0
10.1016/j.chemphys.2026.113241,10.1016/j.chemphys.2026.113241,"First-principles study of structural, mechanical and optoelectronic properties of lead-free halide double perovskites Cs2AgIrX6 (X = Cl, Br, I).",Chemical Physics,journal,2026-04-25,article,en,,,,,Inner Mongolia University For Nationalities,0,closed,0
10.1002/smll.73539,10.1002/smll.73539,Amidino‐Based Molecular Ligand Induced Catalytic Crystallization and Stress Relaxation for High‐Efficiency Anti‐Solvent‐Free Perovskite Solar Cells,Small,journal,2026-04-26,article,en,,,,,Guangdong University Of Technology,5,closed,1
10.1007/s00214-026-03297-7,10.1007/s00214-026-03297-7,"Peripheral donor engineering of indolo[3,2-b]indole-based hole transporting materials for highly efficient perovskite solar cells",Theoretical Chemistry Accounts,journal,2026-04-26,article,en,,,,,Chengdu University Of Technology,0,closed,0
10.1002/solr.70355,10.1002/solr.70355,Advances in Air‐Stable Perovskite Precursor Inks for Photovoltaics,Solar RRL,journal,2026-04-26,article,en,,,,,Xiamen University,0,closed,0
10.1002/smll.73568,10.1002/smll.73568,Interfacial Molecular Engineering With Insoluble Multifunctional Modifiers for Perovskite Solar Cells,Small,journal,2026-04-26,article,en,,,,,Sun Yat-sen University,0,closed,1
10.1007/s10904-026-04314-9,10.1007/s10904-026-04314-9,Exploring the Photovoltaic Performance of FAPbI3 and FASnI3 Perovskite Solar Cells Through Comprehensive Comparative Analysis,Journal of Inorganic and Organometallic Polymers and Materials,journal,2026-04-26,article,en,,,,,Madan Mohan Malaviya University Of Technology,0,closed,0
10.1016/j.jallcom.2026.188233,10.1016/j.jallcom.2026.188233,"Eco-engineered perovskite solar cell technology: Scalable fabrication, lifecycle and field ready renewable innovations",Journal of Alloys and Compounds,journal,2026-04-26,article,en,,,,,Saveetha University,0,closed,0
10.3390/molecules31091431,10.3390/molecules31091431,Phenothiazine: A Promising Core for Perovskite and Dye-Sensitized Solar Cells,Molecules,journal,2026-04-26,article,en,,,,,Universidad Santiago De Cali,0,gold,0
chemical modification approaches in organometal halide perovskite materials and solar cells|abdelmageed,,CHEMICAL MODIFICATION APPROACHES IN ORGANOMETAL HALIDE PEROVSKITE MATERIALS AND SOLAR CELLS,DalSpace (Dalhousie University),repository,2026-04-26,article,en,,,,,,0,closed,0
10.1038/s41565-026-02165-6,10.1038/s41565-026-02165-6,Chemical hardness engineering synchronizes crystallization in perovskite tandems,Nature Nanotechnology,journal,2026-04-27,article,en,,,,,University Of Nottingham Ningbo China,4,green,1
10.1002/aenm.70945,10.1002/aenm.70945,Synergistic Hole‐Selective Contact Enabling Highly Efficient Perovskite/Organic Tandem Solar Cells,Advanced Energy Materials,journal,2026-04-27,article,en,,,,,Qingdao University,3,closed,1
10.1016/j.nanoen.2026.111995,10.1016/j.nanoen.2026.111995,Quantum dot-modified self-assembled monolayers for efficient blade-coated wide-bandgap perovskite and tandem solar cells,Nano Energy,journal,2026-04-27,article,en,,,,,Westlake University,2,closed,0
10.1016/j.joule.2026.102432,10.1016/j.joule.2026.102432,Non-iodide anion-engineered 1D perovskite strengthens interface lattice for efficient and stable perovskite solar cells and modules,Joule,journal,2026-04-27,article,en,,,,,Dalian University Of Technology,1,closed,0
10.1016/j.cej.2026.176792,10.1016/j.cej.2026.176792,Synergistic enhancement of defect passivation and energy-level alignment via fluorine-substitution driven coordination engineering for high-performance inverted perovskite solar cells,Chemical Engineering Journal,journal,2026-04-27,article,en,,,,,Nanjing University Of Posts And Telecommunications,1,closed,0
10.1002/smll.73585,10.1002/smll.73585,Bifunctional Molecular Bridge with Tunable Dielectric Constant for Air‐Processed Perovskite Solar Cells,Small,journal,2026-04-27,article,en,,,,,Tianjin University,1,closed,0
10.1016/j.inoche.2026.116726,10.1016/j.inoche.2026.116726,Defect passivation and charge dynamics improvement in mixed-cation perovskites via CdS nanospheres incorporation,Inorganic Chemistry Communications,journal,2026-04-27,article,en,,,,,Koç University,1,closed,0
10.1021/acsenergylett.6c00888,10.1021/acsenergylett.6c00888,Unraveling A-Site Heterogeneity-Induced Phase Behavior in Mixed-Cation Lead Halide Perovskites,ACS Energy Letters,journal,2026-04-27,article,en,,,,,Hong Kong Polytechnic University,1,hybrid,1
10.1021/acsami.6c00645,10.1021/acsami.6c00645,"Air-Processed n -Butylpyridinium Bromide-Doped CsPbI 2 Br Perovskite Solar Cells: Stress Relief, Energy Level Modulation, and 14.51% Efficiency",ACS Applied Materials & Interfaces,journal,2026-04-27,article,en,,,,,Education,1,closed,1
10.1038/s41467-026-72099-z,10.1038/s41467-026-72099-z,Self-assembled 1D/3D heterojunction enables all-inorganic perovskite 4-terminal tandem solar cells with 21.54% certified efficiency,Nature Communications,journal,2026-04-27,article,en,,,,,Peking University,0,gold,1
10.1016/j.mtener.2026.102300,10.1016/j.mtener.2026.102300,SnOx contact engineering in perovskite solar cells: Oxygen-Defect and valence control from selective to ambipolar transport,Materials Today Energy,journal,2026-04-27,article,en,,,,,Chang Gung University,0,closed,0
10.1063/5.0312565,10.1063/5.0312565,Epitaxial lift-off of halide perovskites,Applied Physics Reviews,journal,2026-04-27,article,en,,,,,Wenzhou University,0,closed,1
10.1021/acs.chemmater.5c02950,10.1021/acs.chemmater.5c02950,Vacancy-Ordered Quadruple Halide Perovskites: All-Inorganic Noble-Metal Semiconductors with Infrared Absorption,Chemistry of Materials,journal,2026-04-27,article,en,,,,,University Of Crete,0,closed,0
10.1002/adma.73221,10.1002/adma.73221,Fluoroacetate‐Mediated Dual‐Interface Ionic Stabilization in Perovskite Solar Cells,Advanced Materials,journal,2026-04-27,article,en,,,,,University Of Science And Technology Of China,0,closed,1
10.1016/j.jpcs.2026.113777,10.1016/j.jpcs.2026.113777,Defect tolerance and interfacial design: A numerical investigation of potential-induced degradation resistance in chalcogenide perovskites using first-principles method,Journal of Physics and Chemistry of Solids,journal,2026-04-27,article,en,,,,,Changzhou,0,closed,0
10.1002/aenm.70991,10.1002/aenm.70991,A Transferable Aqueous KCl–OPLT Co‐Treatment for Buried‐Interface Regulation in SnO 2 ‐Based Perovskite Solar Cells,Advanced Energy Materials,journal,2026-04-27,article,en,,,,,North China Electric Power University,0,closed,1
10.1016/j.physb.2026.418733,10.1016/j.physb.2026.418733,Role of halide anion substitution in Rb2GaAgX6 (X = Cl and Br) double perovskites for Light-harvesting applications,Physica B Condensed Matter,journal,2026-04-27,article,en,,,,,Hazara University,0,closed,0
10.66279/q50k8180,10.66279/q50k8180,"Large-Grain, Preferentially Oriented CH₃NH₃PbI₂Br Perovskite via Solution Processing: Correlating Structure, Morphology, and Organic–Inorganic Bonding",Advanced Multidisciplinary Engineering Journal (AMEJ),journal,2026-04-27,article,en,,,,,Sudan University Of Science And Technology,0,hybrid,0
10.1002/cssc.70682,10.1002/cssc.70682,Synergistic Defect Passivation via Multiple Effects for High‐Efficiency and Stable Perovskite Solar Cells,ChemSusChem,journal,2026-04-27,article,en,,,,,Xidian University,0,closed,0
10.48550/arxiv.2604.24098,10.48550/arxiv.2604.24098,Characterizing Fill Factor Limitations in Perovskite-Silicon Tandem Solar Cells,arXiv (Cornell University),repository,2026-04-27,preprint,en,,,,,,0,green,1
characterizing fill factor limitations in perovskite silicon tandem solar cells|wang,,Characterizing Fill Factor Limitations in Perovskite-Silicon Tandem Solar Cells,arXiv (Cornell University),repository,2026-04-27,preprint,en,,,,,Forschungszentrum Jülich,0,green,0
10.1088/1402-4896/ae65e3,10.1088/1402-4896/ae65e3,Lead-free double perovskite Cs 2 Au 2 Br 6 for high-efficiency solar cells: a DFT and SCAPS-1D study,Physica Scripta,journal,2026-04-28,article,en,,,,,Mohammed V University,1,green,0
10.1002/smll.202512808,10.1002/smll.202512808,Computational and Experimental Investigations of Mg‐Doped SnO 2 Electron Transport Layer for Indoor Perovskite Solar Cells,Small,journal,2026-04-28,article,en,,,,,Indian,1,closed,1
10.1021/acs.jpclett.6c00264,10.1021/acs.jpclett.6c00264,Enhanced Carrier Mobility and Diffusion Length in Formamidinium-Rich Hybrid Perovskites: Effects of Grain-Size and Electron–Phonon Coupling,The Journal of Physical Chemistry Letters,journal,2026-04-28,article,en,,,,,Australian Regenerative Medicine Institute,1,closed,0
10.1038/s41566-026-01906-2,10.1038/s41566-026-01906-2,Narrow-bandgap acceptors with suppressed exciton thermalization loss for highly efficient perovskite–organic tandem solar cells,Nature Photonics,journal,2026-04-28,article,en,,,,,,1,closed,0
10.3390/pr14091415,10.3390/pr14091415,"Optimization of Thicknesses, Defect Density, and Bandgap in a Lead-Free CsSnBr3/Silicon Two-Terminal Tandem Solar Cell via Simulation and Numerical Interpolation",Processes,journal,2026-04-28,article,en,,,,,National Optics And Electronics,1,gold,0
10.1002/smll.73566,10.1002/smll.73566,Polyaniline‐Enabled Defect Passivation for Stable and Efficient MAPbI 3 ‐Based Perovskite Solar Cells,Small,journal,2026-04-28,article,en,,,,,Central Electrochemical Research Institute,0,closed,1
10.1007/s11224-026-02786-6,10.1007/s11224-026-02786-6,"Exploration of end-capped acceptors engineering in bis-3,4-ethylenedioxythiophene-based highly efficient near-infrared (NIR) organic molecules for perovskite and organic solar cells",Structural Chemistry,journal,2026-04-28,article,en,,,,,Government College University Faisalabad,0,closed,0
10.5281/zenodo.19862185,10.5281/zenodo.19862185,Multi-Lattice Cascade Architecture with Dual-Stage Electron Extraction for Reducing Voltage Deficits in Kesterite Photovoltaics,Zenodo (CERN European Organization for Nuclear Research),repository,2026-04-28,preprint,en,,,,,,0,green,1
10.5281/zenodo.19862184,10.5281/zenodo.19862184,Multi-Lattice Cascade Architecture with Dual-Stage Electron Extraction for Reducing Voltage Deficits in Kesterite Photovoltaics,Zenodo (CERN European Organization for Nuclear Research),repository,2026-04-28,preprint,en,,,,,,0,green,1
10.48550/arxiv.2604.25756,10.48550/arxiv.2604.25756,Predicting challenging phase transitions with Bayesian active learning,arXiv (Cornell University),repository,2026-04-28,preprint,en,,,,,,0,green,0
10.1007/s44291-026-00181-3,10.1007/s44291-026-00181-3,High efficiency lead-free AlSb/KSnI3-ACIGS monolithic 2 T tandem solar cells with theoretical efficiency above 39 percent,Discover Electronics,journal,2026-04-28,article,en,,,,,Chittagong University Of Engineering & Technology,0,diamond,0
10.1021/acsaem.6c00555,10.1021/acsaem.6c00555,Compatibility of Additives with Organic Semiconductors: Bis(fluorosulfonyl)imides with Hole-Transport Materials in Perovskite Solar Cells,ACS Applied Energy Materials,journal,2026-04-28,article,en,,,,,National,0,closed,0
10.1016/j.solener.2026.114663,10.1016/j.solener.2026.114663,Effect of ambient humidity on the crystallization and microstructural evolution of multi-step processed CsPbBr3 thin films for solar cell applications,Solar Energy,journal,2026-04-28,article,en,,,,,Bandung,0,closed,0
10.1021/acsaem.6c00552,10.1021/acsaem.6c00552,Rational Design of Electron-Deficient Tricyanofuran-Based Hole Transport Materials for Stable Perovskite Solar Cells: Combined DFT and Experimental Insights,ACS Applied Energy Materials,journal,2026-04-28,article,en,,,,,Srm,0,closed,0
predicting challenging phase transitions with bayesian active learning|bastonero,,Predicting challenging phase transitions with Bayesian active learning,arXiv (Cornell University),repository,2026-04-28,preprint,en,,,,,University Of Bremen,0,green,0
10.1002/solr.70353,10.1002/solr.70353,In‐situ Dual‐stage Reactions Enhance Operational Stability of High‐Efficiency Perovskite Modules,Solar RRL,journal,2026-04-28,article,en,,,,,North China Electric Power University,0,closed,1
10.1002/aenm.70939,10.1002/aenm.70939,Citric Acid‐Inhibited Phase Separation Assists In Situ Growth of Ternary Cationic Perovskite Single Crystal Thin Films Toward Efficient Solar Cells,Advanced Energy Materials,journal,2026-04-28,article,en,,,,,Southern University Of Science And Technology,0,closed,1
10.1088/2631-8695/ae661a,10.1088/2631-8695/ae661a,Lead-free elpasolite tandem solar cell (ETSC) with outstanding efficiency of 49.5 % for indoor photovoltaics,Engineering Research Express,journal,2026-04-28,article,en,,,,,Vit-ap University,0,closed,0
10.1002/aenm.71005,10.1002/aenm.71005,Dual Functional Molecular Engineering Utilizes Synergistic Effects to Enhance Hole Transport in Inverted Perovskite Solar Cells,Advanced Energy Materials,journal,2026-04-28,article,en,,,,,Southern University Of Science And Technology,0,closed,1
10.58915/ijneam.v19i2.3153,10.58915/ijneam.v19i2.3153,Enhanced charge transport via Fe-doped brookite TiO2 ETLs for eco-friendly perovskite solar cells,International Journal of Nanoelectronics and Materials (IJNeaM),journal,2026-04-28,article,en,,,,,,0,diamond,0
10.1038/s41566-026-01893-4,10.1038/s41566-026-01893-4,Atomically dense Sb2O3 interlayer for highly stable perovskite photovoltaic modules,Nature Photonics,journal,2026-04-29,article,en,,,,,Beijing,2,closed,0
10.1002/adfm.75660,10.1002/adfm.75660,Perovskite/Silicon Tandem Solar Cells with Enhanced (100)‐Oriented Perovskite Crystallization,Advanced Functional Materials,journal,2026-04-29,article,en,,,,,Shanghai Jiao Tong University,2,closed,0
10.1002/aenm.202505717,10.1002/aenm.202505717,Synergistic Buried Interface Optimization via Aminothiophenol for Carbon‐Based CsPbI 3 Perovskite Solar Cells With 19.81% Efficiency,Advanced Energy Materials,journal,2026-04-29,article,en,,,,,Beihang University,1,closed,1
10.3390/nano16090540,10.3390/nano16090540,Drivers of Efficiency Breakthroughs: Key Technological Advances in Monolithic Perovskite/Silicon Tandem Solar Cells,Nanomaterials,journal,2026-04-29,article,en,,,,,Yangzhou Vocational University,1,gold,0
10.5281/zenodo.19878617,10.5281/zenodo.19878617,ENGINEERING NANOSTRUCTURED PEROVSKITE INTERFACES TO BOOST SOLAR CELL EFFICIENCY AND DURABILITY,Zenodo (CERN European Organization for Nuclear Research),repository,2026-04-29,article,en,,,,,,0,green,0
10.17863/cam.129749,10.17863/cam.129749,Journey toward a Global Understanding of Recombination in Halide Perovskites for Photovoltaic Applications,Apollo (University of Cambridge),repository,2026-04-29,article,en,,,,,,0,green,0
10.5281/zenodo.19878616,10.5281/zenodo.19878616,ENGINEERING NANOSTRUCTURED PEROVSKITE INTERFACES TO BOOST SOLAR CELL EFFICIENCY AND DURABILITY,Zenodo (CERN European Organization for Nuclear Research),repository,2026-04-29,article,en,,,,,,0,green,0
10.1002/anie.3069691,10.1002/anie.3069691,Positional Isomerism Controls Polarity and Nonlinear Optical Properties in One‐Dimensional Hybrid Germanium Halides,Angewandte Chemie International Edition,journal,2026-04-29,article,en,,,,,Tongji University,0,closed,1
10.48550/arxiv.2604.26720,10.48550/arxiv.2604.26720,Dynamic disentanglement of photoflexoelectricity and flexophotovoltage,arXiv (Cornell University),repository,2026-04-29,preprint,en,,,,,,0,green,0
10.1002/sstr.202600020,10.1002/sstr.202600020,Highly Transparent BiEDOT‐Based Conducting Polymers as Tailorable Hole Transport Materials for Perovskite Solar Cells,Small Structures,journal,2026-04-29,article,en,,,,,Parc Científic De La Universitat De València,0,gold,0
dynamic disentanglement of photoflexoelectricity and flexophotovoltage|wang,,Dynamic disentanglement of photoflexoelectricity and flexophotovoltage,arXiv (Cornell University),repository,2026-04-29,preprint,en,,,,,,0,green,0
10.1007/s44291-026-00210-1,10.1007/s44291-026-00210-1,Passive massive MIMO hybrid RF-perovskite energy harvesting frontend for LEO satellite applications,Discover Electronics,journal,2026-04-29,article,en,,,,,Manchester Metropolitan University,0,diamond,0
10.1007/s12596-026-03114-1,10.1007/s12596-026-03114-1,SCAPS-1D simulation and optimization of lead-free Cs2TiBr6/FA4GeSbCl12-based double absorber perovskite solar cells for high-efficiency photovoltaic performance,Journal of Optics,journal,2026-04-29,article,en,,,,,Dr. Ram Manohar Lohia Avadh University,0,closed,0
10.1111/jace.70783,10.1111/jace.70783,"Cesium Lead Iodide (CsPbI 3 ): Progress, Challenges, and Prospects for Multifunctional Energy Conversion",Journal of the American Ceramic Society,journal,2026-04-29,article,en,,,,,Riyadh Armed Forces Hospital,0,closed,0
10.1002/pola.70154,10.1002/pola.70154,Nitroxide Radical Conjugated Polymers: Synthesis and Application as Solid Additives for High‐Efficiency Organic and Perovskite Solar Cells,Journal of Polymer Science,journal,2026-04-29,article,en,,,,,Lanzhou Jiaotong University,0,closed,0
10.1109/jphotov.2026.3684067,10.1109/jphotov.2026.3684067,An Open Source Perovskite Solar Cell Curve Tracer,IEEE Journal of Photovoltaics,journal,2026-04-29,article,en,,,,,University Of Nebraska–lincoln,0,closed,0
10.26434/chemrxiv.15002575/v1,10.26434/chemrxiv.15002575/v1,Split-functional p-type dopants for organic semiconductors,ChemRxiv,repository,2026-04-29,preprint,en,,,,,Tifr Centre For Interdisciplinary Sciences,0,closed,1
10.1002/ange.3069691,10.1002/ange.3069691,Positional Isomerism Controls Polarity and Nonlinear Optical Properties in One‐Dimensional Hybrid Germanium Halides,Angewandte Chemie,journal,2026-04-29,article,de,,,,,Tongji University,0,closed,0
10.5281/zenodo.20034706,10.5281/zenodo.20034706,Bridging the gap - Integrating Outdoor Testing Time-Series with Synthesis Metadata for Perovskite Solar Cells,Zenodo (CERN European Organization for Nuclear Research),repository,2026-04-29,article,en,,,,,Helmholtz-zentrum Berlin Für Materialien Und Energie,0,green,0
10.5281/zenodo.20034707,10.5281/zenodo.20034707,Bridging the gap - Integrating Outdoor Testing Time-Series with Synthesis Metadata for Perovskite Solar Cells,Zenodo (CERN European Organization for Nuclear Research),repository,2026-04-29,article,en,,,,,Helmholtz-zentrum Berlin Für Materialien Und Energie,0,green,0
10.56190/jree.v4i1.68,10.56190/jree.v4i1.68,"INOVASI TEKNOLOGI SURYA GENERASI BARU UNTUK KONVERI ENERGI, INTEGRASI TERMAL, PENGERINGAN, DESALINASI, DAN BANGUNAN CERDAS",Journal Of Renewable Energy Engineering,journal,2026-04-29,article,en,,,,,State University Of Gorontalo,0,diamond,0
10.1038/s41586-026-10587-4,10.1038/s41586-026-10587-4,Continuously graded-doped SnO2 for efficient n–i–p perovskite solar cells,Nature,journal,2026-04-30,article,en,,,,,Nankai University,17,closed,0
10.1126/science.aeb7992,10.1126/science.aeb7992,Bypassing the yellow phase for extremely stable formamidinium lead iodide perovskite solar cells,Science,journal,2026-04-30,article,en,,,,,Rice University,5,closed,1
10.1021/jacs.6c04213,10.1021/jacs.6c04213,A Monolithic Artificial Leaf for Solar Methanol Production from CO 2 and H 2 O,Journal of the American Chemical Society,journal,2026-04-30,article,en,,,,,Yale University,3,closed,0
10.1016/j.ssc.2026.116447,10.1016/j.ssc.2026.116447,Impact of RF sputtering power on NiO hole transport layers and performance of lead-free FASnI3 perovskite solar cells,Solid State Communications,journal,2026-04-30,article,en,,,,,University Of Batna 1,3,closed,0
10.1016/j.chemphys.2026.113245,10.1016/j.chemphys.2026.113245,"Multiscale investigation of X2ReGaO6 (X = Na, K) oxide double perovskites: phonon stability, AIMD, and device performance",Chemical Physics,journal,2026-04-30,article,en,,,,,University Of Science And Technology Bannu,2,closed,0
10.1002/advs.75486,10.1002/advs.75486,Decoupling Intrinsic Molecular Efficacy From Platform Effects: An Interpretable Machine Learning Framework for Unbiased Perovskite Passivator Discovery,Advanced Science,journal,2026-04-30,article,en,,,,,Ningbo University Of Technology,1,gold,0
10.1002/adma.202520251,10.1002/adma.202520251,Multifunctional Conjugated Ligands Synergistically Optimize the Interface and Regulate Crystallization for High‐Performance 2D/3D Perovskite Solar Cells,Advanced Materials,journal,2026-04-30,article,en,,,,,Jiangxi Normal University,1,closed,1
10.1016/j.resconrec.2026.108972,10.1016/j.resconrec.2026.108972,"Waste material flows, land use, and environmental impacts of provincial-scale tandem perovskite photovoltaic deployment in China",Resources Conservation and Recycling,journal,2026-04-30,article,en,,,,,Beijing University Of Technology,1,closed,0
10.1016/j.chemphys.2026.113242,10.1016/j.chemphys.2026.113242,"The electronic, mechanical strength, dielectric and optical properties of lead free K2ScCuX6 (X = Cl, F) perovskites materials by first principles calculations",Chemical Physics,journal,2026-04-30,article,en,,,,,Khwaja Fareed University Of Engineering And Information Technology,1,closed,0
10.1016/j.jcis.2026.140653,10.1016/j.jcis.2026.140653,Molecular surface n-doping enables 22% efficient and highly stable inverted perovskite solar cells under 60% humidity,Journal of Colloid and Interface Science,journal,2026-04-30,article,en,,,,,Nanjing University Of Posts And Telecommunications,1,closed,0
10.1016/j.chemphys.2026.113246,10.1016/j.chemphys.2026.113246,First-principles insights into the optoelectronic and photovoltaic potential of the lead-free double perovskite Cs2NaScI6,Chemical Physics,journal,2026-04-30,article,en,,,,,Mohammed V University,1,closed,0
10.1016/j.cej.2026.176826,10.1016/j.cej.2026.176826,Multifunctional LiSCN modified SnO2 electron transport layer for efficient and stable n-i-p perovskite solar cells,Chemical Engineering Journal,journal,2026-04-30,article,en,,,,,Zhejiang Normal University,1,closed,0
10.1021/acsenergylett.6c00439,10.1021/acsenergylett.6c00439,Scalable Buried Passivation of Wide-Bandgap Perovskite Solar Cells,ACS Energy Letters,journal,2026-04-30,article,en,,,,,University Of Washington,1,closed,0
10.1021/acsenergylett.6c00313,10.1021/acsenergylett.6c00313,Achieving over 31% Efficiency in Perovskite/Silicon Tandem Solar Cells via Tripodal SAM-Induced Interface Optimization,ACS Energy Letters,journal,2026-04-30,article,en,,,,,National Cheng Kung University,1,hybrid,0
10.1002/adma.202523276,10.1002/adma.202523276,Rational Design of Rhodanine‐Based Hole‐Selective Layers for Optimizing Interfacial Passivation in High‐Performance Wide‐Bandgap Perovskite Solar Cells,Advanced Materials,journal,2026-04-30,article,en,,,,,Ming Chi University Of Technology,0,closed,1
10.1002/cssc.70668,10.1002/cssc.70668,Synergistic Interfacial Lewis‐Base Interactions Enable Wide‐Bandgap Semitransparent Perovskite Solar Cells with 4.19% Light‐Utilization Efficiency and Enhanced Stability,ChemSusChem,journal,2026-04-30,article,en,,,,,Nanjing University Of Posts And Telecommunications,0,closed,0
10.1002/solr.70358,10.1002/solr.70358,Synergistic Dual‐Interface Modification and Crystallization Regulation for Efficient and Stable Inorganic Perovskite Solar Cells Based on Carbon Electrode,Solar RRL,journal,2026-04-30,article,en,,,,,Beihang University,0,closed,1
10.1007/s11665-026-14029-0,10.1007/s11665-026-14029-0,Modeling the Proton Irradiation Resilience of Perovskite Solar Cells,Journal of Materials Engineering and Performance,journal,2026-04-30,article,en,,,,,Asia University,0,hybrid,0
10.1142/s0217984926501290,10.1142/s0217984926501290,Interfacial engineering with reduced graphene oxide for high-performance perovskite solar cells,Modern Physics Letters B,journal,2026-04-30,article,en,,,,,University Of Baghdad,0,closed,0
10.1142/s0217984926501423,10.1142/s0217984926501423,MOF-808-modified TiO 2 /perovskite interfaces for enhanced efficiency and stability in perovskite solar cells,Modern Physics Letters B,journal,2026-04-30,article,en,,,,,King Saud University,0,closed,0
10.1007/s11664-026-12877-z,10.1007/s11664-026-12877-z,Modeling the Proton-Irradiation Impact on the Characteristics of Hybrid (MAPbI3) and Inorganic (CsPbI3) Perovskite Solar Cells,Journal of Electronic Materials,journal,2026-04-30,article,en,,,,,Kuwait University,0,closed,0
10.1016/j.apsusc.2026.167065,10.1016/j.apsusc.2026.167065,Simultaneous optimization of lead sequestration and electron transport layer via edible xylitol toward stable perovskite photovoltaics,Applied Surface Science,journal,2026-04-30,article,en,,,,,Northwestern Polytechnical University,0,hybrid,0
10.3390/nano16090553,10.3390/nano16090553,Synthesis and Perspectives of Oriented Growth of Double-Perovskite Cs2SnI6 in the Presence of Antimony,Nanomaterials,journal,2026-04-30,article,en,,,,,Lomonosov Moscow State University,0,gold,0
10.1016/j.orgel.2026.107429,10.1016/j.orgel.2026.107429,Y-shaped alkylsilyl-substituted small molecules with tunable oligothiophene spacers for dopant-free perovskite solar cells,Organic Electronics,journal,2026-04-30,article,en,,,,,,0,closed,0
10.1016/j.matchemphys.2026.132560,10.1016/j.matchemphys.2026.132560,A novel pulsed vapor-phase antisolvent approach for perovskite layer deposition in solar cells,Materials Chemistry and Physics,journal,2026-04-30,article,en,,,,,University Of Guilan,0,closed,0
10.17977/um067v6i42026p2,10.17977/um067v6i42026p2,Simulation Study of High Performance Thin Film Solar Cell Based of Perovskite n- CdS/p- CH3NH3SnI3,Jurnal MIPA dan Pembelajarannya,journal,2026-04-30,article,en,,,,,Salahaddin University-erbil,0,hybrid,0
10.5281/zenodo.21254834,10.5281/zenodo.21254834,"A Review on Advancements in Solar Cell Technology for Sustainable Energy in India @2047""",Zenodo (CERN European Organization for Nuclear Research),repository,2026-04-30,article,en,,,,,Government Of Andhra Pradesh,0,green,0
10.5281/zenodo.21254835,10.5281/zenodo.21254835,"A Review on Advancements in Solar Cell Technology for Sustainable Energy in India @2047""",Zenodo (CERN European Organization for Nuclear Research),repository,2026-04-30,article,en,,,,,Government Of Andhra Pradesh,0,green,0
10.3390/app16094429,10.3390/app16094429,"Orbital-Driven Stability and Multifunctional Response in XYO3 (X = Nb, Ta; Y = Ag, Au) Cubic Perovskites: A First-Principles Study",Applied Sciences,journal,2026-05-01,article,en,,,,,Medical University Of Warsaw,7,gold,0
10.1016/j.rechem.2026.103377,10.1016/j.rechem.2026.103377,Learning metal-organic framework-derived materials: Fundamentals and applications in energy conversion and storage,Results in Chemistry,journal,2026-05-01,article,en,,,,,Dr. M.g.r. Educational And Research Institute,4,gold,0
10.1016/j.mseb.2026.119522,10.1016/j.mseb.2026.119522,Numerical analysis and performance optimization of ITO/ZnO/PCBM/CH3NH3PbI3/Spiro-OMeTAD/Au perovskite solar cells,Materials Science and Engineering B,journal,2026-05-01,article,en,,,,,Yancheng,3,closed,0
10.1002/adts.70406,10.1002/adts.70406,High‐Efficiency Bifacial Perovskite Solar Cell With Optimization of Tilt Angle and Albedo,Advanced Theory and Simulations,journal,2026-05-01,article,en,,,,,Netaji Subhas University Of Technology,3,closed,0
10.1002/asia.70789,10.1002/asia.70789,Comprehensive Investigation on the Mechanisms Underlying Perovskite Solar Cells' Deterioration and Durability Improvement,Chemistry - An Asian Journal,journal,2026-05-01,article,en,,,,,National,3,closed,0
10.1021/acsami.6c04033,10.1021/acsami.6c04033,From Part to Whole: Advances against Perovskite Phase Segregation in Subcells for Stable Tandem Photovoltaics,ACS Applied Materials & Interfaces,journal,2026-05-01,article,en,,,,,Xiamen University,2,closed,0
10.1002/nano.70145,10.1002/nano.70145,Understanding Pressure‐Induced Photovoltaic Performance of Lead‐Free Ca 3 BiI 3 Perovskite: A DFT and SCAPS‐1D Simulations Study,Nano Select,journal,2026-05-01,article,en,,,,,Khulna University Of Engineering And Technology,2,gold,0
10.1016/j.joule.2026.102484,10.1016/j.joule.2026.102484,Molecular coordination stabilizes built-in electric fields for efficient perovskite solar cells,Joule,journal,2026-05-01,article,en,,,,,Shenzhen University,2,closed,0
10.1002/cnl2.70171,10.1002/cnl2.70171,"Halide Phase Segregation in Wide‐Bandgap Perovskite Photovoltaics: Mechanisms, Advanced Characterization, and Rational Mitigation Strategies Toward Stable Solar Cells",Carbon Neutralization,journal,2026-05-01,article,en,,,,,Wuhan University Of Technology,2,diamond,1
10.1002/smll.73595,10.1002/smll.73595,Manipulating Buried Interface via Aromatic Amino Acid Derivatives for Wide‐Bandgap Perovskite Solar Cells and Tandem Devices,Small,journal,2026-05-01,article,en,,,,,Xi'an Jiaotong University,1,closed,1
10.1002/anie.3088935,10.1002/anie.3088935,Multidentate Chelation Modulates PbI 2 Crystallization and Buried‐Interface Formation in Perovskite Solar Cells,Angewandte Chemie International Edition,journal,2026-05-01,article,en,,,,,Qingdao University Of Science And Technology,1,closed,1
10.1038/s41598-026-49984-0,10.1038/s41598-026-49984-0,"Compressional strain-driven tuning of structural, optical, electronic, mechanical and thermodynamic attributes of double perovskite oxide BaLaSrBiO6 for renewable energy devices",Scientific Reports,journal,2026-05-01,article,en,,,,,University Of Management And Technology,1,gold,0
10.1016/j.nxmate.2026.102127,10.1016/j.nxmate.2026.102127,Modeling and experimental investigation of perovskite/black silicon/silicon tandem solar cells,Next Materials,journal,2026-05-01,article,en,,,,,National Polytechnic University Of Armenia,1,gold,0
10.1002/adts.202501793,10.1002/adts.202501793,Improving the Comprehensive Modeling Framework for Energy Yield Simulations of Various Novel Photovoltaic Systems,Advanced Theory and Simulations,journal,2026-05-01,article,en,,,,,Delft University Of Technology,1,hybrid,0
10.1016/j.scenem.2026.100044,10.1016/j.scenem.2026.100044,Phase segregation mechanism and suppression in wide-bandgap perovskites toward efficient and stable perovskite/silicon tandem solar cells,Sustainable Chemistry for Energy Materials,journal,2026-05-01,article,en,,,,,Ocean University Of China,1,gold,0
10.1016/j.nanoso.2026.101663,10.1016/j.nanoso.2026.101663,Innovative technologies for solar energy conversion: A review of emerging materials and their efficiency trends,Nano-Structures & Nano-Objects,journal,2026-05-01,article,en,,,,,University Of Wah,1,closed,0
10.1002/aenm.70883,10.1002/aenm.70883,Multimodal Strategy for Efficient Semi‐Transparent Perovskite Solar Cells and Modules with Record Indoor Performance (Adv. Energy Mater. 17/2026),Advanced Energy Materials,journal,2026-05-01,article,en,,,,,University College London,1,closed,1
10.1007/s10854-026-17465-9,10.1007/s10854-026-17465-9,Comparative study of SCAPS-1D simulation of ETL effects and device parameters in lead-free MASnI3 and FASnI3 perovskite solar cell,Journal of Materials Science Materials in Electronics,journal,2026-05-01,article,en,,,,,Vellore,1,closed,0
10.1088/1674-4926/26020044,10.1088/1674-4926/26020044,Improved solvent systems for the commercialization of perovskite photovoltaic modules,Journal of Semiconductors,journal,2026-05-01,article,en,,,,,Nanchang University,1,bronze,0
10.1088/1674-4926/25120041,10.1088/1674-4926/25120041,Defect and stress co-management via bifunctional molecular engineering for high-efficiency and stable CsPbI 3 perovskite solar cells,Journal of Semiconductors,journal,2026-05-01,article,en,,,,,North China Electric Power University,1,closed,0
10.1016/j.esci.2026.100601,10.1016/j.esci.2026.100601,Where photons should be regulated: Optically first charge-transport layers for bifacial perovskite photovoltaics,eScience,journal,2026-05-01,article,en,,,,,Xiamen University,1,diamond,1
10.1016/j.joule.2026.102488,10.1016/j.joule.2026.102488,Disentangling ion migration from artifacts in high-fidelity ToF-SIMS depth profiling of perovskite solar cells,Joule,journal,2026-05-01,article,en,,,,,Hasselt University,1,hybrid,1
10.1016/j.joule.2026.102492,10.1016/j.joule.2026.102492,Homogeneously distributed self-assembled molecules for efficient and scalable perovskite/silicon tandem solar cells,Joule,journal,2026-05-01,article,en,,,,,Collaborative Innovation Center Of Advanced Microstructures,1,closed,0
10.1016/j.joule.2026.102495,10.1016/j.joule.2026.102495,Octahedral distortion-induced defect formation leads to Sn(II) oxidation in perovskite tandem solar cells,Joule,journal,2026-05-01,article,en,,,,,Foshan University,1,closed,0
10.1007/s10854-026-17385-8,10.1007/s10854-026-17385-8,Highly efficient dual-absorber BaZrS3/CaZrSe3 chalcogenide perovskite solar cells: A SCAPS-1D simulation study,Journal of Materials Science Materials in Electronics,journal,2026-05-01,article,en,,,,,National,1,closed,0
10.1002/adfm.75644,10.1002/adfm.75644,"Inorganic‐Organic Synergistic Passivation via Grain Boundary‐Selective ALD‐Al 2 O 3 and Piperazine‐1,4‐diium Iodide for Efficient Wide‐Bandgap Perovskite Solar Cells",Advanced Functional Materials,journal,2026-05-01,article,en,,,,,Huaqiao University,1,closed,1
10.1002/slct.73411,10.1002/slct.73411,Computational Design and Optimization of a Novel Non‐Toxic KGeI 3 ‐Based All‐Inorganic Perovskite Solar Cell Using DFT and SCAPS‐1D,ChemistrySelect,journal,2026-05-01,article,en,,,,,Chittagong University Of Engineering & Technology,1,closed,0
10.1016/j.surfin.2026.109469,10.1016/j.surfin.2026.109469,Tailoring a p-type NiO transparent conductive interconnect layer for perovskite/silicon tandem solar cells,Surfaces and Interfaces,journal,2026-05-01,article,en,,,,,Suzhou,0,green,0
10.5281/zenodo.19710244,10.5281/zenodo.19710244,"Hybrid Heating System v2: Cheaper · More Ecological · Better Than a Heat Pump — Bio‑PCM, Chitosan Encapsulation, Perovskite Roof Option, Tunable Fatty Acid Mix",Zenodo (CERN European Organization for Nuclear Research),repository,2026-05-01,article,en,,,,,,0,green,0
10.1021/acs.orglett.6c01152,10.1021/acs.orglett.6c01152,Mechanosynthesis of [60]Fullerene-Fused Tetrahydropyridines with Magnesium Nitride as the Nitrogen Source,Organic Letters,journal,2026-05-01,article,en,,,,,University Of Science And Technology Of China,0,closed,0
10.5281/zenodo.19951226,10.5281/zenodo.19951226,"PAO Perovskite Solar Cells: The Solar Revolution That Is Already Here — Complete Physics, Manufacturing, Economics, and a Falsifiable Three‑Junction Bandgap Prediction",Zenodo (CERN European Organization for Nuclear Research),repository,2026-05-01,article,en,,,,,,0,green,0
10.5281/zenodo.19958154,10.5281/zenodo.19958154,"Hybrid Heating System v2: Cheaper · More Ecological · Better Than a Heat Pump — Bio‑PCM, Chitosan Encapsulation, Perovskite Roof Option, Tunable Fatty Acid Mix",Zenodo (CERN European Organization for Nuclear Research),repository,2026-05-01,article,en,,,,,,0,green,0
10.1002/adts.202502229,10.1002/adts.202502229,Unravelling Hybrid AI–SCAPS‐1D Framework for 29% Efficient CsSnGeI 3 /DNMO Dual‐Absorber Perovskite Solar Cells,Advanced Theory and Simulations,journal,2026-05-01,article,en,,,,,Begum Rokeya University,0,closed,0
10.1016/j.nxmate.2026.102158,10.1016/j.nxmate.2026.102158,Performance optimization of lead-free KGeCl3 solar cells using SCAPS-1D and stacked machine learning models,Next Materials,journal,2026-05-01,article,en,,,,,Jamia Millia Islamia,0,gold,0
10.3390/en19092196,10.3390/en19092196,Structural and Morphological Evaluation of Air-Processed Cs3Sb2I9 Perovskite Thin Film in Ambient Conditions,Energies,journal,2026-05-01,article,en,,,,,Charles Darwin University,0,gold,0
10.1557/s43578-026-01846-1,10.1557/s43578-026-01846-1,Enhanced efficiency of perovskite solar cells utilizing Cs2BiAgI6 absorber with optimized charge transport layers using simulations,Journal of materials research/Pratt's guide to venture capital sources,journal,2026-05-01,article,en,,,,,University Of Lucknow,0,closed,0
10.1016/j.nxmate.2026.102169,10.1016/j.nxmate.2026.102169,'A’-Site cation doping: A strategy to explore air-stable hybrid halide perovskite,Next Materials,journal,2026-05-01,article,en,,,,,Savitribai Phule Pune University,0,gold,0
10.1002/ange.3088935,10.1002/ange.3088935,Multidentate Chelation Modulates PbI 2 Crystallization and Buried‐Interface Formation in Perovskite Solar Cells,Angewandte Chemie,journal,2026-05-01,article,de,,,,,Qingdao University Of Science And Technology,0,closed,0
10.1002/advs.75233,10.1002/advs.75233,Redox‐Active NiO x ‐Catalyzed Li + Capture‐Extraction Strategy for t BP‐Free Spiro‐OMeTAD Enables Exceptional Damp‐Heat Stability in Perovskite Solar Cells (Adv. Sci. 25/2026),Advanced Science,journal,2026-05-01,article,en,,,,,,0,gold,0
10.1016/j.jechem.2026.04.053,10.1016/j.jechem.2026.04.053,Development of manufacturing towards the commercialization of perovskite solar modules,Journal of Energy Chemistry,journal,2026-05-01,article,en,,,,,China University Of Geosciences (beijing),0,closed,0
10.1016/j.cocom.2026.e01316,10.1016/j.cocom.2026.e01316,Niobate based perovskite oxides for efficient photovoltaic device applications: Impact of bandgap engineering,Computational Condensed Matter,journal,2026-05-01,article,en,,,,,University Of Sargodha,0,closed,0
10.1088/2058-8585/ae670e,10.1088/2058-8585/ae670e,Research progress of gravure printing solar cells,Flexible and Printed Electronics,journal,2026-05-01,article,en,,,,,Suzhou,0,hybrid,0
10.1002/adfm.75664,10.1002/adfm.75664,In Situ Sulfur‐Supplementation Toward Efficient PbS Quantum Dot Photovoltaics for Tandem Applications,Advanced Functional Materials,journal,2026-05-01,article,en,,,,,Henan University Of Technology,0,closed,1
10.1016/j.mtchem.2026.103654,10.1016/j.mtchem.2026.103654,Hydrogen-bond triggered dimethylammonium removal enables surface-reconstructed CsPbI3 perovskite solar cells,Materials Today Chemistry,journal,2026-05-01,article,en,,,,,Zhejiang Sci-tech University,0,closed,0
10.1002/ceur.70298,10.1002/ceur.70298,"Lead Halide Perovskite‐Based Nanoheterostructures: Design, Properties, and Applications",ChemistryEurope,journal,2026-05-01,article,en,,,,,City University Of Hong Kong,0,diamond,0
10.1002/bkcs.70164,10.1002/bkcs.70164,Enantiomeric engineering of chiral perovskite interface for enhanced operational durability of perovskite solar cells,Bulletin of the Korean Chemical Society,journal,2026-05-01,article,en,,,,,Hong Kong University Of Science And Technology,0,hybrid,0
10.1134/s1063782625604728,10.1134/s1063782625604728,Optimizing the ABX3 Perovskite/Transport Layer Interface in the Perovskite Solar Cell: Interfacial Layer Selection for Tripartite Heterostructures through Defect Passivation,Semiconductors,journal,2026-05-01,article,en,,,,,Psg,0,closed,0
10.1016/j.matlet.2026.140803,10.1016/j.matlet.2026.140803,Numerical study of broadband high-absorption MAPbBr3 perovskite-based metamaterial absorber in visible-infrared region,Materials Letters,journal,2026-05-01,article,en,,,,,Huainan Normal University,0,closed,0
10.1016/j.materresbull.2026.114201,10.1016/j.materresbull.2026.114201,SnO2 as the champion electron transporting layer for nanostructured FAPbI3 perovskite photovoltaics: A SCAPS-1D,Materials Research Bulletin,journal,2026-05-01,article,en,,,,,University Of Mohaghegh Ardabili,0,closed,0
10.1088/1402-4896/ae6956,10.1088/1402-4896/ae6956,Enhancing the efficiency and stability of inverted perovskite solar cells through a dual passivation strategy,Physica Scripta,journal,2026-05-01,article,en,,,,,Chongqing University Of Science And Technology,0,closed,0
10.31349/revmexfis.72.031001,10.31349/revmexfis.72.031001,"A comprehensive DFT and SCAPS simulation study of the structural, electronic, elastic, optical, thermoelectric, and photovoltaic properties of the double perovskite Cs2PbSnBr6",Revista Mexicana de Física,journal,2026-05-01,article,en,,,,,,0,diamond,0
10.1063/5.0315071,10.1063/5.0315071,Photovoltaic performance of lead-free MASnI3-based perovskite solar cells with kesterite hole transport materials,AIP Advances,journal,2026-05-01,article,en,,,,,Leading University,0,gold,0
10.1016/j.jallcom.2026.188511,10.1016/j.jallcom.2026.188511,Study on energy level matching and carrier transport mechanism of Cs2CuBiBr6 dual perovskite solar cells,Journal of Alloys and Compounds,journal,2026-05-01,article,en,,,,,Shandong University,0,closed,0
10.1002/smsc.70298,10.1002/smsc.70298,"Achieving 27.7% Efficiency with a Mechanically Stacked, Four‐Terminal Perovskite/InGaAsP Tandem Solar Cell",Small Science,journal,2026-05-01,article,en,,,,,Australian National University,0,gold,0
10.1007/s10854-026-17466-8,10.1007/s10854-026-17466-8,Dimensional synergy for next-generation photovoltaics: high-performance Dion-Jacobson 2D-3D perovskite solar cells,Journal of Materials Science Materials in Electronics,journal,2026-05-01,article,en,,,,,Madan Mohan Malaviya University Of Technology,0,closed,0
10.1002/cptc.202500302,10.1002/cptc.202500302,Photoluminescence Quenching and Dynamics of FAPbBr 3 Perovskite Nanocrystals With CuBr,ChemPhotoChem,journal,2026-05-01,article,en,,,,,University Of Hyderabad,0,closed,0
10.1002/open.70218,10.1002/open.70218,Compositional Tuning of Barium Titanium Trisulphide‐Based Perovskite Chalcogenides: Manganese and Selenium Substitution Effects on Electronic and Transport Properties,ChemistryOpen,journal,2026-05-01,article,en,,,,,King Abdulaziz University,0,gold,0
10.1016/j.cclet.2026.112922,10.1016/j.cclet.2026.112922,Superbase amino acid ionic liquids regulate 2D/3D heterostructures for stable perovskite solar cells,Chinese Chemical Letters,journal,2026-05-01,article,en,,,,,Harbin,0,closed,0
10.1016/j.joule.2026.102483,10.1016/j.joule.2026.102483,Stabilizing interconnecting layers for all-perovskite tandem photovoltaics,Joule,journal,2026-05-01,article,en,,,,,Wuhan National Laboratory For Optoelectronics,0,closed,0
10.1002/adpr.202500333,10.1002/adpr.202500333,"Infrared Detection in Perovskite Solar Cells Enhanced by NaYGdF 4 :Yb 3+ , Er 3+ Up‐Conversion Nanoparticles",Advanced Photonics Research,journal,2026-05-01,article,en,,,,,Universidad Rey Juan Carlos,0,gold,1
10.1016/j.jallcom.2026.188645,10.1016/j.jallcom.2026.188645,Simultaneous excess PbI2 management and promoted band alignment by interface modulation for highly efficient perovskite solar cells,Journal of Alloys and Compounds,journal,2026-05-01,article,en,,,,,Southwest Petroleum University,0,closed,0
10.1016/j.joule.2026.102482,10.1016/j.joule.2026.102482,Elongated fullerene unlocks oxygen-resistant perovskite solar minimodules,Joule,journal,2026-05-01,article,en,,,,,University Of North Carolina At Chapel Hill,0,closed,0
10.1007/s10854-026-17470-y,10.1007/s10854-026-17470-y,Fluorene-based hole transport material for efficient perovskite solar cells with low cost and scalable application,Journal of Materials Science Materials in Electronics,journal,2026-05-01,article,en,,,,,Research Centre Imarat,0,closed,0
10.1002/slct.73496,10.1002/slct.73496,Advanced Tuning of Optoelectronic and Structural Parameters in Cs 2 AgBiI 6 ‐Based Lead‐Free Perovskite Solar Cells: Toward 28.95% Efficiency,ChemistrySelect,journal,2026-05-01,article,en,,,,,Indian,0,closed,0
10.1016/j.newton.2026.100527,10.1016/j.newton.2026.100527,Mechanistic control of stick-slip instability in fragile thin-film energy devices,Newton,journal,2026-05-01,article,en,,,,,King Abdullah University Of Science And Technology,0,hybrid,0
10.1007/s10854-026-17254-4,10.1007/s10854-026-17254-4,"Electrical characterisation of vacuum-deposited, fully inorganic CsPbBr$${}_3$$ solar cells",Journal of Materials Science Materials in Electronics,journal,2026-05-01,article,en,,,,,University Of Pretoria,0,hybrid,0
10.1088/2631-8695/ae702c,10.1088/2631-8695/ae702c,Device optimization and activation energy engineering for suppressed interfacial recombination at the ETL/absorber interface,Engineering Research Express,journal,2026-05-01,article,en,,,,,Visvesvaraya National,0,closed,0
10.1111/jace.70865,10.1111/jace.70865,Effect of Br Substitution on KBeCl 3 : Optoelectronic and Mechanical Properties via First‐Principle Calculations,Journal of the American Ceramic Society,journal,2026-05-01,article,en,,,,,Lovely Professional University,0,closed,0
10.1002/ente.70516,10.1002/ente.70516,FAPb 1−y Zn y I 3−x Br x Nanocrystals‐Based Perovskite‐Sensitized Solar Cell With Polymer Gel Electrolyte: A New Approach to Dye Sensitization,Energy Technology,journal,2026-05-01,article,en,,,,,Diamond Harbour Women's University,0,closed,1
10.1007/s10854-026-17581-6,10.1007/s10854-026-17581-6,Simulation of a high-efficiency lead-free ITO/PCBM/CH3NH3SnI3/CuSCN solar cell using SCAPS-1D,Journal of Materials Science Materials in Electronics,journal,2026-05-01,article,en,,,,,Reva University,0,closed,0
10.1002/pssr.70176,10.1002/pssr.70176,Mn 2+ ‐Doped CsPbCl 3 Perovskite Quantum Dots@Ethyl Cellulose Composite Films With Down‐Conversion Luminescent Properties Through Ultrasonic Spray Coating Technology,physica status solidi (RRL) - Rapid Research Letters,journal,2026-05-01,article,en,,,,,Hebei University,0,closed,0
10.1002/adts.70431,10.1002/adts.70431,Molecular Engineering of Asymmetric Carbazole‐Based Benzene Ring Linker Self‐Assembled Monolayers for Efficient Perovskite Solar Cells,Advanced Theory and Simulations,journal,2026-05-01,article,en,,,,,Wenzhou University,0,closed,0
10.1007/s10854-026-17585-2,10.1007/s10854-026-17585-2,Experimental and theoretical study of the adsorption and photophysical properties of rhodamine B on BaTiO3 for dye-sensitized solar cell applications,Journal of Materials Science Materials in Electronics,journal,2026-05-01,article,en,,,,,University Of Sciences And Technology Houari Boumediene,0,closed,0
10.1002/cnl2.70174,10.1002/cnl2.70174,Scalable Fabrication of Perovskite Solar Cells and Modules,Carbon Neutralization,journal,2026-05-01,article,en,,,,,Beijing University Of Chemical Technology,0,diamond,1
10.1063/5.0316301,10.1063/5.0316301,Voltage-matched all-perovskite multijunction bifacial solar modules for albedo utilization and vertical photovoltaics: Modeling and energy-yield analyses,Journal of Renewable and Sustainable Energy,journal,2026-05-01,article,en,,,,,Toyota Central Research And Development Laboratories (japan),0,closed,0
10.1063/5.0329087,10.1063/5.0329087,From theory to practice: Reassessing the Shockley–Queisser limit for next-generation solar cells,Journal of Renewable and Sustainable Energy,journal,2026-05-01,article,en,,,,,,0,closed,0
10.55041/ijsrem.nep028,10.55041/ijsrem.nep028,Mathematical Modeling of Perovskite Solar Cells for Efficient Energy Harvesting,INTERANTIONAL JOURNAL OF SCIENTIFIC RESEARCH IN ENGINEERING AND MANAGEMENT,journal,2026-05-01,article,en,,,,,,0,closed,0
10.17863/cam.131297,10.17863/cam.131297,Triple-decker solar cells reach efficiency milestone,Apollo (University of Cambridge),repository,2026-05-01,article,en,,,,,,0,green,0
10.1016/j.photonics.2026.101606,10.1016/j.photonics.2026.101606,Better light harvesting in solar cells using plasmonic wire grating structures,Photonics and Nanostructures - Fundamentals and Applications,journal,2026-05-01,article,en,,,,,,0,closed,0
in situ growth of lead free perovskite on polyvinylpyrrolidone pvp fibers using forcespinning technology for photovoltaic applications|toledo,,In-Situ Growth of Lead-Free Perovskite on Polyvinylpyrrolidone (PVP) Fibers Using Forcespinning Technology for Photovoltaic Applications,ScholarWorks @ UTRGV (The University of Texas Rio Grande Valley),repository,2026-05-01,article,en,,,,,The University Of Texas Rio Grande Valley,0,closed,0
structure property engineering of sn based hybrid perovskites via bulky organic cation incorporation from 3d to 2d architectures|alejandro,,Structure–Property Engineering of Sn-Based Hybrid Perovskites via Bulky Organic Cation Incorporation: From 3D to 2D Architectures,ScholarWorks @ UTRGV (The University of Texas Rio Grande Valley),repository,2026-05-01,article,en,,,,,The University Of Texas Rio Grande Valley,0,green,0
10.1016/j.apsusc.2026.167045,10.1016/j.apsusc.2026.167045,Interface engineering of PEDOT:PSS with imidazolium bromide to reduce interfacial defects and enhance the stability of perovskite solar cells,Applied Surface Science,journal,2026-05-02,article,en,,,,,Chongqing Normal University,3,closed,0
10.1016/j.cej.2026.176946,10.1016/j.cej.2026.176946,Recent advances in engineering PEDOT:PSS hole transport layers for narrow-bandgap Sn–Pb perovskite solar cells,Chemical Engineering Journal,journal,2026-05-02,article,en,,,,,,1,closed,0
10.1016/j.comptc.2026.115850,10.1016/j.comptc.2026.115850,"A complete DFT search integrating the Hubbard U parameter, the TB-mBJ potential, and spin-orbit coupling with regard to the properties of the Ba2FeUO6 compound.",Computational and Theoretical Chemistry,journal,2026-05-02,article,en,,,,,Hassiba Benbouali University Of Chlef,1,closed,0
10.1038/s41598-026-48441-2,10.1038/s41598-026-48441-2,Multiscale quantum-to-device simulation framework for Ca3AsBr3 perovskite solar cells: engineering efficient electron transport layers,Scientific Reports,journal,2026-05-02,article,en,,,,,Begum Rokeya University,0,gold,0
10.3390/cryst16050302,10.3390/cryst16050302,Impact of Bonding Temperature on the Interfacial Stability and Degradation Mechanisms of Perovskite Solar Cells,Crystals,journal,2026-05-02,article,en,,,,,Technical University Of Sofia,0,gold,0
10.1002/aenm.70997,10.1002/aenm.70997,Engineering Pathways Toward Stable and Efficient Flexible Perovskite Solar Cells,Advanced Energy Materials,journal,2026-05-02,article,en,,,,,Guangdong University Of Technology,0,closed,1
10.1016/j.solmat.2026.114396,10.1016/j.solmat.2026.114396,Enhancing the efficiency of commercial solar cells through surface patterning via a simple method of nano/micro perovskite wire fabrication,Solar Energy Materials and Solar Cells,journal,2026-05-02,article,en,,,,,University Of Tabriz,0,closed,0
10.1021/acsenergylett.6c01038,10.1021/acsenergylett.6c01038,Photochemical Iodine Immobilization for Stabilizing Wide-Bandgap Perovskite Solar Cells,ACS Energy Letters,journal,2026-05-02,article,en,,,,,State,0,closed,0
10.1016/j.carbon.2026.121647,10.1016/j.carbon.2026.121647,Microstructure-controlled charge transport in disordered carbon electrodes for HTM-free perovskite solar cells,Carbon,journal,2026-05-02,article,en,,,,,University Of Hyogo,0,closed,0
10.1016/j.cej.2026.176948,10.1016/j.cej.2026.176948,Tailored self-assembled molecule for efficient charge extraction and enhanced crystallization in wide-bandgap perovskite solar cells,Chemical Engineering Journal,journal,2026-05-02,article,en,,,,,Wuhan National Laboratory For Optoelectronics,0,closed,0
10.51646/jsesd.v14i2.670,10.51646/jsesd.v14i2.670,"Structural, Electronic, Optical, and Mechanical properties of BaTiO₃ Under Pressure: Using Fitting Tools to Create Predictive Functions for Mechanical Properties in Photovoltaic and 3D Printing Applications",Solar Energy and Sustainable Development,journal,2026-05-03,article,en,,,,,Université Sultan Moulay Slimane,2,diamond,0
10.1021/acs.langmuir.6c00500,10.1021/acs.langmuir.6c00500,"3,5-Dinitrobenzoic Acid Enables Stable and Efficient HTL-Free MAPbI 3 Perovskite Solar Cells",Langmuir,journal,2026-05-03,article,en,,,,,Srm Dental College,1,closed,0
10.5281/zenodo.19999059,10.5281/zenodo.19999059,"PAO Perovskite Solar Cells: The Solar Revolution That Is Already Here — Complete Physics, Manufacturing, Economics, and a Falsifiable Three‑Junction Bandgap Prediction",Zenodo (CERN European Organization for Nuclear Research),repository,2026-05-03,article,en,,,,,,0,green,0
10.1016/j.jmgm.2026.109432,10.1016/j.jmgm.2026.109432,Regulation of charge transfer and photophysical properties of porphyrin-based hole transport materials by functional group substitution: DFT and TD-DFT investigations,Journal of Molecular Graphics and Modelling,journal,2026-05-03,article,en,,,,,Northeast Forestry University,0,closed,0
10.1007/s11664-026-12882-2,10.1007/s11664-026-12882-2,"Electronic, Optical, and Thermodynamic Properties of 2D RbSnI3 Perovskite: A Promising Lead-Free Material for Infrared Optoelectronics",Journal of Electronic Materials,journal,2026-05-03,article,en,,,,,Parul University,0,closed,0
10.1021/acs.chemrev.5c00740,10.1021/acs.chemrev.5c00740,Oriented Nucleation and Growth of Halide Perovskites,Chemical Reviews,journal,2026-05-04,article,en,,,,,Westlake University,3,closed,1
10.1021/acsenergylett.6c00227,10.1021/acsenergylett.6c00227,Solution-Processed SnO X Layers of an Inverted Wide-Bandgap Perovskite Sub-Cell Enable 28.43%-Efficient All-Perovskite Tandem Photovoltaics,ACS Energy Letters,journal,2026-05-04,article,en,,,,,Tianjin University Of Technology,1,closed,1
10.1016/j.mssp.2026.110738,10.1016/j.mssp.2026.110738,Acetylsalicylic acid as a crystallization modulator for one-step deposited MAPbI3 in inverted perovskite solar cells,Materials Science in Semiconductor Processing,journal,2026-05-04,article,en,,,,,Universidad De Los Andes,1,hybrid,0
10.1002/cey2.70227,10.1002/cey2.70227,1D/3D Heterojunction for High‐Efficiency Hole‐Transport Layer‐Free Carbon‐Based Wide‐Bandgap Perovskite Solar Cells,Carbon Energy,journal,2026-05-04,article,en,,,,,Shaoguan University,1,gold,1
10.1021/acsami.6c01689,10.1021/acsami.6c01689,Bilayer Hole-Selective Contact Enhancing Hole Extraction for Efficient Inverted Wide-Bandgap Perovskite Solar Cells,ACS Applied Materials & Interfaces,journal,2026-05-04,article,en,,,,,Sichuan University,0,closed,0
10.1063/5.0323660,10.1063/5.0323660,Molecular engineering of self-assembled monolayers for proton radiation-hardened flexible perovskite solar cells,Applied Physics Letters,journal,2026-05-04,article,en,,,,,Shanghai University,0,closed,0
10.1021/acs.jpclett.6c00702,10.1021/acs.jpclett.6c00702,Vacuum–Temperature Synergistic Effects on Phase Stability and Carrier Mobility of Lead-triiodide Perovskites,The Journal of Physical Chemistry Letters,journal,2026-05-04,article,en,,,,,Of The People's Republic Of China,0,closed,1
10.1038/s41598-026-50909-0,10.1038/s41598-026-50909-0,Design and numerical investigation of perovskite solar cells with stacked bilayer absorber and P3HT/graphene hole transport layer,Scientific Reports,journal,2026-05-04,article,en,,,,,Tarbiat Modares University,0,gold,0
10.1021/acs.energyfuels.6c00825,10.1021/acs.energyfuels.6c00825,"Review on Synergistic Pb 2+ Management in Perovskite Solar Cells: Multifunctional Materials, Mechanistic Pathways, Circular Solutions and Perspectives",Energy & Fuels,journal,2026-05-04,article,en,,,,,Ningbo University Of Technology,0,closed,0
10.1016/j.cocom.2026.e01325,10.1016/j.cocom.2026.e01325,"Ab-initio investigation of hydrostatic pressure-dependent structural, electronic, mechanical, and optical properties of XMgI3 (X=Ga, In) perovskites",Computational Condensed Matter,journal,2026-05-04,article,en,,,,,Tribhuvan University,0,closed,0
10.1002/adma.73286,10.1002/adma.73286,"Interface‐Triggered Bulk Electrical Coupling in SnO 2 via Mesoscopic Chemical Reconfiguration for Scalable, High‐Efficiency Perovskite Photovoltaics",Advanced Materials,journal,2026-05-04,article,en,,,,,Dalian University Of Technology,0,closed,1
10.1016/j.nxener.2026.100645,10.1016/j.nxener.2026.100645,"Device-level simulation of lead-free perovskite solar cells (MASnI3, MASnBr3, and MABiI3): A comparative study using SCAPS-1D",Next Energy,journal,2026-05-04,article,en,,,,,Islamic University,0,gold,0
10.1021/acsaem.6c00709,10.1021/acsaem.6c00709,Vapor-Deposited MASn x Pb 1− x I 3 Perovskites: Compositional Control and Performance Limitations,ACS Applied Energy Materials,journal,2026-05-04,article,en,,,,,Universitat De València,0,hybrid,0
10.54392/irjmt2634,10.54392/irjmt2634,"From Champion Cells to Bankable Modules: Stability, Scalable Manufacturing, and Standardized Reliability Testing for Perovskite Photovoltaics",International Research Journal of Multidisciplinary Technovation,journal,2026-05-04,article,en,,,,,,0,diamond,0
10.1002/adfm.75697,10.1002/adfm.75697,Thermo‐Mechanically Robust Inverted Perovskite Solar Cells Toward Extreme Environments,Advanced Functional Materials,journal,2026-05-05,article,en,,,,,Beijing,2,closed,1
10.1002/adma.73191,10.1002/adma.73191,Ambient‐Air Fabrication of Perovskite Solar Cells: Challenges and Strategies,Advanced Materials,journal,2026-05-05,article,en,,,,,Tianjin University,2,closed,0
10.1002/adma.73301,10.1002/adma.73301,Cluster‐Free Intrinsic Assembly for Efficient and Stable Perovskite Light Emitting Diodes,Advanced Materials,journal,2026-05-05,article,en,,,,,Ningbo,1,closed,1
10.1016/j.cej.2026.177035,10.1016/j.cej.2026.177035,Advancing hole transport materials for high-efficiency inverted perovskite solar cells,Chemical Engineering Journal,journal,2026-05-05,article,en,,,,,University Of South China,1,closed,0
10.1021/acsami.6c02555,10.1021/acsami.6c02555,In-Vacuum Electron-Beam-Evaporated MgF 2 /MgO Bilayer on TiO 2 Boosts Efficiency and Stability in All-Inorganic Perovskite Solar Cells,ACS Applied Materials & Interfaces,journal,2026-05-05,article,en,,,,,Shaanxi University Of Science And Technology,1,closed,1
10.3390/cryst16050310,10.3390/cryst16050310,PerovskiteOpt-AI: A Machine Learning-Driven Multi-Parameter Optimization Framework for Lead-Free Perovskite Solar Cell Device Architecture Using SCAPS-1D Simulation and Gaussian Process Surrogate Modeling,Crystals,journal,2026-05-05,article,en,,,,,Umm Al-qura University,1,gold,0
10.1016/j.jpcs.2026.113791,10.1016/j.jpcs.2026.113791,Machine learning-aided optimization of BFO-based perovskite solar cell efficiency: A synergistic approach to material and device design,Journal of Physics and Chemistry of Solids,journal,2026-05-05,article,en,,,,,Shahjalal University Of Science And Technology,0,green,0
10.1002/anie.4293157,10.1002/anie.4293157,Breaking Electronic Insulation of Monocyclic Aromatic Spacers via Hydrazide‐Induced Orbital Coupling in Ruddlesden‐Popper Perovskites,Angewandte Chemie International Edition,journal,2026-05-05,article,en,,,,,Nankai University,0,closed,1
10.1007/s10904-026-04224-w,10.1007/s10904-026-04224-w,Machine Learning-Guided SCAPS-1D Optimization of Lead-Free Cs2TiI4Br2 Perovskite Solar Cells for High-Efficiency and Sustainability,Journal of Inorganic and Organometallic Polymers and Materials,journal,2026-05-05,article,en,,,,,Begum Rokeya University,0,closed,0
10.1002/adma.73266,10.1002/adma.73266,"Composition Restoration Enables Recycling of Mixed‐Cation, Mixed‐Halide Perovskites for Solar Cells",Advanced Materials,journal,2026-05-05,article,en,,,,,Friedrich-alexander-universität Erlangen-nürnberg,0,hybrid,0
10.1016/j.cej.2026.177044,10.1016/j.cej.2026.177044,Wide bandgap in window layers for efficient perovskite solar cells,Chemical Engineering Journal,journal,2026-05-05,article,en,,,,,Tianjin University Of Technology,0,closed,0
10.1002/ange.4293157,10.1002/ange.4293157,Breaking Electronic Insulation of Monocyclic Aromatic Spacers via Hydrazide‐Induced Orbital Coupling in Ruddlesden‐Popper Perovskites,Angewandte Chemie,journal,2026-05-05,article,en,,,,,Nankai University,0,closed,0
10.1021/acsaelm.6c00264,10.1021/acsaelm.6c00264,CsBr-Buffered Self-Assembled Monolayers for Efficient and Stable Inverted Wide-Bandgap Cs 0.7 FA 0.3 PbI 2 Br Perovskite Solar Cells,ACS Applied Electronic Materials,journal,2026-05-05,article,en,,,,,Guilin University Of Technology,0,closed,0
10.1021/acsomega.6c00626,10.1021/acsomega.6c00626,Dual-Path Optimization Strategy for High-Efficiency Chalcogenide Perovskite Solar Cells: Bulk Bandgap Engineering and Advanced Interfacial Design,ACS Omega,journal,2026-05-05,article,en,,,,,Centre Hospitalier De Lens,0,gold,0
10.1016/j.jechem.2026.04.059,10.1016/j.jechem.2026.04.059,Mitigating ultraviolet-induced buried-interface degradation in low-bandgap perovskite solar cells,Journal of Energy Chemistry,journal,2026-05-05,article,en,,,,,,0,closed,0
10.1007/s42823-026-01062-1,10.1007/s42823-026-01062-1,Improving the performance of perovskite solar cells by incorporating NiO/rGO nanocomposite into CH3NH3PbI3,Carbon letters,journal,2026-05-05,article,en,,,,,Alagappa University,0,closed,0
10.1021/acsenergylett.6c00520,10.1021/acsenergylett.6c00520,What Limits the Performance of Tin Perovskite Solar Cells? A Perspective from Energy Levels and Interfacial Alignment,ACS Energy Letters,journal,2026-05-05,article,en,,,,,Shanghaitech University,0,closed,1
10.1021/acsenergylett.6c00575,10.1021/acsenergylett.6c00575,Phase Homogeneity and Photothermal Stability in Fully Vacuum-Processed Perovskite Solar Cells,ACS Energy Letters,journal,2026-05-05,article,en,,,,,Italian,0,hybrid,1
10.1002/adfm.75731,10.1002/adfm.75731,Synergistic Diammonium‐Imidazole Interface Reconstruction toward Efficient and Stable Inverted Perovskite Photovoltaics,Advanced Functional Materials,journal,2026-05-05,article,en,,,,,Soochow University,0,closed,0
10.48550/arxiv.2605.03673,10.48550/arxiv.2605.03673,"Beyond lead halide perovskites: visible light photovoltaics with phase engineered bismuth-based oxide double-perovskites, Bi2MCrO6 (M = Fe, Mn)",arXiv (Cornell University),repository,2026-05-05,preprint,en,,,,,,0,green,1
beyond lead halide perovskites visible light photovoltaics with phase engineered bismuth based oxide double perovskites bi2mcro6 m fe mn|vikas,,"Beyond lead halide perovskites: visible light photovoltaics with phase engineered bismuth-based oxide double-perovskites, Bi2MCrO6 (M = Fe, Mn)",arXiv (Cornell University),repository,2026-05-05,preprint,en,,,,,,0,green,0
10.1002/adma.73306,10.1002/adma.73306,Molecular Polarization‐Driven Synergistic Interface Engineering for High‐Performance Perovskite Solar Cells,Advanced Materials,journal,2026-05-06,article,en,,,,,Soochow University,4,closed,1
10.1016/j.solener.2026.114670,10.1016/j.solener.2026.114670,Structure-property relationships of D-π-D triphenylamine-based conjugated small molecules for organic and perovskite solar cells,Solar Energy,journal,2026-05-06,article,en,,,,,University Of Okara,3,closed,0
10.1038/s41467-026-72794-x,10.1038/s41467-026-72794-x,Carbon-incorporated polysilicon interconnection layer enables robust self-assembled monolayer anchoring for perovskite/TOPCon tandem solar cells,Nature Communications,journal,2026-05-06,article,en,,,,,,2,gold,1
10.1002/adma.202523069,10.1002/adma.202523069,Tryptamine Terminated Low‐Dimensional Interfaces Enabled High Performance Perovskite/Silicon Tandem Solar Cells,Advanced Materials,journal,2026-05-06,article,en,,,,,Shanghaitech University,1,closed,0
10.1016/j.jechem.2026.04.060,10.1016/j.jechem.2026.04.060,IC-PSC: Seeing the future of perovskite solar cells,Journal of Energy Chemistry,journal,2026-05-06,article,en,,,,,Hong Kong University Of Science And Technology,1,closed,0
10.1016/j.jacomc.2026.100190,10.1016/j.jacomc.2026.100190,Eu3+ doped LaNiO3 nanoparticles: A bifunctional material for enhanced supercapacitor and photovoltaic performance,Journal of Alloys and Compounds Communications,journal,2026-05-06,article,en,,,,,University Of Agricultural And Horticultural Sciences,1,closed,0
10.1002/adma.73292,10.1002/adma.73292,Recent Advances on High‐Performance Inverted CsPbI 3 Perovskite Solar Cells and Their Tandem Application,Advanced Materials,journal,2026-05-06,article,en,,,,,Henan University,1,closed,0
10.1002/aenm.202506805,10.1002/aenm.202506805,Lattice Coherency‐Driven (111)‐Oriented Wide Bandgap Perovskite Films,Advanced Energy Materials,journal,2026-05-06,article,en,,,,,Inha University,1,hybrid,1
10.1016/j.jiec.2026.05.006,10.1016/j.jiec.2026.05.006,"Fully integrated perovskite solar cell with wearable strain, temperature, and capacitive sensors",Journal of Industrial and Engineering Chemistry,journal,2026-05-06,article,en,,,,,Jilin Jianzhu University,0,green,0
10.1038/s41598-026-46832-z,10.1038/s41598-026-46832-z,An integrated DFT + U and device simulation design of doped CsGeCl3 for high efficiency flexible solar absorbers,Scientific Reports,journal,2026-05-06,article,en,,,,,Bangladesh University Of Engineering And Technology,0,gold,0
10.1016/j.jpcs.2026.113800,10.1016/j.jpcs.2026.113800,Defect-mediated carrier transport and interfacial band alignment in Cs2CuBiBr6 double-perovskite heterojunctions,Journal of Physics and Chemistry of Solids,journal,2026-05-06,article,en,,,,,Shanghai University Of Electric Power,0,closed,0
10.1016/j.surfin.2026.109497,10.1016/j.surfin.2026.109497,A high theoretical solar cell efficiency prediction of 33.25% in Na2SnI6: A promising material for photovoltaic and optoelectronic applications,Surfaces and Interfaces,journal,2026-05-06,article,en,,,,,University Of Sargodha,0,closed,0
10.1021/acsomega.6c02692,10.1021/acsomega.6c02692,Long-Term Mechanical Stabilization of the Nanoscale Optoelectronic Properties of Halide Perovskites for Indoor PV Applications: SPM and DFT Investigation,ACS Omega,journal,2026-05-06,article,en,,,,,Taif University,0,gold,0
10.1002/aenm.71036,10.1002/aenm.71036,Stable Self‐Assembled Monolayers Anchoring and Enhanced Antireflection in Four‐Terminal Perovskite/Silicon Tandem Solar Cells via a VO x ‐NiO x Composite Contact,Advanced Energy Materials,journal,2026-05-06,article,en,,,,,Wuhan University Of Technology,0,closed,1
10.1021/acsami.6c01711,10.1021/acsami.6c01711,Synergistic Bulk and Interfacial Defect Control Boosts Voltage and Efficiency in Perovskite/Silicon Tandem Solar Cells,ACS Applied Materials & Interfaces,journal,2026-05-06,article,en,,,,,Xinjiang Technical,0,closed,1
10.1016/j.optmat.2026.118160,10.1016/j.optmat.2026.118160,Defect passivation and performance enhancement of inverted perovskite solar cells by multifunctional phosphonic acid additives,Optical Materials,journal,2026-05-06,article,en,,,,,Chengdu University Of Information Technology,0,closed,0
10.1002/flm2.70078,10.1002/flm2.70078,"Hole transporting materials in inverted flexible perovskite solar cells: Challenges, progress, and perspectives",FlexMat.,journal,2026-05-06,article,en,,,,,,0,diamond,1
10.1051/epjpv/2026008/pdf,10.1051/epjpv/2026008/pdf,Accessible spectral calibration of multi-LED solar simulators for tandem,Springer Link (Chiba Institute of Technology),repository,2026-05-06,article,en,,,,,École Polytechnique,0,green,0
10.3390/electronics15101978,10.3390/electronics15101978,"Space Photovoltaics: Materials, Device Concepts and Operational Challenges",Electronics,journal,2026-05-07,article,en,,,,,Łukasiewicz Research Network – Port Polish Center For Technology Development,3,gold,0
10.1038/s41560-026-02014-9,10.1038/s41560-026-02014-9,Molecular-templated pre-assembly of self-assembled monolayer for perovskite solar cells and modules with improved reverse-bias stability,Nature Energy,journal,2026-05-07,article,en,,,,,National University Of Singapore,2,closed,0
10.1002/smll.73673,10.1002/smll.73673,Lewis Acid–Base Coordination‐Driven Interface Passivation Using 3‐Hydroxyflavone for Inverted Perovskite Solar Cells,Small,journal,2026-05-07,article,en,,,,,Ocean University Of China,2,closed,1
10.1007/s10853-026-12450-3,10.1007/s10853-026-12450-3,Interface engineering of perovskite solar cells using n- and t-butylammonium iodide,Journal of Materials Science,journal,2026-05-07,article,en,,,,,King Saud University,1,closed,0
10.1038/s44287-026-00288-5,10.1038/s44287-026-00288-5,Solution-processed thin-film perovskites for high-performance optoelectronics,Nature Reviews Electrical Engineering,journal,2026-05-07,article,en,,,,,Nanjing Tech University,1,closed,0
10.1007/s11082-026-08850-z,10.1007/s11082-026-08850-z,Machine learning assisted SCAPS-1D simulations for performance optimization of cesium-based double perovskite solar cells,Optical and Quantum Electronics,journal,2026-05-07,article,en,,,,,Siddhartha University,0,closed,0
10.1016/j.solener.2026.114672,10.1016/j.solener.2026.114672,Performance prediction and carbon balance estimation of perovskite photovoltaics through multiscale simulations,Solar Energy,journal,2026-05-07,article,en,,,,,Rochester,0,hybrid,1
10.1002/adfm.75743,10.1002/adfm.75743,Unlocking Synergistic Passivation in Perovskite Solar Cells via Molecular Design of Electron‐Donation and Steric Hindrance,Advanced Functional Materials,journal,2026-05-07,article,en,,,,,Yangzhou University,0,closed,1
10.1016/j.ssc.2026.116459,10.1016/j.ssc.2026.116459,A co-design strategy for chalcogenide perovskite solar cells: Synergistic bandgap grading and interface optimization,Solid State Communications,journal,2026-05-07,article,en,,,,,University Of Batna 1,0,closed,0
10.1007/s11664-026-12890-2,10.1007/s11664-026-12890-2,Efficiency Gain of 9.22% by Dual Hole-Transport Layer Engineering for High-Performance 2D/3D Perovskite Solar Cells: SCAPS-1D Numerical Study,Journal of Electronic Materials,journal,2026-05-07,article,en,,,,,University Mohamed El Bachir El Ibrahimi Of Bordj Bou Arreridj,0,closed,0
10.1016/j.egyr.2026.109262,10.1016/j.egyr.2026.109262,Towards sustainable and flexible solar energy: A review of perovskite solar cell technologies,Energy Reports,journal,2026-05-07,article,en,,,,,University Of Engineering And Technology Peshawar,0,gold,1
10.3762/bjnano.17.42,10.3762/bjnano.17.42,Recent progress in enhancing built-in electric fields of perovskite solar cells via junction engineering,Beilstein Journal of Nanotechnology,journal,2026-05-07,article,en,,,,,Shenyang Jianzhu University,0,diamond,0
10.3390/ma19101914,10.3390/ma19101914,Synergistic Chemical and Field-Effect Passivation Inhibits Sn2+ Oxidation and Non-Radiative Recombination in Tin–Lead Perovskite Solar Cells,Materials,journal,2026-05-07,article,en,,,,,Wuhan University Of Technology,0,gold,0
10.1088/1402-4896/ae6a41,10.1088/1402-4896/ae6a41,Enhancing efficiency of CsPbI 2 Br perovskite solar cells through polyimide passivation and thermal annealing,Physica Scripta,journal,2026-05-07,article,en,,,,,,0,hybrid,0
10.1021/acsami.6c00556,10.1021/acsami.6c00556,Synergistic Bulk and Surface Modification in Atomic Layer Deposited Tin Oxide for Efficient and Stable Perovskite Solar Cells and Modules,ACS Applied Materials & Interfaces,journal,2026-05-07,article,en,,,,,Wuhan University Of Technology,0,closed,0
10.21203/rs.3.rs-9432790/v1,10.21203/rs.3.rs-9432790/v1,Geometry-dependent monolayers for efficient inverted perovskite solar cells,Research Square,repository,2026-05-07,preprint,en,,,,,Shenzhen University,0,green,0
10.3390/inorganics14050130,10.3390/inorganics14050130,"Wide-Bandgap A2TiSiO6 (A = Ca, Sr, Ba) Double Perovskites for Optoelectronic Applications",Inorganics,journal,2026-05-08,article,en,,,,,Medical University Of Warsaw,7,gold,0
10.1038/s41467-026-72790-1,10.1038/s41467-026-72790-1,"Liquid-derived, solvent-free vapor-mediated dimensional reconstruction yields a record fill factor in inverted perovskite solar cells",Nature Communications,journal,2026-05-08,article,en,,,,,Sun Yat-sen University,2,gold,1
10.1021/acsenergylett.6c00879,10.1021/acsenergylett.6c00879,Monolithic Perovskite–Perovskite–Perovskite–Silicon Quadruple-Junction Tandem Solar Cell with Efficiency over 21%,ACS Energy Letters,journal,2026-05-08,article,en,,,,,Xiamen University,2,closed,1
10.3390/nano16100579,10.3390/nano16100579,"Advanced Development of Diverse Photovoltaic-Driven Water Electrolysis for Hydrogen Production: A Review on Coupling Mechanisms, Technological Evolution and Economic Analysis",Nanomaterials,journal,2026-05-08,article,en,,,,,Nanjing University Of Posts And Telecommunications,1,gold,0
10.1002/solr.70302,10.1002/solr.70302,A Roadmap to 30.5% Efficiency in All‐Perovskite Tandem Solar Cells Using 3D Finite Element Analysis of CuSCN@GeSe Core‐Shell and CeO 2 Electron Transport Layer Optimization,Solar RRL,journal,2026-05-08,article,en,,,,,Tarbiat Modares University,1,hybrid,1
10.1016/j.energy.2026.141286,10.1016/j.energy.2026.141286,"Spectral-splitting integrated system of perovskite solar cell, solid oxide electrolysis cell, and thermophotovoltaics for full-spectrum solar energy utilization",Energy,journal,2026-05-08,article,en,,,,,Xinjiang University,1,closed,0
10.1021/acsenergylett.6c00952,10.1021/acsenergylett.6c00952,Heptacyclic Ladder-Type Triarylamine-Functionalized Polymers as Hole-Transporting Layers with Stirring-Controlled Aggregation for Efficient and Stable Tin Perovskite Solar Cells,ACS Energy Letters,journal,2026-05-08,article,en,,,,,National Yang Ming Chiao Tung University,1,hybrid,1
10.1038/s41467-026-72893-9,10.1038/s41467-026-72893-9,Vertically oriented 1D/3D heterojunction for efficient and stable inverted perovskite solar cells,Nature Communications,journal,2026-05-08,article,en,,,,,Hangzhou Dianzi University,0,gold,0
10.1142/s0217984926501502,10.1142/s0217984926501502,Fundamental first-principles basis for stability and optoelectronic characteristics in lead-free Mg 3 PCl 3 perovskite,Modern Physics Letters B,journal,2026-05-08,article,en,,,,,Jazan University,0,closed,0
10.1007/s00894-026-06756-x,10.1007/s00894-026-06756-x,"First-principles insights on the mechanical, electronic and optical properties of cubic TlXY3 (X = Mg, Ca, Sr, Ba; Y = Br, I) for optoelectronic applications",Journal of Molecular Modeling,journal,2026-05-08,article,en,,,,,Yangtze University,0,closed,0
10.1021/acs.jpclett.6c00745,10.1021/acs.jpclett.6c00745,Buried Interface Passivation with “Super-Choline” Glycerophosphocholine for Efficient Regular Perovskite Solar Cells,The Journal of Physical Chemistry Letters,journal,2026-05-08,article,en,,,,,Shaoxing University,0,closed,1
10.1021/acsenergylett.6c00713,10.1021/acsenergylett.6c00713,Dynamical Symbiosis of Solar Cell and Memristor,ACS Energy Letters,journal,2026-05-08,article,en,,,,,Instituto De Tecnología Química,0,hybrid,0
10.1021/acs.jpcc.6c01064,10.1021/acs.jpcc.6c01064,"A Multipurpose Study of BaZrS 3 and BaHfS 3 : Absolute Entropies, Thermal Decomposition, and Prediction of Intrinsic and Extrinsic Thermodynamic Stability",The Journal of Physical Chemistry C,journal,2026-05-08,article,en,,,,,Brigham Young University,0,hybrid,0
10.1021/acsenergylett.6c00771,10.1021/acsenergylett.6c00771,Redox-Active Flavonoid Interlayers Enable Strain-Relieved and Efficient Sn–Pb Perovskite Solar Cells,ACS Energy Letters,journal,2026-05-08,article,en,,,,,Sungkyunkwan University,0,closed,1
10.1007/s10800-026-02500-8,10.1007/s10800-026-02500-8,Optimizing carbon layer thickness for enhanced performance and durability in MAPbI3 perovskite solar cells,Journal of Applied Electrochemistry,journal,2026-05-08,article,en,,,,,Ghulam Ishaq Khan,0,closed,0
10.21070/r.e.m.v11i1.1834,10.21070/r.e.m.v11i1.1834,Simulation Study of High Performance Thin Film Solar Cell Based of Perovskite n- CdS/p- CH3NH3SnI3,R E M (Rekayasa Energi Manufaktur) Jurnal,journal,2026-05-08,article,en,,,,,Ministry Of Higher Education And Scientific Research,0,diamond,0
10.35848/1347-4065/ae6aaa,10.35848/1347-4065/ae6aaa,Atomic force microscopy study to explore interface-driven electrical and physical changes in perovskite films on top of dielectric nanoparticles,Japanese Journal of Applied Physics,journal,2026-05-08,article,en,,,,,Mahidol University,0,closed,0
10.1016/j.jphotochem.2026.117339,10.1016/j.jphotochem.2026.117339,Achieving efficient and stable carbon-based perovskite solar cells by grain size doubling and perfect connection of perovskite using borate ionic liquid,Journal of Photochemistry and Photobiology A Chemistry,journal,2026-05-08,article,en,,,,,Nanjing Tech University,0,closed,0
10.1002/solr.70367,10.1002/solr.70367,Optoelectronic Coupling Modeling Guided by Machine Learning for Targeted Material Selection in All‐Perovskite Tandem Solar Cells,Solar RRL,journal,2026-05-08,article,en,,,,,Suzhou University Of Science And Technology,0,closed,1
10.1021/acsami.6c01085,10.1021/acsami.6c01085,Multifunctional Dicarboxylic Acid Molecules Enable 19.61% Efficiency in Carbon-Based Printable Mesoscopic Perovskite Solar Cells,ACS Applied Materials & Interfaces,journal,2026-05-08,article,en,,,,,Of The People's Republic Of China,0,closed,0
10.1021/acs.jpclett.6c01042,10.1021/acs.jpclett.6c01042,Synergistic Density Enhancement and Energetic Alignment via Tailored Postassembly of Self-Assembled Molecules for Perovskite Solar Cells,The Journal of Physical Chemistry Letters,journal,2026-05-08,article,en,,,,,University Of Science And Technology Of China,0,closed,1
10.5281/zenodo.20081597,10.5281/zenodo.20081597,STRATEGIES AND PROGRESS IN STABILIZING INORGANIC PEROVSKITE SOLAR CELLS FOR LONG-TERM OPERATION,Zenodo (CERN European Organization for Nuclear Research),repository,2026-05-08,article,de,,,,,,0,green,0
10.1002/smll.73723,10.1002/smll.73723,Toward Stable and Efficient Perovskite Solar Cells: Unlocking the Potential of Porous PbI 2 Scaffolds via Two‐Step Sequential Deposition,Small,journal,2026-05-08,article,en,,,,,Ningbo University,0,closed,1
10.1016/j.nxener.2026.100660,10.1016/j.nxener.2026.100660,"Optical, structural, morphological and electrical characterization of ZnO:S electron transport layer for enhanced-efficiency perovskite solar cell",Next Energy,journal,2026-05-08,article,en,,,,,Egerton University,0,gold,0
10.1038/s41598-026-50897-1,10.1038/s41598-026-50897-1,Impact of hydrostatic pressure on the physical attributes of Lutetium-based perovskite oxide for optoelectronic applications,Scientific Reports,journal,2026-05-08,article,en,,,,,University Of Management And Technology,0,gold,0
10.5281/zenodo.20081596,10.5281/zenodo.20081596,STRATEGIES AND PROGRESS IN STABILIZING INORGANIC PEROVSKITE SOLAR CELLS FOR LONG-TERM OPERATION,Zenodo (CERN European Organization for Nuclear Research),repository,2026-05-08,article,de,,,,,,0,green,0
10.1038/s41467-026-71017-7,10.1038/s41467-026-71017-7,Non-contact laser polishing and reconstruction towards high-efficiency all-perovskite tandem solar cells,Nature Communications,journal,2026-05-08,article,en,,,,,Wuhan National Laboratory For Optoelectronics,0,gold,1
10.1016/j.esen.2026.100065,10.1016/j.esen.2026.100065,Challenges of two-terminal perovskite/silicon tandem solar cells operating under globally varying spectral conditions,eScience Energy,journal,2026-05-09,article,en,,,,,,1,hybrid,0
10.1038/s41467-026-72793-y,10.1038/s41467-026-72793-y,Highly efficient and stable perovskite photovoltaics enabled by multifunctional crosslinked n+-type interlayer,Nature Communications,journal,2026-05-09,article,en,,,,,Qingdao University Of Science And Technology,1,gold,1
10.1002/adfm.75682,10.1002/adfm.75682,Perovskite Films with High Phase Purity in Mesopores for Efficient Carbon‐based Mesoscopic Perovskite Solar Cells,Advanced Functional Materials,journal,2026-05-09,article,en,,,,,Guilin University Of Electronic Technology,1,closed,0
10.1117/1.apn.5.3.036016,10.1117/1.apn.5.3.036016,Unveiling the potential of ultra-thin perovskite-silicon tandem photovoltaics boosted with photonic management,Advanced Photonics Nexus,journal,2026-05-09,article,en,,,,,Uninova,1,diamond,0
10.1016/j.cej.2026.177185,10.1016/j.cej.2026.177185,Dual-action polymer-additive-strategy for simultaneous crystallization kinetics modulation and ion migration suppression in inorganic perovskite solar cells,Chemical Engineering Journal,journal,2026-05-09,article,en,,,,,Shaanxi Normal University,0,closed,0
10.1007/s11082-026-08848-7,10.1007/s11082-026-08848-7,Two-dimensional simulation of high-efficiency lead-free MASnIBr2/silicon tandem solar cells using a porous insulator contact,Optical and Quantum Electronics,journal,2026-05-09,article,en,,,,,Northeast Petroleum University,0,closed,0
10.1016/j.renene.2026.125893,10.1016/j.renene.2026.125893,Toward full-spectrum solar energy utilization via synergistic coupling of perovskite solar cells and liquid-state thermocells,Renewable Energy,journal,2026-05-09,article,en,,,,,Henan University Of Engineering,0,closed,0
10.1007/s40843-026-4125-8,10.1007/s40843-026-4125-8,Accelerated DFT-assisted screening of interfacial modification materials for high-performance perovskite solar cells,Science China Materials,journal,2026-05-09,article,en,,,,,University Of,0,closed,0
10.1016/j.wasman.2026.115587,10.1016/j.wasman.2026.115587,"Recycling of photovoltaic modules: Technologies, comparative insights, challenges, and future outlooks",Waste Management,journal,2026-05-10,article,en,,,,,The University Of Adelaide,4,hybrid,0
10.1016/j.optmat.2026.118167,10.1016/j.optmat.2026.118167,Domain control towards low-threshold quasi-two-dimensional perovskite laser,Optical Materials,journal,2026-05-10,article,en,,,,,Zhejiang University,0,closed,0
10.1002/pssa.70379,10.1002/pssa.70379,SCAPS‐1D Numerical Simulation and Optimization of Lead‐Free CsSnBr 3 /MgHfS 3 Dual‐Absorber Perovskite Solar Cells,physica status solidi (a),journal,2026-05-10,article,en,,,,,Heilongjiang Academy Of Land Reclamation Sciences,0,bronze,0
10.1016/j.jmst.2026.05.001,10.1016/j.jmst.2026.05.001,Ionic-liquid additive purifies wide-bandgap perovskites enabling highly efficient and stable indoor perovskite photovoltaics,Journal of Material Science and Technology,journal,2026-05-10,article,en,,,,,Soochow University,0,closed,0
10.1016/j.physb.2026.418790,10.1016/j.physb.2026.418790,Investigation of a novel tri -graded CsGeI3-CsSnxGe1-xI3-Cs2AgBiI6 perovskite absorbers architecture integrated with single walled carbon nanotube (SW-CNT) for enhanced spectral harvesting in 2D quantum dot solar cells,Physica B Condensed Matter,journal,2026-05-10,article,en,,,,,Jain University,0,closed,0
10.1002/cssc.70703,10.1002/cssc.70703,An Interpenetrating Alumina–2D Perovskite Structure for Synergistic Passivation in Carbon‐Based Perovskite Solar Cells,ChemSusChem,journal,2026-05-10,article,en,,,,,Wuhan University Of Technology,0,closed,0
10.2115/fiberst.2026-0013,10.2115/fiberst.2026-0013,Comparative Evaluation of Semiconjugated Cyclic Oligomer and Polymer of Octyltriphenylamine as Hole Transporting Material for Perovskite Solar Cell,Journal of Fiber Science and Technology,journal,2026-05-10,article,en,,,,,Tokyo University Of Agriculture And Technology,0,diamond,0
10.1002/adma.73361,10.1002/adma.73361,Synergistic Modulation of Crystallization Kinetics and Interface Energy‐Level Alignment for Efficient Perovskite/Silicon Tandem Solar Cells,Advanced Materials,journal,2026-05-11,article,en,,,,,Shihezi University,4,closed,0
10.1088/1402-4896/ae6bd7,10.1088/1402-4896/ae6bd7,Performance study of electron transport layer materials in perovskite solar cells based on SCAPS-1D simulation,Physica Scripta,journal,2026-05-11,article,en,,,,,Yancheng,4,closed,0
10.1021/acsenergylett.6c00785,10.1021/acsenergylett.6c00785,Buried Interface Engineering in Metal-Halide Perovskite/NiO Heterostructures through Direct Observation of Interfacial Reactions,ACS Energy Letters,journal,2026-05-11,article,en,,,,,Sungkyunkwan University,2,closed,1
10.1002/adfm.202532110,10.1002/adfm.202532110,Synergistic Passivation Strategy for Efficient and Stable Perovskite Solar Cells,Advanced Functional Materials,journal,2026-05-11,article,en,,,,,China Academy Of Printing Technology,2,closed,1
10.1002/eem2.70366,10.1002/eem2.70366,Elementary Steps of Energy Conversion in Strongly Correlated Systems: Beyond Single Quasiparticles and Rigid Bands,Energy & environment materials,journal,2026-05-11,article,en,,,,,University Of Göttingen,0,hybrid,0
10.1038/s41578-026-00928-0,10.1038/s41578-026-00928-0,A closed-loop automated lab boosts perovskite performance,Nature Reviews Materials,journal,2026-05-11,article,en,,,,,,0,closed,0
10.1007/s43207-026-00629-y,10.1007/s43207-026-00629-y,Data-driven design of tunable band gaps in perovskite oxides via machine learning,Journal of the Korean Ceramic Society,journal,2026-05-11,article,en,,,,,Chongqing University Of Education,0,closed,0
10.1021/acsami.6c03843,10.1021/acsami.6c03843,Enhanced Crystallinity with Disappeared Pb 0 -Related Defects Resulted from Optimal Chain Length Alkylamine for Efficient and Stable Perovskite Solar Cells,ACS Applied Materials & Interfaces,journal,2026-05-11,article,en,,,,,Southwest Petroleum University,0,closed,0
10.1002/aenm.202506809,10.1002/aenm.202506809,Amorphous π‐Conjugated Passivator Facilitates Widening Process Window for Reliable Perovskite Solar Modules,Advanced Energy Materials,journal,2026-05-11,article,en,,,,,Korea Energy Economics Institute,0,hybrid,0
10.1088/1402-4896/ae6bdb,10.1088/1402-4896/ae6bdb,Stability and efficiency improvement of CsSnI 3 -based perovskite solar cells by DFT and SCAPS simulations,Physica Scripta,journal,2026-05-11,article,en,,,,,Abdul Wali Khan University Mardan,0,closed,0
10.1007/s12596-026-03136-9,10.1007/s12596-026-03136-9,"Optical properties of Pr-doped La0.67 − xPrxBa0.33MnO3 (x = 0.1, 0.2) polycrystalline: absorption and reflectance analysis for solar cells and optoelectronics devices",Journal of Optics,journal,2026-05-11,article,en,,,,,University Of Gabès,0,closed,0
10.5281/zenodo.20118775,10.5281/zenodo.20118775,PEROVSKITE-BASED NANOMATERIALS FOR HIGH-EFFICIENCY SOLAR CELLS UNDER PAKISTAN'S CLIMATIC CONDITIONS,Zenodo (CERN European Organization for Nuclear Research),repository,2026-05-11,article,de,,,,,,0,green,0
10.1002/aelm.202500877,10.1002/aelm.202500877,An In‐Line Machine Vision–Based Profilometry Tool for Non‐Destructive Thickness Assessment of Perovskite Films,Advanced Electronic Materials,journal,2026-05-11,article,en,,,,,Universidad De Antioquia,0,gold,0
10.1002/adfm.75640,10.1002/adfm.75640,Targeted Functional Group‐Modulated Benzoic Additive for High‐Performance 2‐Terminal Perovskite/Silicon Tandems,Advanced Functional Materials,journal,2026-05-11,article,en,,,,,China National Petroleum Corporation (china),0,closed,1
10.1002/aenm.71068,10.1002/aenm.71068,Interfacial Rotational Constraint Govern Buried‐Interface Energetics for Inverted Perovskite Solar Cells,Advanced Energy Materials,journal,2026-05-11,article,en,,,,,Dalian National Laboratory For Clean Energy,0,closed,1
10.5281/zenodo.20118776,10.5281/zenodo.20118776,PEROVSKITE-BASED NANOMATERIALS FOR HIGH-EFFICIENCY SOLAR CELLS UNDER PAKISTAN'S CLIMATIC CONDITIONS,Zenodo (CERN European Organization for Nuclear Research),repository,2026-05-11,article,de,,,,,,0,green,0
10.1088/1361-6463/ae6b9c,10.1088/1361-6463/ae6b9c,Interfacial properties of imidazolium-based ionic liquids on MAPbI 3 perovskite: a molecular dynamics study,Journal of Physics D Applied Physics,journal,2026-05-11,article,en,,,,,Universidade Federal Fluminense,0,hybrid,0
10.1002/adfm.75628,10.1002/adfm.75628,Homogenous FACsPbI 3 Perovskite Solar Cells Enabled by a Seed‐Facilitated Cation Exchange Strategy,Advanced Functional Materials,journal,2026-05-11,article,en,,,,,Linköping University,0,hybrid,0
10.1002/adfm.75821,10.1002/adfm.75821,Spontaneous Repair of Self‐Assembled Monolayer Desorption Vacancies for Efficient and Stable Wide‐Bandgap Perovskite Solar Cells,Advanced Functional Materials,journal,2026-05-11,article,en,,,,,Southern University Of Science And Technology,0,closed,0
10.1002/smtd.70701,10.1002/smtd.70701,Bifunctional Interface Synergy for High‐Performance Wide‐Bandgap and Tandem Perovskite Solar Cells,Small Methods,journal,2026-05-11,article,en,,,,,Science And Technology,0,closed,0
10.1063/5.0325155,10.1063/5.0325155,Unraveling water-induced degradation mechanisms in lead-free perovskites toward durable solar cells,Applied Physics Letters,journal,2026-05-11,article,en,,,,,Nanjing University Of Posts And Telecommunications,0,closed,0
10.62755/gsm.2026.04,10.62755/gsm.2026.04,Design and Optimization of CsPbI3 Perovskite Solar Cells Using SCAPS-1D,Greensusmater,journal,2026-05-11,article,en,,,,,Sumatera,0,hybrid,0
10.1002/aenm.71046,10.1002/aenm.71046,"Machine Learning Interatomic Potentials for Energy Materials: Architectures, Training Strategies, and Applications",Advanced Energy Materials,journal,2026-05-12,article,en,,,,,Ulsan National,7,closed,0
10.1088/1402-4896/ae6c66,10.1088/1402-4896/ae6c66,Numerical investigation of carrier dynamics and impedance in CsGeI 3 and CsSn 0.5 Ge 0.5 I 3 perovskite solar cells,Physica Scripta,journal,2026-05-12,article,en,,,,,University Of Maragheh,3,bronze,0
10.1002/adma.73358,10.1002/adma.73358,Enhancing Heterogeneous Nucleation on Buried Interface for Efficient Antisolvent‐Free Inverted Flexible Perovskite Photovoltaics,Advanced Materials,journal,2026-05-12,article,en,,,,,Foshan University,2,closed,1
10.1007/s11082-026-08865-6,10.1007/s11082-026-08865-6,Compositional bandgap grading and material optimization in bromine-alloyed CsGeI3 perovskite solar cells for enhanced photovoltaic performance: a numerical study,Optical and Quantum Electronics,journal,2026-05-12,article,en,,,,,National,2,closed,0
10.3390/eng7050234,10.3390/eng7050234,Numerical Design and Charge Transport Layer Optimization of Lead-Free Cs3Sb2I9 PSCs: Toward Experimental Efficiency Enhancement,Eng—Advances in Engineering,journal,2026-05-12,article,en,,,,,American University Of The Middle East,2,gold,0
10.1016/j.solener.2026.114704,10.1016/j.solener.2026.114704,Performance evaluations of indoor PV devices under various light Illuminations,Solar Energy,journal,2026-05-12,article,en,,,,,Izmir,2,closed,0
10.1021/acsenergylett.6c00457,10.1021/acsenergylett.6c00457,Journey toward a Global Understanding of Recombination in Halide Perovskites for Photovoltaic Applications,ACS Energy Letters,journal,2026-05-12,article,en,,,,,University Of Cambridge,1,hybrid,0
10.1021/acsami.6c06348,10.1021/acsami.6c06348,Direct Formation of Karst Fenglin-like Cu-Based Metal–Organic Framework on CuSCN Hole Transport Layer for Highly Efficient and Stable Perovskite Solar Cells,ACS Applied Materials & Interfaces,journal,2026-05-12,article,en,,,,,National Tsing Hua University,1,hybrid,0
10.1038/s44160-026-01070-z,10.1038/s44160-026-01070-z,Selective iodoplumbate cold casting for kinetically stabilized perovskites leading to high-efficiency photovoltaic modules,Nature Synthesis,journal,2026-05-12,article,en,,,,,Seoul National University,1,closed,0
10.1051/jeos/2026031/pdf,10.1051/jeos/2026031/pdf,Indoor energy harvesting enhancement: Pb-free perovskite solar cell with nanograting contact,Springer Link (Chiba Institute of Technology),repository,2026-05-12,article,en,,,,,Universidad Carlos Iii De Madrid,0,green,0
10.1007/s40243-026-00371-9,10.1007/s40243-026-00371-9,Optimization of multiple ETL and HTL layers for high-performance lead-free CsSnGeI₃-based perovskite solar cells: a simulation study,Materials for Renewable and Sustainable Energy,journal,2026-05-12,article,en,,,,,Rajiv Gandhi University,0,gold,1
10.1021/acsenergylett.6c00820,10.1021/acsenergylett.6c00820,“Three-in-One” Self-Assembled Molecule Enables Inverted CsPbI 3 Solar Cells,ACS Energy Letters,journal,2026-05-12,article,en,,,,,Henan University,0,closed,1
10.3390/ma19102018,10.3390/ma19102018,Integrating NSGA-II and TOPSIS for Stacking Model Optimization in Pursuit of Halide Double Perovskite Screening,Materials,journal,2026-05-12,article,en,,,,,Guilin University Of Technology,0,gold,0
10.1002/smll.73761,10.1002/smll.73761,In‐Situ Growth 2D MOF Template for Steering Perovskite Crystallization and Interface toward Efficient and Stable Solar Cells,Small,journal,2026-05-12,article,en,,,,,Jilin Normal University,0,closed,1
10.1016/j.surfin.2026.109534,10.1016/j.surfin.2026.109534,Boosting perovskite solar cell light trapping with textured APPJ-deposited ZnO,Surfaces and Interfaces,journal,2026-05-12,article,en,,,,,National Taiwan University Of Science And Technology,0,closed,0
10.1021/acsami.6c01017,10.1021/acsami.6c01017,Charge-Transfer Enhancement by PEI/MXene Buffer Layer for Boosting Performance of Inverted Perovskite Solar Cells,ACS Applied Materials & Interfaces,journal,2026-05-12,article,en,,,,,Mathematics And Informatics,0,hybrid,0
10.1016/j.nexres.2026.101856,10.1016/j.nexres.2026.101856,From record efficiency to commercially viable modules: A commercialization framework for stability-driven translation of perovskite solar cells,Next research.,journal,2026-05-12,article,en,,,,,Federal University Of Technology Owerri,0,closed,0
10.1002/adfm.75824,10.1002/adfm.75824,Donor‐Acceptor Molecular Bridges Orchestrate Interfacial Redox Dynamics for Durable NiO x ‐Based Perovskite Solar Cells,Advanced Functional Materials,journal,2026-05-13,article,en,,,,,Indian,4,closed,1
10.1038/s41586-026-10626-0,10.1038/s41586-026-10626-0,Stereoelectronic manipulation of ligands for perovskite solar cells,Nature,journal,2026-05-13,article,en,,,,,,3,hybrid,1
10.1002/solr.202600004,10.1002/solr.202600004,Interface Passivation and Enhanced Charge Transport With a Triphenylamine Self‐Assembled Molecule in Inverted Perovskite Solar Cells,Solar RRL,journal,2026-05-13,article,en,,,,,Institut Català D'investigació Química,1,hybrid,1
10.1016/j.dyepig.2026.113862,10.1016/j.dyepig.2026.113862,Bipolar polymer networks in perovskite films by in-situ cross-linking for smoother carrier transportation and enhanced stability in photovoltaic devices,Dyes and Pigments,journal,2026-05-13,article,en,,,,,Tianjin University,0,closed,0
10.1038/s41467-026-71300-7,10.1038/s41467-026-71300-7,Chemically coupled dual-interface self-regulation for perovskite solar cells,Nature Communications,journal,2026-05-13,article,en,,,,,Shandong University,0,gold,0
10.1021/acs.jpcc.6c01538,10.1021/acs.jpcc.6c01538,Temperature-Modulated Facet Orientation of Perovskite Films Using Controllable Moisture for Efficient Solar Cells,The Journal of Physical Chemistry C,journal,2026-05-13,article,en,,,,,North China Electric Power University,0,closed,0
10.1016/j.ceramint.2026.05.180,10.1016/j.ceramint.2026.05.180,"A comprehensive study on structural, optical, and electrical properties of lanthanum-based double perovskite La2ZnTiO6",Ceramics International,journal,2026-05-13,article,en,,,,,Odisha University Of Agriculture And Technology,0,closed,0
10.1002/adma.73373,10.1002/adma.73373,Fluid‐Crystallization Synergy for >26% Efficiency Fully Ambient‐Printed SAM‐Based Perovskite Photovoltaics,Advanced Materials,journal,2026-05-13,article,en,,,,,,0,closed,1
10.1002/adfm.75673,10.1002/adfm.75673,Constructing a Soft‐Hard Interpenetrating Network in Flexible Quasi‐2D Perovskite Solar Cells Through FABF 4 ‐Driven Phase Redistribution,Advanced Functional Materials,journal,2026-05-13,article,en,,,,,Northwestern Polytechnical University,0,hybrid,1
10.1002/adfm.75810,10.1002/adfm.75810,Exploring Pb‐Chelation Chemistry in the Crystallization Dynamics of Halide Perovskites,Advanced Functional Materials,journal,2026-05-13,article,en,,,,,Hanyang University,0,hybrid,0
10.48550/arxiv.2605.13991,10.48550/arxiv.2605.13991,Circularity in Perovskite-Based Tandem Photovoltaics for Terawatt-Scale Deployment,arXiv (Cornell University),repository,2026-05-13,preprint,en,,,,,,0,green,1
circularity in perovskite based tandem photovoltaics for terawatt scale deployment|sekkat,,Circularity in Perovskite-Based Tandem Photovoltaics for Terawatt-Scale Deployment,arXiv (Cornell University),repository,2026-05-13,preprint,en,,,,,Centre National De La Recherche Scientifique,0,green,0
10.1007/s40843-025-3968-3,10.1007/s40843-025-3968-3,A weighted ensemble model for screening passivation materials in high-efficiency perovskite solar cells,Science China Materials,journal,2026-05-13,article,en,,,,,Shenzhen Polytechnic University,0,closed,0
10.5281/zenodo.21626150,10.5281/zenodo.21626150,Theoretical DFT Investigation of CsSnI3 and CsSnCl3 for Lead-Free Photovoltaic Applications.,Zenodo (CERN European Organization for Nuclear Research),repository,2026-05-13,article,en,,,,,Université Ibn-tofail,0,green,0
10.5281/zenodo.21626151,10.5281/zenodo.21626151,Theoretical DFT Investigation of CsSnI3 and CsSnCl3 for Lead-Free Photovoltaic Applications.,Zenodo (CERN European Organization for Nuclear Research),repository,2026-05-13,article,en,,,,,Université Ibn-tofail,0,green,0
10.1126/science.aeb9953,10.1126/science.aeb9953,An entropy-regulating molecular lock stabilizes formamidinium lead halide perovskite,Science,journal,2026-05-14,article,en,,,,,Wuhan National Laboratory For Optoelectronics,19,closed,1
10.1126/science.aef1620,10.1126/science.aef1620,AI-guided design of efficient perovskite solar cells operationally stable at 100°C,Science,journal,2026-05-14,article,en,,,,,Shanghai Jiao Tong University,8,closed,1
10.1016/j.jpcs.2026.113819,10.1016/j.jpcs.2026.113819,"Strain tunable study of optoelectronic, dynamic, thermodynamic, and mechanical features of lead-free Na3OBr anti-perovskite and achieving over 25% solar cell efficiency",Journal of Physics and Chemistry of Solids,journal,2026-05-14,article,en,,,,,National,3,closed,0
10.1007/s11082-026-08883-4,10.1007/s11082-026-08883-4,Fundamental optoelectronic and device physics of Cs2NaInI6 double halide perovskites from first-principles to multiscale modeling,Optical and Quantum Electronics,journal,2026-05-14,article,en,,,,,International Islamic University Chittagong,2,closed,0
10.1088/1361-6528/ae6dcc,10.1088/1361-6528/ae6dcc,Reassessing the role of ITO thickness to optimise the device performance in perovskite solar cells,Nanotechnology,journal,2026-05-14,article,en,,,,,Indian,1,hybrid,0
10.1016/j.matt.2026.102823,10.1016/j.matt.2026.102823,"Sustainable gas-quenching strategy enables high-efficiency and stable, flexible perovskite solar cells",Matter,journal,2026-05-14,article,en,,,,,City University Of Hong Kong,1,closed,0
10.1002/adma.73351,10.1002/adma.73351,In Situ Regenerative Adduct Assisted p‐Type Doping of Organic Semiconductor,Advanced Materials,journal,2026-05-14,article,en,,,,,Tata,0,hybrid,0
10.5281/zenodo.19708847,10.5281/zenodo.19708847,"PAO Perovskite Solar Cell v3.0 – GSB1 Z‑Scheme · FAPbI₃ (1.47 eV, Δ=0.008★★) · SnO₂ · PEDOT:PSS · PEAI · Triple Junction 38‑42%",Zenodo (CERN European Organization for Nuclear Research),repository,2026-05-14,article,en,,,,,,0,green,0
10.1016/j.jpcs.2026.113821,10.1016/j.jpcs.2026.113821,Sinusoidal graded CsSnI3-xBrx absorbers with composition profiling for next-generation high-efficiency solar cells,Journal of Physics and Chemistry of Solids,journal,2026-05-14,article,en,,,,,Chitkara University,0,closed,0
10.1021/acs.jpclett.6c01048,10.1021/acs.jpclett.6c01048,Mitigating Filamentary Conduction with SiN x O y to Enhance Reverse-Bias Stability in Inverted Perovskite Solar Cells,The Journal of Physical Chemistry Letters,journal,2026-05-14,article,en,,,,,University Of Science And Technology Of China,0,closed,1
10.1016/j.solmat.2026.114439,10.1016/j.solmat.2026.114439,Interface engineering-driven 100 mV open-circuit voltage enhancement for efficient and stable inorganic perovskite solar cells,Solar Energy Materials and Solar Cells,journal,2026-05-14,article,en,,,,,Northeast Electric Power University,0,closed,0
10.1021/acsenergylett.6c00526,10.1021/acsenergylett.6c00526,Strain in Metal Halide Perovskite Thin Films - Interfacial Mechanical Coupling,ACS Energy Letters,journal,2026-05-14,article,en,,,,,University Of Colorado Boulder,0,hybrid,0
10.1002/adma.73382,10.1002/adma.73382,Stabilizing Sputtered NiO x via In Situ Dissociative Adsorption Passivation for Efficient Perovskite Solar Cells,Advanced Materials,journal,2026-05-14,article,en,,,,,Soochow University,0,closed,1
10.1016/j.orgel.2026.107439,10.1016/j.orgel.2026.107439,DMF and antisolvent free fabrication of {CH(NH2)2}1-xCsxPbI3 perovskite solar cells via volatility-controlled cosolvent,Organic Electronics,journal,2026-05-14,article,en,,,,,Saitama University,0,hybrid,0
10.1016/j.aichem.2026.100124,10.1016/j.aichem.2026.100124,Accelerating accurate multi-property prediction of perovskites via meta-heuristic algorithm tuned machine learning,Artificial Intelligence Chemistry,journal,2026-05-14,article,en,,,,,Yanshan University,0,gold,0
10.1021/acsenergylett.6c00926,10.1021/acsenergylett.6c00926,"Flux-Dependent Proton Irradiation Effects in Metal Halide Perovskite Solar Cells: Decoupling the Distinct Effects of Thermal-, Photo-, and Radiation-Induced Degradation",ACS Energy Letters,journal,2026-05-14,article,en,,,,,University Of North Texas,0,closed,0
10.1016/j.mtchem.2026.103674,10.1016/j.mtchem.2026.103674,Recent progress in self-assembled molecules for perovskite solar cells,Materials Today Chemistry,journal,2026-05-14,article,en,,,,,Henan University,0,closed,0
10.1016/j.solmat.2026.114432,10.1016/j.solmat.2026.114432,Machine learning-guided discovery of optimal B-site dopants for high-efficiency inorganic perovskite solar cells,Solar Energy Materials and Solar Cells,journal,2026-05-14,article,en,,,,,,0,closed,0
10.1016/j.mtener.2026.102305,10.1016/j.mtener.2026.102305,Bidentate ligand molecules enable highly efficient inverted inorganic photovoltaic devices,Materials Today Energy,journal,2026-05-14,article,en,,,,,Electric Power University,0,closed,0
10.1021/acsami.6c04287,10.1021/acsami.6c04287,Efficient and Stable Surface Passivation of Tin–Lead Perovskite Using Basicity Weakened Oxamide,ACS Applied Materials & Interfaces,journal,2026-05-14,article,en,,,,,East China University Of Science And Technology,0,closed,1
10.1016/j.cocom.2026.e01324,10.1016/j.cocom.2026.e01324,"Influence of nickel doping on the thermodynamic, electronic, optical, and mechanical properties of SnO2 for photovoltaic applications: A combined DFT and SCAPS-1D insight",Computational Condensed Matter,journal,2026-05-14,article,en,,,,,Walter Sisulu University,0,closed,0
10.1016/j.hybadv.2026.100672,10.1016/j.hybadv.2026.100672,"Metal-organic frameworks in perovskite solar cells: A critical review of materials design, interface engineering, and performance",Hybrid Advances,journal,2026-05-14,article,en,,,,,Federal University Of Technology Owerri,0,gold,1
10.5281/zenodo.20176582,10.5281/zenodo.20176582,"PAO Perovskite Solar Cell v3.0 – GSB1 Z‑Scheme · FAPbI₃ (1.47 eV, Δ=0.008★★) · SnO₂ · PEDOT:PSS · PEAI · Triple Junction 38‑42%",Zenodo (CERN European Organization for Nuclear Research),repository,2026-05-14,article,en,,,,,,0,green,0
10.1016/j.nwnano.2026.100213,10.1016/j.nwnano.2026.100213,Effects of FK209-doping and layer-stackings for DPPS hole transport layers in perovskite solar cells,Nano Trends,journal,2026-05-14,article,en,,,,,University Of Shiga Prefecture,0,gold,0
10.1080/01411594.2026.2672090,10.1080/01411594.2026.2672090,Pioneering computational insights into KZrS 3 and KZrSe 3 for future optoelectronics,Phase Transitions,journal,2026-05-14,article,en,,,,,Sri Sri University,0,closed,0
10.1016/j.jechem.2026.04.075,10.1016/j.jechem.2026.04.075,Synergy optimization and module matching for efficient and stable perovskite solar cell-based photo-rechargeable batteries,Journal of Energy Chemistry,journal,2026-05-14,article,en,,,,,Huaqiao University,0,closed,0
10.1002/adma.73324,10.1002/adma.73324,Molecular Modification Strategy for Efficient NiO x ‐based Tin‐Lead Perovskites Solar Cells and All‐perovskite Tandems,Advanced Materials,journal,2026-05-14,article,en,,,,,Ministry Of Energy,0,bronze,0
10.55544/ijrah.6.3.18,10.55544/ijrah.6.3.18,Investigation of Perovskite Layer Formation Processes and Their Applications in Optical and Electronic Technologies,Integrated Journal for Research in Arts and Humanities,journal,2026-05-14,article,en,,,,,Balkh University,0,diamond,0
10.11648/j.ajee.20261402.14,10.11648/j.ajee.20261402.14,Perovskite and Cadmium Telluride in Next-generation Photovoltaic Technologies,American Journal of Energy Engineering,journal,2026-05-14,article,en,,,,,Buffalo State University,0,diamond,0
10.1126/sciadv.aec4431,10.1126/sciadv.aec4431,Regulating intermolecular interaction of passivators for controllable surface energetics of photovoltaic perovskites,Science Advances,journal,2026-05-15,article,en,,,,,Westlake University,3,gold,1
10.1002/adma.73390,10.1002/adma.73390,Negative Thermal Expansion Material‐Mediated Stress Engineering for Enhancing the Mechanical and Thermal Stability of Flexible Perovskite Solar Cells,Advanced Materials,journal,2026-05-15,article,en,,,,,Nankai University,1,closed,1
10.1016/j.cej.2026.177364,10.1016/j.cej.2026.177364,"Block-structured thermoplastic polycarbonate-based polyurethane films for perovskite solar cells: Enabling low-temperature encapsulation, high barrier properties, and tunable mechanical properties",Chemical Engineering Journal,journal,2026-05-15,article,en,,,,,Sun Yat-sen University,1,closed,0
10.1021/acsomega.6c00278,10.1021/acsomega.6c00278,"Hole Transport Layer-Free CsSnI 3 -Based Perovskite Solar Cells with WS 2 Electron Transport Layer: Design, Simulation, and Performance Optimization",ACS Omega,journal,2026-05-15,article,en,,,,,Applied Natural Sciences,1,gold,0
10.1016/j.nanoen.2026.112034,10.1016/j.nanoen.2026.112034,Induce uniform vertical grain growth via double-site anchoring retards crystallization for perovskite/silicon tandem solar cells,Nano Energy,journal,2026-05-15,article,en,,,,,,1,closed,0
10.1016/j.jcis.2026.140742,10.1016/j.jcis.2026.140742,Mitigating buried-interface methylammonium chloride deficiency via pre-deposition to enhance film homogeneity for efficient and stable perovskite solar cells,Journal of Colloid and Interface Science,journal,2026-05-15,article,en,,,,,Shanghai Advanced Research Institute,0,closed,0
10.1063/5.0330925,10.1063/5.0330925,Inverted perovskite solar cells with N-type organic small molecule dopant optimization,The Journal of Chemical Physics,journal,2026-05-15,article,en,,,,,Henan Polytechnic University,0,closed,0
10.1109/ted.2026.3691694,10.1109/ted.2026.3691694,Modeling and Optimization of Novel Cs 2 AlBiCl 6 -Based Double Perovskite Solar Cells for Underwater Applications: A Comprehensive Study,IEEE Transactions on Electron Devices,journal,2026-05-15,article,en,,,,,National,0,closed,0
10.5281/zenodo.20209717,10.5281/zenodo.20209717,PROJECT CHITIN-SILK,Zenodo (CERN European Organization for Nuclear Research),repository,2026-05-15,article,en,,,,,,0,green,0
10.26434/chemrxiv.15003250/v2,10.26434/chemrxiv.15003250/v2,An X-Shaped Chiral Non-Fullerene n-Type Semiconductor: Application in Perovskite Solar Cells and Chirality-Induced Spin Selectivity,ChemRxiv,repository,2026-05-15,preprint,en,,,,,Incorporated Research Institutions For Seismology,0,green,1
10.1016/j.poly.2026.118210,10.1016/j.poly.2026.118210,"Band gap engineering and stability assessment of vacancy-ordered Cs3SnX6 (X = cl, Br, I) halide perovskites via DFT: Implications for Lead-free optoelectronic",Polyhedron,journal,2026-05-15,article,en,,,,,Begum Rokeya University,0,closed,0
10.1016/j.mtchem.2026.103704,10.1016/j.mtchem.2026.103704,A surface ligand reaction strategy for robust and phase-pure Cs2SnI6 crystals,Materials Today Chemistry,journal,2026-05-15,article,en,,,,,Soochow University,0,closed,0
10.1016/j.optcom.2026.133373,10.1016/j.optcom.2026.133373,Machine learning–optimised multi–resonator perovskite–MXene solar cells and thermal absorber for high–efficiency harvesting,Optics Communications,journal,2026-05-15,article,en,,,,,Parul University,0,closed,0
10.5281/zenodo.20209718,10.5281/zenodo.20209718,PROJECT CHITIN-SILK,Zenodo (CERN European Organization for Nuclear Research),repository,2026-05-15,article,en,,,,,,0,green,0
10.1016/j.solidstatesciences.2026.108350,10.1016/j.solidstatesciences.2026.108350,Humidity-induced degradation kinetics of MAPbI3 perovskite films with machine learning insights,Solid State Sciences,journal,2026-05-15,article,en,,,,,Al-azhar University,0,closed,0
10.1021/acsenergylett.6c00737,10.1021/acsenergylett.6c00737,Migration-Resistant Phenylethylguanidinium Salts Stabilizing Perovskite Solar Cells,ACS Energy Letters,journal,2026-05-15,article,en,,,,,Harbin Engineering University,0,closed,1
10.21608/ejmtc.2026.463653.1361,10.21608/ejmtc.2026.463653.1361,"Materials Engineering in Perovskite Solar Cells: A Review of Layer Materials, Performance, and Stability",Journal of Engineering Science and Military Technologies /Journal of Engineering Science and Military Technologies,journal,2026-05-15,article,en,,,,,,0,diamond,0
10.1140/epjp/s13360-026-07803-5,10.1140/epjp/s13360-026-07803-5,Revealing the performance potential of butylammonium-containing 2D iodide perovskite for high-efficiency solar cells: a numerical simulation and machine learning study,The European Physical Journal Plus,journal,2026-05-16,article,en,,,,,International Islamic University Chittagong,1,closed,0
10.1016/j.colsurfa.2026.140824,10.1016/j.colsurfa.2026.140824,Perovskite solar modules assisted by trimeric surfactants,Colloids and Surfaces A Physicochemical and Engineering Aspects,journal,2026-05-16,article,en,,,,,Ingenierie Des Materiaux Polymeres,0,closed,0
10.1016/j.jssc.2026.126122,10.1016/j.jssc.2026.126122,"Analysis of the photoelectric properties and application potential of cesium-based lead-free double perovskites Cs2PtCl6, CsZrI6 and Cs2TeBr6",Journal of Solid State Chemistry,journal,2026-05-16,article,en,,,,,Beijing University Of Posts And Telecommunications,0,closed,0
10.1021/acs.jpclett.6c01072,10.1021/acs.jpclett.6c01072,Tuning Out-of-Plane Charge Transport via Spacer-Cation Positional Isomerism in 2D Layered Perovskites,The Journal of Physical Chemistry Letters,journal,2026-05-16,article,en,,,,,Hunan Agricultural University,0,closed,1
10.1007/s10904-026-04332-7,10.1007/s10904-026-04332-7,"Structural, Optical, and Electronic Properties of a Quasi-Three-Dimensional Lead-Free Bismuth Iodide Hybrid Perovskite",Journal of Inorganic and Organometallic Polymers and Materials,journal,2026-05-16,article,en,,,,,University Of Sfax,0,closed,0
10.1002/solr.70376,10.1002/solr.70376,MACl as a Multirole Additive in Equimolar I/Br Wide‐Bandgap Perovskites: Controlling Halide Segregation and Ensuring Device Stability for Indoor Photovoltaics,Solar RRL,journal,2026-05-17,article,en,,,,,Dankook University,4,hybrid,1
10.1021/acsami.6c03387,10.1021/acsami.6c03387,"Structure of Layers Formed by [2-(3,6-Disubstituted-9 H -carbazol-9-yl)ethyl]phosphonic Acids on Metal Oxides",ACS Applied Materials & Interfaces,journal,2026-05-17,article,en,,,,,University Of Colorado Boulder,1,hybrid,0
10.1002/smll.73797,10.1002/smll.73797,Inherent Compositional Heterogeneity in Alloyed Perovskite Photovoltaics,Small,journal,2026-05-17,article,en,,,,,Xi'an University Of Architecture And Technology,1,closed,0
10.1016/j.micrna.2026.208755,10.1016/j.micrna.2026.208755,Regulation of energy level via doping organic molecule into electron transport layer for efficient perovskite solar cells,Micro and Nanostructures,journal,2026-05-17,article,en,,,,,Jilin Normal University,0,closed,0
10.1016/j.solener.2026.114711,10.1016/j.solener.2026.114711,Enhanced annealing stability of ZnO/MAPbI3 interfaces enabled by EDTA-2Na modification through aqueous deposition,Solar Energy,journal,2026-05-17,article,en,,,,,Xi'an Shiyou University,0,closed,0
10.1002/solr.70374,10.1002/solr.70374,Vapor Post‐treatment for High‐Performance Perovskite Solar Cells via Vapor–Solid Reaction,Solar RRL,journal,2026-05-17,article,en,,,,,Wuhan University Of Technology,0,closed,1
10.1021/acssuschemeng.6c02566,10.1021/acssuschemeng.6c02566,Selective Adsorption-Assisted Recovery of Lead and Metals from Acidic Leachates of Flexible Perovskite Solar Cells,ACS Sustainable Chemistry & Engineering,journal,2026-05-18,article,en,,,,,Kanazawa University,2,hybrid,0
10.1002/cey2.70209,10.1002/cey2.70209,Carbon Quantum Dots Meet Perovskite Solar Cells: A Review of Multifunctional Synergies,Carbon Energy,journal,2026-05-18,article,en,,,,,Istanbul Technical University,1,gold,1
10.1021/acsami.6c04007,10.1021/acsami.6c04007,Methoxy-Functionalized Conjugated Self-Assembled Monolayers as a Hole-Selective Contact for Inverted Perovskite Solar Cells,ACS Applied Materials & Interfaces,journal,2026-05-18,article,en,,,,,National Institute For Materials Science,1,hybrid,1
10.1002/adfm.75916,10.1002/adfm.75916,Enhancing the Stability of Air‐Processed Flexible Perovskite Solar Cells via Self‐Healing Fluorinated Polyurethane‐Induced Lattice Reconstruction,Advanced Functional Materials,journal,2026-05-18,article,en,,,,,Zhejiang Sci-tech University,1,closed,0
10.21203/rs.3.rs-9643570/v1,10.21203/rs.3.rs-9643570/v1,Reversing Degradation: Recovery of Ion-Induced Performance Losses in Perovskite Solar Cells,Research Square,repository,2026-05-18,preprint,en,,,,,University Of Potsdam,0,green,0
10.1088/2632-959x/ae6f36,10.1088/2632-959x/ae6f36,Effect of FABr over-stoichiometry on the morphology and optoelectronic properties of wide-bandgap FAPbBr 3 films,Nano Express,journal,2026-05-18,article,en,,,,,,0,gold,0
10.1007/s42452-026-08814-8,10.1007/s42452-026-08814-8,Numerical optimization of chalcogenide perovskite solar cells using PEDOT PSS as hole transport layer through SCAPS 1D simulation,Discover Applied Sciences,journal,2026-05-18,article,en,,,,,Jaypee,0,diamond,0
10.1021/acsomega.6c01559,10.1021/acsomega.6c01559,Lead-Free Mixed-Halide-Based Vacancy-Ordered Perovskites: Status and Opportunities in Optoelectronics,ACS Omega,journal,2026-05-18,article,en,,,,,University Of Ruhuna,0,gold,0
10.1038/s41560-026-02071-0,10.1038/s41560-026-02071-0,Hole-transfer cascade-engineered donor polymer for unencapsulated perovskite solar cells with improved moisture stability,Nature Energy,journal,2026-05-18,article,en,,,,,Korea Advanced,0,closed,0
10.1038/s41598-026-52535-2,10.1038/s41598-026-52535-2,Simulation and performance analysis of nanostructure-based perovskite solar cells for improving their efficiency,Scientific Reports,journal,2026-05-18,article,en,,,,,Islamic Azad University Yazd,0,gold,0
10.1016/j.cej.2026.177494,10.1016/j.cej.2026.177494,Reliability enhancement of PVDF-HFP modified perovskite solar cells under synergistic space-relevant stress conditions,Chemical Engineering Journal,journal,2026-05-18,article,en,,,,,Chang Gung University,0,closed,0
10.1002/aenm.71084,10.1002/aenm.71084,Binary Additives Synergistically Modulate Crystallization for Enhanced HTL‐Free Sn–Pb Perovskite Solar Cells,Advanced Energy Materials,journal,2026-05-18,article,en,,,,,Fudan University,0,closed,0
10.1016/j.solmat.2026.114441,10.1016/j.solmat.2026.114441,Three-dimensional finite-element-based coupled optical-electrical modeling of Cs2AgBiBr6 double perovskite solar cells: Device-Level optimization for enhanced efficiency,Solar Energy Materials and Solar Cells,journal,2026-05-18,article,en,,,,,Ahsanullah University Of Science And Technology,0,closed,0
10.1021/acsami.6c02700,10.1021/acsami.6c02700,Polyacrylonitrile-Boosted Surface Coverage of 2D WSe 2 at the SnO 2 /Perovskite Interlayer for High-Performance Perovskite Solar Cells,ACS Applied Materials & Interfaces,journal,2026-05-18,article,en,,,,,,0,closed,0
10.13023/etd.2026.227,10.13023/etd.2026.227,Development and Application of Constant Final State Yield Spectroscopy (CFSYS) Derived from Variable Energy UPS for Probing Defect States in Conjugated Molecules and Halide Perovskites,UKnowledge (University of Kentucky),repository,2026-05-18,article,en,,,,,University Of Kentucky,0,green,0
10.1002/adfm.75939,10.1002/adfm.75939,A Biomimetic Hydrated Nanodomain Strategy for Perovskite Solar Cells,Advanced Functional Materials,journal,2026-05-18,article,en,,,,,Ludong University,0,closed,0
10.1038/s41467-026-73210-0,10.1038/s41467-026-73210-0,Bio-inspired antioxidant stabilization for efficient tin-lead and all-perovskite tandem solar cells,Nature Communications,journal,2026-05-18,article,en,,,,,City University Of Hong Kong,0,gold,1
10.1002/adfm.75866,10.1002/adfm.75866,Dual‐Function Interface Engineering for δ‐Phase‐Free Crystallization Toward Efficient and Stable FAPbI 3 Perovskite Solar Cells,Advanced Functional Materials,journal,2026-05-18,article,en,,,,,Chinese University Of Hong Kong,0,hybrid,0
10.48550/arxiv.2605.20242,10.48550/arxiv.2605.20242,LEAP: A closed-loop framework for perovskite precursor additive discovery,arXiv (Cornell University),repository,2026-05-18,preprint,en,,,,,,0,green,1
10.5281/zenodo.20326172,10.5281/zenodo.20326172,Tuning SnO₂ Ink Rheology for Roll to Roll Printing of Perovskite Solar Cells,Zenodo (CERN European Organization for Nuclear Research),repository,2026-05-18,article,en,,,,,Vtt Technical Research Centre Of Finland,0,green,0
10.5281/zenodo.20326171,10.5281/zenodo.20326171,Tuning SnO₂ Ink Rheology for Roll to Roll Printing of Perovskite Solar Cells,Zenodo (CERN European Organization for Nuclear Research),repository,2026-05-18,article,en,,,,,Vtt Technical Research Centre Of Finland,0,green,0
leap a closed loop framework for perovskite precursor additive discovery|wang,,LEAP: A closed-loop framework for perovskite precursor additive discovery,arXiv (Cornell University),repository,2026-05-18,preprint,en,,,,,Renmin University Of China,0,green,0
10.5281/zenodo.22024174,10.5281/zenodo.22024174,Toward R2R-Ready Ambient Processed Flexible Perovskite Solar Modules,Zenodo (CERN European Organization for Nuclear Research),repository,2026-05-18,article,en,,,,,Netherlands Organisation For Applied Scientific Research,0,green,0
10.5281/zenodo.22024173,10.5281/zenodo.22024173,Toward R2R-Ready Ambient Processed Flexible Perovskite Solar Modules,Zenodo (CERN European Organization for Nuclear Research),repository,2026-05-18,article,en,,,,,Netherlands Organisation For Applied Scientific Research,0,green,0
10.1002/anie.5162616,10.1002/anie.5162616,Molecular Pinning Effect in Composite Self‐Assembled Monolayers Enabling Efficient Perovskite/TOPCon Tandem Solar Cells,Angewandte Chemie International Edition,journal,2026-05-19,article,en,,,,,,9,green,1
10.1038/s41560-026-02067-w,10.1038/s41560-026-02067-w,Improving the stability of monolithic perovskite/silicon tandems against reverse-bias stress using graded dielectric layers,Nature Energy,journal,2026-05-19,article,en,,,,,City University Of Hong Kong,4,closed,0
10.1038/s41560-026-02068-9,10.1038/s41560-026-02068-9,Close-space sublimation as a versatile deposition process for efficient perovskite silicon tandem solar cells,Nature Energy,journal,2026-05-19,article,en,,,,,Karlsruhe,3,hybrid,1
10.1021/acsenergylett.6c00867,10.1021/acsenergylett.6c00867,Radical-Cross-Linking Molecular Anchoring Interfaces for Wide Bandgap Perovskite Solar Cells,ACS Energy Letters,journal,2026-05-19,article,en,,,,,Xiamen University,2,closed,1
10.3390/en19102441,10.3390/en19102441,Advanced Photovoltaic Technologies and Intelligent Integration in Solar Photovoltaic and Photovoltaic–Thermal Systems: A Materials Innovation Perspective,Energies,journal,2026-05-19,article,en,,,,,Multimedia University,1,gold,0
10.1007/s11665-026-14013-8,10.1007/s11665-026-14013-8,"Next-Generation Oxide-Based Photovoltaics: Role of Carbon Nanotubes, Graphene Derivatives, and Ionic Liquids in Device Engineering",Journal of Materials Engineering and Performance,journal,2026-05-19,article,en,,,,,Manav Rachna International,1,closed,0
10.1002/ange.5162616,10.1002/ange.5162616,Molecular Pinning Effect in Composite Self‐Assembled Monolayers Enabling Efficient Perovskite/TOPCon Tandem Solar Cells,Angewandte Chemie,journal,2026-05-19,article,en,,,,,,1,closed,0
10.1016/j.biortech.2026.134921,10.1016/j.biortech.2026.134921,An energy-carbon dual-control biohybrid: integrating photosynthetic microorganisms with patterned perovskite solar cells for concurrent electricity and biopolymer production,Bioresource Technology,journal,2026-05-19,article,en,,,,,Korea University,1,closed,0
10.1007/s11082-026-08876-3,10.1007/s11082-026-08876-3,Enhancing the stability and efficiency of perovskite solar cells by optimization of electrical parameter under thermal and optical stress,Optical and Quantum Electronics,journal,2026-05-19,article,en,,,,,,0,closed,0
10.1021/acsnano.6c04740,10.1021/acsnano.6c04740,Stoichiometry-Regulated Crystallization and Halide Homogenization in Wide-Bandgap Perovskites for Efficient Solar Cells and Tandems,ACS Nano,journal,2026-05-19,article,en,,,,,Nanjing University Of Science And Technology,0,closed,1
10.1016/j.tws.2026.115129,10.1016/j.tws.2026.115129,Advanced finite element model for nonlinear response of thin perovskite solar cell plates under thermal conditions,Thin-Walled Structures,journal,2026-05-19,article,en,,,,,Vietnam National University Ho Chi Minh City,0,closed,0
10.1002/pip.70121,10.1002/pip.70121,Coring Technique Development and Failure Analysis of Perovskite Solar Modules,Progress in Photovoltaics Research and Applications,journal,2026-05-19,article,en,,,,,University Of Science And Technology Of China,0,closed,0
10.1007/s40820-026-02225-5,10.1007/s40820-026-02225-5,Electronic Blockade of Shunting Pathways via Dual Insulator Contacts for High-Efficiency Wide-Bandgap Perovskite Indoor Photovoltaics,Nano-Micro Letters,journal,2026-05-19,article,en,,,,,Jinan University,0,gold,1
10.1016/j.cej.2026.177513,10.1016/j.cej.2026.177513,Dielectric-dipole synergy enables reduced-barrier electron extraction for highly efficient perovskite/textured-silicon tandems,Chemical Engineering Journal,journal,2026-05-19,article,en,,,,,Shanghai Normal University,0,closed,0
10.1002/adfm.75909,10.1002/adfm.75909,An In Situ Crosslinked Disulfide Self‐Assembled Monolayer for Concurrent Defects Modulation and Perovskite Self‐Healing for Stable Photovoltaics,Advanced Functional Materials,journal,2026-05-19,article,en,,,,,Guangxi University,0,closed,0
10.1007/s12034-026-03613-8,10.1007/s12034-026-03613-8,Recent developments in scalability and power conversion efficiency of perovskite solar cell fabricated by blade-coating and spin-coating techniques,Bulletin of Materials Science,journal,2026-05-19,article,en,,,,,Marwadi University,0,closed,0
10.1002/ange.2703193,10.1002/ange.2703193,Two Artificial Leaf Architectures for Solar Formate Production From CO 2 and H 2 O,Angewandte Chemie,journal,2026-05-19,article,en,,,,,Yale University,0,closed,0
10.1016/j.cej.2026.177518,10.1016/j.cej.2026.177518,Macroscopic defects suppression via buried interface modification for slot-die printed semi-transparent perovskite solar modules,Chemical Engineering Journal,journal,2026-05-19,article,en,,,,,Wuhan University Of Technology,0,closed,0
10.1016/j.scib.2026.05.039,10.1016/j.scib.2026.05.039,Interfacial toughening via S8@C60 for high-performance inverted perovskite solar cells,中国科学通报：英文版,journal,2026-05-19,article,en,,,,,Northwestern Polytechnical University,0,closed,0
10.1002/anie.2703193,10.1002/anie.2703193,Two Artificial Leaf Architectures for Solar Formate Production From CO 2 and H 2 O,Angewandte Chemie International Edition,journal,2026-05-19,article,en,,,,,Yale University,0,green,1
10.1016/j.physb.2026.418820,10.1016/j.physb.2026.418820,A comparative study of microwave and hydrothermal engineered Cs2SnI6 double perovskites for high-efficiency photovoltaic and photodetection applications,Physica B Condensed Matter,journal,2026-05-19,article,en,,,,,Chettinad Academy Of Research And Education,0,closed,0
10.1088/2752-5724/ae6fd4,10.1088/2752-5724/ae6fd4,"N,N-dimethyl-2-aminosulfonyl nicotinamide additive engineering for high-performance wide-bandgap perovskite solar cells",Materials Futures,journal,2026-05-19,article,en,,,,,Wuhan University Of Technology,0,diamond,0
10.1002/sus2.70073,10.1002/sus2.70073,Renewable Energy‐Driven Green Electricity Supplement for Empowering Blue Economy,SusMat,journal,2026-05-19,article,en,,,,,Southeast University,0,gold,1
10.1080/03772063.2026.2672759,10.1080/03772063.2026.2672759,Optimized Cs 3 Bi 2 I 9 /Ma 3 Sb 2 I 9 dual perovskite absorbers for broad-spectrum solar coverage via SCAPS-1D device performance analysis,IETE Journal of Research,journal,2026-05-19,article,en,,,,,Jain University,0,closed,0
10.1002/aenm.71077,10.1002/aenm.71077,Targeted Enhancement of Passivator Coordination Activity Enables 2.00 V V oc in Efficient Perovskite/Silicon Tandem Solar Cells,Advanced Energy Materials,journal,2026-05-20,article,en,,,,,Sun Yat-sen University,2,closed,1
10.1002/advs.75706,10.1002/advs.75706,"Flexoelectricity in Photoconversion: Fundamentals, Materials, and Outlooks",Advanced Science,journal,2026-05-20,article,en,,,,,The University Of Sydney,2,gold,1
10.1038/s41467-026-73255-1,10.1038/s41467-026-73255-1,AI-driven green processing and life cycle assessment for sustainable perovskite solar cells,Nature Communications,journal,2026-05-20,article,en,,,,,Sungkyunkwan University,1,gold,1
10.1002/aenm.71095,10.1002/aenm.71095,Noncovalent Interaction‐Engineered Ordered Self‐Assembled Molecules Enable Efficient and Stable Organic Photovoltaics,Advanced Energy Materials,journal,2026-05-20,article,en,,,,,Henan,1,closed,0
10.1021/acsaem.6c00044,10.1021/acsaem.6c00044,Spectroscopic Limited Maximum Efficiency-First Progressive Screening of Halide Double Perovskites via First Principle-Constrained Machine Learning,ACS Applied Energy Materials,journal,2026-05-20,article,en,,,,,Shanghai University Of Electric Power,1,closed,0
10.1002/smll.202600068,10.1002/smll.202600068,The Role of Interfacial Energetics and Defects on The Efficiency of Tin Perovskite Solar Cells,Small,journal,2026-05-20,article,en,,,,,Helmholtz-zentrum Berlin Für Materialien Und Energie,2,hybrid,0
10.21203/rs.3.rs-9701383/v1,10.21203/rs.3.rs-9701383/v1,"Performance Optimization of Tin-Based Inverted Planar Perovskite Solar Cells: Insights into Defect Density, Thickness, Absorber Concentration, and Thermal Effects via Numerical Simulation",Research Square,repository,2026-05-20,preprint,en,,,,,Benue State University,0,green,0
10.1016/j.surfin.2026.109608,10.1016/j.surfin.2026.109608,Synergistic defect passivation and energy level regulation via phenanthroline derivatives for efficient and stable dopant-free P3HT perovskite solar cells,Surfaces and Interfaces,journal,2026-05-20,article,en,,,,,Chongqing University,0,closed,0
10.5281/zenodo.20302433,10.5281/zenodo.20302433,(Ⅶ)Research on Global Engineering Implementation of AI Supercomputing Communication Satellites,Zenodo (CERN European Organization for Nuclear Research),repository,2026-05-20,preprint,en,,,,,,0,green,1
10.1021/acsnano.6c00306,10.1021/acsnano.6c00306,Mapping Concurrent Charge Carrier Dynamics at Semiconductor Surfaces Using Frequency-Domain Surface Photovoltage Inversion,ACS Nano,journal,2026-05-20,article,en,,,,,Dalian,0,closed,1
10.1002/smll.73854,10.1002/smll.73854,Enhancing High‐Humidity Stability of CsPbI 3 Perovskite Solar Cells Through Strong Bidentate Ligand Coordination,Small,journal,2026-05-20,article,en,,,,,National Taipei University Of Technology,0,hybrid,1
10.5281/zenodo.20302432,10.5281/zenodo.20302432,(Ⅶ)Research on Global Engineering Implementation of AI Supercomputing Communication Satellites,Zenodo (CERN European Organization for Nuclear Research),repository,2026-05-20,preprint,en,,,,,,0,green,1
10.1002/smll.73886,10.1002/smll.73886,Quantitative Deposition Enables Dual Passivation Synergy for Efficient Inverted Perovskite Solar Cells,Small,journal,2026-05-20,article,en,,,,,Huaqiao University,0,green,1
10.1016/j.cej.2026.177583,10.1016/j.cej.2026.177583,A synergistic passivation and orientation strategy toward high-efficiency and stable inverted perovskite solar cells,Chemical Engineering Journal,journal,2026-05-20,article,en,,,,,Southern Marine Science And Engineering Guangdong Laboratory (guangzhou),0,closed,0
10.1002/adfm.75933,10.1002/adfm.75933,Improving Phase Homogeneity of Formamidinium Cesium Lead Iodide Perovskites Solar Cells via Densely Packed Amorphous Self‐Assembled Multilayer,Advanced Functional Materials,journal,2026-05-20,article,en,,,,,Shanghai Jiao Tong University,0,closed,0
10.1002/smll.73891,10.1002/smll.73891,Synergistic Dual‐Passivation of Grain Boundaries and Buried Interface for High‐Efficiency and Stable Perovskite Solar Cells,Small,journal,2026-05-20,article,en,,,,,Nanjing University Of Aeronautics And Astronautics,0,green,1
10.1016/j.ecmx.2026.101970,10.1016/j.ecmx.2026.101970,Machine-learning-guided efficiency engineering of In2AgSbCl6 double perovskite photovoltaics,Energy Conversion and Management X,journal,2026-05-20,article,en,,,,,,0,gold,0
10.1016/j.cej.2026.177359,10.1016/j.cej.2026.177359,Vapor-assisted dip-coating of wide-bandgap perovskites: Suppressing Back-diffusion of solute via optimized withdrawal speed,Chemical Engineering Journal,journal,2026-05-20,article,en,,,,,Tianjin University Of Technology,0,closed,0
10.1038/s41467-026-73269-9,10.1038/s41467-026-73269-9,Photo-protective iodine chelate enables stable perovskite solar cells under reverse bias,Nature Communications,journal,2026-05-20,article,en,,,,,Hong Kong Polytechnic University,0,gold,1
10.5281/zenodo.20302273,10.5281/zenodo.20302273,(Ⅵ)Research on Efficient Improvement System of AI Photovoltaic Power Generation,Zenodo (CERN European Organization for Nuclear Research),repository,2026-05-20,preprint,en,,,,,,0,green,1
10.5281/zenodo.20302274,10.5281/zenodo.20302274,(Ⅵ)Research on Efficient Improvement System of AI Photovoltaic Power Generation,Zenodo (CERN European Organization for Nuclear Research),repository,2026-05-20,preprint,en,,,,,,0,green,1
10.1038/s41467-026-73426-0,10.1038/s41467-026-73426-0,Robust self-assembled monolayer enables ultraviolet stable perovskite photovoltaics,Nature Communications,journal,2026-05-20,article,en,,,,,Peking University,0,gold,1
10.1002/smtd.70729,10.1002/smtd.70729,Deprotonated Self‐Assembled Monolayer for Inverted CsPbI 2 Br Perovskite Solar Cells With Record‐Efficiency and Open‐Circuit Voltage,Small Methods,journal,2026-05-20,article,en,,,,,South China University Of Technology,0,closed,0
10.1002/aenm.71102,10.1002/aenm.71102,"Oriented Crystal Growth of High‐Quality Wide‐Bandgap Perovskites for Efficient Flexible Perovskite/Cu(In, Ga)Se 2 Tandem Photovoltaics",Advanced Energy Materials,journal,2026-05-20,article,en,,,,,Foshan University,0,closed,1
10.1007/s11708-026-1070-4,10.1007/s11708-026-1070-4,Enhanced performance and flexibility of perovskite/silicon tandem solar cells via uniform submicron pyramids,ENGINEERING Energy,journal,2026-05-20,article,en,,,,,Shanghai,0,closed,0
10.37649/ajes.26.0013,10.37649/ajes.26.0013,Thermal effect Mitigation Strategies for Solar Cells: A Review,Anbar journal for engineering sciences/Mağallaẗ al-anbār li-l-ʻulūm al-handasiyyaẗ,journal,2026-05-20,article,en,,,,,University Of Mosul,0,diamond,0
10.1007/s11696-026-04935-x,10.1007/s11696-026-04935-x,"Computational analysis of Cs2TlInY6 (Y = Cl, Br, I) halide double perovskites: insights from TB-mBJ and Hartree–Fock (HF) calculations for energy-related properties",Chemical Papers,journal,2026-05-21,article,en,,,,,Qilu University Of Technology,1,closed,0
10.1016/j.cej.2026.177570,10.1016/j.cej.2026.177570,Phthalocyanine-based interlayers for reducing ion defects and enhancing stability in perovskite solar cells with an efficiency over 24%,Chemical Engineering Journal,journal,2026-05-21,article,en,,,,,Sakarya Uygulamalı Bilimler Üniversitesi,1,closed,0
10.1016/j.cocom.2026.e01340,10.1016/j.cocom.2026.e01340,A hybrid CNN–LSTM architecture for bandgap prediction in mixed-halide perovskites outperforming machine and deep learning models,Computational Condensed Matter,journal,2026-05-21,article,en,,,,,University Of Electronic Science And Technology Of China,0,closed,0
10.1021/acsami.6c06303,10.1021/acsami.6c06303,Synergistic Interfacial Passivation and Dipole-Field Engineering for Enhanced Charge Extraction in CsPbI 3 Perovskite Quantum Dot Solar Cells,ACS Applied Materials & Interfaces,journal,2026-05-21,article,en,,,,,Nankai University,0,closed,1
10.1016/j.cinorg.2026.100158,10.1016/j.cinorg.2026.100158,Morphological modification in CsBi3I10 perovskite thin films for solar cell devices,Chemistry of Inorganic Materials,journal,2026-05-21,article,en,,,,,Veer Bahadur Singh Purvanchal University,0,gold,0
10.1016/j.matt.2026.102824,10.1016/j.matt.2026.102824,Selective passivation of pyramid peaks for 32.9%-efficient perovskite/silicon tandem solar cells,Matter,journal,2026-05-21,article,en,,,,,,0,closed,0
10.1021/acsami.6c05503,10.1021/acsami.6c05503,Amplified Spontaneous Emission Enhancement in FAPbI 3 Nanocrystal Films via PMMA and Mechanical Tunability on Flexible PET,ACS Applied Materials & Interfaces,journal,2026-05-21,article,en,,,,,National Taipei University Of Technology,0,hybrid,0
10.1016/j.cej.2026.177572,10.1016/j.cej.2026.177572,Tailored multifunctional passivation enables efficient and stable flexible perovskite solar cells,Chemical Engineering Journal,journal,2026-05-21,article,en,,,,,Henan Normal University,0,closed,0
10.1007/s44503-026-00008-y,10.1007/s44503-026-00008-y,A perovskite solar cell-powered smart window with high initial transparency for tri-band solar spectrum management,Watt,journal,2026-05-21,article,en,,,,,Southern University Of Science And Technology,0,hybrid,0
10.1002/solr.202500960,10.1002/solr.202500960,Reduced Dimensionality of Perovskite Films Combined with 3D Configuration for Stable Carbon‐Based Perovskite Solar Cells,Solar RRL,journal,2026-05-21,article,en,,,,,Northwestern Polytechnical University,0,closed,1
10.48550/arxiv.2605.22453,10.48550/arxiv.2605.22453,Harnessing Linear and Nonlinear Optical Responses in Ferroelectric LaMoN$_3$ for Enhanced Photovoltaic Efficiency,arXiv (Cornell University),repository,2026-05-21,preprint,en,,,,,,0,green,1
10.1002/aenm.71105,10.1002/aenm.71105,Regulation of Crystallization Kinetics via Zwitterionic Additive for Efficient and Operationally Stable Formamidinium Perovskite Solar Cells,Advanced Energy Materials,journal,2026-05-21,article,en,,,,,City University Of Hong Kong,0,hybrid,1
10.1002/aenm.71111,10.1002/aenm.71111,Constructing an Ultra‐Efficient Carrier Transport Pathway Through Dual‐Targeted Anchoring for High‐Performance Perovskite Solar Cells,Advanced Energy Materials,journal,2026-05-21,article,en,,,,,Fujian,0,closed,1
10.1002/aenm.71097,10.1002/aenm.71097,Interfacial Donor‐Acceptor Complex Engineering Boosts Hot Hole Extraction in Tin Halide Perovskite Indoor Photovoltaics,Advanced Energy Materials,journal,2026-05-21,article,en,,,,,,0,closed,0
harnessing linear and nonlinear optical responses in ferroelectric lamon 3 for enhanced photovoltaic efficiency|adhikari,,Harnessing Linear and Nonlinear Optical Responses in Ferroelectric LaMoN$_3$ for Enhanced Photovoltaic Efficiency,arXiv (Cornell University),repository,2026-05-21,preprint,en,,,,,,0,green,0
10.48550/arxiv.2605.22887,10.48550/arxiv.2605.22887,"Genome-Guided Interpretable Screening of Phase-Stable, Lead-Free Double Perovskite Absorbers for All-Inorganic Semiconductors, Sensors, and Photovoltaics with DFT-Validated Design Rules",arXiv (Cornell University),repository,2026-05-21,preprint,en,,,,,,0,green,1
genome guided interpretable screening of phase stable lead free double perovskite absorbers for all inorganic semiconductors sensors and photovoltaics with dft validated design rules|ahtasu,,"Genome-Guided Interpretable Screening of Phase-Stable, Lead-Free Double Perovskite Absorbers for All-Inorganic Semiconductors, Sensors, and Photovoltaics with DFT-Validated Design Rules",arXiv (Cornell University),repository,2026-05-21,preprint,en,,,,,,0,green,0
10.1126/sciadv.aea7043,10.1126/sciadv.aea7043,Molecular interfaces drive vertical crystallization in Dion-Jacobson perovskite solar cells,Science Advances,journal,2026-05-22,article,en,,,,,Nankai University,4,gold,1
10.1002/solr.70370,10.1002/solr.70370,Using Explainable Artificial Intelligence to Predict Perovskite Solar Cell Electrical Metastability from Operando Photoluminescence Images in Accelerated Stress Testing,Solar RRL,journal,2026-05-22,article,en,,,,,National Laboratory Of The Rockies,2,hybrid,0
10.1038/s41560-026-02072-z,10.1038/s41560-026-02072-z,Additive-assisted liquid medium annealing relieving strains in perovskite solar cells for improved stability,Nature Energy,journal,2026-05-22,article,en,,,,,Foshan University,2,closed,0
10.1016/j.matlet.2026.140966,10.1016/j.matlet.2026.140966,Facile fabrication of NiOx hole transport layers via thermal oxidation of evaporated Ni films without metallic Ni residues for perovskite solar cells,Materials Letters,journal,2026-05-22,article,en,,,,,Aoyama Gakuin University,1,hybrid,0
10.1016/j.apsusc.2026.167318,10.1016/j.apsusc.2026.167318,Enhanced performance of perovskite solar cells by functionalized reduced graphene oxide,Applied Surface Science,journal,2026-05-22,article,en,,,,,Taiwan Semiconductor Manufacturing Company (taiwan),1,closed,0
10.1016/j.jmgm.2026.109454,10.1016/j.jmgm.2026.109454,DFT insights into optoelectronic response and SCAPS-1D investigation of photovoltaic properties of Rb2AuSbCl6 double perovskite solar cells with optimized hole transport layers,Journal of Molecular Graphics and Modelling,journal,2026-05-22,article,en,,,,,Queensland University Of Technology,1,closed,0
10.1016/j.solmat.2026.114427,10.1016/j.solmat.2026.114427,Sustainable end-of-life strategies for perovskite solar cells: Environmental and economic perspectives,Solar Energy Materials and Solar Cells,journal,2026-05-22,article,en,,,,,Portland State University,0,green,0
10.1021/acs.nanolett.6c01029,10.1021/acs.nanolett.6c01029,"Many-Body Exciton Interactions, Coherence, and Transport in Perovskite Quantum Dots",Nano Letters,journal,2026-05-22,article,en,,,,,Purdue University West Lafayette,0,closed,1
10.1002/adfm.75843,10.1002/adfm.75843,Oxygen‐Rich Molecular Bridging Interface Enable High‐Performance Perovskite Solar Cells,Advanced Functional Materials,journal,2026-05-22,article,en,,,,,Wuhan,0,closed,1
10.1002/aenm.71113,10.1002/aenm.71113,A Coordination‐Regulated Anti‐Solvent‐Free Strategy by Sulfolane for High‐Performance Perovskite Solar Cells,Advanced Energy Materials,journal,2026-05-22,article,en,,,,,Jackson State University,0,closed,0
10.1002/aenm.71107,10.1002/aenm.71107,Modulating Buried Interfaces via Co‐Assembled Monolayers With Siloxane‐Mediated Intermolecular Interactions for Perovskite/Silicon Tandem Solar Cells,Advanced Energy Materials,journal,2026-05-22,article,en,,,,,,0,closed,1
10.1021/acs.jpclett.6c00952,10.1021/acs.jpclett.6c00952,Tailoring Self-Assembled Monolayers through Electron-Donating and -Withdrawing Substituents for Inverted Perovskite Solar Cells,The Journal of Physical Chemistry Letters,journal,2026-05-22,article,en,,,,,Jiangsu University,0,closed,1
10.1002/cjoc.70621,10.1002/cjoc.70621,Polyethylene Glycol‐ MXene Blend as an Interfacial Modification Layer for n‐i‐p Perovskite Solar Cells,Chinese Journal of Chemistry,journal,2026-05-22,article,en,,,,,Soochow University,0,closed,0
10.1016/j.nexres.2026.101912,10.1016/j.nexres.2026.101912,"Temperature-dependent structural, dielectric, electric, and magnetic relaxation properties of BiFeO3 nanoparticles",Next research.,journal,2026-05-22,article,en,,,,,Ahsanullah University Of Science And Technology,0,closed,0
10.1007/s11082-026-08907-z,10.1007/s11082-026-08907-z,Tailoring compositional electron transport layers for enhanced carrier extraction in SrZrSe3 lead-free PSCs,Optical and Quantum Electronics,journal,2026-05-22,article,en,,,,,Madan Mohan Malaviya University Of Technology,0,closed,0
10.1088/1402-4896/ae721c,10.1088/1402-4896/ae721c,Modeling and numerical optimization of lead-free FASnI 3 /Cu 2 SnS 3 tandem solar cells,Physica Scripta,journal,2026-05-22,article,en,,,,,Nanchang University,0,hybrid,0
10.1016/j.chemphys.2026.113280,10.1016/j.chemphys.2026.113280,"Exploring the electronic, mechanical strength, dielectric and optical properties of ab-initio based Rb2ScInX6 (X = Cl, Br, I) perovskites materials: An emerging class of sustainable energy applications",Chemical Physics,journal,2026-05-22,article,en,,,,,Crystal Research (united States),0,closed,0
10.11591/ijape.v15.i2.pp905-914,10.11591/ijape.v15.i2.pp905-914,Technological and philosophical perspectives on photovoltaic electric bicycles for sustainable mobility,International Journal of Applied Power Engineering (IJAPE),journal,2026-05-22,article,en,,,,,Riau University,0,diamond,0
10.1002/aenm.71109,10.1002/aenm.71109,Sputtering Mechanism of an Unsintered Organic–Inorganic Sputtering Target for Perovskite Solar Cells,Advanced Energy Materials,journal,2026-05-22,article,en,,,,,Sungkyunkwan University,0,hybrid,1
10.1016/j.seta.2026.105048,10.1016/j.seta.2026.105048,Simultaneous optimization of efficiency and stability in tunable HTL-free perovskite solar cells with MWCNT-integrated back contact using a machine learning-derived polynomial regressor,Sustainable Energy Technologies and Assessments,journal,2026-05-23,article,en,,,,,Bangladesh University Of Engineering And Technology,3,closed,0
10.1002/ifm2.70019,10.1002/ifm2.70019,"Revealing Perovskite Crystallization and Degradation With Grazing‐Incidence Wide‐Angle X‐Ray Scattering: Kinetics, Phase Analysis and Modulation Strategies",Information & Functional Materials,journal,2026-05-23,article,en,,,,,Chinese University Of Hong Kong,2,diamond,0
10.1002/adma.73477,10.1002/adma.73477,4‐Methylpyridine‐Mediated Homogenization of Wide‐Bandgap Perovskite Films for Efficient All‐Perovskite Tandem Solar Cells,Advanced Materials,journal,2026-05-23,article,en,,,,,Wuhan National Laboratory For Optoelectronics,2,closed,0
10.1002/adma.73442,10.1002/adma.73442,Lead Halide Perovskite Photoelectrocatalysis,Advanced Materials,journal,2026-05-23,article,en,,,,,Nanyang Technological University,1,hybrid,1
10.1016/j.poly.2026.118218,10.1016/j.poly.2026.118218,"First-principles investigation of structural stability and optoelectronic properties of lead-free A2LiGaBr6 (A = Na, K) double perovskites for photovoltaic applications",Polyhedron,journal,2026-05-23,article,en,,,,,Qilu University Of Technology,1,closed,0
10.1002/adma.202519143,10.1002/adma.202519143,Lattice‐Matched 2D Template Enables Efficient Cesium Tin Halide Perovskite Solar Cells,Advanced Materials,journal,2026-05-23,article,en,,,,,The University Of Queensland,1,hybrid,1
10.1016/j.mtchem.2026.103722,10.1016/j.mtchem.2026.103722,"Harnessing Skin's photoprotection mechanism: A bio-inspired urocanic acid interface engineering strategy toward ultraviolet-filtering, defect-tolerant, and crystallization-modulated perovskite solar cells",Materials Today Chemistry,journal,2026-05-23,article,en,,,,,Ludong University,0,closed,0
10.1002/aenm.71112,10.1002/aenm.71112,Hydrogen Bond‐Mediated Molecule‐Cation Passivation Pair for Efficient Perovskite Solar Cells,Advanced Energy Materials,journal,2026-05-23,article,en,,,,,North China Electric Power University,0,closed,0
10.1016/j.jpowsour.2026.240463,10.1016/j.jpowsour.2026.240463,Surface modification with S-benzylisothiourea hydrochloride for enhancing the efficiency and stability of carbon-based CsPbI3 perovskite solar cells,Journal of Power Sources,journal,2026-05-23,article,en,,,,,Beihang University,0,closed,0
10.1016/j.mseb.2026.119561,10.1016/j.mseb.2026.119561,Controlling NiOx properties in PEALD: The crucial role of water plasma power,Materials Science and Engineering B,journal,2026-05-23,article,en,,,,,,0,hybrid,0
10.1080/10667857.2026.2675499,10.1080/10667857.2026.2675499,Reimagining solar cells with La (1− x ) Sr ( x ) MnO₃ nanoperovskites for enhanced energy conversion,Materials Technology,journal,2026-05-23,article,en,,,,,New York City Fire Department,0,hybrid,0
10.1002/adfm.76061,10.1002/adfm.76061,Rough Hole‐Transport Layer for Nucleation Control Enables High‐Efficiency Perovskite/Silicon Tandem Solar Cells on Fully Textured Silicon,Advanced Functional Materials,journal,2026-05-23,article,en,,,,,Xi'an Jiaotong University,0,closed,0
10.1016/j.cej.2026.177600,10.1016/j.cej.2026.177600,Defect extrusion passivation technology enables high-performance carbon-based CsPbI2Br solar cells,Chemical Engineering Journal,journal,2026-05-23,article,en,,,,,Nanjing University,0,closed,0
10.1002/adfm.76110,10.1002/adfm.76110,Chemical Polishing‐Assisted Surface Passivation and Repair for Robust Perovskite Photovoltaics,Advanced Functional Materials,journal,2026-05-23,article,en,,,,,Jinan University,0,closed,1
10.1038/s41598-026-51970-5,10.1038/s41598-026-51970-5,Machine learning prediction of dual absorber lead-free perovskite solar cells for boosting PCE,Scientific Reports,journal,2026-05-24,article,en,,,,,Kafrelsheikh University,1,gold,0
10.1016/j.scenem.2026.100045,10.1016/j.scenem.2026.100045,"Facet engineering in perovskite solar cells: Facet properties, crystallization regulation, and device performance",Sustainable Chemistry for Energy Materials,journal,2026-05-24,article,en,,,,,Sichuan University,0,gold,0
10.1016/j.cocom.2026.e01336,10.1016/j.cocom.2026.e01336,First-principles investigation of CuNbS3 and CuTaS3: Promising chalcogenide perovskites for photovoltaic applications,Computational Condensed Matter,journal,2026-05-24,article,en,,,,,Universidad Andrés Bello,0,closed,0
10.1002/smll.202513734,10.1002/smll.202513734,Ti 3 C 2 T x (MXene)‐Polystyrene Based Passivation for Perovskite Solar Cells With Enhanced Stability,Small,journal,2026-05-24,article,en,,,,,Griffith University,0,hybrid,1
10.1002/smll.202514991,10.1002/smll.202514991,Enhancing Thermal Stability of Perovskite Film for durable Solar Cells,Small,journal,2026-05-24,article,en,,,,,North China Electric Power University,0,green,1
10.1016/j.micrna.2026.208760,10.1016/j.micrna.2026.208760,Compositional grading strategies in Ba(Hf1−xZrx)S3 chalcogenide perovskites: Mapping the device physics of bandgap-engineered architectures,Micro and Nanostructures,journal,2026-05-25,article,en,,,,,Indian,2,closed,0
10.1002/aenm.71115,10.1002/aenm.71115,Enhancing Perovskite/Organic Tandem Solar Cell Efficiencies via Gradient‐Regulated Crystallization of Mixed‐Halide Perovskites,Advanced Energy Materials,journal,2026-05-25,article,en,,,,,Southern University Of Science And Technology,1,closed,1
10.1016/j.solener.2026.114732,10.1016/j.solener.2026.114732,A review of mechanisms types and performance optimization of additives for perovskite solar cells,Solar Energy,journal,2026-05-25,article,en,,,,,Jiangsu University Of Science And Technology,1,closed,0
10.1002/adma.73502,10.1002/adma.73502,Pb‐Rich Buried Interface Promoting Upward Unidirectional Crystallization for Efficient and Stable Carbon‐Based Perovskite Solar Cells and Mini‐Modules,Advanced Materials,journal,2026-05-25,article,en,,,,,South China Agricultural University,1,closed,1
10.1016/j.jpcs.2026.113858,10.1016/j.jpcs.2026.113858,From material to smart grid: Multi-scale modeling of lead-free perovskite solar systems under realistic operating conditions,Journal of Physics and Chemistry of Solids,journal,2026-05-25,article,en,,,,,Abdelmalek Essaâdi University,0,closed,0
10.1021/acsami.6c06052,10.1021/acsami.6c06052,"Ion-Pair Induced Electrostatic Gating at Buried Interface for Efficient, Stable, and Eco-Safe Perovskite Solar Cells",ACS Applied Materials & Interfaces,journal,2026-05-25,article,en,,,,,Ludong University,0,closed,1
10.1016/j.solmat.2026.114442,10.1016/j.solmat.2026.114442,"Beyond lead halide perovskites: visible light photovoltaics with phase engineered bismuth-based oxide double-perovskites, Bi2MCrO6 (M = Fe, Mn)",Solar Energy Materials and Solar Cells,journal,2026-05-25,article,en,,,,,,0,closed,0
10.1038/s41467-026-73620-0,10.1038/s41467-026-73620-0,Deprotonation suppressing via competitive proton transfer control for efficient perovskite solar cells,Nature Communications,journal,2026-05-25,article,en,,,,,Xidian University,0,gold,1
10.1142/s021798492650168x,10.1142/s021798492650168x,"Optoelectronic, solar cell and multiferroic analysis of the Ruddlesden–Popper perovskite MnCaTa 2 O 7 : A first principles study",Modern Physics Letters B,journal,2026-05-25,article,en,,,,,University Of Malakand,0,closed,0
10.1021/acs.jpcc.5c08404,10.1021/acs.jpcc.5c08404,Architecture of Anisotropic One-Dimensional Gold-CsPbBr 3 Perovskite Nanorod Epitaxial Heterostructure for Efficient Charge Separation,The Journal of Physical Chemistry C,journal,2026-05-25,article,en,,,,,,0,closed,0
10.1016/j.actaastro.2026.05.051,10.1016/j.actaastro.2026.05.051,The return of silicon solar cells to space,Acta Astronautica,journal,2026-05-25,article,en,,,,,Surrey Satellite Technology (united Kingdom),0,closed,0
10.1002/adma.73489,10.1002/adma.73489,Interlocked Interface Enhances Mechanical Integrity for Thermal‐Cycling‐Stable Perovskite Solar Cells With 26.82% Certified Efficiency,Advanced Materials,journal,2026-05-25,article,en,,,,,Northwestern Polytechnical University,0,closed,0
10.1002/smll.73621,10.1002/smll.73621,Lattice Oxygen‐Mediated Defect and Strain Regulation of SnO 2 via Water‐Soluble Tb 2 O 3 for High‐Performance Perovskite Solar Cells,Small,journal,2026-05-25,article,en,,,,,,0,green,1
10.1016/j.orgel.2026.107446,10.1016/j.orgel.2026.107446,Thickness-dependent NiOx interface engineering for enhanced wide-bandgap perovskite solar cells,Organic Electronics,journal,2026-05-25,article,en,,,,,Beijing Solar Energy Research Institute,0,closed,0
10.1021/acsami.6c06364,10.1021/acsami.6c06364,Mechanically Adaptive Viscoelastic Grain-Boundary Regulation in Blade-Coated Tin–Lead Perovskites,ACS Applied Materials & Interfaces,journal,2026-05-25,article,en,,,,,Wuhan University,0,closed,0
10.1111/exsy.70310,10.1111/exsy.70310,Artificial Intelligence‐Driven Nanomaterials: Pioneering Innovations in Energy Conversion and Storage,Expert Systems,journal,2026-05-25,article,en,,,,,State,0,closed,0
10.1002/pip.70117,10.1002/pip.70117,Optimized Three‐Layer Carbon Electrode Architecture for High‐Performance CsPbI 3 Perovskite Solar Cells,Progress in Photovoltaics Research and Applications,journal,2026-05-25,article,en,,,,,Zhejiang Ocean University,0,closed,0
10.5281/zenodo.20478379,10.5281/zenodo.20478379,Tailoring Grain Size and 2D/3D/2D Interfaces for High-Efficiency Hybrid Perovskite Solar Cells,Zenodo (CERN European Organization for Nuclear Research),repository,2026-05-25,article,en,,,,,University Of Tabriz,0,green,0
10.5281/zenodo.20478378,10.5281/zenodo.20478378,Tailoring Grain Size and 2D/3D/2D Interfaces for High-Efficiency Hybrid Perovskite Solar Cells,Zenodo (CERN European Organization for Nuclear Research),repository,2026-05-25,article,en,,,,,University Of Tabriz,0,green,0
10.1038/s44359-026-00173-2,10.1038/s44359-026-00173-2,Taking perovskite photovoltaics from promise to product,Nature Reviews Clean Technology,journal,2026-05-26,article,en,,,,,Imec The Netherlands,3,closed,0
10.1103/fs84-8lgj,10.1103/fs84-8lgj,Low-temperature structural instabilities of the halide double perovskite Cs 2 AgBiBr 6 investigated via x-ray diffraction and infrared phonons,APS Open Science,journal,2026-05-26,article,en,,,,,Brock University,1,hybrid,0
10.1002/ece2.70082,10.1002/ece2.70082,Buried Interface Engineering via a Bifunctional Guanidino‐Carboxyl Molecular Bridge for Enhanced Performance and Stability in Perovskite Solar Cells,EcoEnergy,journal,2026-05-26,article,en,,,,,Hubei University Of Arts And Science,1,diamond,1
10.1002/adma.73479,10.1002/adma.73479,Flexible Perovskite/Silicon Tandem Solar Cells Exceeding 30% Efficiency at Scale,Advanced Materials,journal,2026-05-26,article,en,,,,,Tsinghua University,1,closed,0
10.1038/s41467-026-73709-6,10.1038/s41467-026-73709-6,Directing intermediate phase crystallographic orientation promotes carbon-based CsPbI3 perovskite solar cells to beyond 20% efficiency,Nature Communications,journal,2026-05-26,article,en,,,,,Beihang University,0,gold,1
10.1016/j.nanoen.2026.112065,10.1016/j.nanoen.2026.112065,Rain-solar hybrid voltaics for all-weather energy harvesting,Nano Energy,journal,2026-05-26,article,en,,,,,University Of Victoria,0,closed,0
10.1038/s41560-026-02077-8,10.1038/s41560-026-02077-8,Stable tin–lead perovskite inks for efficient all-perovskite tandems,Nature Energy,journal,2026-05-26,article,en,,,,,Soochow University,0,closed,0
10.1088/2631-8695/ae72f6,10.1088/2631-8695/ae72f6,Solvent-based revival of carbon-based perovskite solar cells,Engineering Research Express,journal,2026-05-26,article,en,,,,,University Of Turku,0,hybrid,0
10.1002/adfm.76072,10.1002/adfm.76072,Self‐Adaptive Anhydrous Passivation Mitigates Open‐Circuit Voltage Loss in Pb‐Sn Mixed Perovskite Solar Cells,Advanced Functional Materials,journal,2026-05-26,article,en,,,,,University Of Tsukuba,0,hybrid,0
10.20944/preprints202605.1785.v1,10.20944/preprints202605.1785.v1,Buried Interfaces and Charge Carrier Management in Inverted Perovskite Solar Cells,Preprints.org,repository,2026-05-26,preprint,en,,,,,,0,green,1
10.1016/j.solener.2026.114721,10.1016/j.solener.2026.114721,Enhancing solar spectrum utilization with led-free Cs2AgBiBr6/CIGS dual-absorber: A TCAD-based numerical study,Solar Energy,journal,2026-05-26,article,en,,,,,National,0,closed,0
10.5281/zenodo.20396831,10.5281/zenodo.20396831,Tuning SnO₂ Ink Rheology for Roll to Roll Printing of Perovskite Solar Cells,Zenodo (CERN European Organization for Nuclear Research),repository,2026-05-26,article,en,,,,,Vtt Technical Research Centre Of Finland,0,green,0
10.1021/acsenergylett.6c00863,10.1021/acsenergylett.6c00863,Potential-Induced Degradation in Perovskite Photovoltaics Mitigated by Positive-Voltage Systems,ACS Energy Letters,journal,2026-05-26,article,en,,,,,King Abdullah University Of Science And Technology,0,hybrid,1
10.5281/zenodo.20391162,10.5281/zenodo.20391162,Experimental data on electron transport materials and perovskite solar cell devices,Zenodo (CERN European Organization for Nuclear Research),repository,2026-05-26,article,ca,,,,,City University Of Hong Kong,0,green,0
10.1007/s10948-026-07187-8,10.1007/s10948-026-07187-8,"Lead-Free Halide Perovskites KSiI3 and RbSiI3: First-Principles Insights into Structural Stability, Optoelectronic Properties, and Photocatalytic Water-Splitting Potential",Journal of Superconductivity and Novel Magnetism,journal,2026-05-26,article,en,,,,,Mohammed V University,0,closed,0
10.1002/adfm.76146,10.1002/adfm.76146,Charge and Uniformity Modulation Enables Low‐Loss Self‐Assembled Molecule Contacts for Robust Perovskite Photovoltaics,Advanced Functional Materials,journal,2026-05-26,article,en,,,,,Ludong University,0,closed,0
10.1016/j.solmat.2026.114452,10.1016/j.solmat.2026.114452,Genetic algorithm: Design of perovskite solar cells with broadband light-absorption optimization,Solar Energy Materials and Solar Cells,journal,2026-05-26,article,en,,,,,Guangxi Normal University,0,closed,0
10.1016/j.tca.2026.180353,10.1016/j.tca.2026.180353,Temperature-dependent Raman spectra and thermal conductivity anisotropy of two-dimensional copper halide perovskite films,Thermochimica Acta,journal,2026-05-26,article,en,,,,,Kyushu University,0,closed,0
10.1002/anie.7292679,10.1002/anie.7292679,Vapor‐Phase Grain‐Boundary Anchoring Enables Molecular Toughening and Record Bending Endurance in Pilot‐Scale Roll‐to‐Roll‐Printed Flexible Perovskite Modules,Angewandte Chemie International Edition,journal,2026-05-26,article,en,,,,,Friedrich-alexander-universität Erlangen-nürnberg,0,hybrid,1
10.1021/jacsau.6c00354,10.1021/jacsau.6c00354,Triangular BN-Embedded Molecular Carbons with Zigzag Edges and Their Dual Functionality in Fluoroanion Detection and Perovskite Solar Cells,JACS Au,journal,2026-05-26,article,en,,,,,Shaanxi Normal University,0,gold,0
10.31635/ccschem.026.202607734,10.31635/ccschem.026.202607734,A Thermally Evaporable Fullerene Bis-Adduct with Unexpectedly High Electron Mobility for Efficient Tin- and Wide-Bandgap Lead-Based Perovskite Solar Cells,CCS Chemistry,journal,2026-05-26,article,en,,,,,Huaqiao University,0,diamond,0
10.1002/ange.7292679,10.1002/ange.7292679,Vapor‐Phase Grain‐Boundary Anchoring Enables Molecular Toughening and Record Bending Endurance in Pilot‐Scale Roll‐to‐Roll‐Printed Flexible Perovskite Modules,Angewandte Chemie,journal,2026-05-26,article,en,,,,,Friedrich-alexander-universität Erlangen-nürnberg,0,hybrid,0
10.5281/zenodo.20396832,10.5281/zenodo.20396832,Tuning SnO₂ Ink Rheology for Roll to Roll Printing of Perovskite Solar Cells,Zenodo (CERN European Organization for Nuclear Research),repository,2026-05-26,article,en,,,,,Vtt Technical Research Centre Of Finland,0,green,0
10.26434/chemrxiv.15003915/v1,10.26434/chemrxiv.15003915/v1,PVmatAgent: A Large Language Model (LLM) Agent for Photovoltaic and Perovskite Material Design and Analysis,ChemRxiv,repository,2026-05-26,preprint,en,,,,,Nanjing University Of Information Science And Technology,0,green,1
10.5281/zenodo.20391163,10.5281/zenodo.20391163,Experimental data on electron transport materials and perovskite solar cell devices,Zenodo (CERN European Organization for Nuclear Research),repository,2026-05-26,article,ca,,,,,City University Of Hong Kong,0,green,0
10.1002/cey2.70260,10.1002/cey2.70260,Positional Isomer Engineering for Crystallization Kinetics Control in Wide‐Bandgap Perovskite Solar Cells,Carbon Energy,journal,2026-05-26,article,en,,,,,Kunming University Of Science And Technology,0,gold,1
10.1007/s40820-026-02244-2,10.1007/s40820-026-02244-2,Taming Lattice Strain via Buried Interface Engineering for Reverse-Bias Resilient Perovskite Solar Cells,Nano-Micro Letters,journal,2026-05-27,article,en,,,,,Henan University Of Science And Technology,2,gold,1
10.1002/solr.70388,10.1002/solr.70388,Molecular Passivation with 2‐Aminobenzothiazole Enables Efficient and Stable Ruddlesden–Popper Tin Perovskite Solar Cells,Solar RRL,journal,2026-05-27,article,en,,,,,Sophia University,1,hybrid,1
10.1038/s42254-026-00938-5,10.1038/s42254-026-00938-5,Transparent conducting electrodes for perovskite–silicon tandem solar cells,Nature Reviews Physics,journal,2026-05-27,article,en,,,,,University Of Oxford,1,hybrid,1
10.1002/adma.73258,10.1002/adma.73258,Dynamic Redox‐Active Self‐Assembled Monolayers Enable Robust Inverted Tin–Lead Perovskite Solar Cells,Advanced Materials,journal,2026-05-27,article,en,,,,,Of The People's Republic Of China,1,closed,0
10.1098/rsos.251725,10.1098/rsos.251725,Cross-linkable naphthalene diimide acceptors for applications in photovoltaic devices,Royal Society Open Science,journal,2026-05-27,article,en,,,,,Kaunas University Of Technology,0,gold,0
10.1016/j.rsurfi.2026.100849,10.1016/j.rsurfi.2026.100849,Investigation of impact of band alignment in lead-free double-layer perovskites solar cells: Numerical simulation with SCAPS-1D,Results in Surfaces and Interfaces,journal,2026-05-27,article,en,,,,,University Of Fort Hare,0,gold,0
10.1021/acsaem.6c01139,10.1021/acsaem.6c01139,Multifunctional Ligand Passivation via 4-Sulfamoylbenzoic Acid for High-Performance Perovskite Solar Cells,ACS Applied Energy Materials,journal,2026-05-27,article,en,,,,,Lanzhou University Of Technology,0,closed,1
10.1021/acs.chemmater.6c00619,10.1021/acs.chemmater.6c00619,"Curated Data Set, Structure–Property Relationships, and Machine Learning Prediction of Band Gaps for One-Dimensional Bismuth(III) and Antimony(III) Halides",Chemistry of Materials,journal,2026-05-27,article,en,,,,,Lomonosov Moscow State University,0,closed,0
10.31224/7202,10.31224/7202,Photovoltaic Materials for Sustainable Solar Energy,,,2026-05-27,preprint,en,,,,,University Of Botswana,0,gold,1
10.1038/s41598-026-53390-x,10.1038/s41598-026-53390-x,Optimization of Material and Bandgap Engineering for Distinctive Layers in Perovskite Solar Cells,Scientific Reports,journal,2026-05-27,article,en,,,,,National,0,gold,0
10.1021/acsami.6c05031,10.1021/acsami.6c05031,"Structure–Property Relationships for Linear, Extended, and Branched Alkane Ammonium Iodide Derivatives as Interface Passivators for Narrow-Bandgap Lead–Tin Perovskite Solar Cells",ACS Applied Materials & Interfaces,journal,2026-05-27,article,en,,,,,Eindhoven University Of Technology,0,hybrid,1
10.1002/adfm.76167,10.1002/adfm.76167,Bisphosphonate‐Anchored Self‐Assembled Molecule with Halogen Functionalization for Wide‐Bandgap Perovskite Solar Cells and Tandems,Advanced Functional Materials,journal,2026-05-27,article,en,,,,,Wuhan National Laboratory For Optoelectronics,0,closed,0
10.1021/acsenergylett.6c00476,10.1021/acsenergylett.6c00476,Efficient Perovskite Solar Modules Enabled by Synergistic Interparticle and Interfacial Electrostatic Interaction Regulation,ACS Energy Letters,journal,2026-05-27,article,en,,,,,Central China Normal University,0,closed,1
10.1016/j.ijbiomac.2026.152740,10.1016/j.ijbiomac.2026.152740,Fabrication of methylammonium lead bromide perovskite nanocrystals on chitosan for enhanced structural and optical stability,International Journal of Biological Macromolecules,journal,2026-05-27,article,en,,,,,Dongguk University,0,closed,0
10.1016/j.solener.2026.114725,10.1016/j.solener.2026.114725,Photoactivated Spiropyran Improves Iodine Immobilization for Stable Perovskite Solar Cells,Solar Energy,journal,2026-05-27,article,en,,,,,Shanghai Normal University,0,closed,0
10.1016/j.cej.2026.177758,10.1016/j.cej.2026.177758,Ambient laser shock annealing enables high-efficiency quasi 2D perovskite solar cells via crystallization kinetics modulation,Chemical Engineering Journal,journal,2026-05-27,article,en,,,,,Northwestern Polytechnical University,0,closed,0
10.1002/smll.73935,10.1002/smll.73935,Pulsed Laser Deposited CsPbBr 3 Perovskite Solar Cells Achieving 10.71% Efficiency With Exceptional Long‐Term Stability via Target Engineering,Small,journal,2026-05-27,article,en,,,,,,0,green,0
10.1002/solr.70387,10.1002/solr.70387,Coordination Engineering Enables Efficient 1.77 eV Wide‐Bandgap Perovskites for All‐Perovskite Tandem Solar Cells,Solar RRL,journal,2026-05-27,article,en,,,,,Wuhan University Of Technology,0,closed,1
10.1021/acsami.5c26048,10.1021/acsami.5c26048,Buried Interface Engineering in Perovskite Solar Cells: Selective vs Spontaneous Heterointerface Modulation Using Tetrafluoroborate-Based Materials,ACS Applied Materials & Interfaces,journal,2026-05-27,article,en,,,,,Saitama University,0,closed,1
10.1016/j.jallcom.2026.188910,10.1016/j.jallcom.2026.188910,High-performance sputtered ITO films: Impact of initial vacuum conditions and thermal processing routes,Journal of Alloys and Compounds,journal,2026-05-27,article,en,,,,,Korea Advanced Nano Fab Center,0,closed,0
10.1002/adma.73529,10.1002/adma.73529,Multifunctional Buffer Layer for Bolstering the Stability and Photovoltaic Performance of Perovskite Solar Cells,Advanced Materials,journal,2026-05-27,article,en,,,,,Xi'an Jiaotong University,0,closed,1
10.1002/inf2.70153,10.1002/inf2.70153,Composition pinning growth for efficient and stable all‐inorganic Pb‐Sn perovskite solar cells,InfoMat,journal,2026-05-27,article,en,,,,,Korea University,0,gold,1
10.1021/acsaem.6c00285,10.1021/acsaem.6c00285,Enhancing the Performance of Perovskite Solar Cells through Interfacial Modification by Fluorinated 2D Perovskite,ACS Applied Energy Materials,journal,2026-05-28,article,en,,,,,Indian,3,closed,1
10.1016/j.ecmx.2026.102006,10.1016/j.ecmx.2026.102006,Transparent solar panels: bridging renewable energy and smart infrastructure through multisectoral applications,Energy Conversion and Management X,journal,2026-05-28,article,en,,,,,Dhaka University Of Engineering & Technology,3,gold,0
10.1038/s41893-026-01844-5,10.1038/s41893-026-01844-5,Driving a green energy transition with halide perovskite solar cells,Nature Sustainability,journal,2026-05-28,article,en,,,,,Shanghai Jiao Tong University,2,closed,0
10.1007/s12596-026-03161-8,10.1007/s12596-026-03161-8,Advancing the performance of Cs2GeSnCl6-based double halide perovskite solar cells: a comprehensive SCAPS-1D analysis,Journal of Optics,journal,2026-05-28,article,en,,,,,International Islamic University Chittagong,1,closed,0
10.1002/adma.73539,10.1002/adma.73539,Interference Crystallization Rebalances Facet Competition for Efficient and Stable Perovskite Solar Cells,Advanced Materials,journal,2026-05-28,article,en,,,,,Wuhan University Of Technology,1,closed,1
10.1002/bte2.70127,10.1002/bte2.70127,"Accelerating Perovskite Solar Cell Development Through High‐Throughput Technologies: Computational Simulation, Automated Experimentation, and Intelligent Integration",Battery energy,journal,2026-05-28,article,en,,,,,Foshan University,0,gold,0
10.5281/zenodo.20423549,10.5281/zenodo.20423549,Numerical Investigation of 2D DJ Phase Perovskite Solar Cells Using SCAPS-1D,Zenodo (CERN European Organization for Nuclear Research),repository,2026-05-28,article,en,,,,,Madan Mohan Malaviya University Of Technology,0,green,0
10.3390/su18115423,10.3390/su18115423,Advances in the Modification of Perovskite Solar Cells with Carbon-Based Materials and Corresponding Modification Strategies,Sustainability,journal,2026-05-28,article,en,,,,,Shihezi University,0,gold,0
10.1016/j.solmat.2026.114459,10.1016/j.solmat.2026.114459,Numerical simulation of homojunction-engineered MASnI3 perovskite solar cells without a hole transport layer using SCAPS-1D,Solar Energy Materials and Solar Cells,journal,2026-05-28,article,en,,,,,Islamic Azad University Ahvaz Branch,0,closed,0
10.4018/ijswis.411202,10.4018/ijswis.411202,Intelligent Bayesian Optimization for Semantic-Aware Energy Conversion System Design,International Journal on Semantic Web and Information Systems,journal,2026-05-28,article,ng,,,,,Wuhan University,0,diamond,0
10.5281/zenodo.20423548,10.5281/zenodo.20423548,Numerical Investigation of 2D DJ Phase Perovskite Solar Cells Using SCAPS-1D,Zenodo (CERN European Organization for Nuclear Research),repository,2026-05-28,article,en,,,,,Madan Mohan Malaviya University Of Technology,0,green,0
10.1021/acsenergylett.6c01259,10.1021/acsenergylett.6c01259,Addendum to “Ultrathin Fully Vacuum-Processed Perovskite Solar Cells with Absorbers Down to 10 nm”,ACS Energy Letters,journal,2026-05-28,article,en,,,,,,0,bronze,0
10.1007/s11837-026-08431-1,10.1007/s11837-026-08431-1,Photovoltaic Performance of Low-Cost Perovskite Solar Cells Using CuO and ZnO Charge Transport Layers: A Simulation Study,JOM,journal,2026-05-28,article,en,,,,,National Centre For Nuclear Energy Science And Technology,0,closed,0
10.1002/adfm.76198,10.1002/adfm.76198,The Bimolecular Co‐Modification Strategy for Interface Management Enables High‐Performance Inverted Perovskite Solar Cells Without Pre‐Deposited HTL,Advanced Functional Materials,journal,2026-05-28,article,en,,,,,Yunnan Agricultural University,0,closed,1
10.1016/j.physb.2026.418855,10.1016/j.physb.2026.418855,Modeling and simulation of halide perovskite materials for solar cell application,Physica B Condensed Matter,journal,2026-05-28,article,en,,,,,Utkal University,0,closed,0
10.1088/1402-4896/ae747b,10.1088/1402-4896/ae747b,Silvaco simulation of bilayer CsPbI₃/Cs₂PtI₆ perovskite solar cells,Physica Scripta,journal,2026-05-28,article,en,,,,,,0,hybrid,0
10.1002/smtd.70748,10.1002/smtd.70748,Defect Passivation on SnO 2 /Perovskite Interface Using Oxalate‐Based Passivators for Efficient and Stable Perovskite Solar Cells,Small Methods,journal,2026-05-28,article,en,,,,,Nanjing University Of Aeronautics And Astronautics,0,closed,1
10.1016/j.chemphys.2026.113297,10.1016/j.chemphys.2026.113297,"Tunable optoelectronic properties of lead-free K3SbX6 (X = F, Cl, Br, I) vacancy-ordered halide perovskite: a first-principles study for UV applications",Chemical Physics,journal,2026-05-28,article,en,,,,,Begum Rokeya University,0,closed,0
10.1002/ente.70525,10.1002/ente.70525,Solid‐State Dye‐Sensitized Solar Cells With Air‐Stable Cs 2 SnI 6 as Hole Transport Layer,Energy Technology,journal,2026-05-28,article,en,,,,,Tianjin University,0,closed,1
10.48550/arxiv.2605.30012,10.48550/arxiv.2605.30012,Charting the thermodynamic stability of hybrid perovskite alloys with machine learning,arXiv (Cornell University),repository,2026-05-28,preprint,en,,,,,,0,green,1
10.48550/arxiv.2605.29764,10.48550/arxiv.2605.29764,Thin single-crystal perovskite detector for high-energy charged particles,arXiv (Cornell University),repository,2026-05-28,preprint,en,,,,,,0,green,1
10.1002/ece2.70083,10.1002/ece2.70083,New‐Generation Integrated Devices: Multiple‐Energy Utilization and Integration Systems Based on Perovskite Photovoltaics,EcoEnergy,journal,2026-05-28,article,en,,,,,Huazhong University Of Science And Technology,0,diamond,0
10.1111/ijac.70211,10.1111/ijac.70211,Solvent‐Induced Surface Passivation and Reconstruction for Efficient Carbon‐Based HTL‐Free Perovskite Solar Cells,International Journal of Applied Ceramic Technology,journal,2026-05-28,article,en,,,,,Jingdezhen Ceramic Institute,0,closed,0
10.48550/arxiv.2605.30182,10.48550/arxiv.2605.30182,More than just light management -- The multiple advantages of nano- and micro-textures in perovskite solar cells,arXiv (Cornell University),repository,2026-05-28,preprint,en,,,,,,0,green,0
10.1002/smsc.70304,10.1002/smsc.70304,Radiation‐Hardened Perovskite Solar Cells Enabled by Redox‐Active V 2 O x Hole Transport Layer for Space Applications,Small Science,journal,2026-05-28,article,en,,,,,Kyung Hee University,0,gold,0
charting the thermodynamic stability of hybrid perovskite alloys with machine learning|laakso,,Charting the thermodynamic stability of hybrid perovskite alloys with machine learning,arXiv (Cornell University),repository,2026-05-28,preprint,en,,,,,Aalto University,0,green,0
thin single crystal perovskite detector for high energy charged particles|chubinidze,,Thin single-crystal perovskite detector for high-energy charged particles,arXiv (Cornell University),repository,2026-05-28,preprint,en,,,,,Istituto Nazionale Di Fisica Nucleare Laboratori Nazionali Di Frascati,0,green,0
more than just light management the multiple advantages of nano and micro textures in perovskite solar cells|martínez‐denegri,,More than just light management -- The multiple advantages of nano- and micro-textures in perovskite solar cells,arXiv (Cornell University),repository,2026-05-28,preprint,en,,,,,,0,green,0
10.1016/j.chemphys.2026.113304,10.1016/j.chemphys.2026.113304,"First-principles investigation on thermal stability and physical properties of Li2TlAlX6 (X = Cl, Br) halide double perovskites for photovoltaic applications",Chemical Physics,journal,2026-05-29,article,en,,,,,University Of Science And Technology Bannu,3,closed,0
10.1016/j.cocom.2026.e01344,10.1016/j.cocom.2026.e01344,Optoelectronic properties of the double perovskite Ba2TiMnO6 under applied pressure: A density functional theory study,Computational Condensed Matter,journal,2026-05-29,article,en,,,,,Włodzimierz Trzebiatowski,2,hybrid,0
10.1038/s41566-026-01918-y,10.1038/s41566-026-01918-y,Omnidirectional ionic locking network for stable perovskite photovoltaics,Nature Photonics,journal,2026-05-29,article,en,,,,,Hong Kong Polytechnic University,2,closed,0
10.1038/s41467-026-73911-6,10.1038/s41467-026-73911-6,High-quality NiOx nanoparticles synthesized via low temperature chemical precipitation method for high-performance inverted perovskite photovoltaics,Nature Communications,journal,2026-05-29,article,en,,,,,Kunming University Of Science And Technology,2,gold,0
10.1002/adfm.76197,10.1002/adfm.76197,Anion‐Engineered Reinforcement of Hydrogen Bonding toward Homogeneous and Stable Perovskite Solar Cells,Advanced Functional Materials,journal,2026-05-29,article,en,,,,,Chongqing University,1,closed,1
10.1002/adma.73530,10.1002/adma.73530,Doping Manipulation of Donor/Acceptor by Perovskite Quantum Dots Enables >20.5% Organic Nonfullerene Solar Cells,Advanced Materials,journal,2026-05-29,article,en,,,,,Soochow University,1,closed,0
10.1021/acs.jchemed.6c00105,10.1021/acs.jchemed.6c00105,"Simple Synthesis and Amplified Spontaneous Emission Characterization of CsPbX 3 (X = Cl, Br, I) Perovskite Nanocrystals for Undergraduate Experiments",Journal of Chemical Education,journal,2026-05-29,article,en,,,,,Nanjing University Of Information Science And Technology,1,closed,1
10.1016/j.jpcs.2026.113864,10.1016/j.jpcs.2026.113864,Computational analysis of enhanced stability of lead-based perovskite solar cell utilising advanced inter-layers of graphitic carbon nitride and zirconia,Journal of Physics and Chemistry of Solids,journal,2026-05-29,article,en,,,,,Egerton University,0,closed,0
10.1038/s41467-026-73656-2,10.1038/s41467-026-73656-2,Sterically-extended asymmetric conjugated hole-selective layer for perovskite/silicon tandem solar cells,Nature Communications,journal,2026-05-29,article,en,,,,,Fujian Agriculture And Forestry University,0,gold,1
10.1088/2752-5724/ae74eb,10.1088/2752-5724/ae74eb,Steady-state and time-resolved spectroscopic techniques for investigating defect states in perovskite photovoltaics,Materials Futures,journal,2026-05-29,article,en,,,,,Hong Kong Baptist University,0,diamond,1
10.1016/j.cej.2026.177832,10.1016/j.cej.2026.177832,Synergistic aggregation inhibition and radical-catalyzed doping in 3D crosslinked electron transport layer for efficient and stable inverted perovskite solar cells,Chemical Engineering Journal,journal,2026-05-29,article,en,,,,,Harbin,0,closed,0
10.1002/solr.70392,10.1002/solr.70392,Green Solvents Enable Annealing‐Free Fabrication of Carbon‐Based Printable Mesoscopic Perovskite Solar Cells,Solar RRL,journal,2026-05-29,article,en,,,,,Guilin University Of Electronic Technology,0,closed,0
10.1016/j.surfin.2026.109711,10.1016/j.surfin.2026.109711,Dual-molecular strategy with ODADI and PDADI for inverted perovskite solar cells: surface defect passivation and hydrophobic barrier construction,Surfaces and Interfaces,journal,2026-05-29,article,en,,,,,Beihang University,0,closed,0
10.1016/j.mtchem.2026.103744,10.1016/j.mtchem.2026.103744,Simultaneous crystallization regulation and interface modification enable the efficient all-inorganic CsPbI2Br perovskite solar cells,Materials Today Chemistry,journal,2026-05-29,article,en,,,,,Bohai University,0,closed,0
10.1002/advs.75864,10.1002/advs.75864,In Situ Pseudo‐Halide Diffusion Enables Buried Interface Regulation and Crystallinity Enhancement in Perovskite Solar Cells,Advanced Science,journal,2026-05-29,article,en,,,,,Shanghai Jiao Tong University,0,gold,1
10.1007/s12596-026-03166-3,10.1007/s12596-026-03166-3,Tackling interface defects and optical losses in perovskite solar cells using 2D perovskites and MgF2 texturing to achieve 27% efficiency,Journal of Optics,journal,2026-05-29,article,en,,,,,Chitkara University,0,closed,0
10.1002/qua.70220,10.1002/qua.70220,Enhanced Performance via π‐Bridge Alteration in Phenothiazine‐Based Novel Donors for Efficient Organic Photovoltaics,International Journal of Quantum Chemistry,journal,2026-05-29,article,en,,,,,University Of Faisalabad,0,closed,0
10.1088/1402-4896/ae7516,10.1088/1402-4896/ae7516,Performance optimization of wide-bandgap CuAgBi 2 I 8 -based perovskite solar cells through electron transport layer and interface engineering,Physica Scripta,journal,2026-05-29,article,en,,,,,Chittagong University Of Engineering & Technology,0,hybrid,0
10.1093/bulcsj/uoag072,10.1093/bulcsj/uoag072,ALD NiOX hole transport layers for semi-transparent perovskite solar cells with average visible transmittance exceeding 50%,Bulletin of the Chemical Society of Japan,journal,2026-05-29,article,en,,,,,Wuhan University Of Technology,0,closed,0
10.1038/s43246-026-01199-6,10.1038/s43246-026-01199-6,Strategic development of stable and efficient lead-free perovskite solar cells,Communications Materials,journal,2026-05-30,article,en,,,,,Indian,7,gold,0
10.1016/j.cej.2026.177877,10.1016/j.cej.2026.177877,Multifunctional co-assembled monolayers for robust buried interfaces of antisolvent-free perovskite solar cells,Chemical Engineering Journal,journal,2026-05-30,article,en,,,,,Wuhan University Of Technology,2,closed,0
10.1038/s41467-026-73743-4,10.1038/s41467-026-73743-4,Aggregation-induced emission luminogen in ternary organic bulk-heterojunction for efficient perovskite-organic tandem solar cells,Nature Communications,journal,2026-05-30,article,en,,,,,Shanghai Jiao Tong University,1,gold,1
10.1038/s43246-026-01213-x,10.1038/s43246-026-01213-x,Demonstration of overcoming 20% efficiency in kesterite/perovskite tandem solar cells on rigid and flexible substrates,Communications Materials,journal,2026-05-30,article,en,,,,,Eni (italy),1,gold,1
10.21203/rs.3.rs-9790510/v1,10.21203/rs.3.rs-9790510/v1,Defect Mitigation and Stability Improvement in CsPbI₃ Perovskite Solar Cells Using Tetraphenyl Phosphonium Iodide as an Additive,Research Square,repository,2026-05-30,preprint,en,,,,,North Bengal University,0,green,0
10.1002/smll.74000,10.1002/smll.74000,Enhancing the Interfacial Adhesion by a Novel Benzofuran‐Substituted Self‐Assembled Molecules for Thermal Cycle Stable Perovskite Solar Cells and Modules,Small,journal,2026-05-30,article,en,,,,,Wuhan University Of Technology,0,green,1
10.1002/anie.3920745,10.1002/anie.3920745,Enhancing Efficiency and Stability of Perovskite Solar Cells Through Electron‐Rich Covalent Organic Frameworks Radicals,Angewandte Chemie International Edition,journal,2026-05-30,article,en,,,,,Beijing National Laboratory For Molecular Sciences,0,green,1
10.1007/s10853-026-13031-0,10.1007/s10853-026-13031-0,Review: recent advances in perovskite synthesis and their impact on energy storage technologies,Journal of Materials Science,journal,2026-05-30,article,en,,,,,Bharathidasan University,0,closed,0
10.1007/s12596-026-03150-x,10.1007/s12596-026-03150-x,A strategic approach for design of bifacial perovskite solar cell based on 2D WS2 and Spiro-OMeTAD composite HTL: a computational study,Journal of Optics,journal,2026-05-30,article,en,,,,,Sharif University Of Technology,0,closed,0
10.1002/ange.3920745,10.1002/ange.3920745,Enhancing Efficiency and Stability of Perovskite Solar Cells Through Electron‐Rich Covalent Organic Frameworks Radicals,Angewandte Chemie,journal,2026-05-30,article,en,,,,,Beijing National Laboratory For Molecular Sciences,0,closed,0
10.1016/j.asems.2026.100206,10.1016/j.asems.2026.100206,Beyond manual processing: Robotic-arm automation coupled with machine learning for precision control and correlation insights in perovskite solar cells,Advanced Sensor and Energy Materials,journal,2026-05-30,article,en,,,,,Korea Research,0,gold,0
10.3390/asi9060116,10.3390/asi9060116,On the Sufficiency of Direct Regression for Perovskite Solar Cell Degradation Forecasting,Applied System Innovation,journal,2026-05-30,article,en,,,,,American University Of The Middle East,0,gold,0
10.1002/aenm.71152,10.1002/aenm.71152,Biomimetic Zwitterionic Hydrogel Electrolyte Enables Highly Reversible Zn Anodes,Advanced Energy Materials,journal,2026-05-31,article,en,,,,,,3,closed,0
10.1021/acsenergylett.5c03919,10.1021/acsenergylett.5c03919,Fully Indium-Free Monolithic Two-Terminal Perovskite/Perovskite/Silicon Triple-Junction Solar Cells: Replacing All Four TCO Electrodes,ACS Energy Letters,journal,2026-05-31,article,en,,,,,University Of Freiburg,0,hybrid,0
10.1021/acsanm.6c00817,10.1021/acsanm.6c00817,Post-Treated NiO x with 1-Dodecanethiol for Enhanced Interfaces in Inverted Perovskite Solar Cells,ACS Applied Nano Materials,journal,2026-05-31,article,en,,,,,National Taipei University Of Technology,0,hybrid,0
10.1002/adfm.76280,10.1002/adfm.76280,Tilted Lattice Stacking of Layered Hydrogen‐Bonded Organic Framework Colloidal Particles Promotes Charge Separation and Boosts the Efficiency of Perovskite Solar Cells,Advanced Functional Materials,journal,2026-05-31,article,en,,,,,Fujian Normal University,0,closed,0
10.1002/smll.74010,10.1002/smll.74010,Inorganic Hole Transport Materials for Advancing n‐i‐p Perovskite Solar Cells: A Comprehensive Review,Small,journal,2026-05-31,article,en,,,,,Queensland University Of Technology,0,hybrid,1
10.1021/acsenergylett.5c03919.s001,10.1021/acsenergylett.5c03919.s001,Fully Indium-Free Monolithic Two-Terminal Perovskite/Perovskite/Silicon Triple-Junction Solar Cells: Replacing All Four TCO Electrodes,Figshare,repository,2026-05-31,article,en,,,,,,0,green,0
10.1021/acsanm.6c00817.s001,10.1021/acsanm.6c00817.s001,Post-Treated NiOx with 1‑Dodecanethiol for Enhanced Interfaces in Inverted Perovskite Solar Cells,Figshare,repository,2026-05-31,article,en,,,,,,0,green,0
phase pure ruddlesden popper interlayer formation via hybrid processing for efficient perovskite photovoltaics|park,,Phase-Pure Ruddlesden–Popper Interlayer Formation via Hybrid Processing for Efficient Perovskite Photovoltaics,OSF Preprints (OSF Preprints),repository,2026-05-31,preprint,en,,,,,,0,closed,0
10.5281/zenodo.21696951,10.5281/zenodo.21696951,Synthesis And Characterization of Functional Nanocomposites for Energy and Environmental Applications: A Review,Zenodo (CERN European Organization for Nuclear Research),repository,2026-05-31,article,en,,,,,Kanya Maha Vidyalaya,0,green,0
10.5281/zenodo.21696952,10.5281/zenodo.21696952,Synthesis And Characterization of Functional Nanocomposites for Energy and Environmental Applications: A Review,Zenodo (CERN European Organization for Nuclear Research),repository,2026-05-31,article,en,,,,,Kanya Maha Vidyalaya,0,green,0
10.1038/s41563-026-02619-1,10.1038/s41563-026-02619-1,UV and thermally stable hole-selective contacts with enhanced assembly density for inverted perovskite solar cells,Nature Materials,journal,2026-06-01,article,en,,,,,East China University Of Science And Technology,2,closed,0
10.1007/s13204-026-03171-9,10.1007/s13204-026-03171-9,Co-thermally evaporated Ag-Au thin films as composition-tuned back electrodes for CsEuCl₃-based lead-free perovskite solar cells,Applied Nanoscience,journal,2026-06-01,article,en,,,,,Thi Qar University,2,closed,0
10.1016/j.joule.2026.102521,10.1016/j.joule.2026.102521,2D perovskite as three-in-one interface modifier for efficient Pb-Sn perovskite solar cells and all-perovskite tandems,Joule,journal,2026-06-01,article,en,,,,,Northwestern Polytechnical University,2,closed,0
10.1016/j.cej.2026.177954,10.1016/j.cej.2026.177954,Constructing carbon-based perovskite solar cells based on the energy bands of perovskite synergistically optimized by graphite fluorinated polymers,Chemical Engineering Journal,journal,2026-06-01,article,en,,,,,Yan'an University,1,closed,0
10.1007/s44442-026-00092-8,10.1007/s44442-026-00092-8,Rational design of triphenylamine–benzothiophene-based donor materials for enhanced photovoltaic performance in solar cells: a DFT study,Journal of Saudi Chemical Society,journal,2026-06-01,article,en,,,,,University Of Okara,1,gold,0
10.1016/j.xcrp.2026.103346,10.1016/j.xcrp.2026.103346,Advancing wide-band-gap perovskite solar cells via vapor-phase deposition,Cell Reports Physical Science,journal,2026-06-01,article,en,,,,,San’an Optoelectronics (china),1,gold,1
10.1002/adfm.76058,10.1002/adfm.76058,Unraveling the Concealed Role of Activation Energy in the Performance Assessment of Perovskite Solar Cells,Advanced Functional Materials,journal,2026-06-01,article,en,,,,,University Of Electronic Science And Technology Of China,1,closed,0
10.1007/s12633-026-03689-1,10.1007/s12633-026-03689-1,"Integration of ZnO-BaTiO3 Nanocomposite Thin Films on Silicon: Structural, Morphological, and Electrical Property Studies",Silicon,journal,2026-06-01,article,en,,,,,Saurashtra University,1,closed,0
10.1063/5.0306180,10.1063/5.0306180,Investigation of electronic and optical properties in bismuth/antimony co-doped methylammonium lead bromide,AIP Advances,journal,2026-06-01,article,en,,,,,Masinde Muliro University Of Science And Technology,1,gold,0
10.1016/j.mtcomm.2026.115611,10.1016/j.mtcomm.2026.115611,"A computational approach to discovering high-performance, lead-free perovskite solar cells using physics-informed neural networks",Materials Today Communications,journal,2026-06-01,article,en,,,,,,1,hybrid,0
10.1016/j.mtadv.2026.100832,10.1016/j.mtadv.2026.100832,Long-lived carbon-based perovskite solar cell in air and water via light concentrating encapsulation for battery-free indoor electronics,Materials Today Advances,journal,2026-06-01,article,en,,,,,Mahidol University,1,gold,0
10.1038/s41566-026-01925-z,10.1038/s41566-026-01925-z,Ternary self-assembled molecular contact for ambient-processed perovskite/silicon tandem solar cells,Nature Photonics,journal,2026-06-01,article,en,,,,,Ulsan National,1,closed,0
10.1016/j.jallcom.2026.189016,10.1016/j.jallcom.2026.189016,Interfacial passivation via a multifunctional HADI monolayer for high-performance self-powered CsPbBr3 perovskite photodetectors,Journal of Alloys and Compounds,journal,2026-06-01,article,en,,,,,Guangxi University,1,closed,0
10.1002/adfm.76264,10.1002/adfm.76264,Sequential Deposition Strategy Enabling High‐Performance Wide‐Bandgap Perovskite Solar Cells With Fill Factor Exceeding 85%,Advanced Functional Materials,journal,2026-06-01,article,en,,,,,University Of Science And Technology Of China,1,closed,1
10.1002/adfm.76243,10.1002/adfm.76243,Molecular Conjugation Strategy for Highly Efficient and Stable Inverted Wide‐Bandgap Perovskite Solar Cells,Advanced Functional Materials,journal,2026-06-01,article,en,,,,,Hebei University Of Science And Technology,1,closed,1
10.1007/s00339-026-09753-2,10.1007/s00339-026-09753-2,"First principles study of the lead-free two-dimensional inorganic halide perovskites Cs3Bi2(X1−uYu)9 (X/Y = I, Br, Cl; u = 0, 1/3, 2/3, 1)",Applied Physics A,journal,2026-06-01,article,en,,,,,Islamia College University,0,closed,0
10.21203/rs.3.rs-9404112/v1,10.21203/rs.3.rs-9404112/v1,Visualization of Long-Range Order in Self-Assembled Ion Barriers for Stable Perovskite Tandems,Research Square,repository,2026-06-01,preprint,en,,,,,Nanjing Tech University,0,green,0
10.1021/acsami.6c01472,10.1021/acsami.6c01472,Strategic Modulation of Phenothiazine-Based Self-Assembled Monolayers for Optimized Energy-Level Alignment and Stability in Perovskite Solar Cells,ACS Applied Materials & Interfaces,journal,2026-06-01,article,en,,,,,University Of Science And Technology,0,closed,1
10.1016/j.cej.2026.177952,10.1016/j.cej.2026.177952,Supramolecular assembly-driven N-type surface reconstruction for efficient and scalable perovskite solar cells,Chemical Engineering Journal,journal,2026-06-01,article,en,,,,,Ningbo University Of Technology,0,closed,0
10.1007/s11082-026-08863-8,10.1007/s11082-026-08863-8,Lead-free chalcogenide perovskite AZrX₃: bandgap tuning and device design for efficient photovoltaics,Optical and Quantum Electronics,journal,2026-06-01,article,en,,,,,Madan Mohan Malaviya University Of Technology,0,closed,0
10.1016/j.cej.2026.177905,10.1016/j.cej.2026.177905,Synergistic interfacial modulation enables efficient and stable air-ambient fabricated perovskite solar cells,Chemical Engineering Journal,journal,2026-06-01,article,en,,,,,Indian,0,closed,0
10.1021/acs.chemmater.6c00575,10.1021/acs.chemmater.6c00575,Spacer Cation-Driven Band-Edge Reconstruction and Carrier Lifetime Enhancement in Two-Dimensional Ruddlesden–Popper Perovskites,Chemistry of Materials,journal,2026-06-01,article,en,,,,,Beijing Normal University,0,closed,0
10.1002/adfm.76257,10.1002/adfm.76257,Ionic Anchoring of Dopants via a Multifunctional Phenothiazine Regulator Enables Perovskite Solar Cells With Enhanced Operational Longevity,Advanced Functional Materials,journal,2026-06-01,article,en,,,,,Henan Academy Of Sciences,0,closed,1
10.1016/j.mtchem.2026.103721,10.1016/j.mtchem.2026.103721,Efficient inverted perovskite solar cell based on sol-gel V2O5-X with enhanced reverse bias stability,Materials Today Chemistry,journal,2026-06-01,article,en,,,,,Ningbo University Of Technology,0,closed,0
10.1038/s41467-026-73276-w,10.1038/s41467-026-73276-w,"Buried-interface homogenization by asymmetric polymeric self-assembled layers powers efficient, durable flexible perovskite photovoltaics",Nature Communications,journal,2026-06-01,article,en,,,,,Jiaxing University,0,gold,1
10.1016/j.synthmet.2026.118195,10.1016/j.synthmet.2026.118195,Resistive thermal evaporation of NiOx hole transport layer for p-i-n perovskite solar cells,Synthetic Metals,journal,2026-06-01,article,en,,,,,,0,closed,0
10.1016/j.jechem.2026.05.045,10.1016/j.jechem.2026.05.045,Post-assembled molecular bridging enables efficient and stable Sn–Pb narrow-bandgap perovskite solar cells,Journal of Energy Chemistry,journal,2026-06-01,article,en,,,,,Sun Yat-sen University,0,closed,0
10.1002/adma.73567,10.1002/adma.73567,Buried Interface‐Driven Synergistic Homogenization of Self‐Assembled Monolayer and Wide‐Bandgap Perovskite for Efficient and Stable Solar Cells,Advanced Materials,journal,2026-06-01,article,en,,,,,Yangzhou University,0,green,1
10.1016/j.mser.2026.101244,10.1016/j.mser.2026.101244,Ultralow-temperature high-sensitivity optical spectroscopies for disentangling structural and thermal disorder in non-fullerene acceptors for organic solar cells,Materials Science and Engineering R Reports,journal,2026-06-01,article,en,,,,,Central South University,0,hybrid,1
10.1002/solr.70394,10.1002/solr.70394,Selective Solvent Polishing Coupled With Post‐Passivation Yields Ultra‐Smooth Single‐Crystal Perovskite Film for Solar Cells,Solar RRL,journal,2026-06-01,article,en,,,,,Suzhou University Of Science And Technology,0,closed,1
10.1021/acsaem.6c00778,10.1021/acsaem.6c00778,NiO Nanoparticle-Modified PTAA Hole Transport Layers for High-Efficiency and Stable Large-Area Perovskite Solar Cells,ACS Applied Energy Materials,journal,2026-06-01,article,en,,,,,National Science And Technology Development Agency,0,hybrid,1
10.1038/s41598-026-51783-6,10.1038/s41598-026-51783-6,Quasi-ohmic electron extraction in perovskite solar cells through controlled burstein–moss shifts in rare-earth doped SnO2 ETLs,Scientific Reports,journal,2026-06-01,article,en,,,,,Vellore,0,gold,0
10.1002/adma.73432,10.1002/adma.73432,Beyond Earth: Resilience of Quasi‐2D Perovskite Solar Cells in Space (Adv. Mater. 31/2026),Advanced Materials,journal,2026-06-01,article,en,,,,,Johannes Kepler University Of Linz,0,closed,1
10.32792/jeps.v16i2.786,10.32792/jeps.v16i2.786,"Study of Cesium-Based Perovskite Solar Cells Incorporating Various Halides (I, Br, Cl)",Journal of education for pure science.,journal,2026-06-01,article,en,,,,,Thi Qar University,0,hybrid,0
10.1063/5.0314704,10.1063/5.0314704,Engineering a surface reconstruction cascade via synergistic halide management for high-performance perovskite photovoltaics,Applied Physics Letters,journal,2026-06-01,article,en,,,,,Inner Mongolia University,0,closed,0
10.1002/adma.73575,10.1002/adma.73575,An Absorption‐Transport Reconfigurable 2D/3D/2D Architecture Enables Multispectral‐Adaptive Bifacial Perovskite Photovoltaics,Advanced Materials,journal,2026-06-01,article,en,,,,,Soochow University,0,green,0
10.1088/1361-6641/ae762b,10.1088/1361-6641/ae762b,"Perovskite solar cells: a comprehensive review of material design, device structure, and commercialization prospects",Semiconductor Science and Technology,journal,2026-06-01,article,en,,,,,,0,hybrid,0
10.1002/adfm.76291,10.1002/adfm.76291,Electric Field Distribution Engineering at the Buried Interface for High‐Performance Inverted Perovskite Solar Cells,Advanced Functional Materials,journal,2026-06-01,article,en,,,,,South China Normal University,0,closed,1
10.1021/acs.chemmater.6c00575.s001,10.1021/acs.chemmater.6c00575.s001,Spacer Cation-Driven Band-Edge Reconstruction and Carrier Lifetime Enhancement in Two-Dimensional Ruddlesden–Popper Perovskites,Figshare,repository,2026-06-01,article,en,,,,,,0,green,0
10.1002/adfm.76218,10.1002/adfm.76218,"Efficient Flexible Perovskite Solar Cells With Over 2000 h T 90 Operational Lifetime via 2,4,6‐Triphenyl‐1,3,5‐Triazine Anchoring",Advanced Functional Materials,journal,2026-06-01,article,en,,,,,University Of Science And Technology Of China,0,closed,1
10.1021/acsami.6c01472.s001,10.1021/acsami.6c01472.s001,Strategic Modulation of Phenothiazine-Based Self-Assembled Monolayers for Optimized Energy-Level Alignment and Stability in Perovskite Solar Cells,Figshare,repository,2026-06-01,article,en,,,,,,0,green,0
10.1016/j.joule.2026.102497,10.1016/j.joule.2026.102497,AI-assisted multi-objective hole-selective contact design for perovskite photovoltaics,Joule,journal,2026-06-01,article,en,,,,,Westlake University,0,closed,0
10.1016/j.jallcom.2026.189036,10.1016/j.jallcom.2026.189036,"A triple-strategy regulation of ion migration, defect and energy-level to enhance the performance of air-processed CsPbI₂Br solar cells",Journal of Alloys and Compounds,journal,2026-06-01,article,en,,,,,China Jiliang University,0,closed,0
10.1002/adfm.76195,10.1002/adfm.76195,Designed Lewis Acid–Base Passivation for High Performance Perovskite Solar Cells,Advanced Functional Materials,journal,2026-06-01,article,en,,,,,United Arab Emirates University,0,hybrid,1
10.1002/adfm.76364,10.1002/adfm.76364,Multifunctional Aerogel Mediated Perovskite Crystallization Toward Self‐Healable and Eco‐Friendly Solar Cells,Advanced Functional Materials,journal,2026-06-01,article,en,,,,,Nanjing Tech University,0,closed,0
10.1002/adfm.76278,10.1002/adfm.76278,Engineering Buried Interfaces With a π ‐Ionic Lock for Efficient Perovskite Solar Cells,Advanced Functional Materials,journal,2026-06-01,article,en,,,,,Chongqing University,0,closed,0
10.1007/s11706-026-0774-z,10.1007/s11706-026-0774-z,Ethacridine lactate additive engineering for defect passivation in HTL-free carbon electrode perovskite solar cells,Frontiers of Materials Science,journal,2026-06-01,article,en,,,,,Jingdezhen Ceramic Institute,0,closed,0
10.1007/s10854-026-17516-1,10.1007/s10854-026-17516-1,Development of ultra-thin cerium-doped indium oxide transparent conductive films with high carrier mobility,Journal of Materials Science Materials in Electronics,journal,2026-06-01,article,en,,,,,Electric Power Research Institute,0,closed,0
10.61552/jme.2026.02.009,10.61552/jme.2026.02.009,"Metal Halide Perovskites: Material Design, Fabrication Technologies, and Optoelectronic Applications",Journal of Materials and Engineering,journal,2026-06-01,article,en,,,,,,0,hybrid,0
10.3724/jfmd.2603033,10.3724/jfmd.2603033,Rapid prediction of stabilized power output for perovskite PV modules based on kinetic modeling,Gongneng cailiao yu qijian xuebao,journal,2026-06-01,article,en,,,,,,0,diamond,0
10.1016/j.newton.2026.100559,10.1016/j.newton.2026.100559,Photocarrier evolution in lead-free perovskite Cs2SnI6,Newton,journal,2026-06-01,article,en,,,,,Institute For Basic Science,0,closed,0
10.1149/2162-8777/ae79a9,10.1149/2162-8777/ae79a9,Novel Bi-ETL Ba 3 NCl 3 Perovskite Solar Cell with Induced Spike-Like Energy Band Alignment Surpassing 33% Simulation Efficiency,ECS Journal of Solid State Science and Technology,journal,2026-06-01,article,en,,,,,Ghulam Ishaq Khan,0,closed,0
10.1007/s10854-026-17710-1,10.1007/s10854-026-17710-1,K0.5La0.5BaTi2O6: an exploration of structural and multifunctional properties,Journal of Materials Science Materials in Electronics,journal,2026-06-01,article,en,,,,,Kiit University,0,closed,0
10.1016/j.joule.2026.102501,10.1016/j.joule.2026.102501,Interface-mediated crystallization enables PEDOT:PSS-free all-perovskite tandems with 29.1% efficiency and enhanced durability,Joule,journal,2026-06-01,article,en,,,,,Hong Kong University Of Science And Technology,0,closed,0
10.1016/j.nanoms.2026.04.012,10.1016/j.nanoms.2026.04.012,Confining lead-free perovskite in extra-large pore zeolite for selective electrocatalytic NO3− to NH3,Nano Materials Science,journal,2026-06-01,article,en,,,,,Jilin University,0,diamond,1
10.1002/adfm.75637,10.1002/adfm.75637,Rationally Designed Bilayer Passivation Strategy for High‐Performance Vacuum‐Processed Perovskite Solar Cells,Advanced Functional Materials,journal,2026-06-01,article,en,,,,,Jeonbuk National University,0,hybrid,1
10.1002/ente.70501,10.1002/ente.70501,Annealing‐Induced Interface Passivation in n‐TOPCon Silicon Solar Cells for High‐Efficiency 4T Perovskite/Si Tandems,Energy Technology,journal,2026-06-01,article,en,,,,,Sungkyunkwan University,0,closed,1
10.1002/ente.70533,10.1002/ente.70533,Dual‐Path Photovoltaic–Thermoelectric Conversion for Full‐Spectrum Solar Energy Utilization,Energy Technology,journal,2026-06-01,article,en,,,,,Ningbo University Of Technology,0,closed,1
10.1002/aenm.71001,10.1002/aenm.71001,Bilateral Anchoring Strategy Enables Highly Efficient Wide‐Bandgap Perovskite Solar Cells/Modules for Self‐Powered Photo‐Electrocatalytic Antibacterial System (Adv. Energy Mater. 22/2026),Advanced Energy Materials,journal,2026-06-01,article,en,,,,,Hefei University Of Technology,0,closed,1
10.1038/s41598-026-56895-7,10.1038/s41598-026-56895-7,Load-resilient shingled photovoltaic module for field-scale thermoelectric coupling,PubMed Central,repository,2026-06-01,article,en,,,,,Chungbuk National University,0,green,0
10.1002/pssb.70266,10.1002/pssb.70266,A First‐Principles Investigation of Electronic Structure and Stability of the γ‐CsPbI 3 Surface,physica status solidi (b),journal,2026-06-01,article,en,,,,,Energy Storage Systems (united States),0,closed,0
10.1557/s43577-026-01073-3,10.1557/s43577-026-01073-3,Direct mapping of lattice strain and structure by five-dimensional scanning x-ray diffraction microscopy,MRS Bulletin,journal,2026-06-01,article,en,,,,,European Synchrotron Radiation Facility,0,hybrid,0
10.1016/j.geits.2026.100439,10.1016/j.geits.2026.100439,The application of perovskite-based tandem solar cells in near-space: a perspective,Green Energy and Intelligent Transportation,journal,2026-06-01,article,en,,,,,Beijing,0,gold,1
10.1002/adts.70445,10.1002/adts.70445,Computational Design and Performance Analysis of Lead‐Free Ca 3 AsI 3 Perovskite–MoS 2 ‐based Tandem Solar Cell,Advanced Theory and Simulations,journal,2026-06-01,article,en,,,,,National,0,closed,0
10.1002/adts.70429,10.1002/adts.70429,Modeling‐Assisted Insight Into High‐Performance Perovskite Solar Cells Enabled by a Hybrid NiO x /SAM Hole Transport Layer,Advanced Theory and Simulations,journal,2026-06-01,article,en,,,,,Fujian Metrology Institute,0,closed,0
10.1016/j.jiec.2026.06.024,10.1016/j.jiec.2026.06.024,Ion-incorporated conformal SnO2 bilayers with passivated defects for efficient perovskite solar cells,Journal of Industrial and Engineering Chemistry,journal,2026-06-01,article,en,,,,,Korea University,0,closed,0
10.1002/aesr.70219,10.1002/aesr.70219,Hybrid Cosensitization via Fluorescence Resonance Energy Transfer in Emerging Photovoltaic Technologies,Advanced Energy and Sustainability Research,journal,2026-06-01,article,en,,,,,Defence,0,gold,0
10.1016/j.joule.2026.102489,10.1016/j.joule.2026.102489,Low-dimensional perovskite photovoltaics for terrestrial and space applications,Joule,journal,2026-06-01,article,en,,,,,University Of Pavia,0,closed,0
10.1016/j.mtcomm.2026.115574,10.1016/j.mtcomm.2026.115574,A unified machine learning framework for band gap prediction in lead-free ABX₃ and double perovskites,Materials Today Communications,journal,2026-06-01,article,en,,,,,K. N. Toosi University Of Technology,0,hybrid,0
10.1002/nano.70159,10.1002/nano.70159,Numerical Investigation of Back Surface Field Optimization in Lead‐Free MAFASnBrI 3 Perovskite Solar Cells for Enhanced Efficiency,Nano Select,journal,2026-06-01,article,en,,,,,Rajshahi University Of Engineering And Technology,0,gold,0
10.1002/ente.70542,10.1002/ente.70542,Reconstructing Solar Materials Innovation Through Data Science: A Review of Opportunities and Structural Bottlenecks,Energy Technology,journal,2026-06-01,article,en,,,,,Princess Nourah Bint Abdulrahman University,0,closed,1
10.1002/adts.70450,10.1002/adts.70450,First‐Principles Calculation of Cs 2 AgIrX 6 (X = I/Br/Cl) Double perovskite and Multiscale Modelling of Cs 2 AgIrBr 6 Solar Cell for Space Applications,Advanced Theory and Simulations,journal,2026-06-01,article,en,,,,,National,0,closed,0
10.1002/adfm.76090,10.1002/adfm.76090,Interfacial Modulation for High‐Efficiency Large‐Area Organic Photovoltaics and Perovskite‐Organic Tandem Solar Modules (Adv. Funct. Mater. 47/2026),Advanced Functional Materials,journal,2026-06-01,article,en,,,,,Advanced Analysis Center,0,closed,0
10.1016/j.mtcomm.2026.115603,10.1016/j.mtcomm.2026.115603,From thin films to energy systems: A perspective-oriented translational framework for deployable functional materials,Materials Today Communications,journal,2026-06-01,article,en,,,,,Edith Cowan University,0,hybrid,0
10.1002/asia.70860,10.1002/asia.70860,Quaternary Ammonium Additives Enable Efficient and Stable 1.77 eV Wide‐Bandgap Perovskite Solar Cells,Chemistry - An Asian Journal,journal,2026-06-01,article,en,,,,,Shanghai University Of Engineering Science,0,closed,0
10.1063/5.0316312,10.1063/5.0316312,"Engineering performance of all-inorganic lead-free halide perovskites: A comprehensive review of innovations in photoluminescence, quantum yield, and stability",Applied Physics Reviews,journal,2026-06-01,article,en,,,,,Chinese University Of Hong Kong Shenzhen,0,closed,1
10.1016/j.mtcomm.2026.115617,10.1016/j.mtcomm.2026.115617,Interface-engineered indium-doped ZnO nanocomposites film for efficient and durable perovskite solar cells,Materials Today Communications,journal,2026-06-01,article,en,,,,,,0,closed,0
10.1016/j.joule.2026.102538,10.1016/j.joule.2026.102538,Accelerated aging replicates spatially non-uniform degradation modes observed in outdoor-aged perovskite solar cells,Joule,journal,2026-06-01,article,en,,,,,Bielefeld University,0,hybrid,1
10.1088/1674-4926/26020045,10.1088/1674-4926/26020045,"Crystallization suppression of mixed-halide intermediates for perovskite/Cu(In,Ga)Se 2 tandem solar cells with improved efficiency",Journal of Semiconductors,journal,2026-06-01,article,en,,,,,Nanjing University,0,bronze,0
10.1016/j.mtcomm.2026.115628,10.1016/j.mtcomm.2026.115628,A comparative study of explainable ensemble learning and neural network models for predicting the bandgap and heat of formation of A2BB’X6 double perovskites,Materials Today Communications,journal,2026-06-01,article,en,,,,,Central Statistics Office,0,hybrid,0
10.1016/j.mtcomm.2026.115633,10.1016/j.mtcomm.2026.115633,Simultaneous cationic–anionic site modulation via guanidinoacetic acid for defect passivation in high-efficiency and stable perovskite solar cells,Materials Today Communications,journal,2026-06-01,article,en,,,,,,0,closed,0
10.1016/j.revmat.2026.100244,10.1016/j.revmat.2026.100244,Atomic-level defect engineering: From fundamental mechanisms to applications in energy materials,Review of Materials Research,journal,2026-06-01,article,en,,,,,Tsinghua University,0,gold,0
10.11868/j.issn.1001-4381.2024.000267,10.11868/j.issn.1001-4381.2024.000267,Study on the properties of SnO2 thin film based on hydrolysis and its effect on perovskite solar cells,DOAJ (DOAJ: Directory of Open Access Journals),repository,2026-06-01,article,zh,,,,,,0,closed,0
10.1007/s12613-025-3340-2,10.1007/s12613-025-3340-2,Transition metal carbide-engineered active layers for high-efficiency and stable perovskite solar cell,International Journal of Minerals Metallurgy and Materials,journal,2026-06-01,article,en,,,,,Sejong University,0,closed,0
10.1002/adts.70456,10.1002/adts.70456,Synergistic Machine Learning and First‐Principles Calculations Reveal the “Composition‐Bandgap‐Performance” Relationship in Perovskite Solar Cells,Advanced Theory and Simulations,journal,2026-06-01,article,en,,,,,Jinan University,0,closed,0
10.1063/1674-0068/cjcp2408107,10.1063/1674-0068/cjcp2408107,Theoretical investigation on photoconversion efficiency of polar double iodide perovskite (CsRb)(SnGe)I6,Chinese Journal of Chemical Physics,journal,2026-06-01,article,en,,,,,Université Mustapha Stambouli De Mascara,0,closed,0
10.1016/j.mtcomm.2026.115723,10.1016/j.mtcomm.2026.115723,Metal-organic complex interfaces enabling triplet-state modulation and defect passivation in perovskite solar cells,Materials Today Communications,journal,2026-06-01,article,en,,,,,University Of Aveiro,0,hybrid,0
10.1360/nso/20260047,10.1360/nso/20260047,Solvent-Tailored Hybrid Sequential Deposition Enables Multifunctional Perovskite Optoelectronic Devices,National Science Open,journal,2026-06-01,article,en,,,,,Integrated Optoelectronics (norway),0,diamond,0
10.1016/j.mtcomm.2026.115767,10.1016/j.mtcomm.2026.115767,Computational analysis of photovoltaic potential of a dual-halide organic-inorganic dual absorber layer-based perovskite solar cell,Materials Today Communications,journal,2026-06-01,article,en,,,,,King Saud University,0,hybrid,0
10.1016/j.solener.2026.114750,10.1016/j.solener.2026.114750,Spiro based hole transporting materials improving optical and photoelectric properties for perovskite solar cells,Solar Energy,journal,2026-06-02,article,en,,,,,,1,closed,0
10.1038/s44172-026-00695-4,10.1038/s44172-026-00695-4,Interfacial stability of organic-based hole transport layers in perovskite photovoltaics for space-like thermal environments,Communications Engineering,journal,2026-06-02,article,en,,,,,Gyeongsang National University,1,gold,1
10.5755/j02.ms.42288,10.5755/j02.ms.42288,"Computational Study of the Structural, Mechanical and Optoelectronic Properties of Metal-halide Perovskites for Hybrid Energy Storage Applications",Materials Science,journal,2026-06-02,article,en,,,,,Islamia University Of Bahawalpur,0,gold,0
10.1016/j.nxmate.2026.102383,10.1016/j.nxmate.2026.102383,Interface-engineered eco-friendly Cs2AgInBr5Cl/MASnBr3 based perovskite solar cell achieving high efficiency and enhanced stability,Next Materials,journal,2026-06-02,article,en,,,,,Rajshahi University Of Engineering And Technology,0,gold,0
10.1088/1402-4896/ae765e,10.1088/1402-4896/ae765e,"Unveiling the photovoltaic potential of eco-friendly β -CaSiY 3 (Y = S, Se) chalcogenide perovskites: a first-principles investigation",Physica Scripta,journal,2026-06-02,article,en,,,,,Ibm (united States),0,hybrid,0
10.3390/en19112684,10.3390/en19112684,"Thin-Film Solar Cells for Solar Thermal Cooling, Heating, and Energy Storage Systems: Materials, Manufacturing, and Emerging Applications",Energies,journal,2026-06-02,article,en,,,,,Louisiana Tech University,0,gold,1
10.26434/chemrxiv.15004204/v1,10.26434/chemrxiv.15004204/v1,Molecular engineering of chiral–polar one-dimensional helical perovskites for circularly polarized light detection and bulk photovoltaic effect,ChemRxiv,repository,2026-06-02,preprint,en,,,,,Waseda University,0,green,1
10.1007/s44291-026-00232-9,10.1007/s44291-026-00232-9,"Study of variation of series resistance, shunt resistance and absorber layer thickness in La2NiMnO6 double perovskite solar cells",Discover Electronics,journal,2026-06-02,article,en,,,,,Dr. Bhim Rao Ambedkar University,0,diamond,0
10.21203/rs.3.rs-9866365/v1,10.21203/rs.3.rs-9866365/v1,"DFT Insights into the Pressure-Dependent Electronic,Optical, and Mechanical Properties of LiSrI3 for Enhanced Optoelectronic Performance",Research Square,repository,2026-06-02,preprint,en,,,,,Chittagong University Of Engineering & Technology,0,green,0
10.1002/adma.73561,10.1002/adma.73561,2D Perovskite Engineering Enables Robust Self‐Assembled Monolayers for High‐Performance Perovskite Solar Cells,Advanced Materials,journal,2026-06-02,article,en,,,,,Nanjing Tech University,0,green,1
10.1016/j.cej.2026.177951,10.1016/j.cej.2026.177951,Laser-assisted growth of ligand-free nanocrystals for grain-boundary passivation and suppression of non-radiative defects in lead-free Cs3Sb2I9 solar cells,Chemical Engineering Journal,journal,2026-06-02,article,en,,,,,Wenzhou University,0,closed,0
10.35848/1347-4065/ae76a0,10.35848/1347-4065/ae76a0,Light-trapping enhancement in perovskite solar cells using a cost-effective mold-replicated textured polymer substrate,Japanese Journal of Applied Physics,journal,2026-06-02,article,en,,,,,Toyoda Gosei (japan),0,bronze,0
10.1080/01430750.2026.2677012,10.1080/01430750.2026.2677012,"Performance and economic analysis of hybrid modified solar still coupled with N-evacuated tube collectors, lead-free perovskite PV module and immersion rods using nanofluids: design optimisation",International Journal of Ambient Energy,journal,2026-06-02,article,en,,,,,Delhi Technological University,0,closed,1
10.1016/j.solener.2026.114743,10.1016/j.solener.2026.114743,Machine learning assisted development of lead-free Cs3Bi2I9 perovskite solar cells,Solar Energy,journal,2026-06-02,article,en,,,,,Albany State University,0,closed,0
10.1016/j.poly.2026.118240,10.1016/j.poly.2026.118240,"Structural, optoelectronic and solar cell properties of quaternary chalcogenide halides Ba3GaSe4Br and Ba3InSe4Br for energy harvesting application",Polyhedron,journal,2026-06-02,article,en,,,,,Government Of Khyber Pakhtunkhwa,0,closed,0
10.34133/energymatadv.0536,10.34133/energymatadv.0536,Solvent Engineering for Ambient-Air Fabrication of Perovskite Solar Cells,Energy Material Advances,journal,2026-06-02,article,en,,,,,Beijing,0,diamond,0
10.1021/acs.jpcc.6c00585,10.1021/acs.jpcc.6c00585,"Bandgap-Tunable Organic–Inorganic Halide Perovskite Family ABI 3 (A = MA, FA, NH 4 ; B = Pb, Sn, Ge) under Hydrostatic Pressure",The Journal of Physical Chemistry C,journal,2026-06-02,article,en,,,,,Beijing Normal University,0,closed,0
10.1021/acsami.6c08388,10.1021/acsami.6c08388,Tuning Spacer Interaction via Br-Substitution Position for High-Efficiency and Stable 2D Ruddlesden–Popper Perovskite Solar Cells,ACS Applied Materials & Interfaces,journal,2026-06-02,article,en,,,,,Northwestern Polytechnical University,0,closed,0
10.1021/acsami.6c06221,10.1021/acsami.6c06221,Novel Bilayer Strategy Developing Dual-Functional Spray-Pyrolyzed NiO x toward High-Performance Perovskite Solar Cells,ACS Applied Materials & Interfaces,journal,2026-06-02,article,en,,,,,Of The People's Republic Of China,0,closed,0
10.1016/j.nanoen.2026.112084,10.1016/j.nanoen.2026.112084,Semitransparent agrivoltaics with tunable wide-bandgap perovskites printed under humid-air,Nano Energy,journal,2026-06-02,article,en,,,,,Wuhan University Of Technology,0,closed,0
10.26187/deakin.32538444,10.26187/deakin.32538444,Genetic algorithm: Design of perovskite solar cells with broadband light-absorption optimization,Deakin Research Online (Deakin University),repository,2026-06-02,article,en,,,,,,0,green,0
10.1002/aenm.71123,10.1002/aenm.71123,Overcoming the Voltage Deficit in Hybrid‐Processed Wide‐Bandgap Perovskite Solar Cells,Advanced Energy Materials,journal,2026-06-02,article,en,,,,,Nanyang Technological University,0,closed,1
10.1021/acsami.6c08388.s001,10.1021/acsami.6c08388.s001,Tuning Spacer Interaction via Br-Substitution Position for High-Efficiency and Stable 2D Ruddlesden–Popper Perovskite Solar Cells,Figshare,repository,2026-06-02,article,en,,,,,,0,green,0
10.1021/acs.jpcc.6c00585.s001,10.1021/acs.jpcc.6c00585.s001,"Bandgap-Tunable Organic–Inorganic Halide Perovskite Family ABI3 (A = MA, FA, NH4; B = Pb, Sn, Ge) under Hydrostatic Pressure",Figshare,repository,2026-06-02,article,en,,,,,,0,green,0
10.1021/acsami.6c06221.s001,10.1021/acsami.6c06221.s001,Novel Bilayer Strategy Developing Dual-Functional Spray-Pyrolyzed NiOx toward High-Performance Perovskite Solar Cells,Figshare,repository,2026-06-02,article,en,,,,,,0,green,0
10.1016/j.solmat.2026.114481,10.1016/j.solmat.2026.114481,Design and numerical optimization of B′-Site Sb-alloyed Cs2AgBiBr6 double perovskites for tunable optoelectronic and photovoltaic performance,Solar Energy Materials and Solar Cells,journal,2026-06-03,article,en,,,,,National,1,closed,0
10.1002/aenm.71159,10.1002/aenm.71159,Mitigating Photothermal‐Induced Burn‐In in Perovskite Solar Cells via a Multidentate Phosphonic Acid Polymer Network,Advanced Energy Materials,journal,2026-06-03,article,en,,,,,North University Of China,1,closed,1
10.1002/adfm.76273,10.1002/adfm.76273,Extremely Long Electron Lifetime in Spontaneously Passivated Polycrystalline Perovskite Layers via Illumination‐Assisted Trap Filling,Advanced Functional Materials,journal,2026-06-03,article,en,,,,,National,1,hybrid,1
10.1002/smll.74043,10.1002/smll.74043,Efficient and Stable Wide‐Bandgap Perovskite Solar Cells Fabricated via Vacuum Flash,Small,journal,2026-06-03,article,en,,,,,Guilin University Of Technology,1,green,1
10.1016/j.nxener.2026.100694,10.1016/j.nxener.2026.100694,"A review on recent lead-based and lead-lean doped single- and double- perovskite solar cells for efficient, stable, and green photovoltaics",Next Energy,journal,2026-06-03,article,en,,,,,University Of Lucknow,0,gold,0
10.1038/s41598-026-54954-7,10.1038/s41598-026-54954-7,Optoelectronic performance of diphenylamine-helicene derivatives as hole transport materials in perovskite solar cells: a DFT/TD-DFT study,Scientific Reports,journal,2026-06-03,article,en,,,,,University Of Tabriz,0,gold,0
10.1016/j.cej.2026.178001,10.1016/j.cej.2026.178001,Chemical–physical double locking via in situ cross-linking for stable and lead-safe perovskite solar cells,Chemical Engineering Journal,journal,2026-06-03,article,en,,,,,Ludong University,0,closed,0
10.1021/acs.nanolett.6c00804,10.1021/acs.nanolett.6c00804,Multisite Passivation and Surface Reconstruction of Perovskite for All-Air-Fabricated Perovskite Solar Cells,Nano Letters,journal,2026-06-03,article,en,,,,,Southwest University,0,closed,1
10.1016/j.jpowsour.2026.240542,10.1016/j.jpowsour.2026.240542,Perovskite solar cells through active layer engineering with metal sulfides,Journal of Power Sources,journal,2026-06-03,article,en,,,,,Anhui University,0,closed,0
10.3390/ma19112374,10.3390/ma19112374,Unravelling Recombination Processes in Bifacial Guanidinium-Incorporated Perovskite Solar Cells with SnO2 and TiO2 ETLs,Materials,journal,2026-06-03,article,en,,,,,Adam Mickiewicz University In Poznań,0,gold,0
10.1016/j.jcis.2026.140871,10.1016/j.jcis.2026.140871,"Rational design of nanogel particle composition to control halide perovskite growth, structure and increase solar cell efficiency",Journal of Colloid and Interface Science,journal,2026-06-03,article,en,,,,,King Abdulaziz University,0,hybrid,1
10.1021/acsami.6c04021,10.1021/acsami.6c04021,Vertical Interaction between Thiourea and Perovskite Surface Results in Obviously Enhanced Performance with PCE Surpassing 24% Efficiency,ACS Applied Materials & Interfaces,journal,2026-06-03,article,en,,,,,Southwest Petroleum University,0,closed,0
10.1021/acs.nanolett.6c00804.s001,10.1021/acs.nanolett.6c00804.s001,Multisite Passivation and Surface Reconstruction of Perovskite for All-Air-Fabricated Perovskite Solar Cells,Figshare,repository,2026-06-03,article,en,,,,,,0,green,0
10.1021/acsami.6c04021.s001,10.1021/acsami.6c04021.s001,Vertical Interaction between Thiourea and Perovskite Surface Results in Obviously Enhanced Performance with PCE Surpassing 24% Efficiency,Figshare,repository,2026-06-03,article,en,,,,,,0,green,0
10.1016/j.jics.2026.102740,10.1016/j.jics.2026.102740,"Hydrostatic pressure effects on K-based double perovskites: A DFT investigation of electronic, optical, and thermodynamic properties for energy applications",Journal of the Indian Chemical Society,journal,2026-06-04,article,en,,,,,Prince Sattam Bin Abdulaziz University,2,closed,0
10.1038/s44160-026-01089-2,10.1038/s44160-026-01089-2,A self-assembled monolayer via rapid and scalable soak coating for perovskite solar cells,Nature Synthesis,journal,2026-06-04,article,en,,,,,City University Of Hong Kong,2,closed,0
10.1002/adma.73572,10.1002/adma.73572,Ultrasound‐Assisted Zwitterion Grafting on NiO x for Suppressing Self‐Assembled Monolayer Migration in Perovskite Solar Cells,Advanced Materials,journal,2026-06-04,article,en,,,,,Beijing Solar Energy Research Institute,1,green,0
10.1016/j.cej.2026.177834,10.1016/j.cej.2026.177834,Direct 3D printing of molten metal electrodes for perovskite solar cells,Chemical Engineering Journal,journal,2026-06-04,article,en,,,,,University Of Rome Tor Vergata,0,hybrid,1
10.1016/j.mtener.2026.102329,10.1016/j.mtener.2026.102329,Flexible two-terminal monolithic perovskite/silicon tandem solar cells: A roadmap for lightweight high-efficiency photovoltaics,Materials Today Energy,journal,2026-06-04,article,en,,,,,,0,closed,0
10.1016/j.mtener.2026.102330,10.1016/j.mtener.2026.102330,In-situ growth of graphdiyne for targeted oxygen vacancy management on SnO2 in perovskite solar cells,Materials Today Energy,journal,2026-06-04,article,en,,,,,Shandong University,0,closed,0
10.1021/acsaem.6c01363,10.1021/acsaem.6c01363,Strain Regulation through In Situ 1D/3D Heterojunction Construction with an Optimal Alkyl Chain Length for Efficient and Stable Perovskite Solar Cells,ACS Applied Energy Materials,journal,2026-06-04,article,en,,,,,Shanghai University Of Electric Power,0,closed,1
10.1002/ange.2412282,10.1002/ange.2412282,A Nonbenzenoid Nanographene Horse Saddle With Four Pentagon–Octagon Pairs,Angewandte Chemie,journal,2026-06-04,article,en,,,,,Nantong University,0,hybrid,0
10.1016/j.ssc.2026.116486,10.1016/j.ssc.2026.116486,"Emerging frontiers in perovskite solar cells: Principles, performance, and pathways to commercialization",Solid State Communications,journal,2026-06-04,article,en,,,,,Dibrugarh University,0,closed,0
10.1021/acsami.6c05326,10.1021/acsami.6c05326,Polyaniline-Enabled Dual Passivation of SnO x Oxygen Vacancies and Perovskite Surface Defects,ACS Applied Materials & Interfaces,journal,2026-06-04,article,en,,,,,Kasetsart University,0,hybrid,1
10.1002/advs.76010,10.1002/advs.76010,Sulfonated Bathocuproine Derivatives as Chemically Bonded Buried‐Interface Engineers for n–i–p Perovskite Solar Cells,Advanced Science,journal,2026-06-04,article,en,,,,,Korea University,0,gold,1
10.1021/acsami.6c06456,10.1021/acsami.6c06456,Opto-electro-thermal Multiphysical Mechanisms and Performance Degradation Mitigation in Perovskite/Silicon Tandem Solar Cells with Nonuniform Self-Assembled Monolayers,ACS Applied Materials & Interfaces,journal,2026-06-04,article,en,,,,,,0,closed,1
10.1016/j.synthmet.2026.118192,10.1016/j.synthmet.2026.118192,Nanocomposites of Spiro-OMeTAD:ZnPc as promising hole transport materials for perovskite solar cells,Synthetic Metals,journal,2026-06-04,article,en,,,,,Karaganda Buketov University,0,closed,0
10.1016/j.solmat.2026.114447,10.1016/j.solmat.2026.114447,"First-principles design and strain engineering of K3BA (B = O, S; A = Cl, Br, I) anti-perovskites toward high-performance solar cells",Solar Energy Materials and Solar Cells,journal,2026-06-04,article,en,,,,,National,0,closed,0
10.1002/anie.2412282,10.1002/anie.2412282,A Nonbenzenoid Nanographene Horse Saddle With Four Pentagon–Octagon Pairs,Angewandte Chemie International Edition,journal,2026-06-04,article,en,,,,,Nantong University,0,hybrid,1
10.1002/smll.74086,10.1002/smll.74086,Solid‐State Crystallization Regulation Enables High‐Performance Thermally Evaporated CsPbI 2 Br Perovskite Solar Cells,Small,journal,2026-06-04,article,en,,,,,Nanjing Tech University,0,green,1
10.1002/adma.73535,10.1002/adma.73535,Decoupling Bulk Homogenization and Interfacial Reconstruction via a Triple‐Alkali‐Cation Interlayer for High‐Performance Perovskite Solar Cells,Advanced Materials,journal,2026-06-04,article,en,,,,,Beijing National Laboratory For Molecular Sciences,0,closed,1
10.1002/cssc.70757,10.1002/cssc.70757,Bidentate Hole‐Transporting Materials for Interface Passivation and High‐Efficiency Inverted Perovskite Solar Cells,ChemSusChem,journal,2026-06-04,article,en,,,,,National Taipei University Of Technology,0,hybrid,0
10.1021/acsami.6c05326.s001,10.1021/acsami.6c05326.s001,Polyaniline-Enabled Dual Passivation of SnOx Oxygen Vacancies and Perovskite Surface Defects,Figshare,repository,2026-06-04,article,en,,,,,,0,green,0
10.1021/acsami.6c06456.s001,10.1021/acsami.6c06456.s001,Opto-electro-thermal Multiphysical Mechanisms and Performance Degradation Mitigation in Perovskite/Silicon Tandem Solar Cells with Nonuniform Self-Assembled Monolayers,Figshare,repository,2026-06-04,article,en,,,,,,0,green,0
10.1007/s40843-026-4136-y,10.1007/s40843-026-4136-y,Engineering hydrogen-bond networks in self-assembled molecules boosts all-perovskite tandem solar cell efficiency,Science China Materials,journal,2026-06-04,article,en,,,,,Wuhan National Laboratory For Optoelectronics,0,closed,0
10.1126/sciadv.aef6596,10.1126/sciadv.aef6596,Reactive reconstruction and embedded passivation of heterointerfaces for intrinsically stable perovskite photovoltaics,Science Advances,journal,2026-06-05,article,en,,,,,Tianjin University Of Technology,2,gold,1
10.1142/s2737416526500936,10.1142/s2737416526500936,"First Principle Investigation of CuCdX 3 (X = F, Cl, Br) Halide Perovskites: Structural Stability and Optoelectronic Potential for Energy Applications",Journal of Computational Biophysics and Chemistry,journal,2026-06-05,article,en,,,,,Kohat University Of Science And Technology,1,closed,0
10.1016/j.physb.2026.418913,10.1016/j.physb.2026.418913,"Temperature-dependent structural, optical, and surface transformations in CsPbI3 perovskite quantum dots",Physica B Condensed Matter,journal,2026-06-05,article,en,,,,,Adamawa State University,1,closed,0
10.1016/j.nxmate.2026.102437,10.1016/j.nxmate.2026.102437,Numerical analysis of flow parameters for perovskite layer printing with a slot-die head integrated 3D printer,Next Materials,journal,2026-06-05,article,en,,,,,Wollega University,1,gold,0
10.1002/adfm.76418,10.1002/adfm.76418,Structural Design of Bisphosphonic Acid Self‐Assembled Molecule for Stable and Reproducible Perovskite Solar Cells,Advanced Functional Materials,journal,2026-06-05,article,en,,,,,Nanjing Tech University,1,closed,1
10.1016/j.jpowsour.2026.239908,10.1016/j.jpowsour.2026.239908,Numerical simulation and AI-driven optimization of efficient dual perovskite solar cells: Based on SCAPS-1D and DFT,Journal of Power Sources,journal,2026-06-05,article,en,,,,,Shandong University,0,closed,0
10.1016/j.solmat.2026.114494,10.1016/j.solmat.2026.114494,Electron irradiation tolerance of halide perovskite solar cells for space applications,Solar Energy Materials and Solar Cells,journal,2026-06-05,article,en,,,,,Lanzhou University,0,closed,0
10.1088/2752-5724/ae7817,10.1088/2752-5724/ae7817,Coordination-regulated defect suppression enables stable wide-bandgap perovskites for efficient perovskite/CIGS tandem solar cells,Materials Futures,journal,2026-06-05,article,en,,,,,Beijing,0,diamond,1
10.1016/j.ccr.2026.218171,10.1016/j.ccr.2026.218171,Defect engineering via rare-earth incorporation (DE-RE) in TiO₂ photocatalysts: Wavelength-dependent energy conversion performance,Coordination Chemistry Reviews,journal,2026-06-05,article,en,,,,,Universiti Tenaga Nasional,0,closed,0
10.3390/ma19112415,10.3390/ma19112415,Recent Development of Back-Contacted Single-Crystal Perovskite Solar Cells,Materials,journal,2026-06-05,article,en,,,,,Shandong University,0,gold,0
10.1016/j.mtchem.2026.103749,10.1016/j.mtchem.2026.103749,Understanding electron-phonon interaction in solution-processed photovoltaic materials,Materials Today Chemistry,journal,2026-06-05,article,en,,,,,Linköping University,0,hybrid,0
10.3390/su18115760,10.3390/su18115760,Life Cycle Assessment of a Perovskite/Silicon Tandem Module and Its Future Application in a PV Plant,Sustainability,journal,2026-06-05,article,en,,,,,Ricerca Sul Sistema Energetico (italy),0,gold,1
10.1007/s43939-026-00740-1,10.1007/s43939-026-00740-1,Interface engineered CsSn0.5Ge0.5I3/c-Si lead free tandem solar cell achieving high efficiency using NiO/PCBM layers,Discover Materials,journal,2026-06-05,article,en,,,,,Jaypee,0,gold,0
10.59675/e415,10.59675/e415,Smart Materials and Their Applications in Renewable Energy Systems,Academic International Journal of Engineering Science,journal,2026-06-05,article,en,,,,,Sana'a University,0,hybrid,0
10.1088/1402-4896/ae7855,10.1088/1402-4896/ae7855,Quantum and classical machine learning for perovskite bandgap learning and solar cell performance analysis,Physica Scripta,journal,2026-06-05,article,en,,,,,Yangzhou University,0,hybrid,0
10.1016/j.cej.2026.178033,10.1016/j.cej.2026.178033,Dimethylammonium chloride-assisted antisolvent engineering for high-performance and stable CsPbI3 perovskite solar cells,Chemical Engineering Journal,journal,2026-06-05,article,en,,,,,Soochow University,0,closed,0
10.1002/smll.74076,10.1002/smll.74076,Highly‐Oriented 3D Perovskite Films Synthesized by the Assisted Growth of Large‐Area 2D Perovskite Nanosheets With n = 1,Small,journal,2026-06-05,article,en,,,,,Sun Yat-sen University,0,green,1
10.1038/s41467-026-74107-8,10.1038/s41467-026-74107-8,Indium-Based Octahedra Coordinating Pb–I Termini for Stable Perovskites,Nature Communications,journal,2026-06-05,article,en,,,,,Zhejiang Lab,0,gold,1
10.1038/s41598-026-54942-x,10.1038/s41598-026-54942-x,Design and simulation of PEA0.15FA0.75MA0.1SnI2Br based quasi-2D/3D tin perovskite solar cells with different charge transport layers for efficiency enhancement,Scientific Reports,journal,2026-06-05,article,en,,,,,Vellore,0,gold,0
10.21203/rs.3.rs-9877778/v1,10.21203/rs.3.rs-9877778/v1,Entropy-engineered perovskite heterointerfaces suppress lattice-distortion-induced carrier localization and operational fatigue,Research Square,repository,2026-06-05,preprint,en,,,,,Gannan Normal University,0,green,0
10.1021/acsami.6c05001,10.1021/acsami.6c05001,Dual-Layer Grain-Boundary In Situ Polymerization Modulates Elastic Modulus for Mechanically Stable Flexible All-Perovskite Tandem Solar Cells,ACS Applied Materials & Interfaces,journal,2026-06-05,article,en,,,,,Sungkyunkwan University,0,bronze,1
10.1021/acsomega.6c03327,10.1021/acsomega.6c03327,Combining DFT Calculations and Clustering Techniques to Screen Organic Monovalent Cations for Applications in Halide Perovskite Solar Cells,ACS Omega,journal,2026-06-05,article,en,,,,,,0,gold,0
10.1038/s43246-026-01222-w,10.1038/s43246-026-01222-w,Performance improvement of low-dimensional Sn-based perovskites for solar cells from photophysical response to inter-phase transport and stability,Communications Materials,journal,2026-06-05,article,en,,,,,Wenzhou Medical University,0,gold,1
10.1007/s40843-026-4072-3,10.1007/s40843-026-4072-3,Record efficiency of 20.01% in HTM-free carbon-based CsPbI3 perovskite solar cells achieved by TEPM multifunctional additive,Science China Materials,journal,2026-06-05,article,en,,,,,Shaanxi Normal University,0,closed,0
10.1021/acsami.6c05001.s001,10.1021/acsami.6c05001.s001,Dual-Layer Grain-Boundary In Situ Polymerization Modulates Elastic Modulus for Mechanically Stable Flexible All-Perovskite Tandem Solar Cells,Figshare,repository,2026-06-05,article,en,,,,,,0,green,0
10.1038/s41467-026-73739-0,10.1038/s41467-026-73739-0,Mechanistic insight into α-to-δ phase transition and stabilizing α-phase FAPbI3 via regulating δ-phase orientation,Nature Communications,journal,2026-06-06,article,en,,,,,,2,gold,1
10.1002/adma.202522825,10.1002/adma.202522825,Polymerized Surface Passivation for Stable and Efficient Inverted Perovskite Solar Cells,Advanced Materials,journal,2026-06-06,article,en,,,,,University Of Science And Technology Of China,2,green,1
10.1016/j.cinorg.2026.100163,10.1016/j.cinorg.2026.100163,Numerical design and performance optimization of emerging SrZrS3-Based solar cells integrated with ZrS2 and CZTS transport layers,Chemistry of Inorganic Materials,journal,2026-06-06,article,en,,,,,University B.t. & Evening College,0,gold,0
10.1007/s11664-026-12943-6,10.1007/s11664-026-12943-6,Optoelectronic and Photocatalytic Properties of Sn-Based Halide Perovskite Materials: Insights from GGA and HSE06 Calculations,Journal of Electronic Materials,journal,2026-06-06,article,en,,,,,Quzhou University,0,closed,0
10.1016/j.surfin.2026.109772,10.1016/j.surfin.2026.109772,FA-matched FAPbI3 quantum dots for interfacial defect passivation in carbon-based perovskite solar cells,Surfaces and Interfaces,journal,2026-06-06,article,en,,,,,Chiang Mai University,0,closed,0
10.1002/ece2.70087,10.1002/ece2.70087,"Stabilization Strategies for Carbon Based Perovskite Solar Cells Under Light, Heat, and Humidity",EcoEnergy,journal,2026-06-06,article,en,,,,,Centre National De La Recherche Scientifique,0,diamond,1
10.5281/zenodo.20567736,10.5281/zenodo.20567736,AI-DRIVEN OPTIMIZATION OF PEROVSKITE SOLAR CELLS FOR SUSTAINABLE ENERGY DEVELOPMENT IN PAKISTAN,Zenodo (CERN European Organization for Nuclear Research),repository,2026-06-06,article,de,,,,,,0,green,0
10.1002/adfm.76345,10.1002/adfm.76345,Suppressing Vacancies via Tailored Molecular Interactions Toward Enhanced Moisture Stability in Fully Air‐Fabricated Inverted Perovskite Solar Cells,Advanced Functional Materials,journal,2026-06-06,article,en,,,,,Of The People's Republic Of China,0,closed,0
10.1021/acs.jpcc.6c01179,10.1021/acs.jpcc.6c01179,"First-Principles Calculations and SCAPS-1D Simulations of Lead-Free Double Perovskites Rb 2 AgBiX 6 (X = Br, I) for Solar Cell Applications",The Journal of Physical Chemistry C,journal,2026-06-06,article,en,,,,,Yukhnovskii Institute For Condensed Matter Physics Of The National Academy Of Sc,0,closed,0
10.1016/j.surfin.2026.109787,10.1016/j.surfin.2026.109787,Multifunctional 4-Chloro-N-methylpyridine-2-carboxamide upper interface toward efficient inorganic perovskite solar cells,Surfaces and Interfaces,journal,2026-06-06,article,en,,,,,Northeast Electric Power University,0,closed,0
10.1016/j.solmat.2026.114495,10.1016/j.solmat.2026.114495,Synergistic modification of SnO2 electron transport layer via SnO2 quantum dot seeding for enhanced performance in perovskite solar cells,Solar Energy Materials and Solar Cells,journal,2026-06-06,article,en,,,,,Chiang Mai University,0,closed,0
10.5281/zenodo.20589612,10.5281/zenodo.20589612,AI-DRIVEN OPTIMIZATION OF PEROVSKITE SOLAR CELLS FOR SUSTAINABLE ENERGY DEVELOPMENT IN PAKISTAN,Zenodo (CERN European Organization for Nuclear Research),repository,2026-06-06,article,de,,,,,,0,green,0
10.5281/zenodo.20589710,10.5281/zenodo.20589710,AI-DRIVEN OPTIMIZATION OF PEROVSKITE SOLAR CELLS FOR SUSTAINABLE ENERGY DEVELOPMENT IN PAKISTAN,Zenodo (CERN European Organization for Nuclear Research),repository,2026-06-06,article,de,,,,,,0,green,0
10.5281/zenodo.20677723,10.5281/zenodo.20677723,AI-DRIVEN OPTIMIZATION OF PEROVSKITE SOLAR CELLS FOR SUSTAINABLE ENERGY DEVELOPMENT IN PAKISTAN,Zenodo (CERN European Organization for Nuclear Research),repository,2026-06-06,article,de,,,,,,0,green,0
10.5281/zenodo.20730543,10.5281/zenodo.20730543,AI-DRIVEN OPTIMIZATION OF PEROVSKITE SOLAR CELLS FOR SUSTAINABLE ENERGY DEVELOPMENT IN PAKISTAN,Zenodo (CERN European Organization for Nuclear Research),repository,2026-06-06,article,de,,,,,,0,green,0
10.65164/hp4wv458,10.65164/hp4wv458,Interface Engineering in Organic–Inorganic Hybrid Solar Cells: Strategies for Improving Charge Transport,,,2026-06-06,article,en,,,,,Osh Technological University,0,gold,0
10.65164/esahtb33,10.65164/esahtb33,Integrated Defect Engineering in Perovskite Solar Cells for Enhanced Stability and Efficiency,,,2026-06-06,article,en,,,,,Osh Technological University,0,gold,0
10.65164/qt1x2a43,10.65164/qt1x2a43,Advanced Tandem Solar-Cell Architectures: Beyond the Conventional Silicon–Perovskite Paradigm,,,2026-06-06,article,en,,,,,Tashkent State Technical University Named After Islam Karimov,0,gold,0
10.1002/anie.4500167,10.1002/anie.4500167,Simple‐Synthesis Isomer‐Free Multi‐Adduct Fullerenes as Electron Transport Materials Enable 26.66% Efficiency of Perovskite Solar Cells,Angewandte Chemie International Edition,journal,2026-06-07,article,en,,,,,Central South University,2,green,1
10.1002/anie.5595275,10.1002/anie.5595275,Hybrid Seeding‐Template Modulation of Sn–Pb Perovskite Crystallization for High‐Efficiency All‐Perovskite Tandem Solar Cells,Angewandte Chemie International Edition,journal,2026-06-07,article,en,,,,,Nanjing Tech University,2,green,1
10.1002/aenm.71170,10.1002/aenm.71170,Phosphate‐Buffered Synthesis of SnO 2 Nanoparticles With Interfacial Proton Buffering for High‐Performance and Stable Perovskite Solar Cells,Advanced Energy Materials,journal,2026-06-07,article,en,,,,,Dalian University Of Technology,1,closed,1
10.1016/j.solener.2026.114751,10.1016/j.solener.2026.114751,Mechanism-guided contact design with dual MoS2 for bilayer perovskite solar cells,Solar Energy,journal,2026-06-07,article,en,,,,,Fujian University Of Technology,0,closed,0
10.1002/ange.7010126,10.1002/ange.7010126,Modulation of Crystal Plane Growth for Efficient and Stable Perovskite Solar Cells,Angewandte Chemie,journal,2026-06-07,article,en,,,,,Nanchang University,0,closed,0
10.1002/idm2.70058,10.1002/idm2.70058,Defects‐Triggered In Situ Reconstruction in Metal‐Halide Perovskites for Photo‐Rechargeable Lithium‐Ion Batteries,Interdisciplinary materials,journal,2026-06-07,article,en,,,,,Wuhan University Of Technology,0,gold,0
10.1002/ange.5595275,10.1002/ange.5595275,Hybrid Seeding‐Template Modulation of Sn–Pb Perovskite Crystallization for High‐Efficiency All‐Perovskite Tandem Solar Cells,Angewandte Chemie,journal,2026-06-07,article,en,,,,,Nanjing Tech University,0,closed,0
10.1002/anie.7010126,10.1002/anie.7010126,Modulation of Crystal Plane Growth for Efficient and Stable Perovskite Solar Cells,Angewandte Chemie International Edition,journal,2026-06-07,article,en,,,,,Nanchang University,0,green,1
10.1002/ange.4500167,10.1002/ange.4500167,Simple‐Synthesis Isomer‐Free Multi‐Adduct Fullerenes as Electron Transport Materials Enable 26.66% Efficiency of Perovskite Solar Cells,Angewandte Chemie,journal,2026-06-07,article,en,,,,,Central South University,0,closed,0
10.1021/acsphotonics.6c00614,10.1021/acsphotonics.6c00614,Chiral Perovskites: Controlled Synthesis and Photonic Device Applications,ACS Photonics,journal,2026-06-08,article,en,,,,,Hainan University,3,closed,0
10.1016/j.ijhydene.2026.155794,10.1016/j.ijhydene.2026.155794,Technological advancement towards developing perovskite-based solar and tandem devices for the applications of renewable energy harvesting and energy transformation,International Journal of Hydrogen Energy,journal,2026-06-08,article,en,,,,,City University Of Hong Kong,2,hybrid,1
10.3390/su18125842,10.3390/su18125842,"Materials for Solar Photovoltaics: A Comprehensive Review of Advancements, Challenges, and Future Directions",Sustainability,journal,2026-06-08,article,en,,,,,Prince Mohammad Bin Fahd University,1,gold,0
10.1063/5.0333987,10.1063/5.0333987,Kinetically controlled crystallization via plant-derived additives boosts the efficiency of carbon-based perovskite solar cells exceeding 20%,Applied Physics Letters,journal,2026-06-08,article,en,,,,,Nantong University,0,closed,0
10.1002/adma.73656,10.1002/adma.73656,Hydroxyl Interfacial Engineering for Self‐Assemble Monolayers Anchoring on NiO x Enables Efficient and Stable Perovskite Solar Cells,Advanced Materials,journal,2026-06-08,article,en,,,,,Jilin University,0,green,1
10.1021/acsami.6c00873,10.1021/acsami.6c00873,Protective Role of Oxides on Pb-Free Halide Perovskite Surfaces: Interfacial Effects and Excitonic Optical Properties from First-Principles,ACS Applied Materials & Interfaces,journal,2026-06-08,article,en,,,,,University Of Rome Tor Vergata,0,hybrid,0
10.26434/chemrxiv.15004455/v1,10.26434/chemrxiv.15004455/v1,Experimental and Computational Analysis of Perovskite–Hole-Transport-Layer Interfaces: a Case Study in Carbazole-based Hole Transport Molecules,ChemRxiv,repository,2026-06-08,preprint,en,,,,,National Cheng Kung University,0,green,1
10.1016/j.jcis.2026.140907,10.1016/j.jcis.2026.140907,Dual-functional 1-adamantanethiol additive engineering for efficient and stable perovskite solar cells,Journal of Colloid and Interface Science,journal,2026-06-08,article,en,,,,,Huaqiao University,0,closed,0
10.1088/1361-6528/ae797b,10.1088/1361-6528/ae797b,Oriented growth and enhanced photocurrent of Fe doped centimeter-size long CsPbBr 3 single crystal,Nanotechnology,journal,2026-06-08,article,en,,,,,Guangxi University,0,hybrid,0
10.1016/j.nxmate.2026.102444,10.1016/j.nxmate.2026.102444,Hybrid numerical and machine learning investigation of Cs₂PtI₆ lead-free perovskite solar cells for improved PV effectiveness,Next Materials,journal,2026-06-08,article,en,,,,,Islamic University,0,gold,0
10.1021/acsomega.6c01385,10.1021/acsomega.6c01385,"Effect of MoS 2 Interfacial Engineering across MAPbI 3 , FAPbI 3 , and CsPbI 3 Perovskite Solar Cells",ACS Omega,journal,2026-06-08,article,en,,,,,University Of Engineering And Technology Peshawar,0,gold,0
10.1016/j.matlet.2026.141065,10.1016/j.matlet.2026.141065,Dual-site ligand combined with antisolvent engineering for enhancing efficiency of inverted perovskite solar cells,Materials Letters,journal,2026-06-08,article,en,,,,,Guilin University Of Technology,0,closed,0
10.1021/acsmaterialslett.5c01678,10.1021/acsmaterialslett.5c01678,Efficient Rigid and Flexible Perovskite Photovoltaics with Crystallization and Morphology Evolution via Chlorine-Containing Triazine Molecular Passivation,ACS Materials Letters,journal,2026-06-08,article,en,,,,,Ningbo,0,closed,1
10.54254/2755-2721/2026.34222,10.54254/2755-2721/2026.34222,Recent Advances in Carbon Nanotube Research for Perovskite Solar Cells,Applied and Computational Engineering,journal,2026-06-08,article,en,,,,,Anhui University,0,hybrid,0
10.1007/s10853-026-13078-z,10.1007/s10853-026-13078-z,"Review: tandem-relevant wide-bandgap perovskites—material systems, evolution pathways, and performance optimization",Journal of Materials Science,journal,2026-06-08,article,en,,,,,Northeastern University,0,closed,0
10.1016/j.rinp.2026.108707,10.1016/j.rinp.2026.108707,Random textured interfaces for efficiency enhancement of perovskite solar cells,Results in Physics,journal,2026-06-08,article,en,,,,,Tarbiat Modares University,0,gold,0
10.48550/arxiv.2606.09147,10.48550/arxiv.2606.09147,Artificial Intelligence for Instability in Inorganic Perovskites: From Mechanism Discovery to Engineering Strategies,arXiv (Cornell University),repository,2026-06-08,preprint,en,,,,,,0,green,1
10.1021/acsami.6c00873.s001,10.1021/acsami.6c00873.s001,Protective Role of Oxides on Pb-Free Halide Perovskite Surfaces: Interfacial Effects and Excitonic Optical Properties from First-Principles,Figshare,repository,2026-06-08,article,en,,,,,,0,green,0
artificial intelligence for instability in inorganic perovskites from mechanism discovery to engineering strategies|zhao,,Artificial Intelligence for Instability in Inorganic Perovskites: From Mechanism Discovery to Engineering Strategies,arXiv (Cornell University),repository,2026-06-08,preprint,en,,,,,Frontier Science Foundation,0,green,0
voltage dependent stability and degradation pathways in perovskite solar cells|howe,,Voltage-Dependent Stability and Degradation Pathways in Perovskite Solar Cells,ScholarWorks -A service of University of Vermont Libraries (University of Vermont),repository,2026-06-08,article,en,,,,,,0,closed,0
10.5815/ijwmt.2026.03.20,10.5815/ijwmt.2026.03.20,Radiation-Tolerant MASnI₃ Perovskite Solar Cells for Space Communication: Sequential SCAPS Optimization and SRIM-Based Proton Damage Analysis,International Journal of Wireless and Microwave Technologies,journal,2026-06-08,article,en,,,,,University Of Chittagong,0,diamond,0
10.1016/j.micrna.2026.208781,10.1016/j.micrna.2026.208781,Synergistic defect passivation and solvent extraction via 4-methoxyphenethylammonium iodide for efficient and stable perovskite solar cells,Micro and Nanostructures,journal,2026-06-09,article,en,,,,,Henan University,1,closed,0
10.1002/solr.70390,10.1002/solr.70390,One Year of Outdoor Performance of Perovskite/Perovskite/Silicon Triple‐Junction Solar Cell,Solar RRL,journal,2026-06-09,article,en,,,,,Dutch Research Council,1,hybrid,1
10.1002/adma.73663,10.1002/adma.73663,Crystallization Pathway Optimization and High‐Index Facet Stabilization for Perovskite Photovoltaics,Advanced Materials,journal,2026-06-09,article,en,,,,,,1,green,0
10.1016/j.jmgm.2026.109480,10.1016/j.jmgm.2026.109480,Theoretical end-cap tailoring of tripodal triazatruxene-based hole transport materials toward enhanced perovskite solar cell performance,Journal of Molecular Graphics and Modelling,journal,2026-06-09,article,en,,,,,University Of Agriculture Faisalabad,0,closed,0
10.1016/j.jpcs.2026.113897,10.1016/j.jpcs.2026.113897,High-efficiency lead-free SnS2/Cs2SnI6 heterojunction solar cells: A numerical analysis and optimization study,Journal of Physics and Chemistry of Solids,journal,2026-06-09,article,en,,,,,Bhavnagar University,0,closed,0
10.1016/j.cej.2026.178217,10.1016/j.cej.2026.178217,"Low-temperature multilayer barrier strategy for wearable, automotive, and outdoor perovskite photovoltaics",Chemical Engineering Journal,journal,2026-06-09,article,en,,,,,Chungbuk National University,0,closed,0
10.1021/acsami.6c02373,10.1021/acsami.6c02373,Mitigating Solvent Erosion to Enhance Self-Assembled Monolayer Coverage and Perovskite Solar Cell Performance,ACS Applied Materials & Interfaces,journal,2026-06-09,article,en,,,,,San’an Optoelectronics (china),0,closed,1
10.1016/j.matlet.2026.141078,10.1016/j.matlet.2026.141078,Numerical simulation of KGeCl3-based perovskite solar cells without a hole transport layer,Materials Letters,journal,2026-06-09,article,en,,,,,Xi'an University Of Science And Technology,0,closed,0
10.1038/s41566-026-01922-2,10.1038/s41566-026-01922-2,Crystallinity-guided hybrid conversion for efficient ultrawide-bandgap perovskites in triple-junction solar cells,Nature Photonics,journal,2026-06-09,article,en,,,,,National University Of Singapore,0,closed,0
10.1021/acsami.6c03041,10.1021/acsami.6c03041,Triarylamine-Modified Phenothiazine Small Molecules as Hole-Transporting Materials in Wide-Band-Gap Perovskite Solar Cells,ACS Applied Materials & Interfaces,journal,2026-06-09,article,en,,,,,Interdigital (united States),0,hybrid,1
10.5281/zenodo.20611101,10.5281/zenodo.20611101,The Convergence of Spin Physics and Solar Energy: A Comprehensive Analysis of Spintronic Photovoltaics,Zenodo (CERN European Organization for Nuclear Research),repository,2026-06-09,preprint,en,,,,,,0,green,1
10.1021/acsenergylett.6c01291,10.1021/acsenergylett.6c01291,Precursor-State Preorganization Narrows Crystallization Pathways in Formamidinium-Rich Perovskite Solar Cells,ACS Energy Letters,journal,2026-06-09,article,en,,,,,Sungkyunkwan University,0,closed,1
10.1002/advs.75913,10.1002/advs.75913,Ultrafast Hot‐Carrier Cooling in CsPbBr 3 Supercrystals via Long‐Range Electronic Coupling,Advanced Science,journal,2026-06-09,article,en,,,,,Chongqing Normal University,0,gold,0
10.1016/j.cej.2026.178215,10.1016/j.cej.2026.178215,Innovations in functional layers of flexible perovskite solar cells: Progress toward efficient and commercially viable photovoltaics,Chemical Engineering Journal,journal,2026-06-09,article,en,,,,,Shenzhen University,0,closed,0
10.1016/j.mseb.2026.119625,10.1016/j.mseb.2026.119625,Machine learning-guided design and strain engineering of lead-free double perovskites for enhanced optoelectronic performance,Materials Science and Engineering B,journal,2026-06-09,article,en,,,,,Xi'an University Of Architecture And Technology,0,closed,0
10.1016/j.ast.2026.112843,10.1016/j.ast.2026.112843,A review of solar cells technology integration and energy management in drones for flight endurance,Aerospace Science and Technology,journal,2026-06-09,article,en,,,,,King Fahd University Of Petroleum And Minerals,0,closed,0
10.5281/zenodo.20611100,10.5281/zenodo.20611100,The Convergence of Spin Physics and Solar Energy: A Comprehensive Analysis of Spintronic Photovoltaics,Zenodo (CERN European Organization for Nuclear Research),repository,2026-06-09,preprint,en,,,,,,0,green,1
10.1002/solr.70398,10.1002/solr.70398,Interfacial and Thickness Engineering Enabling 19.67% Efficient Lead‐Free FASnI 3 Perovskite Solar Cells,Solar RRL,journal,2026-06-09,article,en,,,,,King Abdulaziz University,0,closed,1
10.1021/acsami.6c03041.s001,10.1021/acsami.6c03041.s001,Triarylamine-Modified Phenothiazine Small Molecules as Hole-Transporting Materials in Wide-Band-Gap Perovskite Solar Cells,Figshare,repository,2026-06-09,article,en,,,,,,0,green,0
10.1021/acsami.6c02373.s001,10.1021/acsami.6c02373.s001,Mitigating Solvent Erosion to Enhance Self-Assembled Monolayer Coverage and Perovskite Solar Cell Performance,Figshare,repository,2026-06-09,article,en,,,,,,0,green,0
10.5281/zenodo.21598646,10.5281/zenodo.21598646,Research and Development Proposal for Germanium-Free Perovskite Thermophotovoltaic Solar Cells,Zenodo (CERN European Organization for Nuclear Research),repository,2026-06-09,article,enc,,,,,,0,green,0
10.5281/zenodo.21598647,10.5281/zenodo.21598647,Research and Development Proposal for Germanium-Free Perovskite Thermophotovoltaic Solar Cells,Zenodo (CERN European Organization for Nuclear Research),repository,2026-06-09,article,enc,,,,,,0,green,0
10.1002/eem2.70453,10.1002/eem2.70453,Managing Crystallization in Tin‐Lead Perovskite Solar Cells via Differential Chelating Coordination,Energy & environment materials,journal,2026-06-10,article,en,,,,,University Of Macau,1,hybrid,1
10.1364/optcon.601212,10.1364/optcon.601212,Impact of mixed-halide perovskites and transfer layers on perovskite solar cell performance,Optics Continuum,journal,2026-06-10,article,en,,,,,,0,gold,0
10.1007/s11664-026-12970-3,10.1007/s11664-026-12970-3,Enhanced Photovoltaic Performance in Cs-Rb Dual-Absorber Solar Cells via Synergistic Band Engineering and 2D Buffer Optimization,Journal of Electronic Materials,journal,2026-06-10,article,en,,,,,Begum Rokeya University,0,closed,0
10.1016/j.mtener.2026.102337,10.1016/j.mtener.2026.102337,Synergistic crystallization and defect control in wide-bandgap perovskite films enabled by Pb(SCN)2 additive and surface chemical modification,Materials Today Energy,journal,2026-06-10,article,en,,,,,Xidian University,0,closed,0
10.35848/1347-4065/ae7b42,10.35848/1347-4065/ae7b42,Uniformity of copper iodide hole transport layers prepared via ethanol/iodine solution method on inverted planar perovskite solar cells,Japanese Journal of Applied Physics,journal,2026-06-10,article,en,,,,,Tokai University,0,hybrid,0
10.1021/acsaem.6c01493,10.1021/acsaem.6c01493,Protic Solvent-Assisted Ligand Regulation for Stable Inverted Perovskite Quantum Dot Solar Cells,ACS Applied Energy Materials,journal,2026-06-10,article,en,,,,,Nankai University,0,closed,1
10.1021/acs.jpcc.6c00964,10.1021/acs.jpcc.6c00964,Determining the Ideal Lead-Free Perovskite CsSnI 3 Absorber Phase for Photovoltaic Solar Cells: A Deep Density Functional Theory Study,The Journal of Physical Chemistry C,journal,2026-06-10,article,en,,,,,King Abdulaziz University,0,closed,0
10.1002/pssa.70404,10.1002/pssa.70404,Novel Combination of Inorganic Dual‐Absorber Perovskite Solar Cell (Cs 2 TiI 6 /Cs 2 CuBiCl 6 ): SCAPS‐1D Optimization and Underwater Analysis,physica status solidi (a),journal,2026-06-10,article,en,,,,,National,0,closed,0
10.1016/j.solener.2026.114768,10.1016/j.solener.2026.114768,Ionic liquids and covalent organic frameworks for interface engineering in perovskite solar cells,Solar Energy,journal,2026-06-10,article,en,,,,,,0,closed,0
10.3390/inventions11030059,10.3390/inventions11030059,Robust Multi-Output Prediction of Perovskite Solar Cell Parameters via Multi-Task Learning,Inventions,journal,2026-06-10,article,en,,,,,American University Of The Middle East,0,gold,0
10.1002/solr.70385,10.1002/solr.70385,Additive‐Mediated (111)‐Facet‐Oriented Perovskite Films via Two‐Step Blade‐Coating for Efficient and Stable Inverted Solar Cells,Solar RRL,journal,2026-06-10,article,en,,,,,University Of Science And Technology Of China,0,closed,1
10.1002/ange.6195416,10.1002/ange.6195416,Boosting Both Chemical and Electrochemical Tandem Steps in Low‐Potential Aldehyde Oxidation for Solar‐Driven Bipolar Hydrogen Production,Angewandte Chemie,journal,2026-06-10,article,en,,,,,Gannan Normal University,0,closed,0
10.1002/anie.6195416,10.1002/anie.6195416,Boosting Both Chemical and Electrochemical Tandem Steps in Low‐Potential Aldehyde Oxidation for Solar‐Driven Bipolar Hydrogen Production,Angewandte Chemie International Edition,journal,2026-06-10,article,en,,,,,Gannan Normal University,0,green,1
10.48550/arxiv.2606.11928,10.48550/arxiv.2606.11928,"Spin-Polarized Electronic Structure and Chemical Bonding Data for 2,500+ Halide Double Perovskites",University of Twente Research Information,repository,2026-06-10,preprint,en,,,,,,0,green,1
10.48550/arxiv.2606.12083,10.48550/arxiv.2606.12083,"Multilayer Screening of Double and Conventional Perovskite Solar Cells Using SCAPS-1D and Machine Learning: Optimization of ETL, HTL, and Absorber for High-Efficiency Architectures",arXiv (Cornell University),repository,2026-06-10,preprint,en,,,,,,0,green,1
spin polarized electronic structure and chemical bonding data for 2 500 halide double perovskites|walterbos,,"Spin-Polarized Electronic Structure and Chemical Bonding Data for 2,500+ Halide Double Perovskites",arXiv (Cornell University),repository,2026-06-10,preprint,en,,,,,Federal Institute For Materials Research And Testing,0,green,0
multilayer screening of double and conventional perovskite solar cells using scaps 1d and machine learning optimization of etl htl and absorber for high efficiency architectures|nasiri,,"Multilayer Screening of Double and Conventional Perovskite Solar Cells Using SCAPS-1D and Machine Learning: Optimization of ETL, HTL, and Absorber for High-Efficiency Architectures",arXiv (Cornell University),repository,2026-06-10,preprint,en,,,,,Iran University Of Science And Technology,0,green,0
10.26565/2312-4334-2026-2-31,10.26565/2312-4334-2026-2-31,A Numerical Simulation Study Investigating the Functionality of a Perovskite Solar Cell Based on FASnI3 in Both Conventional and Inverted Configurations Using Compatible Zn(O0.3S0.7) as the Electron Transport Layer,East European Journal of Physics,journal,2026-06-10,article,en,,,,,University Of Calicut,0,diamond,0
10.26565/2312-4334-2026-2-30,10.26565/2312-4334-2026-2-30,"Structural, Optoelectronic and Mechanical Properties of AHgCl3 (A=Rb, Cs) Perovskites: A First-Principles GGA and TB-mBJ Analysis",East European Journal of Physics,journal,2026-06-10,article,en,,,,,University Of Batna 1,0,diamond,0
10.1002/adma.73682,10.1002/adma.73682,Hard Lewis Base‐Driven Crystallization Control for Efficient All‐Perovskite Tandem Solar Cells,Advanced Materials,journal,2026-06-11,article,en,,,,,Southern University Of Science And Technology,3,green,1
10.1002/adma.73657,10.1002/adma.73657,Ultranarrow‐Spaced Polar Green Aromatic Dion–Jacobson Hybrid Perovskite Enables Highly Sensitive and Stable Self‐Powered X‐Ray Detection,Advanced Materials,journal,2026-06-11,article,en,,,,,Jiangxi Normal University,2,green,0
10.1016/j.cocom.2026.e01366,10.1016/j.cocom.2026.e01366,The effect of dimensional modulation on the optoelectronic and photovoltaic properties of layered halide perovskites,Computational Condensed Matter,journal,2026-06-11,article,en,,,,,University Of Malakand,1,closed,0
10.1088/2515-7655/ae7c34,10.1088/2515-7655/ae7c34,Effect of the solvent in the early stage of crystallisation of hybrid halide perovskites,Journal of Physics Energy,journal,2026-06-11,article,en,,,,,Helmholtz-zentrum Berlin Für Materialien Und Energie,1,gold,0
10.1002/adma.73679,10.1002/adma.73679,Quantifying Deep‐Level Defects‐Dominated Degradation for Commercially Viable Perovskite Solar Cells,Advanced Materials,journal,2026-06-11,article,en,,,,,Fujian,1,green,1
10.1038/s41467-026-72581-8,10.1038/s41467-026-72581-8,Low-hygroscopic solvents enable ambient blade coating of efficient perovskite solar cells,Nature Communications,journal,2026-06-11,article,en,,,,,University Of Science And Technology Of China,1,gold,1
10.1016/j.solener.2026.114724,10.1016/j.solener.2026.114724,Perovskite BIPV windows and ground-source heat pump integration for net-zero office buildings,Solar Energy,journal,2026-06-11,article,en,,,,,University Of Tamanghasset,0,closed,0
10.1016/j.jmgm.2026.109469,10.1016/j.jmgm.2026.109469,"DFT and SCAPS-1D assisted investigation of optoelectronic, thermoelectric, and optimized photovoltaic performance of halide double perovskite K2LiInI6",Journal of Molecular Graphics and Modelling,journal,2026-06-11,article,en,,,,,Government College University Lahore,0,closed,0
10.1016/j.inoche.2026.117010,10.1016/j.inoche.2026.117010,Titanium dioxide as smart nano-photocatalyst: recent advancements in synthesis and enhanced light-responsive characteristics for diverse photocatalytic applications,Inorganic Chemistry Communications,journal,2026-06-11,article,en,,,,,National,0,closed,0
10.1016/j.surfin.2026.109836,10.1016/j.surfin.2026.109836,Interfacial passivation of non-fullerene electron transporting thin films via polymer surface engineering for perovskite solar cells,Surfaces and Interfaces,journal,2026-06-11,article,en,,,,,Ming Chi University Of Technology,0,closed,0
10.21203/rs.3.rs-9927746/v1,10.21203/rs.3.rs-9927746/v1,Self-Assembled Mesoporous Scaffold Enabled Hybrid Hole-Transport Layer for Efficient Perovskite Solar Cells,Research Square,repository,2026-06-11,preprint,en,,,,,Wuhan,0,green,0
10.1016/j.physb.2026.418920,10.1016/j.physb.2026.418920,DFT-guided machine learning and device modeling of Cs2PtBr6 lead-free perovskite solar cells,Physica B Condensed Matter,journal,2026-06-11,article,en,,,,,Khulna University Of Engineering And Technology,0,closed,0
10.1002/adma.73636,10.1002/adma.73636,High‐Accuracy Machine Learning Projections of Composition‐Dependent Thermal Stability in Halide Perovskites,Advanced Materials,journal,2026-06-11,article,en,,,,,University Of California Davis,0,green,1
10.1002/smll.202510785,10.1002/smll.202510785,Using Multifunctional Molecular ‘Glue’ for Bilateral Interface Engineering to Stabilize Perovskite/SnO 2 Layers,Small,journal,2026-06-11,article,en,,,,,Xi'an Polytechnic University,0,green,1
10.1557/s43579-026-00997-w,10.1557/s43579-026-00997-w,Design and optimization of lead-free double perovskite solar cells using SCAPS-1D and machine learning approach,MRS Communications,journal,2026-06-11,article,en,,,,,Jamia Millia Islamia,0,closed,0
10.1016/j.jcis.2026.140925,10.1016/j.jcis.2026.140925,Chiral molecule-induced interface passivation for high-efficiency and stable perovskite solar cells,Journal of Colloid and Interface Science,journal,2026-06-11,article,en,,,,,Yan'an University,0,closed,0
10.1016/j.jssc.2026.126167,10.1016/j.jssc.2026.126167,First-principles analysis of the synergistic effects of transition metal doping and high pressure on the properties of CsMnBr3,Journal of Solid State Chemistry,journal,2026-06-11,article,en,,,,,Nanjing University Of Posts And Telecommunications,0,closed,0
10.1038/s41467-026-74285-5,10.1038/s41467-026-74285-5,Misplaced-dipole engineered repairable fluoropolymer elastomer for flexible perovskite solar cell with excellent thermal-mechanical cycling resistance,Nature Communications,journal,2026-06-11,article,en,,,,,Qingdao University Of Science And Technology,0,gold,1
10.1007/s10904-026-04387-6,10.1007/s10904-026-04387-6,Filtered Spectrum Assisted Design for Enhanced Photocurrent Matching in Mixed Pb-Sn Based all Perovskite Tandem Solar Cell,Journal of Inorganic and Organometallic Polymers and Materials,journal,2026-06-11,article,en,,,,,Madan Mohan Malaviya University Of Technology,0,closed,0
10.1557/s43577-026-01110-1,10.1557/s43577-026-01110-1,"First-principles exploration of Cs2SnX6 (X = Br, Cl, I) double perovskites for photovoltaic, thermoelectric, and photocatalytic applications",MRS Bulletin,journal,2026-06-11,article,en,,,,,Sidi Mohamed Ben Abdellah University,0,closed,0
10.1002/smll.202514972,10.1002/smll.202514972,Lead‐Free Hybrid Halide Perovskite for Piezoelectric Energy Harvesting,Small,journal,2026-06-11,article,en,,,,,,0,green,1
10.1002/aenm.71181,10.1002/aenm.71181,Gradient Facet Orientation Engineering Via Mg 3 Sb 2 Quantum Dots for High‐Performance and Stable Perovskite Solar Cells,Advanced Energy Materials,journal,2026-06-11,article,en,,,,,Taiyuan University Of Technology,0,closed,1
10.48550/arxiv.2606.13114,10.48550/arxiv.2606.13114,Disentangling the origin of degradation in perovskite solar cells via optical imaging and Bayesian inference,arXiv (Cornell University),repository,2026-06-11,preprint,en,,,,,,0,green,1
disentangling the origin of degradation in perovskite solar cells via optical imaging and bayesian inference|dasgupta,,Disentangling the origin of degradation in perovskite solar cells via optical imaging and Bayesian inference,arXiv (Cornell University),repository,2026-06-11,preprint,en,,,,,University Of Oxford,0,green,0
10.1051/epjpv/2026014/pdf,10.1051/epjpv/2026014/pdf,Simulation-based insights into light soaking and light-induced degradation in perovskite solar cells,Springer Link (Chiba Institute of Technology),repository,2026-06-11,article,en,,,,,Centre National De La Recherche Scientifique,0,green,0
10.1016/j.radphyschem.2026.114155,10.1016/j.radphyschem.2026.114155,Substrate-dependent gamma-ray irradiation-induced degradation in perovskite solar cells for space applications,Radiation Physics and Chemistry,journal,2026-06-12,article,en,,,,,Korea University,2,closed,0
10.1002/adma.73713,10.1002/adma.73713,Molecularly Confined Domains Enable Halide‐Stable Wide‐Bandgap Perovskites,Advanced Materials,journal,2026-06-12,article,en,,,,,Jinan University,1,green,1
10.1103/jzjm-xw3v,10.1103/jzjm-xw3v,Low Temperatures Reduce Shallow Defect Energies and Interfacial Recombination Losses in Triple-Cation Lead-Halide Perovskites,PRX Energy,journal,2026-06-12,article,en,,,,,Eindhoven University Of Technology,1,diamond,1
10.1088/1402-4896/ae7cef,10.1088/1402-4896/ae7cef,Impact of interface defects on the band alignment and performance of TiO 2 /MAPI/Cu 2 O perovskite solar cells,Physica Scripta,journal,2026-06-12,article,en,,,,,National,1,hybrid,0
10.1021/acs.jcim.6c00588,10.1021/acs.jcim.6c00588,"CoRE 2D-HOIP DB: Computation-Ready, Experimental Database of Two-Dimensional Hybrid Organic–Inorganic Perovskites",Journal of Chemical Information and Modeling,journal,2026-06-12,article,en,,,,,Lomonosov Moscow State University,1,green,0
10.1142/s0219581x26500171,10.1142/s0219581x26500171,Enhanced Power Conversion Efficiency of Perovskite NBT-based DSSCs via Hydrothermal Synthesis at Optimal NaOH Concentration,International Journal of Nanoscience,journal,2026-06-12,article,en,,,,,University Of Technology - Iraq,0,closed,0
10.1021/acs.jpclett.6c01531,10.1021/acs.jpclett.6c01531,Impact of Functional Group Configuration in Isomeric Additives on Device Performance of Quasi-2D Perovskite Solar Cells,The Journal of Physical Chemistry Letters,journal,2026-06-12,article,en,,,,,Nanjing Tech University,0,closed,1
10.1016/j.nxmate.2026.102491,10.1016/j.nxmate.2026.102491,Thermal cycling degradation in Cs₃Sb₂Br₉-based solar cell: A simulation-to-ML framework,Next Materials,journal,2026-06-12,article,en,,,,,Netaji Subhas University Of Technology,0,gold,0
10.1021/acsami.6c07582,10.1021/acsami.6c07582,Sequential Evaporation for Scalable Hybrid Processing of Perovskite/Silicon Tandem Solar Cells,ACS Applied Materials & Interfaces,journal,2026-06-12,article,en,,,,,Renewable Energy Systems (united States),0,hybrid,1
10.1016/j.physb.2026.418950,10.1016/j.physb.2026.418950,Theoretical design and interface engineering of CsSnCl3/MoS2 heterostructures for high-performance photovoltaics,Physica B Condensed Matter,journal,2026-06-12,article,en,,,,,Nanjing University Of Posts And Telecommunications,0,closed,0
10.1142/s0217984926300061,10.1142/s0217984926300061,"Advances in perovskite solar cells: A review of material design, interface engineering, stability enhancement, and prospective research directions",Modern Physics Letters B,journal,2026-06-12,article,en,,,,,Guizhou Electromechanical Research And Design Institute,0,closed,0
10.1016/j.solmat.2026.114491,10.1016/j.solmat.2026.114491,Design and optimization of all-inorganic perovskite/kesterite-c-Si tandem solar cell outperforming the Shockley-Queisser limit,Solar Energy Materials and Solar Cells,journal,2026-06-12,article,en,,,,,Bangladesh University Of Engineering And Technology,0,closed,0
10.1088/1361-648x/ae7cce,10.1088/1361-648x/ae7cce,Crystallinity and optical properties of Cu 2 FeSn 3 S 8 thin films prepared by pulsed laser deposition,Journal of Physics Condensed Matter,journal,2026-06-12,article,en,,,,,Czech Technical University In Prague,0,hybrid,0
10.1021/acsami.6c06730,10.1021/acsami.6c06730,Oxidation-Retarded AgNWs/IZO Composite Electrodes for Highly Efficient and Stable Semitransparent Perovskite Solar Cells,ACS Applied Materials & Interfaces,journal,2026-06-12,article,en,,,,,Wuhan University Of Technology,0,closed,0
10.1021/jacs.6c08995,10.1021/jacs.6c08995,Self-Assembled Monolayers at Photovoltaic Interfaces: Unveiling Structure–Property Relationships to Applications in Perovskite and Organic Solar Cells,Journal of the American Chemical Society,journal,2026-06-12,article,en,,,,,Korea,0,closed,1
10.1021/acs.jpclett.6c01395,10.1021/acs.jpclett.6c01395,Complete DMA + /Cs + Exchange and Rapid Phase Conversion via FAAC-Mediated Intermediate Phase Engineering for Efficient and Stable CsPbI 3 Perovskite Solar Cells,The Journal of Physical Chemistry Letters,journal,2026-06-12,article,en,,,,,North China Electric Power University,0,closed,1
10.1016/j.surfin.2026.109837,10.1016/j.surfin.2026.109837,High-performance flexible 2D perovskite solar cells with novel spacer cation,Surfaces and Interfaces,journal,2026-06-12,article,en,,,,,Harbin,0,closed,0
10.36676/urr.v13.i2.1713,10.36676/urr.v13.i2.1713,Performance Enhancement of Solar Photovoltaic Modules Using Various Methods: A Comprehensive Review,Universal Research Reports,journal,2026-06-12,article,en,,,,,Indian,0,diamond,0
10.1007/s11696-026-05120-w,10.1007/s11696-026-05120-w,"Prospecting K2InLiX6 (X = Cl, Br, I) double perovskite for photovoltaic and optoelectronic applications: a DFT-based analysis",Chemical Papers,journal,2026-06-12,article,en,,,,,Qilu University Of Technology,0,closed,0
10.1007/s12596-026-03162-7,10.1007/s12596-026-03162-7,High-efficiency Cs₄CuSb₂Cl₁₂ double perovskite solar cells enabled by carbon nanomaterial-derived charge transport layers: interfacial engineering and optimization,Journal of Optics,journal,2026-06-12,article,en,,,,,Indian,0,closed,0
10.1021/acsami.6c04650,10.1021/acsami.6c04650,"Single-Molecule Triad: 6-MCA Additive Synchronizes Defect Passivation, Morphology Control, and Moisture Blockade for Efficient and Stable Perovskite Solar Cells",ACS Applied Materials & Interfaces,journal,2026-06-12,article,en,,,,,Zunyi Normal College,0,closed,1
10.1021/jacs.6c08995.s001,10.1021/jacs.6c08995.s001,Self-Assembled Monolayers at Photovoltaic Interfaces: Unveiling Structure–Property Relationships to Applications in Perovskite and Organic Solar Cells,Figshare,repository,2026-06-12,article,en,,,,,,0,green,0
10.1021/acs.jpclett.6c01395.s001,10.1021/acs.jpclett.6c01395.s001,Complete DMA+/Cs+ Exchange and Rapid Phase Conversion via FAAC-Mediated Intermediate Phase Engineering for Efficient and Stable CsPbI3 Perovskite Solar Cells,Figshare,repository,2026-06-12,article,en,,,,,,0,green,0
10.1021/acsami.6c06730.s001,10.1021/acsami.6c06730.s001,Oxidation-Retarded AgNWs/IZO Composite Electrodes for Highly Efficient and Stable Semitransparent Perovskite Solar Cells,Figshare,repository,2026-06-12,article,en,,,,,,0,green,0
10.1021/acsami.6c04650.s001,10.1021/acsami.6c04650.s001,"Single-Molecule Triad: 6‑MCA Additive Synchronizes Defect Passivation, Morphology Control, and Moisture Blockade for Efficient and Stable Perovskite Solar Cells",Figshare,repository,2026-06-12,article,en,,,,,,0,green,0
10.1021/acs.jpclett.6c01531.s001,10.1021/acs.jpclett.6c01531.s001,Impact of Functional Group Configuration in Isomeric Additives on Device Performance of Quasi-2D Perovskite Solar Cells,Figshare,repository,2026-06-12,article,en,,,,,,0,green,0
10.1021/acsami.6c07582.s001,10.1021/acsami.6c07582.s001,Sequential Evaporation for Scalable Hybrid Processing of Perovskite/Silicon Tandem Solar Cells,Figshare,repository,2026-06-12,article,en,,,,,,0,green,0
10.1016/j.surfin.2026.109848,10.1016/j.surfin.2026.109848,Comparative study of spray-coated formamidinium-rich perovskite solar cells,Surfaces and Interfaces,journal,2026-06-13,article,en,,,,,Universitas Sumatera Utara,0,closed,0
10.1016/j.chphi.2026.101092,10.1016/j.chphi.2026.101092,"Silver doped tin oxide for enhanced perovskite solar cells: A DFT and SCAPS-1D study of electronic, optical, and photovoltaic properties",Chemical Physics Impact,journal,2026-06-13,article,en,,,,,Tshwane University Of Technology,0,gold,1
10.1002/anie.5495010,10.1002/anie.5495010,Copper (II) Chloride Mediated Interfacial Permeation for High‐Efficient and Stable Wide‐Bandgap Perovskite Solar Cells,Angewandte Chemie International Edition,journal,2026-06-13,article,en,,,,,Jiangxi Normal University,0,green,1
10.36948/ijfmr.2026.v08i03.80802,10.36948/ijfmr.2026.v08i03.80802,Nanostructured Optical Devices for Solar Energy Harvesting: Light Management from Plasmonic Resonance to High-Index Photonics,International Journal For Multidisciplinary Research,journal,2026-06-13,article,en,,,,,Deenbandhu Chhotu Ram University Of Science And Technology,0,hybrid,0
10.1016/j.micrna.2026.208808,10.1016/j.micrna.2026.208808,Numerical simulation-based study for superior charge extraction via acceptor/donor densities and temperature variation for renewable energy,Micro and Nanostructures,journal,2026-06-13,article,en,,,,,King Faisal University,0,closed,0
10.1002/ange.5495010,10.1002/ange.5495010,Copper (II) Chloride Mediated Interfacial Permeation for High‐Efficient and Stable Wide‐Bandgap Perovskite Solar Cells,Angewandte Chemie,journal,2026-06-13,article,en,,,,,Jiangxi Normal University,0,closed,0
10.1007/s11664-026-12925-8,10.1007/s11664-026-12925-8,Surface Modification of Perovskite Solar Cells Using Organic Dyes for Enhanced Efficiency and Moisture Stability,Journal of Electronic Materials,journal,2026-06-14,article,en,,,,,Zhejiang Ocean University,0,closed,0
10.1002/aenm.71194,10.1002/aenm.71194,Homo‐Electronic‐Type Inner‐ and Outer‐Wall Double‐Wall Carbon Nanotubes for Record‐Efficiency Carbon/Silicon Heterojunction Solar Cells,Advanced Energy Materials,journal,2026-06-14,article,en,,,,,Baogang Group (china),0,closed,1
10.1016/j.tramat.2026.100335,10.1016/j.tramat.2026.100335,Synergistic bulk and interface engineering of SnO2 via ammonium formate for efficient and stable perovskite solar cells,Transactions of Materials Research,journal,2026-06-14,article,en,,,,,Southwest Petroleum University,0,hybrid,0
10.1016/j.mseb.2026.119626,10.1016/j.mseb.2026.119626,High-efficiency lead-free K2CuSbCl6 double perovskite solar cell: a combined approach for photovoltaic and space applications,Materials Science and Engineering B,journal,2026-06-14,article,en,,,,,University Of Chittagong,0,closed,0
10.1016/j.jmst.2026.06.011,10.1016/j.jmst.2026.06.011,Enhanced performance of 1.75 eV wide-bandgap inverted perovskite solar cells via zwitterionic betaine citrate additive,Journal of Material Science and Technology,journal,2026-06-14,article,en,,,,,Wuhan University Of Technology,0,closed,0
10.1016/j.cej.2026.178409,10.1016/j.cej.2026.178409,Intermediate-phase-directed crystallization kinetics and defect passivation synergy for high-efficiency formamidinium-based perovskite solar cells,Chemical Engineering Journal,journal,2026-06-14,article,en,,,,,Hebei University,0,closed,0
10.1007/s11837-026-08488-y,10.1007/s11837-026-08488-y,"Multifunctional Ruthenium-Based Halide Perovskites NaRuX3 (X = Cl, Br): A First-Principles Exploration Toward Solar Technologies",JOM,journal,2026-06-15,article,en,,,,,,1,closed,0
10.1021/acs.chemmater.6c01064,10.1021/acs.chemmater.6c01064,Room-Temperature Synthesis of Ultrasmall Sulfur-Free SnO 2 Quantum Dots as an Electron Transport Layer in Perovskite Solar Cells,Chemistry of Materials,journal,2026-06-15,article,en,,,,,University Of British Columbia,1,green,0
10.1038/s41586-026-10768-1,10.1038/s41586-026-10768-1,Nanocrystal-tailored recombination for all-perovskite tandem solar modules,Nature,journal,2026-06-15,article,en,,,,,Soochow University,1,closed,0
10.1177/01445987261457586,10.1177/01445987261457586,A brief review on analysis and recent advancements in new solar cells using nanotechnology,Energy Exploration & Exploitation,journal,2026-06-15,article,en,,,,,Gitam University,1,gold,0
10.1038/s41566-026-01943-x,10.1038/s41566-026-01943-x,Wide-temperature-range fluid-phase grain boundaries for temperature-robust perovskite solar cells,Nature Photonics,journal,2026-06-15,article,en,,,,,Peking University,1,closed,0
10.1021/acs.jcim.6c01380,10.1021/acs.jcim.6c01380,Informatics-Guided Computational Design of Polyaromatic Hydrocarbons Suitable for Use as Hole Transport Materials,Journal of Chemical Information and Modeling,journal,2026-06-15,article,en,,,,,Tokyo,1,closed,0
10.1016/j.nanoen.2026.112126,10.1016/j.nanoen.2026.112126,High dipole moment 3-TFBA assisted bilayer surface passivation for efficient antisolvent-free perovskite solar cells,Nano Energy,journal,2026-06-15,article,en,,,,,,1,closed,0
10.1021/acs.jpclett.6c01119,10.1021/acs.jpclett.6c01119,Text-Embedding-Assisted Design of Rigid Molecular Cations for Suppressing Ion Migration in Hybrid Single-Crystal X-ray Detectors,The Journal of Physical Chemistry Letters,journal,2026-06-15,article,en,,,,,Advanced Energy Materials (united States),0,closed,1
10.1002/adfm.76562,10.1002/adfm.76562,Chemically Cross‐Linking SnO 2 Nanoparticles and Promoting Charge Transport by π – π Interaction of Conjugated Molecules for Efficient and Stable Air‐Processed Regular Perovskite Solar Cells,Advanced Functional Materials,journal,2026-06-15,article,en,,,,,Kunming University Of Science And Technology,0,closed,1
10.1021/acsaem.6c01329,10.1021/acsaem.6c01329,Cation Volatility Governs the Functionality of Thiocyanate Additives in FAPbI3 Perovskite Solar Cells,ACS Applied Energy Materials,journal,2026-06-15,article,en,,,,,Xinjiang Technical,0,closed,1
10.1021/acsenergylett.6c00904,10.1021/acsenergylett.6c00904,Degradation Dynamics of Perovskite Solar Cells Under Fixed Reverse-Current Injection,ACS Energy Letters,journal,2026-06-15,article,en,,,,,University Of Washington,0,closed,1
10.1021/acsami.6c09772,10.1021/acsami.6c09772,Surface Engineering-Induced 2D/3D Interfacial Reconstruction for Stable Low-Light Perovskite Solar Cells,ACS Applied Materials & Interfaces,journal,2026-06-15,article,en,,,,,Academic Degrees & Graduate Education,0,hybrid,0
10.1007/s40243-026-00382-6,10.1007/s40243-026-00382-6,Lead-free K2MnTlH6 double perovskite solar cells with WS2/CBTS interfaces achieving > 29% efficiency: a comprehensive SCAPS-1D simulation study,Materials for Renewable and Sustainable Energy,journal,2026-06-15,article,en,,,,,University Mohamed El Bachir El Ibrahimi Of Bordj Bou Arreridj,0,gold,1
10.1007/s13233-026-00528-5,10.1007/s13233-026-00528-5,Impact of interfacial roughness on light absorption of perovskite solar cells,Macromolecular Research,journal,2026-06-15,article,en,,,,,Pohang University Of Science And Technology,0,hybrid,0
10.3390/inorganics14060164,10.3390/inorganics14060164,Visible-Wavelength Faraday Rotation Properties of FAPbBr3 Perovskite Single Crystals for Magneto-Optical Devices,Inorganics,journal,2026-06-15,article,en,,,,,Changzhou,0,gold,0
10.1021/acs.jpcc.6c02012,10.1021/acs.jpcc.6c02012,Electric-Field-Modulated HAPbBr 3 Perovskite/Black Phosphorus van der Waals Heterostructure: Reversible Transition from Type-I to Type-II Band and Photoelectric Performance Optimization,The Journal of Physical Chemistry C,journal,2026-06-15,article,en,,,,,Beijing Jiaotong University,0,closed,0
10.1002/smll.74200,10.1002/smll.74200,Dual‐SAM/Al 2 O 3 ‐Nanoparticles Hole‐Selective Stack With BCP/PEAI Passivation Enabling High Performance Inverted Perovskite Solar Cells,Small,journal,2026-06-15,article,en,,,,,North Minzu University,0,green,1
10.1002/smll.202514809,10.1002/smll.202514809,Molecularly Engineered DBC‐Pyrene Hole Transport Material Achieves Dual Passivation‐Transport Functionality for Efficient and Robust Perovskite Solar Cells,Small,journal,2026-06-15,article,en,,,,,Necmettin Erbakan University,0,green,1
10.1016/j.solener.2026.114797,10.1016/j.solener.2026.114797,Efficiency improvement of electrodeposited inverted perovskite solar cells by modulating the pre-reaction time,Solar Energy,journal,2026-06-15,article,en,,,,,Shaoxing University,0,closed,0
10.1021/jacs.6c04846,10.1021/jacs.6c04846,Suppressing Phase Segregation and Improving Stability in Mixed-Halide Perovskites through Spinel Oxide-Directed Epitaxy,Journal of the American Chemical Society,journal,2026-06-15,article,en,,,,,Georgia,0,hybrid,1
10.1021/acsenergylett.6c01303,10.1021/acsenergylett.6c01303,Rational Design for Self-Healing Perovskite Solar Cells,ACS Energy Letters,journal,2026-06-15,article,en,,,,,Hanyang University,0,closed,1
10.1002/idm2.70059,10.1002/idm2.70059,"Curing Perovskite Photovoltaics With Organic Functional Molecules: Progress, Mechanism, and Prospect",Interdisciplinary materials,journal,2026-06-15,article,en,,,,,Ningbo University,0,gold,1
10.1002/eem2.70443,10.1002/eem2.70443,A Co‐Self‐Assembled Monolayer With Enhanced Coverage and Defect Passivation for Efficient Inverted Perovskite Solar Cells,Energy & environment materials,journal,2026-06-15,article,en,,,,,Energy Storage Systems (united States),0,hybrid,1
10.1021/jacs.6c04846.s001,10.1021/jacs.6c04846.s001,Suppressing Phase Segregation and Improving Stability in Mixed-Halide Perovskites through Spinel Oxide-Directed Epitaxy,Figshare,repository,2026-06-15,article,en,,,,,,0,green,0
10.1021/acsami.6c09772.s001,10.1021/acsami.6c09772.s001,Surface Engineering-Induced 2D/3D Interfacial Reconstruction for Stable Low-Light Perovskite Solar Cells,Figshare,repository,2026-06-15,article,en,,,,,,0,green,0
10.64882/ijrt.v14.i2.1498,10.64882/ijrt.v14.i2.1498,Design and Performance Analysis of Solar Based Vehicle,International Journal of Research & Technology,journal,2026-06-15,article,en,,,,,,0,hybrid,0
10.1021/acs.jpcc.6c02012.s001,10.1021/acs.jpcc.6c02012.s001,Electric-Field-Modulated HAPbBr3 Perovskite/Black Phosphorus van der Waals Heterostructure: Reversible Transition from Type‑I to Type-II Band and Photoelectric Performance Optimization,Figshare,repository,2026-06-15,article,en,,,,,,0,green,0
10.1021/acs.jpclett.6c01119.s001,10.1021/acs.jpclett.6c01119.s001,Text-Embedding-Assisted Design of Rigid Molecular Cations for Suppressing Ion Migration in Hybrid Single-Crystal X‑ray Detectors,Figshare,repository,2026-06-15,article,en,,,,,,0,green,0
10.1021/acs.jcim.6c01380.s001,10.1021/acs.jcim.6c01380.s001,Informatics-Guided Computational Design of Polyaromatic Hydrocarbons Suitable for Use as Hole Transport Materials,Figshare,repository,2026-06-15,article,en,,,,,,0,green,0
10.1021/acs.chemmater.6c01064.s001,10.1021/acs.chemmater.6c01064.s001,Room-Temperature Synthesis of Ultrasmall Sulfur-Free SnO2 Quantum Dots as an Electron Transport Layer in Perovskite Solar Cells,Figshare,repository,2026-06-15,article,en,,,,,,0,green,0
10.1016/j.rineng.2026.111507,10.1016/j.rineng.2026.111507,Carbon nanostructure interlayer-driven charge transfer engineering in lead-free CsSnCl₃ perovskite photovoltaics,Results in Engineering,journal,2026-06-16,article,en,,,,,Doğuş University,2,gold,0
10.1002/adfm.76543,10.1002/adfm.76543,Nucleation‐Crystallization Synergistic Strategy Enables Efficient and Stable Wide‐Bandgap Perovskite Mini‐Modules,Advanced Functional Materials,journal,2026-06-16,article,en,,,,,Changzhou University,1,closed,0
10.1088/2631-8695/ae7e45,10.1088/2631-8695/ae7e45,High-performance lead-free perovskite photovoltaic cell via ZnO/C 60 interface and CZTS as a transport layer,Engineering Research Express,journal,2026-06-16,article,en,,,,,Madan Mohan Malaviya University Of Technology,1,hybrid,0
10.1021/acsami.6c01787,10.1021/acsami.6c01787,Synergistic Ultraviolet Conversion and Cross-Linking Strategy for Enhancing Flexible Perovskite Solar Cells,ACS Applied Materials & Interfaces,journal,2026-06-16,article,en,,,,,,1,closed,1
10.59429/ace.v9i2.5913,10.59429/ace.v9i2.5913,Thiourea-based CdS thin films: structural and optical analysis for photovoltaic applications,Applied Chemical Engineering,journal,2026-06-16,article,en,,,,,Research,0,diamond,0
10.1021/acs.chemmater.6c00120,10.1021/acs.chemmater.6c00120,Harnessing Linear and Nonlinear Optical Responses in Ferroelectric LaMoN 3 for Enhanced Photovoltaic Efficiency,Chemistry of Materials,journal,2026-06-16,article,en,,,,,Indian,0,closed,0
10.1021/acs.jpclett.6c01131,10.1021/acs.jpclett.6c01131,Determining the Free-Carrier Fraction in 2D Perovskites Using Power Dependent Photoluminescence,The Journal of Physical Chemistry Letters,journal,2026-06-16,article,en,,,,,Istituto Nazionale Per La Fisica Della Materia,0,hybrid,1
10.21926/rpse.2602011,10.21926/rpse.2602011,Performance Enhancement of CIGS Thin-Film Solar Cells through Numerical Modeling,Recent Progress in Science and Engineering,journal,2026-06-16,article,en,,,,,Academy Of Sciences Republic Of Uzbekistan,0,hybrid,0
10.1021/acsenergylett.6c01505,10.1021/acsenergylett.6c01505,Environmental Control of Tin Perovskite Crystallization via Solvent Vapor Fuming,ACS Energy Letters,journal,2026-06-16,article,en,,,,,National Yang Ming Chiao Tung University,0,hybrid,1
10.1016/j.commt.2026.100059,10.1016/j.commt.2026.100059,Machine learning-based modeling of double perovskites via multi-output prediction of bandgap and dielectric properties,Computational Materials Today,journal,2026-06-16,article,en,,,,,University Of Kassel,0,gold,0
10.1103/zp88-7m5h,10.1103/zp88-7m5h,Bulk photovoltaic effect in two-dimensional perovskite oxides,Physical review. B./Physical review. B,journal,2026-06-16,article,en,,,,,Education,0,closed,0
10.1016/j.cej.2026.178368,10.1016/j.cej.2026.178368,Cascade regulation of residual PbI2 via PMMA/DMSO for high-performance perovskite/silicon mechanically-stacked tandem solar cells,Chemical Engineering Journal,journal,2026-06-16,article,en,,,,,Xidian University,0,closed,0
10.1016/j.jallcom.2026.189269,10.1016/j.jallcom.2026.189269,An in situ ferroelectric PbTiO3 interlayer strengthens the built-in field in carbon-based CsPbBr3 perovskite solar cells,Journal of Alloys and Compounds,journal,2026-06-16,article,en,,,,,Henan University,0,closed,0
10.1016/j.jallcom.2026.189266,10.1016/j.jallcom.2026.189266,Thermally driven interfacial reconstruction in tin halide perovskites,Journal of Alloys and Compounds,journal,2026-06-16,article,en,,,,,Huai'an University,0,closed,0
10.1021/acsaem.6c00612,10.1021/acsaem.6c00612,How Does Hysteresis Work? A Brief Investigation Based on Transient Photovoltage/Current Mapping,ACS Applied Energy Materials,journal,2026-06-16,article,en,,,,,Jiangnan University,0,closed,1
10.3390/app16126085,10.3390/app16126085,Bio-Based Materials in Modern Photovoltaic Cells: From Active Layers and Interfaces to Encapsulants and Substrates,Applied Sciences,journal,2026-06-16,article,en,,,,,Jagiellonian University,0,gold,0
10.1088/1361-648x/ae7e32,10.1088/1361-648x/ae7e32,Understanding hot-carrier cooling in semiconductors through ultrafast photoluminescence spectroscopy,Journal of Physics Condensed Matter,journal,2026-06-16,article,en,,,,,Indian Bhopal,0,hybrid,0
10.1016/j.chemphys.2026.113327,10.1016/j.chemphys.2026.113327,First-principles study on carrier transport and polarization in FAPbI₃/MAPbI₃ heterojunctions for transport-layer-free perovskite solar cells,Chemical Physics,journal,2026-06-16,article,en,,,,,Beijing,0,closed,0
10.1038/s43246-026-01240-8,10.1038/s43246-026-01240-8,Simultaneous optimization of film morphology and structure dimensionality in Cs3Sb2I9 through butylamine gas treatment,Communications Materials,journal,2026-06-16,article,en,,,,,Zhaw Zurich University Of Applied Sciences,0,gold,0
10.1002/adma.73696,10.1002/adma.73696,Balanced Molecular Interactions with Mild Dipole Moment for Intermediate Suppressing in High Performance Antisolvent‐Free Regular α ‐FAPbI 3 Solar Cells,Advanced Materials,journal,2026-06-16,article,en,,,,,Wuhan University Of Technology,0,green,0
10.1103/g1cg-fnkn,10.1103/g1cg-fnkn,"Red, White & Blue: Identifying Recombination Loss Mechanisms in Perovskite Solar Cells",PRX Energy,journal,2026-06-16,article,en,,,,,University Of Groningen,0,diamond,0
10.1007/s10895-026-04805-5,10.1007/s10895-026-04805-5,Rational Design of SFT-Based Hole Transport Materials with Diversified Terminal Acceptors for Efficient Perovskite Solar Cells: A DFT Study,Journal of Fluorescence,journal,2026-06-16,article,en,,,,,University Of Faisalabad,0,closed,0
10.1021/acsaelm.6c00104,10.1021/acsaelm.6c00104,Molecular Engineering of a Bidentate Thiol−Carboxylate Ligand for High Performance Wide-Bandgap Perovskite Solar Cells,ACS Applied Electronic Materials,journal,2026-06-16,article,en,,,,,Kunming University Of Science And Technology,0,closed,0
10.1016/j.mtchem.2026.103783,10.1016/j.mtchem.2026.103783,Synergistic modulation of polar and steric effects to achieve high-performance hole transport polymers with low batch-to-batch variation for perovskite solar cells,Materials Today Chemistry,journal,2026-06-16,article,en,,,,,Fujian Normal University,0,closed,0
10.62051/691n3p53,10.62051/691n3p53,In-depth Exploration of the Electron Transport Layer in Perovskite Solar Cells: Fullerene Material Comparison and Performance Impact,Transactions on Engineering and Technology Research,journal,2026-06-16,article,en,,,,,Tongji University,0,diamond,0
10.3390/coatings16060720,10.3390/coatings16060720,Effect of Annealing in Air and Dry Nitrogen on MoOx Films Obtained by Magnetron Sputtering,Coatings,journal,2026-06-16,article,en,,,,,Central Laboratory Of Solar Energy And New Energy Sources,0,gold,0
10.1021/acs.chemmater.6c00120.s001,10.1021/acs.chemmater.6c00120.s001,Harnessing Linear and Nonlinear Optical Responses in Ferroelectric LaMoN3 for Enhanced Photovoltaic Efficiency,Figshare,repository,2026-06-16,article,en,,,,,,0,green,0
10.1021/acsami.6c01787.s001,10.1021/acsami.6c01787.s001,Synergistic Ultraviolet Conversion and Cross-Linking Strategy for Enhancing Flexible Perovskite Solar Cells,Figshare,repository,2026-06-16,article,en,,,,,,0,green,0
10.1021/acs.jpclett.6c01131.s001,10.1021/acs.jpclett.6c01131.s001,Determining the Free-Carrier Fraction in 2D Perovskites Using Power Dependent Photoluminescence,Figshare,repository,2026-06-16,article,en,,,,,,0,green,0
10.59436/ijpsr.v2i2.9.3139-342x,10.59436/ijpsr.v2i2.9.3139-342x,Advancements in Solar Energy Materials for Sustainable Development and Environmental Justice,International Journal of Primary and Secondary Research (IJPSR),journal,2026-06-16,article,en,,,,,Bharat Immunologicals And Biologicals Corporation (india),0,hybrid,0
10.1016/j.optlastec.2026.115741,10.1016/j.optlastec.2026.115741,A coupled device-system simulation framework for multiscale performance evaluation of lead-free perovskite photovoltaic systems,Optics & Laser Technology,journal,2026-06-17,article,en,,,,,International Islamic University Chittagong,1,closed,0
10.1088/2631-8695/ae7ef3,10.1088/2631-8695/ae7ef3,Investigation on lead-free Sc–Cu double perovskite based tandem solar cells: a 2T and 4T design approach,Engineering Research Express,journal,2026-06-17,article,en,,,,,Srm University,1,hybrid,0
10.1016/j.nxener.2026.100713,10.1016/j.nxener.2026.100713,Advanced optimization of lead-free FASnI3 photovoltaics with spiro-OMeTAD/ZnO structure for high power conversion efficiency,Next Energy,journal,2026-06-17,article,en,,,,,Munger University,0,gold,0
10.1016/j.mssp.2026.110910,10.1016/j.mssp.2026.110910,Defect suppression via doping-induced stepped energy alignment in SnO2 bilayers for stable carbon-based perovskite solar cells,Materials Science in Semiconductor Processing,journal,2026-06-17,article,en,,,,,Lampang Rajabhat University,0,closed,0
10.1016/j.solener.2026.114780,10.1016/j.solener.2026.114780,Critical analysis of recent advancements in incorporating Cs in hybrid perovskite solar cell to boost its stability and efficiency,Solar Energy,journal,2026-06-17,article,en,,,,,Unsw Sydney,0,hybrid,1
10.1002/aenm.71207,10.1002/aenm.71207,Verification and Mitigation of Proton‐Induced Non‐Ionizing Damage in Perovskite Solar Cells for Space Applications,Advanced Energy Materials,journal,2026-06-17,article,en,,,,,Korea University,0,hybrid,1
10.1021/acsomega.6c02217,10.1021/acsomega.6c02217,"Lead-Free Sr 3 MCl 3 (M = Sb, P) Perovskite Solar Cells: from First-Principles Calculations to Recombination-Aware Device Simulations",ACS Omega,journal,2026-06-17,article,en,,,,,University Of Monastir,0,gold,0
10.1016/j.scenem.2026.100049,10.1016/j.scenem.2026.100049,Recent advances in semitransparent perovskite solar cells,Sustainable Chemistry for Energy Materials,journal,2026-06-17,article,en,,,,,,0,gold,0
10.1016/j.solener.2026.114794,10.1016/j.solener.2026.114794,Hybrid perovskite and III–V six-junction solar cells for concentrator photovoltaics,Solar Energy,journal,2026-06-17,article,en,,,,,,0,closed,0
10.1007/s11664-026-12966-z,10.1007/s11664-026-12966-z,Synthesis of All-Inorganic CsPbBr3 Perovskite Materials and Research Progress in Solar Cells,Journal of Electronic Materials,journal,2026-06-17,article,en,,,,,Henan,0,closed,0
10.1016/j.jpcs.2026.113930,10.1016/j.jpcs.2026.113930,Parametric optimization of CsPbI2Br/CsPbBr3 heterojunction device structures for enhanced performance,Journal of Physics and Chemistry of Solids,journal,2026-06-17,article,en,,,,,King Fahd University Of Petroleum And Minerals,0,closed,0
10.7759/s44388-026-00124-4,10.7759/s44388-026-00124-4,Theoretical Investigation and Device Modeling of Cs4CuSb2Cl12/Sr3SbI3 Dual Absorber Lead-Free Perovskite Solar Cells,Cureus Journal of Engineering.,journal,2026-06-17,article,en,,,,,University Of Rajasthan,0,hybrid,0
10.20517/energymater.2026.36,10.20517/energymater.2026.36,The effect of additive engineering and machine learning on high performance perovskite solar cells,Energy Materials,journal,2026-06-17,article,en,,,,,,0,hybrid,1
10.32703/2415-7422-2026-16-1-11-40,10.32703/2415-7422-2026-16-1-11-40,"Sunlight harvested: A historical evolution of materials for photovoltaics, solar fuels, photocatalysis, and emerging light-charged devices",History of science and technology,journal,2026-06-17,article,en,,,,,Taras Shevchenko National University Of Kyiv,0,diamond,0
10.1021/acs.jpclett.6c01458,10.1021/acs.jpclett.6c01458,Defect Passivation and Crystallization Regulation in Wide-Bandgap Perovskites via p-Cyanobenzenesulphonamide Molecular Additive,The Journal of Physical Chemistry Letters,journal,2026-06-17,article,en,,,,,Central South University,0,closed,1
10.1021/acs.jpclett.6c01458.s001,10.1021/acs.jpclett.6c01458.s001,Defect Passivation and Crystallization Regulation in Wide-Bandgap Perovskites via p‑Cyanobenzenesulphonamide Molecular Additive,Figshare,repository,2026-06-17,article,en,,,,,,0,green,0
10.1021/acsomega.6c02217.s001,10.1021/acsomega.6c02217.s001,"Lead-Free Sr3MCl3 (M = Sb, P) Perovskite Solar Cells: from First-Principles Calculations to Recombination-Aware Device Simulations",Figshare,repository,2026-06-17,article,en,,,,,,0,green,0
10.1126/science.aef5355,10.1126/science.aef5355,Indium-free perovskite/silicon tandem solar cells with tin oxide recombination layer and electrodes,Science,journal,2026-06-18,article,en,,,,,Soochow University,2,closed,1
10.1002/cey2.70296,10.1002/cey2.70296,Boosting Bifacial Output Power of Ag‐CIGS Solar Cells by Optimizing ITO Back‐Contact Thickness for Tandem Applications,Carbon Energy,journal,2026-06-18,article,en,,,,,Daegu Gyeongbuk,0,gold,1
10.1002/anie.2535666,10.1002/anie.2535666,Eutectic Urea Phosphate Suppresses Phase Segregation in Wide‐Bandgap Photovoltaic Perovskites,Angewandte Chemie International Edition,journal,2026-06-18,article,en,,,,,Soochow University,0,green,1
10.1016/j.solmat.2026.114508,10.1016/j.solmat.2026.114508,Bayesian safe-operating map construction from multimodal reverse-bias diagnostics in perovskite/silicon tandem solar cells,Solar Energy Materials and Solar Cells,journal,2026-06-18,article,en,,,,,,0,closed,0
10.5281/zenodo.20751882,10.5281/zenodo.20751882,"Perovskites: One Material, Two Revolutions — Solar Energy and Radiation Detection",Zenodo (CERN European Organization for Nuclear Research),repository,2026-06-18,article,en,,,,,,0,green,0
10.1038/s41598-026-56282-2,10.1038/s41598-026-56282-2,Bandgap engineering and high-throughput defect dynamics in two-terminal CsGeI3-Si monolithic tandem solar cells,Scientific Reports,journal,2026-06-18,article,en,,,,,Indian,0,gold,0
10.1016/j.materresbull.2026.114303,10.1016/j.materresbull.2026.114303,Toward high-efficiency lead-free Cs₂YCuBr₆ perovskite solar cells: Role of transport layers and defects,Materials Research Bulletin,journal,2026-06-18,article,en,,,,,Vels University,0,closed,0
10.5281/zenodo.20751881,10.5281/zenodo.20751881,"Perovskites: One Material, Two Revolutions — Solar Energy and Radiation Detection",Zenodo (CERN European Organization for Nuclear Research),repository,2026-06-18,article,en,,,,,,0,green,0
10.1002/ange.2535666,10.1002/ange.2535666,Eutectic Urea Phosphate Suppresses Phase Segregation in Wide‐Bandgap Photovoltaic Perovskites,Angewandte Chemie,journal,2026-06-18,article,de,,,,,Soochow University,0,closed,0
10.1021/acs.joc.6c00459,10.1021/acs.joc.6c00459,"Synthesis, Characterization, and Photovoltaic Performance of Porphyrin-Fullerene Dyads",The Journal of Organic Chemistry,journal,2026-06-18,article,en,,,,,University Of Science And Technology Of China,0,closed,0
10.1007/s11664-026-12964-1,10.1007/s11664-026-12964-1,Unraveling Interfacial Defect-Driven Charge Transport in Flexible CH3NH3PbI3 Based Solar Cells,Journal of Electronic Materials,journal,2026-06-18,article,en,,,,,Ramakrishna Mission Vidyamandira,0,closed,0
10.1002/cssc.70812,10.1002/cssc.70812,1‐Dodecyl‐3‐methylimidazolium bis(trifluoromethanesulfonyl) imide Interface Design for Stable and Effective Perovskite Solar Cells,ChemSusChem,journal,2026-06-18,article,en,,,,,Huaqiao University,0,green,0
10.1002/smll.74279,10.1002/smll.74279,Direct Nanocrystal Seeding Enables Buried Interface Passivation and Enhanced Crystallization for FAPbI 3 Solar Cells,Small,journal,2026-06-18,article,en,,,,,Hebei University Of Technology,0,hybrid,1
10.1016/j.mtsust.2026.101405,10.1016/j.mtsust.2026.101405,Decarbonizing urban heating: The role of seasonal thermal energy storage in China's future energy system,Materials Today Sustainability,journal,2026-06-18,article,en,,,,,Hunan University,0,gold,1
10.1021/acssuschemeng.6c04546,10.1021/acssuschemeng.6c04546,Bifunctional Buried Interface Modification Strategy for Stable and Efficient Perovskite Solar Cells,ACS Sustainable Chemistry & Engineering,journal,2026-06-18,article,en,,,,,Chinese Academy Of Engineering,0,closed,1
10.1021/acsenergylett.6c00641,10.1021/acsenergylett.6c00641,Strain-Engineered Defect Suppression in Sn Perovskite Photovoltaics,ACS Energy Letters,journal,2026-06-18,article,en,,,,,University Of Electro-communications,0,closed,1
10.1016/j.mtphys.2026.102149,10.1016/j.mtphys.2026.102149,Siloxane bifunctional molecule for upper interface modification in lead amine halide perovskite solar cells,Materials Today Physics,journal,2026-06-18,article,en,,,,,Huaqiao University,0,closed,0
10.22541/authorea.15004927/v1,10.22541/authorea.15004927/v1,"X-ray scattering insights into crystallization, degradation, and heterogeneity of mixed-halide perovskites",,,2026-06-18,preprint,en,,,,,University Of Electronic Science And Technology Of China,0,closed,1
10.1021/acs.joc.6c00459.s001,10.1021/acs.joc.6c00459.s001,"Synthesis, Characterization, and Photovoltaic Performance of Porphyrin-Fullerene Dyads",Figshare,repository,2026-06-18,article,en,,,,,,0,green,0
10.48550/arxiv.2606.20275,10.48550/arxiv.2606.20275,Exciton Transport in Disordered Perovskite Nanocrystal Solids,arXiv (Cornell University),repository,2026-06-18,preprint,en,,,,,,0,green,1
exciton transport in disordered perovskite nanocrystal solids|solari,,Exciton Transport in Disordered Perovskite Nanocrystal Solids,arXiv (Cornell University),repository,2026-06-18,preprint,en,,,,,,0,green,0
10.26577/rcph972202610,10.26577/rcph972202610,Перовскит күн элементтерінің радиациялық төзімділігіне иондаушы және иондаушы емес энергия шығындарының әсері,Recent Contributions to Physics,journal,2026-06-18,article,en,,,,,Satbayev University,0,diamond,0
10.5281/zenodo.21599089,10.5281/zenodo.21599089,"Innovation Design, Mathematical Modeling, and Thermodynamic Analysis of a 700 W Thermophotovoltaic Generator System Based on Nanostructured Components",Zenodo (CERN European Organization for Nuclear Research),repository,2026-06-18,article,enc,,,,,,0,green,0
10.5281/zenodo.21599088,10.5281/zenodo.21599088,"Innovation Design, Mathematical Modeling, and Thermodynamic Analysis of a 700 W Thermophotovoltaic Generator System Based on Nanostructured Components",Zenodo (CERN European Organization for Nuclear Research),repository,2026-06-18,article,enc,,,,,,0,green,0
10.1002/solr.70405,10.1002/solr.70405,Molecular Suppression of PCBM Dimerization in Inverted Perovskite Solar Cells,Solar RRL,journal,2026-06-19,article,en,,,,,Wuhan University Of Technology,0,closed,1
10.1021/acsaem.6c00330,10.1021/acsaem.6c00330,UV-Induced Interfacial Passivation via a Diacrylate Monomer for Stable Perovskite Solar Cells,ACS Applied Energy Materials,journal,2026-06-19,article,en,,,,,Oxford Photovoltaics (united Kingdom),0,closed,1
10.1002/adfm.76623,10.1002/adfm.76623,Redox‐Driven Spatiotemporal Passivation for Efficient and Durable Perovskite Solar Cells,Advanced Functional Materials,journal,2026-06-19,article,en,,,,,Nanjing University Of Aeronautics And Astronautics,0,closed,1
10.1016/j.asoc.2026.115781,10.1016/j.asoc.2026.115781,An attention-based joint neural model coupled with genetic algorithm for advanced optimization of CsGeI3 perovskite solar cell performance,Applied Soft Computing,journal,2026-06-19,article,en,,,,,Université Moulay Ismail De Meknes,0,closed,0
10.1088/2631-8695/ae7fd2,10.1088/2631-8695/ae7fd2,Systematic optimization of electron and hole transport layers for double perovskite solar cells using SCAPS-1D software,Engineering Research Express,journal,2026-06-19,article,en,,,,,Hanoi University Of Science And Technology,0,hybrid,0
10.69968/ijisem.2026v5i2475-483,10.69968/ijisem.2026v5i2475-483,"Solar Energy Conversion Materials: Progress, Challenges & Future Direction",International Journal of Innovations in Science Engineering and Management.,journal,2026-06-19,article,en,,,,,Indian,0,diamond,0
10.5281/zenodo.20763715,10.5281/zenodo.20763715,Texture-Enhanced Mechanical Stability of Transparent Electrodes for Flexible Optoelectronics with Near-Infrared Response,Zenodo (CERN European Organization for Nuclear Research),repository,2026-06-19,article,en,,,,,,0,green,0
10.5281/zenodo.20757657,10.5281/zenodo.20757657,Study of Light Absorption and Energy Conversion in Solar Cells,Zenodo (CERN European Organization for Nuclear Research),repository,2026-06-19,article,en,,,,,,0,green,0
10.5281/zenodo.20763716,10.5281/zenodo.20763716,Texture-Enhanced Mechanical Stability of Transparent Electrodes for Flexible Optoelectronics with Near-Infrared Response,Zenodo (CERN European Organization for Nuclear Research),repository,2026-06-19,article,en,,,,,,0,green,0
10.1016/j.cocom.2026.e01372,10.1016/j.cocom.2026.e01372,"Gold-based chloride perovskites AuMCl3 (M = Ca, Sr): A first-principles study of cubic reference phases for optoelectronic and photovoltaic screening",Computational Condensed Matter,journal,2026-06-19,article,en,,,,,Université Ibn Khaldoun Tiaret,0,closed,0
10.1016/j.dyepig.2026.113964,10.1016/j.dyepig.2026.113964,Improving the perovskite solar cells by managing the charge selectivity of side chain groups in hole transport materials,Dyes and Pigments,journal,2026-06-19,article,en,,,,,Southwest University,0,closed,0
10.1007/s12596-026-03203-1,10.1007/s12596-026-03203-1,Numerical design and optimization of a lead-free all-perovskite tandem solar cell using SCAPS-1D,Journal of Optics,journal,2026-06-19,article,en,,,,,Babol Noshirvani University Of Technology,0,closed,0
10.1021/acsaem.6c00235,10.1021/acsaem.6c00235,Perovskite Film Fabrication by MAI Engineering via Non-Antisolvent Method,ACS Applied Energy Materials,journal,2026-06-19,article,en,,,,,Jackson State University,0,closed,1
10.1002/bkcs.70191,10.1002/bkcs.70191,Polymerization strategies for poly(triarylamine)s via Buchwald–Hartwig amination,Bulletin of the Korean Chemical Society,journal,2026-06-19,article,en,,,,,Ajou University,0,closed,0
10.5281/zenodo.20757656,10.5281/zenodo.20757656,Study of Light Absorption and Energy Conversion in Solar Cells,Zenodo (CERN European Organization for Nuclear Research),repository,2026-06-19,article,en,,,,,,0,green,0
10.26577/phst20261317,10.26577/phst20261317,Optimization of the carbon ink printing process for the fabrication of flexible printed perovskite optoelectronic devices,Physical Sciences and Technology,journal,2026-06-19,article,en,,,,,Nazarbayev University,0,diamond,0
10.48550/arxiv.2606.21441,10.48550/arxiv.2606.21441,Bulk Photovoltaic Effect in Two-Dimensional Perovskite Oxides,arXiv (Cornell University),repository,2026-06-19,preprint,en,,,,,,0,green,1
bulk photovoltaic effect in two dimensional perovskite oxides|zhang,,Bulk Photovoltaic Effect in Two-Dimensional Perovskite Oxides,arXiv (Cornell University),repository,2026-06-19,preprint,en,,,,,,0,green,0
10.1016/j.radphyschem.2026.114169,10.1016/j.radphyschem.2026.114169,Decoupling structural degradation and photovoltaic performance in perovskite solar cells under high-dose gamma irradiation,Radiation Physics and Chemistry,journal,2026-06-20,article,en,,,,,Konkuk University,1,closed,0
10.1016/j.solmat.2026.114519,10.1016/j.solmat.2026.114519,Economically viable and environmentally beneficial recycling pathways for perovskite-silicon tandem modules,Solar Energy Materials and Solar Cells,journal,2026-06-20,article,en,,,,,Institut De France,0,hybrid,1
10.1016/j.solmat.2026.114518,10.1016/j.solmat.2026.114518,A spectrally resolved degradation framework for perovskite solar cells under orbit-specific space stressors,Solar Energy Materials and Solar Cells,journal,2026-06-20,article,en,,,,,Universitat Politècnica De València,0,hybrid,1
10.1016/j.chemphys.2026.113331,10.1016/j.chemphys.2026.113331,"Boosting the optoelectronic and photocatalytic performance of KTaO₃ perovskites with chalcogen (S, Se, and Te) and niobium (Nb) co-doping: A DFT approach",Chemical Physics,journal,2026-06-20,article,en,,,,,Université Sultan Moulay Slimane,0,closed,0
10.1016/j.apsusc.2026.167601,10.1016/j.apsusc.2026.167601,Synergistic grain boundary and buried interface passivation of perovskite films by polystyrene for high-performance and stable perovskite solar cells,Applied Surface Science,journal,2026-06-20,article,en,,,,,Kyung Hee University,0,closed,0
10.1016/j.mtener.2026.102348,10.1016/j.mtener.2026.102348,Application research of interface modification in perovskite/Si tandem solar cells,Materials Today Energy,journal,2026-06-20,article,en,,,,,North China Electric Power University,0,closed,0
10.48550/arxiv.2606.22104,10.48550/arxiv.2606.22104,"Halide substitution effects on the photovoltaic properties of Ca$_3$PX$_3$ (X = F, Cl, Br, I) perovskites: advancing solar cell efficiency",arXiv (Cornell University),repository,2026-06-20,preprint,en,,,,,,0,green,1
thin film deposition techniques for photovoltaic devices thermal evaporation versus spin coating|mahdi,,Thin Film Deposition Techniques for Photovoltaic Devices: Thermal Evaporation versus Spin Coating,Umsida Repository (Universitas Muhammadiyah Sidoarjo),repository,2026-06-20,article,en,,,,,University Of Technology - Iraq,0,green,0
10.1007/s41939-026-01240-8,10.1007/s41939-026-01240-8,Cross-platform simulation DFT–SCAPS–wxAMPS–COMSOL coupled with data-driven modeling of CsInBr3 and CsTlBr3 optoelectronic devices,Multiscale and Multidisciplinary Modeling Experiments and Design,journal,2026-06-21,article,en,,,,,University Of The Punjab,1,hybrid,0
10.1002/adfm.76655,10.1002/adfm.76655,Constructing Robust Buried Interfaces of Inverted Perovskite Solar Cells by Bridge‐Anchored Co‐SAMs,Advanced Functional Materials,journal,2026-06-21,article,en,,,,,Nanjing University Of Posts And Telecommunications,1,closed,0
10.1016/j.solener.2026.114809,10.1016/j.solener.2026.114809,Optically enhanced back-contact perovskite solar cells using scalable and solvent-free patterning,Solar Energy,journal,2026-06-21,article,en,,,,,,0,hybrid,0
10.1002/anie.4918900,10.1002/anie.4918900,Buried‐Interface Iodine Redox Regulation for Durable All‐Perovskite Tandem Photovoltaics,Angewandte Chemie International Edition,journal,2026-06-21,article,en,,,,,University Of Macau,0,green,1
10.1016/j.cej.2026.178643,10.1016/j.cej.2026.178643,A dual passivation strategy mediated by polyamic acid for high-performance flexible perovskite solar cells,Chemical Engineering Journal,journal,2026-06-21,article,en,,,,,,0,closed,0
10.1007/s11664-026-12977-w,10.1007/s11664-026-12977-w,High-Efficiency Ecofriendly Lead-Free Solar Cells Based on Rb2Sn(Br1−uIu)6 Double Perovskites Incorporating Cu2O as a Hole-Transport Layer: An Ab Initio DFT Study,Journal of Electronic Materials,journal,2026-06-21,article,en,,,,,Université Hassan Ii Mohammedia,0,closed,0
10.1002/ange.4918900,10.1002/ange.4918900,Buried‐Interface Iodine Redox Regulation for Durable All‐Perovskite Tandem Photovoltaics,Angewandte Chemie,journal,2026-06-21,article,en,,,,,University Of Macau,0,closed,0
10.1002/smll.74278,10.1002/smll.74278,Synthesis of a Butterfly‐Shaped π‐Extended Dibenzazepine and Its Application in Interfacial Engineering for High‐Performance Perovskite Solar Cells,Small,journal,2026-06-21,article,en,,,,,Xiamen University,0,green,1
10.1007/s44291-026-00245-4,10.1007/s44291-026-00245-4,Computational study of defect engineered K₂GeI₆ based perovskite solar cell using multiscale modeling and machine learning,Discover Electronics,journal,2026-06-22,article,en,,,,,Netaji Subhas University Of Technology,2,diamond,0
10.1021/acsami.6c06698,10.1021/acsami.6c06698,Synergistic Co-Passivation via Ultrasmall Molecules for Efficient and Stable Perovskite Solar Cells,ACS Applied Materials & Interfaces,journal,2026-06-22,article,en,,,,,Beijing University Of Technology,1,closed,1
10.1088/1361-651x/ae8043,10.1088/1361-651x/ae8043,Performance optimization of lead free Rb 2 LiGaBr 6 -Cs 2 AgBiI 6 double absorber perovskite solar cell using SCAPS-1D,Modelling and Simulation in Materials Science and Engineering,journal,2026-06-22,article,en,,,,,Eötvös József Főiskola,0,hybrid,0
10.1016/j.jssc.2026.126187,10.1016/j.jssc.2026.126187,Concentration-dependent PEAI modification for defect passivation and charge transport in NiOx-based tin perovskite solar cells,Journal of Solid State Chemistry,journal,2026-06-22,article,en,,,,,,0,closed,0
10.1002/advs.76258,10.1002/advs.76258,Advancing the Design of High‐Efficiency Printable Hole‐Conductor‐Free Mesoscopic Perovskite Solar Cells Through Machine Learning,Advanced Science,journal,2026-06-22,article,en,,,,,Harbin,0,gold,0
10.1021/jacs.6c05142,10.1021/jacs.6c05142,Overcoming Charge-Carrier Localization in Metal Chalcohalides,Journal of the American Chemical Society,journal,2026-06-22,article,en,,,,,University Of Oxford,0,hybrid,1
10.1103/3m96-tfbt,10.1103/3m96-tfbt,Perovskite Photovoltaic Module Curvature from Lamination Correlates to Operational Stability,PRX Energy,journal,2026-06-22,article,en,,,,,Arizona State University,0,diamond,0
10.1002/aenm.71216,10.1002/aenm.71216,Barrier‐Free Cathode Contacts for High‐Efficiency Inverted Carbon‐Perovskite Solar Cells,Advanced Energy Materials,journal,2026-06-22,article,en,,,,,Jinan University,0,closed,1
10.1016/j.cej.2026.178603,10.1016/j.cej.2026.178603,Unlocking the potential of sulfonate-functionalized covalent organic framework in perovskite solar cells: Mechanistic insights into high efficiency and stability,Chemical Engineering Journal,journal,2026-06-22,article,en,,,,,,0,closed,0
10.1016/j.mlblux.2026.100277,10.1016/j.mlblux.2026.100277,Advancing SAM-based tin perovskite solar cells: solvent engineering for post-treatment with ethylenediamine to passivate top perovskite surface,Materials Letters X,journal,2026-06-22,article,en,,,,,Sunchon National University,0,gold,0
10.1016/j.matt.2026.102877,10.1016/j.matt.2026.102877,SAM-cladded SnO2 electron-selective layer for highly efficient perovskite photovoltaics,Matter,journal,2026-06-22,article,en,,,,,Soochow University,0,closed,0
10.21203/rs.3.rs-10075143/v1,10.21203/rs.3.rs-10075143/v1,Vertically Partitioned Interfacial Design in Self-Powered Perovskite Photomemristors Enables CMOS-Integrated Motion Vision System,Research Square,repository,2026-06-22,preprint,en,,,,,University Of Electronic Science And Technology Of China,0,green,0
10.1002/flm2.70103,10.1002/flm2.70103,Flexible plasma‐sintered transparent conducting electrodes fabricated from particle free gold inks,FlexMat.,journal,2026-06-22,article,en,,,,,Helmholtz-zentrum Berlin Für Materialien Und Energie,0,diamond,0
10.1021/acsami.6c06698.s001,10.1021/acsami.6c06698.s001,Synergistic Co-Passivation via Ultrasmall Molecules for Efficient and Stable Perovskite Solar Cells,Figshare,repository,2026-06-22,article,en,,,,,,0,green,0
10.1021/jacs.6c05142.s001,10.1021/jacs.6c05142.s001,Overcoming Charge-Carrier Localization in Metal Chalcohalides,Figshare,repository,2026-06-22,article,en,,,,,,0,green,0
10.3390/mi17060758,10.3390/mi17060758,Engineering of Optoelectronic Devices for Renewable Energy Applications,Micromachines,journal,2026-06-22,article,en,,,,,Instituto De Engenharia De Sistemas E Computadores Investigação E Desenvolviment,0,gold,0
10.33003/fjs-2026-10(anb-k)-5402,10.33003/fjs-2026-10(anb-k)-5402,Numerical Optimization of ZnO Electron Transport Layer and Absorber Properties with Temperature Effects in Germanium-Based Perovskite Solar Cells Using SCAPS-1D Simulation,FUDMA Journal of Sciences,journal,2026-06-22,article,en,,,,,Federal Medical Centre,0,diamond,0
10.1016/j.solmat.2026.114510,10.1016/j.solmat.2026.114510,Integrated device-level and first-principles approaches for transport-layer optimization in CH3NH3SnI3 perovskite solar cells,Solar Energy Materials and Solar Cells,journal,2026-06-23,article,en,,,,,Deen Dayal Upadhyaya Gorakhpur University,0,closed,0
10.1016/j.egyr.2026.109510,10.1016/j.egyr.2026.109510,Numerical optimization and electrical characterization of lead-free MASnI₃/Rb₂SnI₆ tandem perovskite solar cells: Enhanced efficiency via synergistic absorber configuration,Energy Reports,journal,2026-06-23,article,en,,,,,,0,gold,0
10.1016/j.mser.2026.101242,10.1016/j.mser.2026.101242,A hybrid machine learning approach for high throughput screening of thermodynamically stable double perovskites with optimal band gap,Materials Science and Engineering R Reports,journal,2026-06-23,article,en,,,,,University Of Science And Technology Of China,0,closed,0
10.21203/rs.3.rs-10098006/v1,10.21203/rs.3.rs-10098006/v1,First-Principles DFT+U Investigation of Eco-Friendly K2AgPBr6 Double Perovskite: Mechanical Ductility and Optoelectronic Resilience for Near-Infrared Harvesting and Tandem Photovoltaics,Research Square,repository,2026-06-23,preprint,en,,,,,Hajee Mohammad Danesh Science And Technology University,0,green,0
10.3390/ma19132700,10.3390/ma19132700,Towards High-Efficiency Inverted CH3NH3GeI3 Perovskite Solar Cells,Materials,journal,2026-06-23,article,en,,,,,Nanjing Tech University,0,gold,0
10.1016/j.matlet.2026.141150,10.1016/j.matlet.2026.141150,Epitaxial BiFeO₃ thin films on MgO: Ferroelectric photovoltaic performance and optical logic operations,Materials Letters,journal,2026-06-23,article,en,,,,,Minzu University Of China,0,closed,0
10.1016/j.rineng.2026.111690,10.1016/j.rineng.2026.111690,Scalable fabrication of SnO2 quantum dot electron-transport layers through multicycle infrared annealing for perovskite solar cells,Results in Engineering,journal,2026-06-23,article,en,,,,,Chiang Mai University,0,gold,1
10.1016/j.nanoen.2026.112154,10.1016/j.nanoen.2026.112154,Integrated bulk-interface defect management via grain-boundary-mediated 2D reconstruction enables durable 2D/3D perovskite solar cells,Nano Energy,journal,2026-06-23,article,en,,,,,,0,closed,0
10.1021/acsaem.6c01210,10.1021/acsaem.6c01210,Constructing Heterostructural CsPbBr 3 -PbS Quantum Dots for High-Stability Solar Cells with Efficient Infrared Energy Harvesting,ACS Applied Energy Materials,journal,2026-06-23,article,en,,,,,Air Force Engineering University,0,closed,1
10.1149/2162-8777/ae80f7,10.1149/2162-8777/ae80f7,First-Principles Investigation of Mn-Doped BaSnO 3 Perovskites for Enhanced Optoelectronic Performance,ECS Journal of Solid State Science and Technology,journal,2026-06-23,article,en,,,,,University Of Hassan Ii Casablanca,0,bronze,0
10.1002/smll.74320,10.1002/smll.74320,Dual‐Function Equol Molecule Suppresses Superoxide‐Mediated Degradation in Perovskite Solar Cells,Small,journal,2026-06-23,article,en,,,,,South China University Of Technology,0,green,1
10.1016/j.jcis.2026.141006,10.1016/j.jcis.2026.141006,Fabrication of high photovoltaic performance tin-perovskite film using greener material,Journal of Colloid and Interface Science,journal,2026-06-23,article,en,,,,,National Central University,0,closed,0
10.63133/scf.act-chim.2026.516.06,10.63133/scf.act-chim.2026.516.06,Semiconducteurs pour les cellules photovoltaïques et photoélectrochimiques,Actualité Chimique,journal,2026-06-23,article,fr,,,,,,0,closed,0
10.1021/acsami.6c06734,10.1021/acsami.6c06734,Dithiocarbamate-Functionalized Cellulose for High-Efficiency Separation of Critical Metals from Organic Effluents,ACS Applied Materials & Interfaces,journal,2026-06-23,article,en,,,,,Kanazawa University,0,closed,0
10.1002/smll.74328,10.1002/smll.74328,Dual‐Functional Ionic Liquid Additive Enables High‐Performance Perovskite Solar Cells by Suppressing Ion Migration and Passivating Defects,Small,journal,2026-06-23,article,en,,,,,Henan University Of Technology,0,green,1
10.1007/s00339-026-09849-9,10.1007/s00339-026-09849-9,Performance optimization of cesium halide perovskite solar cells through SCAPS-1D simulation,Applied Physics A,journal,2026-06-23,article,en,,,,,,0,closed,0
10.1016/j.surfin.2026.109929,10.1016/j.surfin.2026.109929,Scalable slot-die coating of dipole-engineered self-assembled monolayers for efficient large-area perovskite photovoltaics,Surfaces and Interfaces,journal,2026-06-23,article,en,,,,,Ming Chi University Of Technology,0,closed,0
10.1002/flm2.70084,10.1002/flm2.70084,Chiral perovskites for next‐generation chiral optoelectronics and spintronics,FlexMat.,journal,2026-06-23,article,en,,,,,Northwestern Polytechnical University,0,diamond,0
10.1021/acsami.6c06734.s001,10.1021/acsami.6c06734.s001,Dithiocarbamate-Functionalized Cellulose for High-Efficiency Separation of Critical Metals from Organic Effluents,Figshare,repository,2026-06-23,article,en,,,,,,0,green,0
10.31083/djnb55195,10.31083/djnb55195,Designing and DFT Study of Thiophene-Based Hole Transport Materials for Applications in Organic and Efficient Perovskite Solar Cells,Digest Journal of Nanomaterials and Biostructures,journal,2026-06-23,article,en,,,,,The University Of Agriculture Peshawar,0,gold,0
10.1002/aenm.71222,10.1002/aenm.71222,Chiral Molecular Configuration‐Mediated Crystallization of Perovskites for High‐Performance Solar Cells,Advanced Energy Materials,journal,2026-06-24,article,en,,,,,Shaanxi Normal University,1,hybrid,1
10.1016/j.inoche.2026.117109,10.1016/j.inoche.2026.117109,Enhancing solar cell performance through fluorine-engineered SnO2-yFy ETLs,Inorganic Chemistry Communications,journal,2026-06-24,article,en,,,,,Chouaib Doukkali University,1,closed,0
10.1002/smll.74319,10.1002/smll.74319,Self‐Assembly Molecular Ordering for Strengthened Interface and Efficient Perovskite/Silicon Tandem Solar Cells,Small,journal,2026-06-24,article,en,,,,,Kunming University Of Science And Technology,1,green,1
10.1016/j.apenergy.2026.128256,10.1016/j.apenergy.2026.128256,ChatGPT-assisted rational design for iterative performance optimization of perovskite solar cells,Applied Energy,journal,2026-06-24,article,en,,,,,,0,green,0
10.35848/1347-4065/ae822a,10.35848/1347-4065/ae822a,Vacuum-deposited PbI 2 enables uniform large-area perovskite films with enhanced device uniformity,Japanese Journal of Applied Physics,journal,2026-06-24,article,en,,,,,Kanazawa University,0,hybrid,0
10.1002/adfm.76677,10.1002/adfm.76677,Arc‐plated Graphene Enables Perovskite Surface Passivation for Durable and Efficient Solar Cells,Advanced Functional Materials,journal,2026-06-24,article,en,,,,,Ningbo University Of Technology,0,closed,0
10.1016/j.egyr.2026.109435,10.1016/j.egyr.2026.109435,From theoretical analysis to device simulation: First-principles and SCAPS-1D insights into A3MI3 anti-perovskites for high-efficiency solar cells,Energy Reports,journal,2026-06-24,article,en,,,,,Southeast University,0,gold,0
10.1002/adfm.76643,10.1002/adfm.76643,Synergistic Hole Extraction and Defect Passivation via Co‐Assembled Monolayers for Efficient Wide‐Bandgap Perovskite and Tandem Solar Cells,Advanced Functional Materials,journal,2026-06-24,article,en,,,,,Soochow University,0,closed,1
10.61173/xh7tcp55,10.61173/xh7tcp55,Wearable perovskite devices in the biomedical field,Science and Technology of Engineering Chemistry and Environmental Protection,journal,2026-06-24,article,en,,,,,,0,bronze,0
10.1007/s10973-026-15829-1,10.1007/s10973-026-15829-1,"Advances in solar drone technology: a multi-disciplinary review of aerodynamics, energy systems, AI-driven monitoring, and applications",Journal of Thermal Analysis and Calorimetry,journal,2026-06-24,article,en,,,,,University Of Kerbala,0,closed,0
10.1016/j.nxmate.2026.102606,10.1016/j.nxmate.2026.102606,Inverse design framework using deep convolutional generative adversarial networks for light-trapping structures in perovskite solar cells,Next Materials,journal,2026-06-24,article,en,,,,,Saveetha University,0,gold,0
10.1038/s41467-026-74288-2,10.1038/s41467-026-74288-2,Ionic self-assembled monolayers enable neutral interfaces and synergistic charge extraction in high-efficiency perovskite solar cells,Nature Communications,journal,2026-06-24,article,en,,,,,Tianjin University,0,gold,1
10.1021/acsaem.6c01434,10.1021/acsaem.6c01434,Multifunctional Buried-Interface Engineering for Efficient Low- n Quasi-2D Tin Perovskite Solar Cells,ACS Applied Energy Materials,journal,2026-06-24,article,en,,,,,Sophia University,0,closed,1
10.36948/ijfmr.2026.nssfigtma-2025.2016,10.36948/ijfmr.2026.nssfigtma-2025.2016,The Role of Nanotechnology and Artificial Intelligence in Next-Generation Smart and Flexible Energy Networks,International Journal For Multidisciplinary Research,journal,2026-06-24,article,en,,,,,Government Of Andhra Pradesh,0,hybrid,0
10.4028/p-inha0e,10.4028/p-inha0e,The Effect of α-Fe2O3 and Fe3O4 as Transport Layer on the Photovoltaic Performance of Perovskite-Based Solar Cells,Materials science forum,book series,2026-06-24,article,en,,,,,Sultan Ageng Tirtayasa University,0,hybrid,0
10.1007/s40843-026-4091-4,10.1007/s40843-026-4091-4,Bridging the scalability-stability gap in perovskite photovoltaics via solution-processed coating,Science China Materials,journal,2026-06-24,article,en,,,,,Anhui Polytechnic University,0,closed,0
10.1016/j.chemphys.2026.113344,10.1016/j.chemphys.2026.113344,"Materials-to-device assessment of lead-free Na2BAlI6 (B = K, Rb) double perovskites for high-efficiency photovoltaics",Chemical Physics,journal,2026-06-25,article,en,,,,,University Of Science And Technology Bannu,2,closed,0
10.1021/acs.energyfuels.6c00479,10.1021/acs.energyfuels.6c00479,UV–Ozone-Modified PSS-Free PEDOT Enhances Interfacial Contact in Regular Perovskite Indoor Photovoltaics,Energy & Fuels,journal,2026-06-25,article,en,,,,,Dankook University,1,closed,0
10.1016/j.mser.2026.101262,10.1016/j.mser.2026.101262,Precursor coordination governs defect evolution and nonradiative recombination in wide-bandgap perovskites for monolithic tandem solar cells,Materials Science and Engineering R Reports,journal,2026-06-25,article,en,,,,,University Of Science And Technology Of China,0,closed,0
10.1021/acs.jpclett.6c01103,10.1021/acs.jpclett.6c01103,Hybrid Perovskite Solutions are Dominated by Mononuclear Pb Complexes,The Journal of Physical Chemistry Letters,journal,2026-06-25,article,en,,,,,Lomonosov Moscow State University,0,closed,0
10.21203/rs.3.rs-10103746/v1,10.21203/rs.3.rs-10103746/v1,Performance Optimization of Lead-Free Double Perovskite Solar Cells Employing CsPbI₃ and Cs₂TiBr₆ Absorbers a Numerical Study,Research Square,repository,2026-06-25,preprint,en,,,,,Bangladesh University Of Business And Technology,0,green,0
10.1007/s11082-026-08969-z,10.1007/s11082-026-08969-z,"Toward sustainable efficient photovoltaics: a first-principles, device engineering, and machine learning study of 30.38% efficient Rb2AgBiI6 solar cells",Optical and Quantum Electronics,journal,2026-06-25,article,en,,,,,University Of Chittagong,0,closed,0
10.1016/j.physb.2026.418981,10.1016/j.physb.2026.418981,"First-principles investigation of K3InI6 for photovoltaic applications: Structural, electronic, optical, transport and solar cell efficiency analysis",Physica B Condensed Matter,journal,2026-06-25,article,en,,,,,Shahjalal University Of Science And Technology,0,closed,0
10.1002/adma.73858,10.1002/adma.73858,Spacer Regulation of the Novel Pyrene‐Based Tetrapodal Self‐Assembled Monolayers for Efficient and Stable Inverted Perovskite Solar Cells and Modules,Advanced Materials,journal,2026-06-25,article,en,,,,,Guangxi University,0,green,0
10.1038/s41560-026-02088-5,10.1038/s41560-026-02088-5,A cascade hole-transfer strategy towards stable hybrid perovskite solar cells,Nature Energy,journal,2026-06-25,article,en,,,,,,0,closed,0
10.1021/acssuschemeng.6c04516,10.1021/acssuschemeng.6c04516,Multifunctional In Situ Polymerizable Imidazolium Ionic Liquid for High-Performance Perovskite Solar Cells,ACS Sustainable Chemistry & Engineering,journal,2026-06-25,article,en,,,,,,0,closed,0
10.1002/solr.70396,10.1002/solr.70396,Assessment of Additive Chemistry in FAPbI 3 Perovskite Solar Cells: Linking Molecular Design to Performance and Long‐Term Device Stability,Solar RRL,journal,2026-06-25,article,en,,,,,National University Of Malaysia,0,closed,1
10.21203/rs.3.rs-9926562/v1,10.21203/rs.3.rs-9926562/v1,Physics-Informed Machine Learning for Structural Stability and Bandgap Engineering in Lead-Free Sn–Ge Perovskites for Photovoltaic Applications,Research Square,repository,2026-06-25,preprint,en,,,,,Gla University,0,green,0
10.1002/adma.73828,10.1002/adma.73828,N‐Heterocycle‐Activated π‐Cooperative Coordination for Enhancing Structural Stability of Perovskite Solar Cells,Advanced Materials,journal,2026-06-25,article,en,,,,,Gannan Normal University,0,green,1
10.1016/j.tsf.2026.140992,10.1016/j.tsf.2026.140992,BaZrS3 perovskite thin films by H2S sulfurization of solution-processed precursors,Thin Solid Films,journal,2026-06-25,article,en,,,,,Karlsruhe,0,hybrid,0
10.1021/acsami.6c06851,10.1021/acsami.6c06851,Unraveling the Impact of Interface Modification on Perovskite Microstructure and Photovoltaic Efficiency,ACS Applied Materials & Interfaces,journal,2026-06-25,article,en,,,,,Tokyo University Of The Arts,0,closed,0
10.48550/arxiv.2606.27592,10.48550/arxiv.2606.27592,Thermal Corrections and Analysis on the Phase Stability of CsPbCl3 and Cs2AgSbCl6 during In-Situ Thermal Treatment,arXiv (Cornell University),repository,2026-06-25,preprint,en,,,,,,0,green,1
|шулдан,,"СОЛЯРНІ ЕЛЕМЕНТИ В АРХІТЕКТУРІ ТА МІСТОБУДУВАННІ: ТЕОРЕТИЧНІ ОСНОВИ, ЕВОЛЮЦІЯ ТА НОРМАТИВНИЙ КОНТЕКСТ",Scientific periodicals of Ukraine,repository,2026-06-25,article,uk,,,,,,0,green,0
thermal corrections and analysis on the phase stability of cspbcl3 and cs2agsbcl6 during in situ thermal treatment|cronk,,Thermal Corrections and Analysis on the Phase Stability of CsPbCl3 and Cs2AgSbCl6 during In-Situ Thermal Treatment,arXiv (Cornell University),repository,2026-06-25,preprint,en,,,,,University Of Maine,0,green,0
10.32347/2519-8661.2026.35-36.154-163,10.32347/2519-8661.2026.35-36.154-163,"SOLAR ELEMENTS IN ARCHITECTURE AND URBAN PLANNING: THEORETICAL FOUNDATIONS, EVOLUTION, AND REGULATORY CONTEXT",Architectural Bulletin of KNUCA,journal,2026-06-25,article,en,,,,,,0,diamond,0
10.1016/j.mtchem.2026.103811,10.1016/j.mtchem.2026.103811,Lead-free LiSiI3 perovskite: Bridging photovoltaic efficiency and photocatalytic activity via DFT/SCAPS-1D analysis,Materials Today Chemistry,journal,2026-06-26,article,en,,,,,Mohammed V University,1,closed,0
10.1016/j.micrna.2026.208823,10.1016/j.micrna.2026.208823,Engineering ZnO/Ag transparent electrodes by RF power and Ag-assisted annealing for high-performance MASnI3 solar cells,Micro and Nanostructures,journal,2026-06-26,article,en,,,,,University Of Batna 1,1,closed,0
10.21203/rs.3.rs-10010714/v1,10.21203/rs.3.rs-10010714/v1,Thermal Stability and Photovoltaic Enhancement of Double Perovskite (Cs₂InSbCl₆) Based Solar Cell (p-i-n) through Thickness and Bandgap Optimization,Research Square,repository,2026-06-26,preprint,en,,,,,University Frères Mentouri Constantine 1,0,green,0
10.1016/j.solmat.2026.114516,10.1016/j.solmat.2026.114516,High-efficiency HTL-free bifacial perovskite solar cells using graphene transparent electrodes and multi-shell plasmonic nanoparticles,Solar Energy Materials and Solar Cells,journal,2026-06-26,article,en,,,,,University Of Tabriz,0,closed,0
10.1016/j.cej.2026.178750,10.1016/j.cej.2026.178750,Synergistic surface engineering for highly stable and efficient wide-bandgap perovskite solar cells,Chemical Engineering Journal,journal,2026-06-26,article,en,,,,,,0,closed,0
10.1016/j.cej.2026.178857,10.1016/j.cej.2026.178857,Harnessing white-light-emitting metal-organic frameworks for efficient and UV-stable perovskite solar cells,Chemical Engineering Journal,journal,2026-06-26,article,en,,,,,Zhengzhou University Of Light Industry,0,closed,0
10.1016/j.micrna.2026.208825,10.1016/j.micrna.2026.208825,Design and optimization of stable lead-free K2TiI6 perovskite solar cells for next generation photovoltaics,Micro and Nanostructures,journal,2026-06-26,article,en,,,,,Jawaharlal Nehru University,0,closed,0
10.5281/zenodo.20922457,10.5281/zenodo.20922457,Digital Governance for Printed Perovskite Solar Cells,Zenodo (CERN European Organization for Nuclear Research),repository,2026-06-26,article,en,,,,,Helmholtz-zentrum Berlin Für Materialien Und Energie,0,green,0
10.5281/zenodo.20922456,10.5281/zenodo.20922456,Digital Governance for Printed Perovskite Solar Cells,Zenodo (CERN European Organization for Nuclear Research),repository,2026-06-26,article,en,,,,,Helmholtz-zentrum Berlin Für Materialien Und Energie,0,green,0
10.1016/j.matlet.2026.141173,10.1016/j.matlet.2026.141173,Enhancing perovskite solar cell efficiency with a Zn2SiO4 light-reflecting layer,Materials Letters,journal,2026-06-26,article,en,,,,,Wuhan University,0,closed,0
10.21203/rs.3.rs-9837443/v1,10.21203/rs.3.rs-9837443/v1,Thermal Stability and Photovoltaic Enhancement of Double Perovskite (Cs₂InSbCl₆) Based Solar Cell (p-i-n) through Thickness and Bandgap Optimization,Research Square,repository,2026-06-26,preprint,en,,,,,University Frères Mentouri Constantine 1,0,green,0
10.1038/s43246-026-01252-4,10.1038/s43246-026-01252-4,Resonance-induced electron delocalization for efficient lead-free perovskite solar cells,Communications Materials,journal,2026-06-26,article,en,,,,,Nanjing University Of Posts And Telecommunications,0,gold,1
10.1016/j.cej.2026.178861,10.1016/j.cej.2026.178861,Stress-homogenization tailoring via 2D-seed-mediated template growth for high-efficiency perovskite solar cells,Chemical Engineering Journal,journal,2026-06-26,article,en,,,,,Northwestern Polytechnical University,0,closed,0
10.1016/j.jallcom.2026.189434,10.1016/j.jallcom.2026.189434,High-efficiency and stable all-inorganic perovskite solar cells enabled by synergistic regulation of anions and cations,Journal of Alloys and Compounds,journal,2026-06-26,article,en,,,,,Mongolian University Of Science And Technology,0,closed,0
10.1007/s12596-026-03069-3,10.1007/s12596-026-03069-3,Numerical investigation of lead-free dual-absorber perovskite solar cells through material and structural optimization,Journal of Optics,journal,2026-06-26,article,en,,,,,,0,closed,0
10.1016/j.jechem.2026.06.048,10.1016/j.jechem.2026.06.048,Pre-assembly-co-anchoring strategy enabling high-coverage SAMs and buried interface passivation for inverted perovskite solar cells,Journal of Energy Chemistry,journal,2026-06-27,article,en,,,,,Beihang University,0,closed,0
10.1007/s11665-026-14432-7,10.1007/s11665-026-14432-7,Performance Optimization of Perovskite Solar Cells Using a 1D Photonic Crystal for Broadband Light Harvesting,Journal of Materials Engineering and Performance,journal,2026-06-27,article,en,,,,,University Of Rajasthan,0,closed,0
10.1080/00084433.2026.2689872,10.1080/00084433.2026.2689872,Fabrication and comprehensive classification of Perovskite-based solar materials methodologies for sustainable energy applications,Canadian Metallurgical Quarterly,journal,2026-06-27,article,en,,,,,,0,closed,0
10.1016/j.matlet.2026.141158,10.1016/j.matlet.2026.141158,Dual interfacial passivation via ionic liquid for enhanced performance of inverted CsPbI2Br perovskite solar cells,Materials Letters,journal,2026-06-27,article,en,,,,,Chengdu University Of Information Technology,0,closed,0
10.3390/nano16130795,10.3390/nano16130795,Asymmetric Dual-Interface Passivation with Functionalized Ammonium Halides for High-Performance Inverted CsPbI2Br Perovskite Solar Cells,Nanomaterials,journal,2026-06-27,article,en,,,,,Chengdu University Of Information Technology,0,gold,1
10.63163/jpehss.v4i2.1474,10.63163/jpehss.v4i2.1474,"Artificial Intelligence in Renewable Energy Systems: A Comprehensive Review of Applications, Challenges, and Future Directions",Physical Education Health and Social Sciences,journal,2026-06-27,article,en,,,,,University Of Agriculture Faisalabad,0,diamond,0
10.5281/zenodo.21007064,10.5281/zenodo.21007064,Sovereign Project Genesis: THE THERMODYNAMIC SCAVENGER PARADIGM: Bypassing the Tsiolkovsky Limit via Closed-Loop Maximum Entropy Energy Harvesting,Zenodo (CERN European Organization for Nuclear Research),repository,2026-06-28,article,en,,,,,,0,green,0
10.1016/j.cossms.2026.101282,10.1016/j.cossms.2026.101282,Energy band engineering and stability challenges in perovskite/silicon tandem solar cells,Current Opinion in Solid State and Materials Science,journal,2026-06-28,article,en,,,,,Sungkyunkwan University,0,closed,0
10.63015/kotnala.2026.3.1,10.63015/kotnala.2026.3.1,"Future Generation & Storage of Green Energy: A Big Challenge? Hydroelectric Cells, Perovskite Solar Cells, and Supercapacitors: A Rescue for Earth's Sustainability!",Current Natural Sciences & Engineering.,journal,2026-06-28,article,en,,,,,Canadian Journal Of Communication (canada),0,closed,0
10.63015/1her-2502.3.1,10.63015/1her-2502.3.1,Optimization of Lead-Free CsSnCl3 Perovskite Solar Cells by Electron and Hole Transport Layer Property Modulation Utilizing SCAPS-1D,Current Natural Sciences & Engineering.,journal,2026-06-28,article,en,,,,,International,0,closed,0
10.5281/zenodo.21007065,10.5281/zenodo.21007065,Sovereign Project Genesis: THE THERMODYNAMIC SCAVENGER PARADIGM: Bypassing the Tsiolkovsky Limit via Closed-Loop Maximum Entropy Energy Harvesting,Zenodo (CERN European Organization for Nuclear Research),repository,2026-06-28,article,en,,,,,,0,green,0
10.1002/solr.70363,10.1002/solr.70363,Solvent‐Additive Synergy Optimizes the Performance of Methylamine‐Based Printable Mesoscopic Perovskite Solar Cells,Solar RRL,journal,2026-06-28,article,en,,,,,Guilin University Of Electronic Technology,0,closed,1
10.1002/solr.70410,10.1002/solr.70410,Chloride‐Substituted Perovskite Enables Thick Middle Cell for Perovskite/Perovskite/Silicon Triple‐Junction Solar Cells,Solar RRL,journal,2026-06-28,article,en,,,,,University Of Freiburg,0,hybrid,1
10.1002/solr.70406,10.1002/solr.70406,Improved Solar Cell Performance of 1.68 eV Perovskite Absorber Through Scaffold and Solvent Engineering for Scalable Two‐Step Hybrid Deposition,Solar RRL,journal,2026-06-28,article,en,,,,,Directorate-general For Energy,0,green,1
10.5488/cmp.29.23701,10.5488/cmp.29.23701,"Halide substitution effects on the photovoltaic properties of Ca3PX3 (X = F, Cl, Br, I) perovskites: advancing solar cell efficiency",Condensed Matter Physics,journal,2026-06-29,article,en,,,,,Shri Venkateshwara University,2,diamond,0
10.1021/acsenergylett.6c00703,10.1021/acsenergylett.6c00703,In Situ Polymerizable Lead-Chelating Crown Ether for Lead Leakage Inhibition in Perovskite Solar Cells,ACS Energy Letters,journal,2026-06-29,article,en,,,,,Southern University Of Science And Technology,2,closed,1
10.1002/adma.73833,10.1002/adma.73833,Molecular Chelating‐Clamp Strategy Using Dithiol Antidotes Enables Efficient and Stable Inorganic Perovskite Solar Cells,Advanced Materials,journal,2026-06-29,article,en,,,,,,1,green,1
10.1021/acs.jpclett.6c01903,10.1021/acs.jpclett.6c01903,Solvent Engineering of Quasi-2D Dion–Jacobson Perovskites Reveals Narrow Composition Tolerance for Indoor Photovoltaics,The Journal of Physical Chemistry Letters,journal,2026-06-29,article,en,,,,,Dankook University,1,closed,1
10.1002/adfm.76728,10.1002/adfm.76728,An n‐Type Polythiophene Derivative as Electron Transport Layer for Stable and Efficient Dion–Jacobson Perovskite Solar Cells,Advanced Functional Materials,journal,2026-06-29,article,en,,,,,Tianjin University,0,closed,0
10.1016/j.rinma.2026.101000,10.1016/j.rinma.2026.101000,High-efficiency stable Ba3PBr3-based lead-free perovskite solar cells: Insights from DFT and SCAPS-1D modeling,Results in Materials,journal,2026-06-29,article,en,,,,,Chittagong University Of Engineering & Technology,0,gold,0
10.1063/5.0338967,10.1063/5.0338967,Fully automated electrodeposition of perovskite thin films for efficient solar cells,Applied Physics Letters,journal,2026-06-29,article,en,,,,,Shaoxing University,0,closed,0
10.5281/zenodo.21024815,10.5281/zenodo.21024815,Why Flexible? Advancing Existing Photovoltaic Technologies with Flexible Perovskite Modules,Zenodo (CERN European Organization for Nuclear Research),repository,2026-06-29,article,en,,,,,University Of Rome Tor Vergata,0,green,0
10.5281/zenodo.21024814,10.5281/zenodo.21024814,Why Flexible? Advancing Existing Photovoltaic Technologies with Flexible Perovskite Modules,Zenodo (CERN European Organization for Nuclear Research),repository,2026-06-29,article,en,,,,,University Of Rome Tor Vergata,0,green,0
10.1002/adma.73850,10.1002/adma.73850,Conjugated Polymer Semiconductors Enabled Multifunctional Interfacial Engineering for High‐Performance Inverted Perovskite Solar Cells,Advanced Materials,journal,2026-06-29,article,en,,,,,Beijing National Laboratory For Molecular Sciences,0,green,0
10.1021/acs.jpclett.6c01600,10.1021/acs.jpclett.6c01600,Regulating Electron-Density Distribution of Pyridine Derivative Passivators for Efficient Carbon-Based CsPbI 3-x Br x Perovskite Solar Cells,The Journal of Physical Chemistry Letters,journal,2026-06-29,article,en,,,,,Guangdong University Of Technology,0,closed,1
10.1021/acsanm.6c01424,10.1021/acsanm.6c01424,Ligand Engineering of SnO 2 Nanocrystal Ink for Low-Cost Inverted Flexible Perovskite Solar Cells,ACS Applied Nano Materials,journal,2026-06-29,article,en,,,,,,0,closed,0
10.1016/j.solener.2026.114802,10.1016/j.solener.2026.114802,Solar cells of CsPbBr3 perovskite quantum dots from green solvent processing,Solar Energy,journal,2026-06-29,article,en,,,,,International Iberian Nanotechnology Laboratory,0,closed,0
10.1557/s43577-026-01118-7,10.1557/s43577-026-01118-7,Electrochemical deposition of compact thin films of NiO on ITO and FTO suitable for photoelectrochemical devices,MRS Bulletin,journal,2026-06-29,article,en,,,,,Universidad De Playa Ancha De Ciencias De La Educación,0,closed,0
10.1088/2632-959x/ae83d3,10.1088/2632-959x/ae83d3,Recent advances in semi-transparent perovskite solar cells for the possibility of agrivoltaics for smart farming: a review,Nano Express,journal,2026-06-29,article,en,,,,,University Of Engineering And Technology Peshawar,0,gold,0
10.69889/fdesfj16,10.69889/fdesfj16,Next-Generation Tandem Photovoltaics: Role of Multinary Compound Semiconductors in Efficiency Enhancement,Economic Sciences.,journal,2026-06-29,article,en,,,,,Barkatullah University,0,diamond,0
10.1002/asia.70857,10.1002/asia.70857,"Mechanical Stability of Flexible Perovskite Solar Cells: Research Progress, Characterization, Challenges, and Future Perspectives",Chemistry - An Asian Journal,journal,2026-06-29,article,en,,,,,Shandong University Of Science And Technology,0,closed,0
10.1016/j.matlet.2026.141190,10.1016/j.matlet.2026.141190,Zero-dimensional perovskite-inspired Cs3Sb2I9 dimers: ambient synthesis and potential photovoltaic applications,Materials Letters,journal,2026-06-29,article,en,,,,,,0,closed,0
10.1002/adfm.76756,10.1002/adfm.76756,Regulating the Crystallization‐Defect‐Strain Improves the Stability and Scalability of FACs Perovskite Photovoltaics,Advanced Functional Materials,journal,2026-06-29,article,en,,,,,South China University Of Technology,0,closed,1
10.5281/zenodo.21188067,10.5281/zenodo.21188067,Renewable Energy for Sustainable Growth: Perovskite Photovoltaics as an Emerging Technology,Zenodo (CERN European Organization for Nuclear Research),repository,2026-06-29,article,en,,,,,,0,green,0
10.5281/zenodo.21188066,10.5281/zenodo.21188066,Renewable Energy for Sustainable Growth: Perovskite Photovoltaics as an Emerging Technology,Zenodo (CERN European Organization for Nuclear Research),repository,2026-06-29,article,en,,,,,,0,green,0
10.1002/qua.70259,10.1002/qua.70259,Modeling of Ba 2 SrCrO 6 Double Perovskite Oxide for Solar Cells With High Energy Conversion Efficiency Using DFT and SCAPS ‐ 1D Simulation,International Journal of Quantum Chemistry,journal,2026-06-30,article,en,,,,,Université Ibn-tofail,3,closed,0
10.1016/j.physb.2026.418987,10.1016/j.physb.2026.418987,"Chalcogenide perovskites AHfX3 (A=Ca, Sr; and X=S, Se): Structural stability and applicability in photovoltaic and thermoelectric devices",Physica B Condensed Matter,journal,2026-06-30,article,en,,,,,Dehradun,1,closed,0
10.1038/s41598-026-59752-9,10.1038/s41598-026-59752-9,Design and performance analysis of Cs2AgBiBr6-based double perovskite solar cells with different inorganic charge transport layers: a numerical modeling study,Scientific Reports,journal,2026-06-30,article,en,,,,,Manipal Academy Of Higher Education,1,gold,0
10.1002/cssc.70859,10.1002/cssc.70859,Axisymmetric Crystallization‐Guiding Agent Directs Perovskite Films Toward Densification for High‐Performance Solar Cells,ChemSusChem,journal,2026-06-30,article,en,,,,,China University Of Mining And Technology,1,closed,0
10.1002/anie.2974414,10.1002/anie.2974414,A Diammonium‐Based Non‐Dion‐Jacobson Phase 2D Perovskite With High Durability for Efficient and Stable 2D/3D Perovskite Solar Modules,Angewandte Chemie International Edition,journal,2026-06-30,article,en,,,,,Ningbo University,1,green,1
10.1002/ange.2974414,10.1002/ange.2974414,A Diammonium‐Based Non‐Dion‐Jacobson Phase 2D Perovskite With High Durability for Efficient and Stable 2D/3D Perovskite Solar Modules,Angewandte Chemie,journal,2026-06-30,article,en,,,,,Ningbo University,1,closed,0
10.1016/j.mssp.2026.110941,10.1016/j.mssp.2026.110941,Amino-functionalized metal-organic frameworks for high-performance and stable perovskite solar cells,Materials Science in Semiconductor Processing,journal,2026-06-30,article,en,,,,,Fujian Normal University,0,closed,0
10.1002/inf2.70163,10.1002/inf2.70163,Rhodopsin‐mimetic adaptive photodetectors for intelligent and secure vision systems,InfoMat,journal,2026-06-30,article,en,,,,,Sun Yat-sen University,0,gold,1
10.1002/aenm.71174,10.1002/aenm.71174,Accelerated Formation of CsPbI 3 through Controlled Amidation of Intermediate Phases,Advanced Energy Materials,journal,2026-06-30,article,en,,,,,Leibniz Institute For Solid State And Materials Research,0,hybrid,1
10.1016/j.commatsci.2026.114888,10.1016/j.commatsci.2026.114888,"Comparative first-principles and machine-learned force field investigation of MAPbBrxI3−x and SbH4PbBrxI3−x perovskites: Electronic, structural, and dynamic properties",Computational Materials Science,journal,2026-06-30,article,en,,,,,Siirt Üniversitesi,0,closed,0
10.3126/sw.v19i19.95723,10.3126/sw.v19i19.95723,"A review of phases, defects and machine learning in hybrid organic-inorganic perovskite solar cells",Scientific World,journal,2026-06-30,article,en,,,,,Tribhuvan University,0,diamond,0
10.1016/j.jechem.2026.06.054,10.1016/j.jechem.2026.06.054,Thermal/plasma ALD-grown bilayer SnOx enhances charge extraction and ion blocking in perovskite/Si tandem solar cells,Journal of Energy Chemistry,journal,2026-06-30,article,en,,,,,Yangzhou Vocational University,0,closed,0
10.5281/zenodo.21074811,10.5281/zenodo.21074811,"Rethinking ""Raw Urine"" as the Water of Life in Survival Situations for Cosmopolitans: A Narrative on Converting ""Raw Urine into Beverage"" as a Sound Circular Resource",Zenodo (CERN European Organization for Nuclear Research),repository,2026-06-30,preprint,en,,,,,Brattleboro Memorial Hospital,0,green,1
10.3390/en19133109,10.3390/en19133109,The Influence of the Solar Cell Structure and Material Composition on Its Quantum Efficiency,Energies,journal,2026-06-30,article,en,,,,,Silesian University Of Technology,0,gold,0
10.1016/j.cocom.2026.e01380,10.1016/j.cocom.2026.e01380,Toward high-efficiency lead-free perovskite photovoltaics: HSE06-DFT and tandem device engineering of BaZrS3 solar cells,Computational Condensed Matter,journal,2026-06-30,article,en,,,,,Indian,0,closed,0
10.1002/adfm.76690,10.1002/adfm.76690,Dual Potassium Salts Modulation of Perovskite Quality for Efficient Perovskite Photovoltaics,Advanced Functional Materials,journal,2026-06-30,article,en,,,,,Wuhan National Laboratory For Optoelectronics,0,closed,0
10.1016/j.physb.2026.419001,10.1016/j.physb.2026.419001,MXene-integrated 2D Ruddlesden–Popper perovskite heterostructures for enhanced optical and electrical performance,Physica B Condensed Matter,journal,2026-06-30,article,en,,,,,Kpr,0,closed,0
10.1002/adfm.76758,10.1002/adfm.76758,Symmetry‐Driven Band Gap Engineering in Lead Halide Perovskites,Advanced Functional Materials,journal,2026-06-30,article,en,,,,,Moscow,0,closed,0
10.1007/s12596-026-03200-4,10.1007/s12596-026-03200-4,Hybrid machine learning and SCAPS-1D simulation for the design and performance optimization of Cs2HgPdI6-based perovskite solar cells,Journal of Optics,journal,2026-06-30,article,en,,,,,University Mohamed El Bachir El Ibrahimi Of Bordj Bou Arreridj,0,closed,0
10.1002/ente.70553,10.1002/ente.70553,Engineering Solar Cell Interfaces With Transition‐Metal Dichalcogenides: Insights From SCAPS‐1D Simulations,Energy Technology,journal,2026-06-30,article,en,,,,,Madan Mohan Malaviya University Of Technology,0,closed,1
10.1002/adma.73855,10.1002/adma.73855,Molecularly Engineered Self‐Healing Scaffold With Customized Dynamic Bonds Enable Stable and Scalable Flexible Perovskite Solar Cells and Modules,Advanced Materials,journal,2026-06-30,article,en,,,,,,0,green,1
10.1021/acsenergylett.6c01257,10.1021/acsenergylett.6c01257,Kinetic Enhancement of Self-Assembled Molecular Deposition via Catalytic Additive for Inverted Perovskite Solar Cells,ACS Energy Letters,journal,2026-06-30,article,en,,,,,,0,closed,1
10.65554/brj.v4i1.08,10.65554/brj.v4i1.08,Insights into the Elastic Anisotropy of Orthorhombic Perovskite CH3NH3SnI3,Bundelkhand Research Journal,journal,2026-06-30,article,en,,,,,Vardhaman Mahaveer Open University,0,closed,0
10.1021/acsami.6c05093,10.1021/acsami.6c05093,Robot-Assisted Study of a Near-Infrared Dye in Perovskite Solar Cells,ACS Applied Materials & Interfaces,journal,2026-06-30,article,en,,,,,Applied Physical Sciences (united States),0,hybrid,0
10.1021/acs.chemrev.5c00980,10.1021/acs.chemrev.5c00980,Ink Design for Printing Perovskite Solar Cells and Modules,Chemical Reviews,journal,2026-06-30,article,en,,,,,,0,closed,1
10.1088/1674-1056/ae843d,10.1088/1674-1056/ae843d,High defect tolerance and strain-tunable band gap of R3c Phase NaGeI 3 perovskite: A first-principles study,Chinese Physics B,journal,2026-06-30,article,en,,,,,Jiangxi Normal University,0,hybrid,0
10.5281/zenodo.21074810,10.5281/zenodo.21074810,"Rethinking ""Raw Urine"" as the Water of Life in Survival Situations for Cosmopolitans: A Narrative on Converting ""Raw Urine into Beverage"" as a Sound Circular Resource",Zenodo (CERN European Organization for Nuclear Research),repository,2026-06-30,preprint,en,,,,,Brattleboro Memorial Hospital,0,green,1
10.1016/j.nxmate.2026.102666,10.1016/j.nxmate.2026.102666,Reassessing tandem photovoltaics: The case for perovskite/CIGS a multi-criteria evaluation beyond peak efficiency,Next Materials,journal,2026-06-30,article,en,,,,,Primary Source,0,gold,0
10.1002/aesr.70229,10.1002/aesr.70229,Design and Multiphysics Modeling of Robust SWCNT/NiO Core–Shell Hole Transport Layers in All‐Perovskite Tandem Solar Cells,Advanced Energy and Sustainability Research,journal,2026-06-30,article,en,,,,,Tarbiat Modares University,0,gold,0
10.5281/zenodo.21106779,10.5281/zenodo.21106779,DFT Investigation of Electronic and Optical Properties of Double Perovskite Semiconductors,Zenodo (CERN European Organization for Nuclear Research),repository,2026-06-30,article,en,,,,,,0,green,0
10.1002/pip.70128,10.1002/pip.70128,"Identifying Suitable Front Contacts for High‐Efficiency Cd(Se,Te) Solar Cells on Space‐Qualified Cover Glass",Progress in Photovoltaics Research and Applications,journal,2026-06-30,article,en,,,,,National Laboratory Of The Rockies,0,hybrid,0
10.25125/ijoear-jun-2026-9,10.25125/ijoear-jun-2026-9,Detection of Cs-137 in Electronic Waste and Its Concealment in Concretes: Challenges for Safe Controlled Market Transition,International Journal of Environmental and Agriculture Research,journal,2026-06-30,article,en,,,,,Rumah Sakit Umum Pusat Nasional Dr. Cipto Mangunkusumo,0,diamond,0
10.5281/zenodo.21106778,10.5281/zenodo.21106778,DFT Investigation of Electronic and Optical Properties of Double Perovskite Semiconductors,Zenodo (CERN European Organization for Nuclear Research),repository,2026-06-30,article,en,,,,,,0,green,0
10.5281/zenodo.21233077,10.5281/zenodo.21233077,Fabricating Lead-Free CH₃NH₃SnI₃ Perovskite Absorber Layer from Powders to High-Quality Thin Film,Zenodo (CERN European Organization for Nuclear Research),repository,2026-06-30,article,en,,,,,,0,green,0
10.5281/zenodo.21233076,10.5281/zenodo.21233076,Fabricating Lead-Free CH₃NH₃SnI₃ Perovskite Absorber Layer from Powders to High-Quality Thin Film,Zenodo (CERN European Organization for Nuclear Research),repository,2026-06-30,article,en,,,,,,0,green,0
10.57067/ir.v3.i6.607,10.57067/ir.v3.i6.607,Thin Film Photovoltaics: Toward High Efficiency and Low-Cost Solar Cells,Integral Research,journal,2026-06-30,article,en,,,,,Institute For Postgraduate Medical Education,0,hybrid,0
10.18280/jesa.590619,10.18280/jesa.590619,Physics-Guided Surrogate Modeling for Cross-Architecture Normalized Power-Density Optimization in Perovskite Solar Cells,Journal Européen des Systèmes Automatisés,journal,2026-06-30,article,en,,,,,,0,hybrid,0
10.5281/zenodo.21879780,10.5281/zenodo.21879780,"Rethinking ""Raw Urine"" as the Water of Life in Survival Situations for Cosmopolitans: A Narrative on Converting ""Raw Urine into Beverage"" as a Sound Circular Resource",Zenodo (CERN European Organization for Nuclear Research),repository,2026-06-30,preprint,en,,,,,Brattleboro Memorial Hospital,0,green,1
10.33003/fjs-2026-10(anb-k)-5787,10.33003/fjs-2026-10(anb-k)-5787,Organic Encapsulation: Effect of Incorporating Pod Extract (Cola nitida) in CdS as Electron Transport Layer (ETL) in Perovskite Solar Cells,FUDMA Journal of Sciences,journal,2026-06-30,article,en,,,,,Federal University Dutsin-ma,0,diamond,0
