arm,month,work_key,field,value,architecture,grounded,cross_paper,sq_violation
ungated_baseline,2026-01,10.1002/adfm.202521919,pce_champion,22.5,p-i-n,True,False,False
ungated_baseline,2026-01,10.1002/adfm.202521919,pce_certified,20.04,p-i-n,True,False,False
ungated_baseline,2026-01,10.1002/adfm.202521919,t80_h,600,p-i-n,True,False,False
ungated_baseline,2026-01,10.1002/adfm.202524231,pce_champion,26.08,p-i-n,True,False,False
ungated_baseline,2026-01,10.1002/adfm.202526993,pce_champion,26.18,p-i-n,True,False,False
ungated_baseline,2026-01,10.1002/adfm.202529837,pce_champion,25.53,p-i-n,True,False,False
ungated_baseline,2026-01,10.1002/adfm.202530978,pce_champion,23.27,unknown,True,False,False
ungated_baseline,2026-01,10.1002/adfm.202531784,pce_champion,25.05,unknown,True,False,False
ungated_baseline,2026-01,10.1002/adfm.202531784,t80_h,1000,unknown,True,False,False
ungated_baseline,2026-01,10.1002/adfm.202531831,pce_champion,25.24,p-i-n,True,False,False
ungated_baseline,2026-01,10.1002/adfm.202531852,pce_champion,25.32,n-i-p,True,False,False
ungated_baseline,2026-01,10.1002/adma.202517596,pce_certified,27.1,p-i-n,True,False,False
ungated_baseline,2026-01,10.1002/adma.202518582,pce_champion,26.61,module,True,False,False
ungated_baseline,2026-01,10.1002/adma.202518582,active_area_cm2,100,module,True,False,False
ungated_baseline,2026-01,10.1002/adma.202519138,pce_champion,26.35,p-i-n,True,False,False
ungated_baseline,2026-01,10.1002/adma.202519138,t80_h,1392,p-i-n,True,False,False
ungated_baseline,2026-01,10.1002/adma.202519934,pce_champion,16.29,unknown,True,False,False
ungated_baseline,2026-01,10.1002/adma.202519934,pce_certified,15.88,unknown,True,False,False
ungated_baseline,2026-01,10.1002/adma.202521878,pce_champion,26.07,p-i-n,True,False,False
ungated_baseline,2026-01,10.1002/adma.202522652,pce_champion,25.23,n-i-p,True,False,False
ungated_baseline,2026-01,10.1002/adma.202523338,pce_champion,29.35,tandem_2T,True,False,False
ungated_baseline,2026-01,10.1002/adma.202523338,pce_certified,28.98,tandem_2T,True,False,False
ungated_baseline,2026-01,10.1002/adma.202523338,active_area_cm2,0.05,tandem_2T,True,False,False
ungated_baseline,2026-01,10.1002/advs.202522461,pce_champion,23.14,n-i-p,True,False,False
ungated_baseline,2026-01,10.1002/aenm.202505931,pce_champion,13.78,module,True,False,False
ungated_baseline,2026-01,10.1002/aenm.202505931,active_area_cm2,900.0,module,False,False,False
ungated_baseline,2026-01,10.1002/aenm.202506140,pce_champion,22.19,unknown,True,False,False
ungated_baseline,2026-01,10.1002/aenm.202506619,pce_champion,31.85,tandem_2T,True,False,False
ungated_baseline,2026-01,10.1002/aenm.202506630,pce_champion,21.67,p-i-n,True,False,False
ungated_baseline,2026-01,10.1002/aenm.202506634,pce_champion,28.41,tandem_2T,True,False,False
ungated_baseline,2026-01,10.1002/anie.202513535,pce_champion,26.29,p-i-n,True,False,False
ungated_baseline,2026-01,10.1002/anie.202523665,pce_champion,26.6,p-i-n,True,False,False
ungated_baseline,2026-01,10.1002/anie.202523665,pce_certified,26.24,p-i-n,True,False,False
ungated_baseline,2026-01,10.1002/flm2.70033,pce_champion,20.77,unknown,True,False,False
ungated_baseline,2026-01,10.1002/pip.70070,pce_champion,22.93,p-i-n,True,False,False
ungated_baseline,2026-01,10.1002/rar2.70162,pce_champion,16.0,unknown,True,False,False
ungated_baseline,2026-01,10.1002/rar2.70162,pce_certified,15.06,unknown,True,False,False
ungated_baseline,2026-01,10.1002/smll.202508334,pce_champion,21.82,unknown,True,False,False
ungated_baseline,2026-01,10.1002/smll.202510652,pce_champion,28.63,tandem_2T,True,False,False
ungated_baseline,2026-01,10.1002/smll.202512469,pce_champion,23.25,unknown,True,False,False
ungated_baseline,2026-01,10.1002/smll.202512942,pce_champion,26.12,p-i-n,True,False,False
ungated_baseline,2026-01,10.1002/smll.202513111,pce_champion,20.55,unknown,True,False,False
ungated_baseline,2026-01,10.1002/smll.202513842,pce_champion,22.97,p-i-n,True,False,False
ungated_baseline,2026-01,10.1002/smll.202514524,pce_champion,25.17,p-i-n,True,False,False
ungated_baseline,2026-01,10.1007/s40820-025-01959-y,pce_champion,30.97,p-i-n,True,False,False
ungated_baseline,2026-01,10.1007/s40820-025-01959-y,pce_certified,23.42,p-i-n,True,False,False
ungated_baseline,2026-01,10.1007/s40820-025-01962-3,pce_champion,29.73,tandem_2T,True,False,False
ungated_baseline,2026-01,10.1007/s40820-025-01962-3,pce_certified,28.25,tandem_2T,True,False,False
ungated_baseline,2026-01,10.1007/s40820-025-01962-3,active_area_cm2,0.135,tandem_2T,True,False,False
ungated_baseline,2026-01,10.1007/s40820-025-02006-6,pce_champion,28.49,tandem_2T,True,False,False
ungated_baseline,2026-01,10.1007/s40820-025-02010-w,pce_champion,25.6,p-i-n,True,False,False
ungated_baseline,2026-01,10.1007/s40820-025-02037-z,pce_champion,26.49,tandem_2T,True,False,False
ungated_baseline,2026-01,10.1007/s40820-025-02037-z,pce_certified,25.56,tandem_2T,True,False,False
ungated_baseline,2026-01,10.1016/j.decarb.2026.100147,pce_champion,24.75,p-i-n,True,False,False
ungated_baseline,2026-01,10.1016/j.decarb.2026.100147,active_area_cm2,0.039,p-i-n,True,False,False
ungated_baseline,2026-01,10.1016/j.matre.2026.100406,pce_champion,20.62,unknown,True,False,False
ungated_baseline,2026-01,10.1021/acs.jpclett.5c03815,pce_champion,23.19,p-i-n,True,False,False
ungated_baseline,2026-01,10.1021/acs.nanolett.5c05593,pce_champion,26.1,p-i-n,True,False,False
ungated_baseline,2026-01,10.1021/acs.nanolett.5c05593,pce_certified,25.66,p-i-n,True,False,False
ungated_baseline,2026-01,10.1021/acsaem.5c03125,pce_champion,20.21,p-i-n,True,False,False
ungated_baseline,2026-01,10.1021/acsaem.5c03260,pce_champion,14.6,unknown,True,False,False
ungated_baseline,2026-01,10.1021/acsaem.5c03964,pce_champion,0.955,p-i-n,True,False,False
ungated_baseline,2026-01,10.1021/acsami.5c12441,pce_champion,6.17,unknown,True,False,False
ungated_baseline,2026-01,10.1021/acsami.5c18622,pce_champion,20.9,p-i-n,True,False,False
ungated_baseline,2026-01,10.1021/acsami.5c18622,t80_h,460,p-i-n,True,False,False
ungated_baseline,2026-01,10.1021/acsami.5c22927,pce_champion,24.09,n-i-p,True,False,False
ungated_baseline,2026-01,10.1021/acsami.5c22927,t80_h,1000,n-i-p,True,False,False
ungated_baseline,2026-01,10.1021/acsami.5c22974,pce_champion,20.41,unknown,True,False,False
ungated_baseline,2026-01,10.1021/acsami.5c23126,pce_champion,22.67,unknown,True,False,False
ungated_baseline,2026-01,10.1021/acsami.5c23126,active_area_cm2,4.0,unknown,True,False,False
ungated_baseline,2026-01,10.1021/acsenergylett.5c03328,pce_champion,26.39,p-i-n,True,False,False
ungated_baseline,2026-01,10.1021/acsenergylett.5c03470,pce_champion,25.46,unknown,True,False,False
ungated_baseline,2026-01,10.1021/acsenergylett.5c03901,pce_champion,26.01,unknown,True,False,False
ungated_baseline,2026-01,10.1021/jacs.5c16976,pce_champion,26.66,unknown,True,False,False
ungated_baseline,2026-01,10.1021/jacs.5c16976,pce_certified,26.35,unknown,True,False,False
ungated_baseline,2026-01,10.1038/s41467-025-68125-1,pce_champion,26.0,tandem_2T,True,False,False
ungated_baseline,2026-01,10.1038/s41467-025-68207-0,pce_champion,26.2,p-i-n,True,False,False
ungated_baseline,2026-01,10.1038/s41467-025-68207-0,active_area_cm2,0.072,p-i-n,True,False,False
ungated_baseline,2026-01,10.1038/s41467-025-68207-0,t80_h,800,p-i-n,True,False,False
ungated_baseline,2026-01,10.1038/s41467-025-68213-2,pce_champion,29.2,tandem_2T,True,False,False
ungated_baseline,2026-01,10.1038/s41467-025-68213-2,pce_certified,29.2,tandem_2T,True,False,False
ungated_baseline,2026-01,10.1038/s41467-025-68213-2,t80_h,800,tandem_2T,True,False,False
ungated_baseline,2026-01,10.1038/s41467-025-68219-w,pce_champion,24.31,unknown,True,False,False
ungated_baseline,2026-01,10.1038/s41467-025-68231-0,pce_champion,25.62,n-i-p,True,False,False
ungated_baseline,2026-01,10.1038/s41467-025-68231-0,pce_certified,25.62,n-i-p,True,False,False
ungated_baseline,2026-01,10.1038/s41467-026-68439-8,pce_champion,26.5,unknown,True,False,False
ungated_baseline,2026-01,10.1038/s41467-026-68439-8,active_area_cm2,0.0665,unknown,True,False,False
ungated_baseline,2026-01,10.1038/s41467-026-68904-4,pce_champion,27.11,tandem_2T,True,False,False
ungated_baseline,2026-01,10.1038/s41467-026-68904-4,pce_certified,26.3,tandem_2T,True,False,False
ungated_baseline,2026-01,10.1126/science.aea0656,pce_champion,25.4,p-i-n,True,False,False
ungated_baseline,2026-01,10.1126/science.aea0656,pce_certified,25.4,p-i-n,True,False,False
ungated_baseline,2026-01,10.1126/science.aea0656,active_area_cm2,1.1,p-i-n,True,False,False
ungated_baseline,2026-01,10.1126/science.aea8228,pce_champion,26.6,n-i-p,True,False,False
ungated_baseline,2026-01,10.1126/science.aea8228,pce_certified,26.5,n-i-p,True,False,False
ungated_baseline,2026-01,10.1186/s43074-025-00219-x,pce_champion,22.5,n-i-p,True,False,False
ungated_baseline,2026-01,10.1186/s43074-025-00219-x,active_area_cm2,0.1,n-i-p,True,False,False
ungated_baseline,2026-01,10.26434/chemrxiv.10001581/v1,pce_champion,12.16,n-i-p,True,False,False
ungated_baseline,2026-01,10.3390/nano16030188,pce_champion,17.93,p-i-n,True,False,False
ungated_baseline,2026-01,10.48550/arxiv.2601.23191,pce_champion,24.2,unknown,True,False,False
ungated_baseline,2026-02,10.1002/adfm.202524302,pce_champion,25.82,unknown,True,False,False
ungated_baseline,2026-02,10.1002/adfm.202526679,pce_champion,26.0,p-i-n,True,False,False
ungated_baseline,2026-02,10.1002/adfm.202529457,pce_champion,25.5,unknown,True,False,False
ungated_baseline,2026-02,10.1002/adfm.202532066,pce_champion,21.13,p-i-n,True,False,False
ungated_baseline,2026-02,10.1002/adfm.202532100,pce_champion,25.24,p-i-n,True,False,False
ungated_baseline,2026-02,10.1002/adfm.202532100,t80_h,500,p-i-n,True,False,False
ungated_baseline,2026-02,10.1002/adfm.74503,pce_champion,28.42,tandem_2T,True,False,False
ungated_baseline,2026-02,10.1002/adfm.74659,pce_champion,28.58,tandem_2T,True,False,False
ungated_baseline,2026-02,10.1002/adma.202519267,pce_champion,26.45,p-i-n,True,False,False
ungated_baseline,2026-02,10.1002/adma.202519339,pce_champion,28.01,p-i-n,True,False,False
ungated_baseline,2026-02,10.1002/adma.202519339,pce_certified,25.94,p-i-n,True,False,False
ungated_baseline,2026-02,10.1002/adma.202520776,pce_champion,24.3,module,True,False,False
ungated_baseline,2026-02,10.1002/adma.202520776,active_area_cm2,1.0,module,True,False,False
ungated_baseline,2026-02,10.1002/adma.202521129,pce_champion,32.19,tandem_2T,True,False,False
ungated_baseline,2026-02,10.1002/adma.202521129,pce_certified,23.48,tandem_2T,True,False,False
ungated_baseline,2026-02,10.1002/adma.202522508,pce_champion,26.5,module,True,False,False
ungated_baseline,2026-02,10.1002/adma.202522508,pce_certified,26.22,module,True,False,False
ungated_baseline,2026-02,10.1002/adma.202522508,active_area_cm2,0.06,module,True,False,False
ungated_baseline,2026-02,10.1002/adma.202522942,pce_champion,29.03,tandem_2T,True,False,False
ungated_baseline,2026-02,10.1002/adma.72622,pce_champion,26.9,p-i-n,True,False,False
ungated_baseline,2026-02,10.1002/adma.72622,pce_certified,26.5,p-i-n,True,False,False
ungated_baseline,2026-02,10.1002/advs.202524013,pce_champion,23.29,tandem_2T,True,False,False
ungated_baseline,2026-02,10.1002/aenm.202503291,pce_champion,23.45,n-i-p,True,False,False
ungated_baseline,2026-02,10.1002/aenm.202504928,pce_champion,22.3,module,True,False,False
ungated_baseline,2026-02,10.1002/aenm.202505854,pce_champion,22.53,unknown,True,False,False
ungated_baseline,2026-02,10.1002/aenm.202505854,pce_certified,21.95,unknown,True,False,False
ungated_baseline,2026-02,10.1002/aenm.202506610,pce_champion,22.2,unknown,True,False,False
ungated_baseline,2026-02,10.1002/aenm.202506610,t80_h,500,unknown,True,False,False
ungated_baseline,2026-02,10.1002/aenm.70755,pce_champion,28.34,tandem_2T,True,False,False
ungated_baseline,2026-02,10.1002/aenm.70755,pce_certified,20.02,tandem_2T,True,False,False
ungated_baseline,2026-02,10.1002/anie.202516537,pce_champion,26.41,p-i-n,True,False,False
ungated_baseline,2026-02,10.1002/anie.202516537,active_area_cm2,64.68,p-i-n,True,False,False
ungated_baseline,2026-02,10.1002/anie.202516537,t80_h,800,p-i-n,True,False,False
ungated_baseline,2026-02,10.1002/anie.202523799,pce_champion,25.79,n-i-p,True,False,False
ungated_baseline,2026-02,10.1002/anie.202525815,pce_champion,26.9,unknown,True,False,False
ungated_baseline,2026-02,10.1002/anie.202525815,pce_certified,26.75,unknown,True,False,False
ungated_baseline,2026-02,10.1002/anie.202525815,active_area_cm2,10.24,unknown,True,False,False
ungated_baseline,2026-02,10.1002/ente.202502217,pce_champion,17.79,unknown,True,False,False
ungated_baseline,2026-02,10.1002/pip.70076,pce_champion,25.77,n-i-p,True,False,False
ungated_baseline,2026-02,10.1002/pip.70083,pce_champion,21.12,p-i-n,True,False,False
ungated_baseline,2026-02,10.1002/smll.202511627,pce_champion,22.21,unknown,True,False,False
ungated_baseline,2026-02,10.1002/smll.202512151,pce_champion,20.41,unknown,True,False,False
ungated_baseline,2026-02,10.1002/smll.202512729,pce_champion,24.79,n-i-p,True,False,False
ungated_baseline,2026-02,10.1002/smll.202513958,pce_champion,29.0,tandem_2T,True,False,False
ungated_baseline,2026-02,10.1002/smll.202514211,pce_champion,25.02,p-i-n,True,False,False
ungated_baseline,2026-02,10.1002/smll.72953,pce_champion,25.54,p-i-n,True,False,False
ungated_baseline,2026-02,10.1002/solr.202500698,pce_champion,20.3,unknown,True,False,False
ungated_baseline,2026-02,10.1002/solr.202500840,pce_champion,21.3,p-i-n,True,False,False
ungated_baseline,2026-02,10.1002/solr.202500840,t80_h,700,p-i-n,True,False,False
ungated_baseline,2026-02,10.1002/solr.202500859,pce_champion,15.52,unknown,True,False,False
ungated_baseline,2026-02,10.1002/solr.202500859,t80_h,1200,unknown,True,False,False
ungated_baseline,2026-02,10.1002/solr.202500906,pce_champion,19.61,unknown,True,False,False
ungated_baseline,2026-02,10.1002/solr.202500951,pce_champion,22.14,n-i-p,True,False,False
ungated_baseline,2026-02,10.1007/s40820-025-02058-8,pce_champion,26.22,p-i-n,True,False,False
ungated_baseline,2026-02,10.1007/s40820-025-02058-8,t80_h,1050,p-i-n,True,False,False
ungated_baseline,2026-02,10.1007/s40820-026-02098-8,pce_champion,26.13,unknown,True,False,False
ungated_baseline,2026-02,10.1007/s40820-026-02112-z,pce_champion,21.56,unknown,True,False,False
ungated_baseline,2026-02,10.1007/s40820-026-02112-z,t80_h,1500,unknown,True,False,False
ungated_baseline,2026-02,10.1016/j.egyr.2026.109131,pce_champion,32.39,n-i-p,True,False,False
ungated_baseline,2026-02,10.1016/j.scib.2026.02.050,pce_champion,26.54,p-i-n,True,False,False
ungated_baseline,2026-02,10.1016/j.solener.2026.114393,pce_champion,24.64,n-i-p,True,False,False
ungated_baseline,2026-02,10.1016/j.solmat.2026.114173,pce_champion,20.28,unknown,True,False,False
ungated_baseline,2026-02,10.1016/j.solmat.2026.114223,pce_champion,22.1,tandem_2T,True,False,False
ungated_baseline,2026-02,10.1016/j.solmat.2026.114223,active_area_cm2,16,tandem_2T,True,False,False
ungated_baseline,2026-02,10.1016/j.solmat.2026.114233,pce_champion,20,n-i-p,True,False,False
ungated_baseline,2026-02,10.1021/acs.jpclett.5c03830,pce_champion,24.9,n-i-p,True,False,False
ungated_baseline,2026-02,10.1021/acs.jpclett.5c03830,active_area_cm2,0.055,n-i-p,True,False,False
ungated_baseline,2026-02,10.1021/acs.jpclett.5c03830,t80_h,1000,n-i-p,True,False,False
ungated_baseline,2026-02,10.1021/acs.jpclett.5c04038,pce_champion,25.72,unknown,True,False,False
ungated_baseline,2026-02,10.1021/acs.jpclett.6c00022,pce_champion,19.35,p-i-n,True,False,False
ungated_baseline,2026-02,10.1021/acs.jpclett.6c00022,t80_h,360,p-i-n,True,False,False
ungated_baseline,2026-02,10.1021/acsaem.5c03517,pce_champion,20.2,p-i-n,True,False,False
ungated_baseline,2026-02,10.1021/acsaem.5c03517,t80_h,1347,p-i-n,True,False,False
ungated_baseline,2026-02,10.1021/acsaem.5c03794,pce_champion,8.0,p-i-n,True,False,False
ungated_baseline,2026-02,10.1021/acsaem.5c03966,pce_champion,14.81,unknown,True,False,False
ungated_baseline,2026-02,10.1021/acsaem.5c04086,pce_champion,6.92,n-i-p,True,False,False
ungated_baseline,2026-02,10.1021/acsaem.6c00408,pce_champion,25.13,unknown,True,False,False
ungated_baseline,2026-02,10.1021/acsami.5c20363,pce_champion,20.2,unknown,True,False,False
ungated_baseline,2026-02,10.1021/acsami.5c21487,pce_champion,23.27,p-i-n,True,False,False
ungated_baseline,2026-02,10.1021/acsami.5c21997,pce_champion,30.74,tandem_2T,True,False,False
ungated_baseline,2026-02,10.1021/acsami.5c22032,pce_champion,20.8,module,True,False,False
ungated_baseline,2026-02,10.1021/acsami.5c22032,t80_h,450,module,True,False,False
ungated_baseline,2026-02,10.1021/acsami.5c23217,pce_champion,21.22,p-i-n,True,False,False
ungated_baseline,2026-02,10.1021/acsami.5c23217,active_area_cm2,0.06,p-i-n,True,False,False
ungated_baseline,2026-02,10.1021/acsami.5c23217,t80_h,4000,p-i-n,True,False,False
ungated_baseline,2026-02,10.1021/acsami.5c24295,pce_champion,11.0,unknown,True,False,False
ungated_baseline,2026-02,10.1021/acsami.5c24295,active_area_cm2,0.5,unknown,True,False,False
ungated_baseline,2026-02,10.1021/acsenergylett.5c04010,active_area_cm2,1.0,tandem_2T,True,False,False
ungated_baseline,2026-02,10.1021/acsenergylett.5c04127,pce_champion,32.73,tandem_2T,True,False,False
ungated_baseline,2026-02,10.1021/acsenergylett.5c04127,pce_certified,32.46,tandem_2T,True,False,False
ungated_baseline,2026-02,10.1021/acsenergylett.5c04203,pce_champion,24.5,tandem_2T,True,False,False
ungated_baseline,2026-02,10.1021/acsenergylett.5c04203,pce_certified,24.5,tandem_2T,True,False,False
ungated_baseline,2026-02,10.1021/acsenergylett.5c04203,active_area_cm2,1.0,tandem_2T,True,False,False
ungated_baseline,2026-02,10.1021/acsnano.5c18423,pce_champion,22.51,unknown,True,False,False
ungated_baseline,2026-02,10.1021/acsnano.5c18423,active_area_cm2,0.16,unknown,True,False,False
ungated_baseline,2026-02,10.1021/acsnano.5c21709,pce_champion,25.61,p-i-n,True,False,False
ungated_baseline,2026-02,10.1021/acsnano.5c21709,pce_certified,25.11,p-i-n,True,False,False
ungated_baseline,2026-02,10.1021/acsnano.5c21709,active_area_cm2,10.04,p-i-n,True,False,False
ungated_baseline,2026-02,10.1021/jacs.5c18303,pce_champion,26.4,p-i-n,True,False,False
ungated_baseline,2026-02,10.1021/jacs.5c18303,pce_certified,26.4,p-i-n,True,False,False
ungated_baseline,2026-02,10.1021/jacs.5c18303,active_area_cm2,0.05,p-i-n,True,False,False
ungated_baseline,2026-02,10.1038/s41467-025-68236-9,pce_champion,25.0,n-i-p,True,False,False
ungated_baseline,2026-02,10.1038/s41467-026-69198-2,pce_champion,26.18,n-i-p,True,False,False
ungated_baseline,2026-02,10.1038/s41467-026-69198-2,pce_certified,26.23,n-i-p,True,False,False
ungated_baseline,2026-02,10.1038/s41467-026-69264-9,pce_champion,20.32,module,True,False,False
ungated_baseline,2026-02,10.1038/s41467-026-69264-9,active_area_cm2,10.13,module,True,False,False
ungated_baseline,2026-02,10.1038/s41467-026-69391-3,pce_champion,26.62,unknown,True,False,False
ungated_baseline,2026-02,10.1038/s41467-026-69391-3,pce_certified,26.07,unknown,True,False,False
ungated_baseline,2026-02,10.1038/s41467-026-69685-6,pce_champion,24.7,module,True,False,False
ungated_baseline,2026-02,10.1038/s41467-026-69685-6,pce_certified,23.55,module,True,False,False
ungated_baseline,2026-02,10.1038/s41467-026-69685-6,active_area_cm2,25.0,module,True,False,False
ungated_baseline,2026-02,10.1038/s41560-026-01993-z,pce_champion,27.2,unknown,True,False,False
ungated_baseline,2026-02,10.1038/s41560-026-01993-z,pce_certified,26.9,unknown,True,False,False
ungated_baseline,2026-02,10.1038/s41563-026-02494-w,pce_champion,19.3,unknown,True,False,False
ungated_baseline,2026-02,10.1038/s41563-026-02494-w,pce_certified,18.35,unknown,True,False,False
ungated_baseline,2026-02,10.1038/s41563-026-02494-w,active_area_cm2,0.25,unknown,True,False,False
ungated_baseline,2026-02,10.1038/s41563-026-02494-w,t80_h,1080,unknown,False,False,False
ungated_baseline,2026-02,10.1126/sciadv.aea7629,pce_champion,26.3,unknown,True,False,False
ungated_baseline,2026-02,10.1126/sciadv.aea7629,pce_certified,25.8,unknown,True,False,False
ungated_baseline,2026-02,10.1126/sciadv.aea7629,active_area_cm2,0.07,unknown,True,False,False
ungated_baseline,2026-02,10.1126/science.aea3339,pce_champion,27.1,p-i-n,True,False,False
ungated_baseline,2026-02,10.1126/science.aea3339,pce_certified,26.6,p-i-n,True,False,False
ungated_baseline,2026-02,10.1186/s40580-026-00541-5,pce_champion,16.88,unknown,True,False,False
ungated_baseline,2026-02,10.26599/nre.2026.9120218,pce_champion,25.06,unknown,True,False,False
ungated_baseline,2026-02,10.48550/arxiv.2602.04914,pce_champion,26.0,unknown,True,False,False
ungated_baseline,2026-02,10.48550/arxiv.2602.15759,pce_champion,31.76,n-i-p,True,False,False
ungated_baseline,2026-03,10.1002/adfm.202526009,pce_champion,31.43,tandem_2T,True,False,False
ungated_baseline,2026-03,10.1002/adfm.202530037,pce_champion,26.1,n-i-p,True,False,False
ungated_baseline,2026-03,10.1002/adfm.202531060,pce_champion,25.27,p-i-n,True,False,False
ungated_baseline,2026-03,10.1002/adfm.202531060,t80_h,1300,p-i-n,True,False,False
ungated_baseline,2026-03,10.1002/adfm.202531734,pce_champion,26.2,n-i-p,True,False,False
ungated_baseline,2026-03,10.1002/adfm.202532203,pce_champion,19.89,module,True,False,False
ungated_baseline,2026-03,10.1002/adfm.202532203,active_area_cm2,16.41,module,True,False,False
ungated_baseline,2026-03,10.1002/adfm.202532205,active_area_cm2,900,module,True,False,False
ungated_baseline,2026-03,10.1002/adfm.74817,pce_champion,25.0,p-i-n,True,False,False
ungated_baseline,2026-03,10.1002/adfm.74893,pce_champion,25.81,n-i-p,True,False,False
ungated_baseline,2026-03,10.1002/adfm.74893,t80_h,4000,n-i-p,True,False,False
ungated_baseline,2026-03,10.1002/adfm.75040,pce_champion,25.31,p-i-n,True,False,False
ungated_baseline,2026-03,10.1002/adfm.75104,pce_champion,25.82,n-i-p,True,False,False
ungated_baseline,2026-03,10.1002/adfm.75104,t80_h,1200,n-i-p,True,False,False
ungated_baseline,2026-03,10.1002/adfm.75159,pce_champion,25.0,p-i-n,True,False,False
ungated_baseline,2026-03,10.1002/adfm.75159,t80_h,700,p-i-n,True,False,False
ungated_baseline,2026-03,10.1002/adma.202520432,pce_champion,26.84,unknown,True,False,False
ungated_baseline,2026-03,10.1002/adma.202520432,pce_certified,26.78,unknown,True,False,False
ungated_baseline,2026-03,10.1002/adma.202520432,t80_h,2000,unknown,True,False,False
ungated_baseline,2026-03,10.1002/adma.202521898,pce_champion,28.59,tandem_2T,True,False,False
ungated_baseline,2026-03,10.1002/adma.202521898,active_area_cm2,0.0396,tandem_2T,True,False,False
ungated_baseline,2026-03,10.1002/adma.202522790,pce_champion,29.58,tandem_2T,True,False,False
ungated_baseline,2026-03,10.1002/adma.202522790,t80_h,1100,tandem_2T,True,False,False
ungated_baseline,2026-03,10.1002/adma.202523249,pce_champion,26.58,p-i-n,True,False,False
ungated_baseline,2026-03,10.1002/adma.202523249,pce_certified,26.13,p-i-n,True,False,False
ungated_baseline,2026-03,10.1002/adma.202523249,t80_h,1000,p-i-n,True,False,False
ungated_baseline,2026-03,10.1002/adma.202523630,pce_champion,26.52,n-i-p,True,False,False
ungated_baseline,2026-03,10.1002/adma.72738,pce_champion,32.43,tandem_2T,True,False,False
ungated_baseline,2026-03,10.1002/adma.72738,t80_h,1000,tandem_2T,True,False,False
ungated_baseline,2026-03,10.1002/adma.72755,pce_champion,29.67,tandem_2T,True,False,False
ungated_baseline,2026-03,10.1002/adma.72755,t80_h,1000,tandem_2T,True,False,False
ungated_baseline,2026-03,10.1002/adma.72756,pce_champion,22.76,unknown,True,False,False
ungated_baseline,2026-03,10.1002/adma.72756,pce_certified,21.69,unknown,True,False,False
ungated_baseline,2026-03,10.1002/adma.72756,t80_h,2000,unknown,True,False,False
ungated_baseline,2026-03,10.1002/adma.72823,pce_champion,26.95,unknown,True,False,False
ungated_baseline,2026-03,10.1002/adma.72823,pce_certified,26.69,unknown,True,False,False
ungated_baseline,2026-03,10.1002/adma.72823,t80_h,1000,unknown,True,False,False
ungated_baseline,2026-03,10.1002/adma.72936,pce_champion,29.01,tandem_2T,True,False,False
ungated_baseline,2026-03,10.1002/adma.72936,t80_h,750,tandem_2T,True,False,False
ungated_baseline,2026-03,10.1002/adom.202503341,pce_certified,34.85,tandem_2T,True,False,False
ungated_baseline,2026-03,10.1002/advs.202524311,pce_champion,25.54,unknown,True,False,False
ungated_baseline,2026-03,10.1002/advs.202524338,pce_champion,21.65,p-i-n,True,False,False
ungated_baseline,2026-03,10.1002/advs.202524338,t80_h,1440,p-i-n,True,False,False
ungated_baseline,2026-03,10.1002/aenm.202506423,pce_champion,25.29,n-i-p,True,False,False
ungated_baseline,2026-03,10.1002/aenm.202506494,pce_champion,22.2,n-i-p,True,False,False
ungated_baseline,2026-03,10.1002/aenm.202506494,active_area_cm2,0.12,n-i-p,True,False,False
ungated_baseline,2026-03,10.1002/aenm.202506760,pce_champion,25.92,n-i-p,True,False,False
ungated_baseline,2026-03,10.1002/aenm.202506760,t80_h,1000,n-i-p,True,False,False
ungated_baseline,2026-03,10.1002/aenm.202506762,pce_champion,23.5,unknown,True,False,False
ungated_baseline,2026-03,10.1002/aenm.70806,pce_certified,26.35,p-i-n,True,False,False
ungated_baseline,2026-03,10.1002/aenm.70806,t80_h,1000,p-i-n,True,False,False
ungated_baseline,2026-03,10.1002/aenm.70814,pce_champion,26.73,p-i-n,True,False,False
ungated_baseline,2026-03,10.1002/aenm.70814,t80_h,1000,p-i-n,True,False,False
ungated_baseline,2026-03,10.1002/anie.202519239,pce_champion,25.53,unknown,True,False,False
ungated_baseline,2026-03,10.1002/anie.202519239,t80_h,1142,unknown,True,False,False
ungated_baseline,2026-03,10.1002/anie.202520159,pce_champion,25.57,unknown,True,False,False
ungated_baseline,2026-03,10.1002/anie.202520159,active_area_cm2,0.09,unknown,True,False,False
ungated_baseline,2026-03,10.1002/anie.202520159,t80_h,1000,unknown,False,True,False
ungated_baseline,2026-03,10.1002/anie.2660254,pce_champion,25.47,n-i-p,True,False,False
ungated_baseline,2026-03,10.1002/anie.2660254,t80_h,1000,n-i-p,True,False,False
ungated_baseline,2026-03,10.1002/anie.3450174,pce_champion,26.22,unknown,True,False,False
ungated_baseline,2026-03,10.1002/anie.4012708,pce_champion,26.48,p-i-n,True,False,False
ungated_baseline,2026-03,10.1002/anie.5296449,pce_champion,15.42,unknown,True,False,False
ungated_baseline,2026-03,10.1002/anie.5319815,pce_champion,26.52,p-i-n,True,False,False
ungated_baseline,2026-03,10.1002/anie.8473744,pce_champion,26.88,p-i-n,True,False,False
ungated_baseline,2026-03,10.1002/anie.8890696,pce_champion,26.49,p-i-n,True,False,False
ungated_baseline,2026-03,10.1002/anie.8890696,pce_certified,26.2,p-i-n,True,False,False
ungated_baseline,2026-03,10.1002/eem2.70329,pce_champion,20.8,unknown,True,False,False
ungated_baseline,2026-03,10.1002/eem2.70329,t80_h,800,unknown,True,False,False
ungated_baseline,2026-03,10.1002/ente.202502035,pce_champion,15.63,n-i-p,True,False,False
ungated_baseline,2026-03,10.1002/flm2.70045,pce_champion,27.5,tandem_2T,True,False,False
ungated_baseline,2026-03,10.1002/flm2.70045,pce_certified,23.0,tandem_2T,True,False,False
ungated_baseline,2026-03,10.1002/flm2.70045,active_area_cm2,0.049,tandem_2T,True,False,False
ungated_baseline,2026-03,10.1002/inf2.70132,pce_champion,22.44,tandem_2T,True,False,False
ungated_baseline,2026-03,10.1002/inf2.70140,pce_champion,26.34,p-i-n,True,False,False
ungated_baseline,2026-03,10.1002/inf2.70140,pce_certified,25.9,p-i-n,True,False,False
ungated_baseline,2026-03,10.1002/lpor.202501531,pce_champion,24.71,unknown,True,False,False
ungated_baseline,2026-03,10.1002/pip.70077,pce_champion,21.87,n-i-p,True,False,False
ungated_baseline,2026-03,10.1002/pip.70077,t80_h,1600,n-i-p,True,False,False
ungated_baseline,2026-03,10.1002/pip.70101,pce_champion,20.54,n-i-p,True,False,False
ungated_baseline,2026-03,10.1002/pip.70101,t80_h,1440,n-i-p,True,False,False
ungated_baseline,2026-03,10.1002/smll.202512864,pce_champion,19.5,unknown,True,False,False
ungated_baseline,2026-03,10.1002/smll.202513845,pce_champion,22.4,unknown,True,False,False
ungated_baseline,2026-03,10.1002/smll.202514249,pce_champion,25.38,n-i-p,True,False,False
ungated_baseline,2026-03,10.1002/smll.202514478,pce_champion,25.63,p-i-n,True,False,False
ungated_baseline,2026-03,10.1002/smll.202514519,pce_champion,2.11,n-i-p,True,False,False
ungated_baseline,2026-03,10.1002/smll.202600050,pce_champion,23.3,p-i-n,True,False,False
ungated_baseline,2026-03,10.1002/smll.202600050,active_area_cm2,0.09,p-i-n,True,False,False
ungated_baseline,2026-03,10.1002/solr.202600003,pce_champion,16.5,unknown,True,False,False
ungated_baseline,2026-03,10.1002/solr.202600005,pce_champion,24.96,unknown,True,False,False
ungated_baseline,2026-03,10.1002/solr.202600009,pce_champion,18.11,n-i-p,True,False,False
ungated_baseline,2026-03,10.1002/solr.70310,pce_champion,21.04,p-i-n,True,False,False
ungated_baseline,2026-03,10.1002/solr.70317,pce_champion,23.81,n-i-p,True,False,False
ungated_baseline,2026-03,10.1002/solr.70318,pce_champion,22.0,p-i-n,True,False,False
ungated_baseline,2026-03,10.1002/solr.70322,pce_champion,22.04,n-i-p,True,False,False
ungated_baseline,2026-03,10.1002/solr.70324,pce_champion,22.5,unknown,True,False,False
ungated_baseline,2026-03,10.1002/solr.70324,active_area_cm2,0.105,unknown,True,False,False
ungated_baseline,2026-03,10.1002/solr.70324,t80_h,1200,unknown,True,False,False
ungated_baseline,2026-03,10.1007/s40820-026-02145-4,pce_champion,26.13,p-i-n,True,False,False
ungated_baseline,2026-03,10.1007/s40820-026-02150-7,pce_champion,26.12,p-i-n,True,False,False
ungated_baseline,2026-03,10.1016/j.chempr.2026.102941,pce_champion,23.67,p-i-n,True,False,False
ungated_baseline,2026-03,10.1016/j.chempr.2026.102941,active_area_cm2,0.108,p-i-n,True,False,False
ungated_baseline,2026-03,10.1016/j.esci.2026.100563,pce_champion,32.17,tandem_2T,True,False,False
ungated_baseline,2026-03,10.1016/j.esci.2026.100563,pce_certified,31.93,tandem_2T,True,False,False
ungated_baseline,2026-03,10.1016/j.esci.2026.100563,active_area_cm2,1.0,tandem_2T,True,False,False
ungated_baseline,2026-03,10.1016/j.jcis.2026.140227,pce_champion,25.44,n-i-p,True,False,False
ungated_baseline,2026-03,10.1016/j.joule.2025.102310,pce_champion,26.13,n-i-p,True,False,False
ungated_baseline,2026-03,10.1016/j.mtsust.2026.101347,pce_champion,21.64,unknown,True,False,False
ungated_baseline,2026-03,10.1021/acs.jpclett.6c00054,pce_champion,24.05,n-i-p,True,False,False
ungated_baseline,2026-03,10.1021/acs.jpclett.6c00286,pce_champion,24.13,n-i-p,True,False,False
ungated_baseline,2026-03,10.1021/acs.jpclett.6c00402,pce_champion,11.81,unknown,True,False,False
ungated_baseline,2026-03,10.1021/acs.nanolett.5c06029,pce_champion,25.75,p-i-n,True,False,False
ungated_baseline,2026-03,10.1021/acs.nanolett.5c06029,t80_h,1400,p-i-n,True,False,False
ungated_baseline,2026-03,10.1021/acsaem.5c03696,pce_champion,19.16,p-i-n,True,False,False
ungated_baseline,2026-03,10.1021/acsaem.5c04004,pce_champion,17.13,n-i-p,True,False,False
ungated_baseline,2026-03,10.1021/acsaem.5c04098,pce_champion,17.07,n-i-p,True,False,False
ungated_baseline,2026-03,10.1021/acsaem.5c04098,t80_h,1360,n-i-p,True,False,False
ungated_baseline,2026-03,10.1021/acsaem.6c00059,active_area_cm2,4.0,p-i-n,True,False,False
ungated_baseline,2026-03,10.1021/acsaem.6c00375,pce_champion,20.69,p-i-n,True,False,False
ungated_baseline,2026-03,10.1021/acsaem.6c00375,active_area_cm2,0.148,p-i-n,True,False,False
ungated_baseline,2026-03,10.1021/acsaem.6c00562,pce_champion,26.41,p-i-n,True,False,False
ungated_baseline,2026-03,10.1021/acsami.5c20743,pce_champion,25.47,p-i-n,True,False,False
ungated_baseline,2026-03,10.1021/acsami.5c24915,pce_champion,25.04,n-i-p,True,False,False
ungated_baseline,2026-03,10.1021/acsami.6c00026,pce_champion,21.83,p-i-n,True,False,False
ungated_baseline,2026-03,10.1021/acsami.6c00026,t80_h,560,p-i-n,True,False,False
ungated_baseline,2026-03,10.1021/acsami.6c00054,pce_champion,26.09,p-i-n,True,False,False
ungated_baseline,2026-03,10.1021/acsami.6c00384,pce_champion,20.7,p-i-n,True,False,False
ungated_baseline,2026-03,10.1021/acsami.6c00384,active_area_cm2,0.0148,p-i-n,False,False,False
ungated_baseline,2026-03,10.1021/acsenergylett.5c03999,pce_champion,26.06,unknown,True,False,False
ungated_baseline,2026-03,10.1021/acsenergylett.5c04082,pce_champion,31.7,tandem_2T,True,False,False
ungated_baseline,2026-03,10.1021/acsenergylett.5c04174,pce_champion,16.36,unknown,True,False,False
ungated_baseline,2026-03,10.1021/acsenergylett.5c04210,pce_champion,10.6,n-i-p,True,False,False
ungated_baseline,2026-03,10.1021/acsenergylett.5c04243,pce_champion,28.43,tandem_2T,True,False,False
ungated_baseline,2026-03,10.1021/acsenergylett.5c04243,t80_h,1000,tandem_2T,True,False,False
ungated_baseline,2026-03,10.1021/acsenergylett.6c00156,pce_champion,29.0,tandem_2T,True,False,False
ungated_baseline,2026-03,10.1021/acsenergylett.6c00328,pce_champion,28.5,tandem_2T,True,False,False
ungated_baseline,2026-03,10.1021/acsenergylett.6c00385,pce_champion,15.69,n-i-p,True,False,False
ungated_baseline,2026-03,10.1021/acsnano.5c18895,pce_champion,26.3,p-i-n,True,False,False
ungated_baseline,2026-03,10.1021/jacs.6c02548,pce_champion,26.56,unknown,True,False,False
ungated_baseline,2026-03,10.1021/jacs.6c02548,pce_certified,26.37,unknown,True,False,False
ungated_baseline,2026-03,10.1038/s41467-026-69687-4,pce_champion,22.6,unknown,True,False,False
ungated_baseline,2026-03,10.1038/s41467-026-69687-4,pce_certified,22.02,unknown,True,False,False
ungated_baseline,2026-03,10.1038/s41467-026-70002-4,pce_champion,19.45,module,True,False,False
ungated_baseline,2026-03,10.1038/s41467-026-70002-4,active_area_cm2,2000,module,False,True,False
ungated_baseline,2026-03,10.1038/s41467-026-70022-0,pce_champion,26.55,p-i-n,True,False,False
ungated_baseline,2026-03,10.1038/s41467-026-70293-7,pce_champion,26.0,unknown,True,False,False
ungated_baseline,2026-03,10.1038/s41467-026-70697-5,pce_champion,26.5,p-i-n,True,False,False
ungated_baseline,2026-03,10.1038/s41467-026-70848-8,pce_champion,28.16,tandem_2T,True,False,False
ungated_baseline,2026-03,10.1038/s41467-026-70848-8,pce_certified,27.7,tandem_2T,True,False,False
ungated_baseline,2026-03,10.1038/s41467-026-70848-8,active_area_cm2,64.64,tandem_2T,True,False,False
ungated_baseline,2026-03,10.1038/s41560-026-02027-4,pce_champion,26.25,unknown,True,False,False
ungated_baseline,2026-03,10.1038/s41560-026-02027-4,pce_certified,25.61,unknown,True,False,False
ungated_baseline,2026-03,10.1038/s41560-026-02027-4,t80_h,20000,unknown,False,False,False
ungated_baseline,2026-03,10.1063/5.0297564,pce_champion,23.43,unknown,True,False,False
ungated_baseline,2026-03,10.48550/arxiv.2603.21657,pce_champion,23.67,p-i-n,True,False,False
ungated_baseline,2026-04,10.1002/adfm.202527584,pce_champion,25.7,p-i-n,True,False,False
ungated_baseline,2026-04,10.1002/adfm.202527584,t80_h,2000,p-i-n,True,False,False
ungated_baseline,2026-04,10.1002/adfm.202529123,pce_champion,25.56,unknown,True,False,False
ungated_baseline,2026-04,10.1002/adfm.202529123,active_area_cm2,0.09,unknown,True,False,False
ungated_baseline,2026-04,10.1002/adfm.202530317,pce_champion,26.44,p-i-n,True,False,False
ungated_baseline,2026-04,10.1002/adfm.75295,pce_champion,26.47,p-i-n,True,False,False
ungated_baseline,2026-04,10.1002/adfm.75311,pce_champion,31.8,tandem_2T,True,False,False
ungated_baseline,2026-04,10.1002/adfm.75347,pce_champion,26.13,n-i-p,True,False,False
ungated_baseline,2026-04,10.1002/adfm.75347,active_area_cm2,0.048,n-i-p,True,False,False
ungated_baseline,2026-04,10.1002/adfm.75370,pce_champion,26.25,n-i-p,True,False,False
ungated_baseline,2026-04,10.1002/adfm.75386,pce_champion,25.4,unknown,True,False,False
ungated_baseline,2026-04,10.1002/adfm.75395,pce_champion,28.24,tandem_2T,True,False,False
ungated_baseline,2026-04,10.1002/adfm.75412,pce_champion,26.02,n-i-p,True,False,False
ungated_baseline,2026-04,10.1002/adfm.75435,pce_champion,26.32,p-i-n,True,False,False
ungated_baseline,2026-04,10.1002/adfm.75548,pce_champion,21.5,unknown,True,False,False
ungated_baseline,2026-04,10.1002/adma.202520251,pce_champion,26.61,p-i-n,True,False,False
ungated_baseline,2026-04,10.1002/adma.202520577,pce_champion,26.2,n-i-p,True,False,False
ungated_baseline,2026-04,10.1002/adma.202522668,pce_champion,29.3,tandem_2T,True,False,False
ungated_baseline,2026-04,10.1002/adma.202523276,pce_champion,18.68,p-i-n,True,False,False
ungated_baseline,2026-04,10.1002/adma.202523276,t80_h,1600,p-i-n,True,False,False
ungated_baseline,2026-04,10.1002/adma.72986,pce_champion,26.75,tandem_2T,True,False,False
ungated_baseline,2026-04,10.1002/adma.72986,active_area_cm2,0.09,tandem_2T,True,False,False
ungated_baseline,2026-04,10.1002/adma.73011,pce_champion,28.76,tandem_2T,True,False,False
ungated_baseline,2026-04,10.1002/adma.73011,pce_certified,27.99,tandem_2T,True,False,False
ungated_baseline,2026-04,10.1002/adma.73011,t80_h,1000,tandem_2T,True,False,False
ungated_baseline,2026-04,10.1002/adma.73036,pce_champion,26.17,p-i-n,True,False,False
ungated_baseline,2026-04,10.1002/adma.73036,active_area_cm2,0.04,p-i-n,False,False,False
ungated_baseline,2026-04,10.1002/adma.73036,t80_h,1056,p-i-n,True,False,False
ungated_baseline,2026-04,10.1002/adma.73038,pce_champion,29.36,tandem_2T,True,False,False
ungated_baseline,2026-04,10.1002/adma.73038,pce_certified,28.57,tandem_2T,True,False,False
ungated_baseline,2026-04,10.1002/adma.73056,pce_champion,25.63,unknown,True,False,False
ungated_baseline,2026-04,10.1002/adma.73056,t80_h,3500,unknown,True,False,False
ungated_baseline,2026-04,10.1002/adma.73106,pce_champion,34.02,tandem_2T,True,False,False
ungated_baseline,2026-04,10.1002/adma.73106,pce_certified,32.81,tandem_2T,True,False,False
ungated_baseline,2026-04,10.1002/adma.73106,t80_h,1000,tandem_2T,True,False,False
ungated_baseline,2026-04,10.1002/adma.73161,pce_champion,26.33,n-i-p,True,False,False
ungated_baseline,2026-04,10.1002/adma.73161,pce_certified,26.29,n-i-p,True,False,False
ungated_baseline,2026-04,10.1002/adma.73161,t80_h,1000,n-i-p,True,False,False
ungated_baseline,2026-04,10.1002/adma.73221,pce_champion,22.06,unknown,True,False,False
ungated_baseline,2026-04,10.1002/adma.73221,active_area_cm2,1.0,unknown,True,False,False
ungated_baseline,2026-04,10.1002/adma.73221,t80_h,2000,unknown,True,False,False
ungated_baseline,2026-04,10.1002/advs.202523042,pce_champion,22.2,unknown,True,False,False
ungated_baseline,2026-04,10.1002/advs.202524360,pce_champion,25.13,n-i-p,True,False,False
ungated_baseline,2026-04,10.1002/advs.202524360,t80_h,2000,n-i-p,True,False,False
ungated_baseline,2026-04,10.1002/aenm.202505717,pce_champion,19.81,n-i-p,True,False,False
ungated_baseline,2026-04,10.1002/aenm.202505717,t80_h,1000,n-i-p,True,False,False
ungated_baseline,2026-04,10.1002/aenm.70901,pce_champion,18.0,unknown,True,False,False
ungated_baseline,2026-04,10.1002/aenm.70902,pce_champion,31.66,tandem_2T,True,False,False
ungated_baseline,2026-04,10.1002/aenm.70910,pce_champion,28.67,tandem_2T,True,False,False
ungated_baseline,2026-04,10.1002/aenm.70922,pce_champion,28.81,tandem_2T,True,False,False
ungated_baseline,2026-04,10.1002/aenm.70925,pce_champion,26.87,p-i-n,True,False,False
ungated_baseline,2026-04,10.1002/aenm.70925,pce_certified,26.33,p-i-n,True,False,False
ungated_baseline,2026-04,10.1002/aenm.70925,active_area_cm2,0.058,p-i-n,True,False,False
ungated_baseline,2026-04,10.1002/aenm.70939,pce_champion,23.39,unknown,True,False,False
ungated_baseline,2026-04,10.1002/aenm.70945,pce_champion,26.06,tandem_2T,True,False,False
ungated_baseline,2026-04,10.1002/aenm.70966,pce_champion,26.78,p-i-n,True,False,False
ungated_baseline,2026-04,10.1002/aenm.70966,pce_certified,26.44,p-i-n,True,False,False
ungated_baseline,2026-04,10.1002/aenm.70966,active_area_cm2,0.08,p-i-n,True,False,False
ungated_baseline,2026-04,10.1002/aenm.70991,pce_champion,26.1,n-i-p,True,False,False
ungated_baseline,2026-04,10.1002/aenm.71005,pce_champion,26.62,p-i-n,True,False,False
ungated_baseline,2026-04,10.1002/anie.202525625,pce_champion,25.54,p-i-n,True,False,False
ungated_baseline,2026-04,10.1002/anie.202525625,pce_certified,25.36,p-i-n,True,False,False
ungated_baseline,2026-04,10.1002/anie.202525646,pce_champion,26.19,p-i-n,True,False,False
ungated_baseline,2026-04,10.1002/anie.3596437,pce_champion,27.05,p-i-n,True,False,False
ungated_baseline,2026-04,10.1002/anie.3596437,active_area_cm2,0.09,p-i-n,True,False,False
ungated_baseline,2026-04,10.1002/anie.5905435,pce_champion,26.63,tandem_2T,True,False,False
ungated_baseline,2026-04,10.1002/anie.5905435,pce_certified,26.09,tandem_2T,True,False,False
ungated_baseline,2026-04,10.1002/anie.7579788,pce_champion,26.12,p-i-n,True,False,False
ungated_baseline,2026-04,10.1002/anie.9286497,pce_champion,26.87,p-i-n,True,False,False
ungated_baseline,2026-04,10.1002/anie.9286497,active_area_cm2,0.045,p-i-n,True,False,False
ungated_baseline,2026-04,10.1002/anie.9286497,t80_h,500,p-i-n,True,False,False
ungated_baseline,2026-04,10.1002/anie.9551164,pce_champion,26.53,n-i-p,True,False,False
ungated_baseline,2026-04,10.1002/anie.9551164,pce_certified,26.37,n-i-p,True,False,False
ungated_baseline,2026-04,10.1002/anie.9708831,pce_champion,26.76,tandem_2T,True,False,False
ungated_baseline,2026-04,10.1002/cey2.70236,pce_champion,25.4,unknown,True,False,False
ungated_baseline,2026-04,10.1002/ente.202502317,pce_champion,27.61,n-i-p,True,False,False
ungated_baseline,2026-04,10.1002/ente.202502597,pce_champion,15.5,p-i-n,True,False,False
ungated_baseline,2026-04,10.1002/ente.70483,pce_champion,13.41,p-i-n,True,False,False
ungated_baseline,2026-04,10.1002/smll.202512808,pce_champion,20.28,n-i-p,True,False,False
ungated_baseline,2026-04,10.1002/smll.73319,pce_champion,25.32,n-i-p,True,False,False
ungated_baseline,2026-04,10.1002/smll.73348,pce_champion,25.24,p-i-n,True,False,False
ungated_baseline,2026-04,10.1002/smll.73351,pce_champion,23.1,p-i-n,True,False,False
ungated_baseline,2026-04,10.1002/smll.73353,pce_champion,26.1,n-i-p,True,False,False
ungated_baseline,2026-04,10.1002/smll.73353,active_area_cm2,0.09,n-i-p,True,False,False
ungated_baseline,2026-04,10.1002/smll.73404,pce_champion,23.69,p-i-n,True,False,False
ungated_baseline,2026-04,10.1002/smll.73436,pce_champion,26.47,p-i-n,True,False,False
ungated_baseline,2026-04,10.1002/smll.73439,pce_champion,18.4,unknown,True,False,False
ungated_baseline,2026-04,10.1002/smll.73482,pce_champion,22.56,unknown,True,False,False
ungated_baseline,2026-04,10.1002/smll.73517,pce_champion,25.39,p-i-n,True,False,False
ungated_baseline,2026-04,10.1002/smll.73539,pce_champion,25.37,p-i-n,True,False,False
ungated_baseline,2026-04,10.1002/smll.73566,pce_champion,11.55,n-i-p,True,False,False
ungated_baseline,2026-04,10.1002/smll.73568,pce_champion,21.7,n-i-p,True,False,False
ungated_baseline,2026-04,10.1002/smtd.70654,pce_champion,41.6,module,True,False,False
ungated_baseline,2026-04,10.1002/smtd.70654,active_area_cm2,3.9,module,True,False,False
ungated_baseline,2026-04,10.1002/solr.70323,pce_champion,22.17,unknown,True,False,False
ungated_baseline,2026-04,10.1002/solr.70342,pce_champion,25.79,n-i-p,True,False,False
ungated_baseline,2026-04,10.1002/solr.70344,pce_champion,22.45,n-i-p,True,False,False
ungated_baseline,2026-04,10.1002/solr.70351,pce_champion,23.75,unknown,True,False,False
ungated_baseline,2026-04,10.1002/solr.70353,pce_champion,23.3,module,True,False,False
ungated_baseline,2026-04,10.1002/solr.70353,active_area_cm2,11.2,module,True,False,False
ungated_baseline,2026-04,10.1002/solr.70354,pce_champion,13.84,unknown,True,False,False
ungated_baseline,2026-04,10.1002/solr.70358,pce_champion,17.61,n-i-p,True,False,False
ungated_baseline,2026-04,10.1007/s40820-026-02190-z,pce_champion,25.8,p-i-n,True,False,False
ungated_baseline,2026-04,10.1016/j.cej.2026.176242,pce_champion,7.78,unknown,True,False,False
ungated_baseline,2026-04,10.1016/j.rineng.2026.110377,pce_champion,12.53,unknown,True,False,False
ungated_baseline,2026-04,10.1021/acs.jpclett.6c00211,pce_champion,23.5,unknown,True,False,False
ungated_baseline,2026-04,10.1021/acs.jpclett.6c00211,t80_h,1000,unknown,True,False,False
ungated_baseline,2026-04,10.1021/acs.jpclett.6c00345,pce_champion,25.8,n-i-p,True,False,False
ungated_baseline,2026-04,10.1021/acs.jpclett.6c00826,pce_champion,26.13,p-i-n,True,False,False
ungated_baseline,2026-04,10.1021/acs.jpclett.6c00826,t80_h,460,p-i-n,True,False,False
ungated_baseline,2026-04,10.1021/acsaem.6c00280,pce_champion,17.45,p-i-n,True,False,False
ungated_baseline,2026-04,10.1021/acsaem.6c00491,pce_champion,25.06,n-i-p,True,False,False
ungated_baseline,2026-04,10.1021/acsami.5c26214,pce_champion,25.46,p-i-n,True,False,False
ungated_baseline,2026-04,10.1021/acsami.6c00645,pce_champion,14.51,unknown,True,False,False
ungated_baseline,2026-04,10.1021/acsami.6c00997,pce_champion,24.22,n-i-p,True,False,False
ungated_baseline,2026-04,10.1021/acsami.6c02006,pce_champion,22.83,p-i-n,True,False,False
ungated_baseline,2026-04,10.1021/acsami.6c02481,pce_champion,15.23,unknown,True,False,False
ungated_baseline,2026-04,10.1021/acsami.6c03372,pce_champion,26.63,p-i-n,True,False,False
ungated_baseline,2026-04,10.1021/acsami.6c03372,active_area_cm2,0.09,p-i-n,True,False,False
ungated_baseline,2026-04,10.1021/acsami.6c03670,pce_champion,23.64,p-i-n,True,False,False
ungated_baseline,2026-04,10.1021/acsami.6c03928,pce_champion,24.6,p-i-n,True,False,False
ungated_baseline,2026-04,10.1021/acsami.6c04956,pce_champion,26.06,unknown,True,False,False
ungated_baseline,2026-04,10.1021/acsenergylett.5c03637,pce_champion,25.65,p-i-n,True,False,False
ungated_baseline,2026-04,10.1021/acsenergylett.6c00044,pce_champion,16.33,unknown,True,False,False
ungated_baseline,2026-04,10.1021/acsenergylett.6c00166,pce_champion,32.15,tandem_2T,True,False,False
ungated_baseline,2026-04,10.1021/acsenergylett.6c00507,pce_champion,24.1,n-i-p,True,False,False
ungated_baseline,2026-04,10.1021/acsenergylett.6c00617,pce_champion,28.77,tandem_2T,True,False,False
ungated_baseline,2026-04,10.1021/acsenergylett.6c00617,pce_certified,28.53,tandem_2T,True,False,False
ungated_baseline,2026-04,10.1021/acsenergylett.6c00983,pce_champion,25.1,unknown,True,False,False
ungated_baseline,2026-04,10.1021/acsenergylett.6c00983,t80_h,1380,unknown,True,False,False
ungated_baseline,2026-04,10.1021/acssuschemeng.5c13860,pce_champion,26.31,p-i-n,True,False,False
ungated_baseline,2026-04,10.1021/jacs.6c02024,pce_champion,29.6,tandem_2T,True,False,False
ungated_baseline,2026-04,10.1038/s41467-026-71301-6,pce_champion,26.95,p-i-n,True,False,False
ungated_baseline,2026-04,10.1038/s41467-026-71301-6,pce_certified,26.57,p-i-n,True,False,False
ungated_baseline,2026-04,10.1038/s41467-026-71301-6,active_area_cm2,0.0717,p-i-n,True,False,False
ungated_baseline,2026-04,10.1038/s41467-026-71845-7,pce_champion,21.41,module,True,False,False
ungated_baseline,2026-04,10.1038/s41467-026-71845-7,pce_certified,27.02,module,True,False,False
ungated_baseline,2026-04,10.1038/s41467-026-71845-7,active_area_cm2,900,module,False,False,False
ungated_baseline,2026-04,10.1038/s41467-026-72094-4,pce_champion,31.04,unknown,True,False,False
ungated_baseline,2026-04,10.1038/s41467-026-72094-4,active_area_cm2,1.0,unknown,True,False,False
ungated_baseline,2026-04,10.1038/s41467-026-72097-1,pce_champion,27.03,p-i-n,True,False,False
ungated_baseline,2026-04,10.1038/s41467-026-72097-1,pce_certified,27.03,p-i-n,True,False,False
ungated_baseline,2026-04,10.1038/s41467-026-72099-z,pce_champion,21.54,unknown,True,False,False
ungated_baseline,2026-04,10.1038/s41467-026-72099-z,pce_certified,21.54,unknown,True,False,False
ungated_baseline,2026-04,10.1038/s41467-026-72099-z,t80_h,1210,unknown,True,False,False
ungated_baseline,2026-04,10.1038/s41467-026-72115-2,pce_champion,26.84,p-i-n,True,False,False
ungated_baseline,2026-04,10.1038/s41467-026-72115-2,pce_certified,26.79,p-i-n,True,False,False
ungated_baseline,2026-04,10.1038/s41467-026-72159-4,pce_champion,26.48,p-i-n,True,False,False
ungated_baseline,2026-04,10.1038/s41467-026-72159-4,pce_certified,26.48,p-i-n,True,False,False
ungated_baseline,2026-04,10.1038/s41467-026-72160-x,pce_champion,33.4,tandem_2T,True,False,False
ungated_baseline,2026-04,10.1038/s41467-026-72160-x,pce_certified,32.45,tandem_2T,True,False,False
ungated_baseline,2026-04,10.1038/s41467-026-72272-4,pce_champion,11.22,unknown,True,False,False
ungated_baseline,2026-04,10.1038/s41467-026-72272-4,pce_certified,11.22,unknown,True,False,False
ungated_baseline,2026-04,10.1038/s41467-026-72272-4,active_area_cm2,0.022,unknown,True,False,False
ungated_baseline,2026-04,10.1038/s41565-026-02165-6,pce_champion,30.3,tandem_2T,True,False,False
ungated_baseline,2026-04,10.1038/s41565-026-02165-6,pce_certified,30.3,tandem_2T,True,False,False
ungated_baseline,2026-04,10.1126/sciadv.aec3238,pce_champion,26.59,module,True,False,False
ungated_baseline,2026-04,10.1126/sciadv.aec3238,pce_certified,25.55,module,True,False,False
ungated_baseline,2026-04,10.1126/sciadv.aed2200,pce_champion,26.3,tandem_2T,True,False,False
ungated_baseline,2026-04,10.1126/sciadv.aed2200,pce_certified,25.6,tandem_2T,True,False,False
ungated_baseline,2026-04,10.20517/energymater.2025.183,pce_champion,24.18,n-i-p,True,False,False
ungated_baseline,2026-04,10.22541/au.177516296.69014470/v1,pce_champion,24.32,n-i-p,True,False,False
ungated_baseline,2026-04,10.26434/chemrxiv.15001694/v1,pce_champion,32.1,tandem_2T,True,False,False
ungated_baseline,2026-04,10.48550/arxiv.2604.11264,pce_champion,23.62,unknown,True,False,False
ungated_baseline,2026-05,10.1002/adfm.202532110,pce_champion,26.15,p-i-n,True,False,False
ungated_baseline,2026-05,10.1002/adfm.75640,pce_champion,31.0,tandem_2T,True,False,False
ungated_baseline,2026-05,10.1002/adfm.75664,pce_champion,14.34,unknown,True,False,False
ungated_baseline,2026-05,10.1002/adfm.75673,pce_champion,21.36,unknown,True,False,False
ungated_baseline,2026-05,10.1002/adfm.75697,pce_champion,27.1,p-i-n,True,False,False
ungated_baseline,2026-05,10.1002/adfm.75697,pce_certified,26.4,p-i-n,True,False,False
ungated_baseline,2026-05,10.1002/adfm.75743,pce_champion,26.07,unknown,True,False,False
ungated_baseline,2026-05,10.1002/adfm.75843,pce_champion,26.15,n-i-p,True,False,False
ungated_baseline,2026-05,10.1002/adfm.76110,pce_champion,25.05,unknown,True,False,False
ungated_baseline,2026-05,10.1002/adfm.76110,t80_h,2200,unknown,True,False,False
ungated_baseline,2026-05,10.1002/adfm.76197,pce_champion,26.11,p-i-n,True,False,False
ungated_baseline,2026-05,10.1002/adfm.76197,t80_h,1200,p-i-n,True,False,False
ungated_baseline,2026-05,10.1002/adfm.76198,pce_champion,26.55,p-i-n,True,False,False
ungated_baseline,2026-05,10.1002/adma.202519143,pce_champion,15.27,unknown,True,False,False
ungated_baseline,2026-05,10.1002/adma.73286,pce_champion,26.7,n-i-p,True,False,False
ungated_baseline,2026-05,10.1002/adma.73286,pce_certified,26.64,n-i-p,True,False,False
ungated_baseline,2026-05,10.1002/adma.73306,pce_champion,26.77,p-i-n,True,False,False
ungated_baseline,2026-05,10.1002/adma.73306,pce_certified,26.71,p-i-n,True,False,False
ungated_baseline,2026-05,10.1002/adma.73358,pce_champion,26.89,p-i-n,True,False,False
ungated_baseline,2026-05,10.1002/adma.73358,pce_certified,26.64,p-i-n,True,False,False
ungated_baseline,2026-05,10.1002/adma.73373,pce_champion,26.31,p-i-n,True,False,False
ungated_baseline,2026-05,10.1002/adma.73373,pce_certified,25.85,p-i-n,True,False,False
ungated_baseline,2026-05,10.1002/adma.73382,pce_champion,26.31,p-i-n,True,False,False
ungated_baseline,2026-05,10.1002/adma.73382,pce_certified,26.07,p-i-n,True,False,False
ungated_baseline,2026-05,10.1002/adma.73390,pce_champion,25.41,unknown,True,False,False
ungated_baseline,2026-05,10.1002/adma.73502,pce_champion,21.56,n-i-p,True,False,False
ungated_baseline,2026-05,10.1002/adma.73529,pce_champion,27.07,n-i-p,True,False,False
ungated_baseline,2026-05,10.1002/adma.73529,pce_certified,26.85,n-i-p,True,False,False
ungated_baseline,2026-05,10.1002/adma.73539,pce_champion,26.41,unknown,True,False,False
ungated_baseline,2026-05,10.1002/advs.75864,pce_champion,25.48,n-i-p,True,False,False
ungated_baseline,2026-05,10.1002/aenm.71036,pce_champion,31.25,unknown,True,False,False
ungated_baseline,2026-05,10.1002/aenm.71036,active_area_cm2,1.0,unknown,True,False,False
ungated_baseline,2026-05,10.1002/aenm.71068,pce_champion,26.87,p-i-n,True,False,False
ungated_baseline,2026-05,10.1002/aenm.71068,pce_certified,26.31,p-i-n,True,False,False
ungated_baseline,2026-05,10.1002/aenm.71077,pce_champion,32.74,tandem_2T,True,False,False
ungated_baseline,2026-05,10.1002/aenm.71077,pce_certified,31.52,tandem_2T,True,False,False
ungated_baseline,2026-05,10.1002/aenm.71102,pce_champion,25.02,tandem_2T,True,False,False
ungated_baseline,2026-05,10.1002/aenm.71105,pce_champion,26.61,unknown,True,False,False
ungated_baseline,2026-05,10.1002/aenm.71107,pce_champion,33.74,tandem_2T,True,False,False
ungated_baseline,2026-05,10.1002/aenm.71107,pce_certified,33.37,tandem_2T,True,False,False
ungated_baseline,2026-05,10.1002/aenm.71111,pce_champion,26.62,p-i-n,True,False,False
ungated_baseline,2026-05,10.1002/aenm.71115,pce_champion,25.91,tandem_2T,True,False,False
ungated_baseline,2026-05,10.1002/aenm.71115,t80_h,600,tandem_2T,True,False,False
ungated_baseline,2026-05,10.1002/anie.3088935,pce_champion,26.07,unknown,True,False,False
ungated_baseline,2026-05,10.1002/anie.3920745,pce_champion,26.33,unknown,True,False,False
ungated_baseline,2026-05,10.1002/anie.3920745,pce_certified,25.98,unknown,True,False,False
ungated_baseline,2026-05,10.1002/anie.4293157,pce_champion,22.41,unknown,True,False,False
ungated_baseline,2026-05,10.1002/anie.4293157,pce_certified,21.74,unknown,True,False,False
ungated_baseline,2026-05,10.1002/anie.4293157,active_area_cm2,0.074,unknown,True,False,False
ungated_baseline,2026-05,10.1002/anie.5162616,pce_champion,32.26,tandem_2T,True,False,False
ungated_baseline,2026-05,10.1002/anie.5162616,pce_certified,32.1,tandem_2T,True,False,False
ungated_baseline,2026-05,10.1002/anie.5162616,active_area_cm2,1,tandem_2T,True,False,False
ungated_baseline,2026-05,10.1002/anie.5162616,t80_h,1000,tandem_2T,True,False,False
ungated_baseline,2026-05,10.1002/anie.7292679,pce_champion,17.26,module,True,False,False
ungated_baseline,2026-05,10.1002/anie.7292679,active_area_cm2,900,module,True,False,False
ungated_baseline,2026-05,10.1002/cey2.70227,pce_champion,20.14,unknown,True,False,False
ungated_baseline,2026-05,10.1002/cey2.70260,pce_champion,23.48,unknown,True,False,False
ungated_baseline,2026-05,10.1002/cey2.70260,t80_h,1000,unknown,True,False,False
ungated_baseline,2026-05,10.1002/ece2.70082,pce_champion,25.37,n-i-p,True,False,False
ungated_baseline,2026-05,10.1002/ece2.70082,active_area_cm2,0.09,n-i-p,True,False,False
ungated_baseline,2026-05,10.1002/ente.70525,pce_champion,4.26,unknown,True,False,False
ungated_baseline,2026-05,10.1002/inf2.70153,pce_champion,19.37,unknown,True,False,False
ungated_baseline,2026-05,10.1002/smll.202513734,pce_champion,20.01,unknown,True,False,False
ungated_baseline,2026-05,10.1002/smll.73595,pce_champion,29.05,tandem_2T,True,False,False
ungated_baseline,2026-05,10.1002/smll.73621,pce_champion,25.95,n-i-p,True,False,False
ungated_baseline,2026-05,10.1002/smll.73673,pce_champion,26.6,p-i-n,True,False,False
ungated_baseline,2026-05,10.1002/smll.73673,active_area_cm2,0.09,p-i-n,True,False,False
ungated_baseline,2026-05,10.1002/smll.73761,pce_champion,25.81,n-i-p,True,False,False
ungated_baseline,2026-05,10.1002/smll.73854,pce_champion,18.52,unknown,True,False,False
ungated_baseline,2026-05,10.1002/smll.73886,pce_champion,26.1,p-i-n,True,False,False
ungated_baseline,2026-05,10.1002/smll.73891,pce_champion,26.41,p-i-n,True,False,False
ungated_baseline,2026-05,10.1002/smll.73891,active_area_cm2,0.096,p-i-n,True,False,False
ungated_baseline,2026-05,10.1002/smll.74000,pce_champion,21.2,p-i-n,True,False,False
ungated_baseline,2026-05,10.1002/smtd.70748,pce_champion,25.12,n-i-p,True,False,False
ungated_baseline,2026-05,10.1002/solr.202500960,pce_champion,15.27,unknown,True,False,False
ungated_baseline,2026-05,10.1002/solr.202600004,pce_champion,22.4,p-i-n,True,False,False
ungated_baseline,2026-05,10.1002/solr.70302,pce_champion,30.5,unknown,True,False,False
ungated_baseline,2026-05,10.1002/solr.70374,pce_champion,20.96,unknown,True,False,False
ungated_baseline,2026-05,10.1002/solr.70387,pce_champion,27.26,tandem_2T,True,False,False
ungated_baseline,2026-05,10.1002/solr.70387,t80_h,300,tandem_2T,True,False,False
ungated_baseline,2026-05,10.1002/solr.70388,pce_champion,9.07,p-i-n,True,False,False
ungated_baseline,2026-05,10.1007/s40243-026-00371-9,pce_champion,32.41,n-i-p,True,False,False
ungated_baseline,2026-05,10.1007/s40820-026-02225-5,pce_champion,44.36,unknown,True,False,False
ungated_baseline,2026-05,10.1007/s40820-026-02244-2,pce_champion,26.1,p-i-n,True,False,False
ungated_baseline,2026-05,10.1016/j.esci.2026.100601,pce_certified,18.48,module,True,False,False
ungated_baseline,2026-05,10.1016/j.esci.2026.100601,active_area_cm2,900,module,False,False,False
ungated_baseline,2026-05,10.1016/j.solener.2026.114672,pce_champion,17.53,n-i-p,True,False,False
ungated_baseline,2026-05,10.1021/acs.jpclett.6c00745,pce_champion,25.31,n-i-p,True,False,False
ungated_baseline,2026-05,10.1021/acs.jpclett.6c00952,pce_champion,25.79,p-i-n,True,False,False
ungated_baseline,2026-05,10.1021/acs.jpclett.6c01042,pce_champion,26.8,p-i-n,True,False,False
ungated_baseline,2026-05,10.1021/acsaem.6c00285,pce_champion,18.4,unknown,True,False,False
ungated_baseline,2026-05,10.1021/acsaem.6c01139,pce_champion,23.25,unknown,True,False,False
ungated_baseline,2026-05,10.1021/acsami.6c01711,pce_champion,32.03,tandem_2T,True,False,False
ungated_baseline,2026-05,10.1021/acsami.6c02555,pce_champion,18.22,n-i-p,True,False,False
ungated_baseline,2026-05,10.1021/acsami.6c04007,pce_champion,21.58,p-i-n,True,False,False
ungated_baseline,2026-05,10.1021/acsami.6c04287,pce_champion,28.1,tandem_2T,True,False,False
ungated_baseline,2026-05,10.1021/acsami.6c06052,pce_champion,25.82,n-i-p,True,False,False
ungated_baseline,2026-05,10.1021/acsami.6c06303,pce_champion,15.0,n-i-p,True,False,False
ungated_baseline,2026-05,10.1021/acsenergylett.6c00227,pce_champion,28.43,tandem_2T,True,False,False
ungated_baseline,2026-05,10.1021/acsenergylett.6c00227,pce_certified,28.34,tandem_2T,True,False,False
ungated_baseline,2026-05,10.1021/acsenergylett.6c00476,pce_champion,26.47,n-i-p,True,False,False
ungated_baseline,2026-05,10.1021/acsenergylett.6c00476,pce_certified,26.03,n-i-p,True,False,False
ungated_baseline,2026-05,10.1021/acsenergylett.6c00476,active_area_cm2,0.0727,n-i-p,True,False,False
ungated_baseline,2026-05,10.1021/acsenergylett.6c00737,pce_champion,26.2,unknown,True,False,False
ungated_baseline,2026-05,10.1021/acsenergylett.6c00771,pce_champion,23.48,p-i-n,True,False,False
ungated_baseline,2026-05,10.1021/acsenergylett.6c00820,pce_champion,21.1,p-i-n,True,False,False
ungated_baseline,2026-05,10.1021/acsenergylett.6c00820,pce_certified,20.62,p-i-n,True,False,False
ungated_baseline,2026-05,10.1021/acsenergylett.6c00867,pce_champion,26.06,p-i-n,True,False,False
ungated_baseline,2026-05,10.1021/acsenergylett.6c00879,pce_champion,21.4,tandem_2T,True,False,False
ungated_baseline,2026-05,10.1021/acsenergylett.6c00952,pce_champion,9.1,p-i-n,True,False,False
ungated_baseline,2026-05,10.1021/acsnano.6c04740,pce_champion,29.1,tandem_2T,True,False,False
ungated_baseline,2026-05,10.1038/s41467-026-71017-7,pce_champion,29.8,tandem_2T,True,False,False
ungated_baseline,2026-05,10.1038/s41467-026-72790-1,pce_champion,26.71,p-i-n,True,False,False
ungated_baseline,2026-05,10.1038/s41467-026-72790-1,pce_certified,26.15,p-i-n,True,False,False
ungated_baseline,2026-05,10.1038/s41467-026-72793-y,pce_champion,26.34,n-i-p,True,False,False
ungated_baseline,2026-05,10.1038/s41467-026-72793-y,pce_certified,26.27,n-i-p,True,False,False
ungated_baseline,2026-05,10.1038/s41467-026-72794-x,pce_champion,33.84,tandem_2T,True,False,False
ungated_baseline,2026-05,10.1038/s41467-026-72794-x,pce_certified,33.5,tandem_2T,True,False,False
ungated_baseline,2026-05,10.1038/s41467-026-72794-x,active_area_cm2,1.0,tandem_2T,True,False,False
ungated_baseline,2026-05,10.1038/s41467-026-72794-x,t80_h,800,tandem_2T,True,False,False
ungated_baseline,2026-05,10.1038/s41467-026-73210-0,pce_champion,29.95,tandem_2T,True,False,False
ungated_baseline,2026-05,10.1038/s41467-026-73210-0,pce_certified,29.44,tandem_2T,True,False,False
ungated_baseline,2026-05,10.1038/s41467-026-73426-0,pce_champion,27.1,p-i-n,True,False,False
ungated_baseline,2026-05,10.1038/s41467-026-73426-0,pce_certified,26.9,p-i-n,True,False,False
ungated_baseline,2026-05,10.1038/s41467-026-73620-0,pce_champion,26.35,unknown,True,False,False
ungated_baseline,2026-05,10.1038/s41467-026-73656-2,pce_champion,33.04,tandem_2T,True,False,False
ungated_baseline,2026-05,10.1038/s41467-026-73656-2,pce_certified,33.04,tandem_2T,True,False,False
ungated_baseline,2026-05,10.1038/s41467-026-73709-6,pce_champion,20.72,n-i-p,True,False,False
ungated_baseline,2026-05,10.1038/s41467-026-73709-6,pce_certified,20.35,n-i-p,True,False,False
ungated_baseline,2026-05,10.1038/s41467-026-73743-4,pce_champion,26.5,tandem_2T,True,False,False
ungated_baseline,2026-05,10.1038/s41467-026-73743-4,pce_certified,25.8,tandem_2T,True,False,False
ungated_baseline,2026-05,10.1038/s41560-026-02068-9,pce_champion,24.3,tandem_2T,True,False,False
ungated_baseline,2026-05,10.1038/s41586-026-10626-0,pce_champion,27.41,module,True,False,False
ungated_baseline,2026-05,10.1038/s41586-026-10626-0,pce_certified,27.41,module,True,False,False
ungated_baseline,2026-05,10.1038/s43246-026-01213-x,pce_champion,22.0,unknown,True,False,False
ungated_baseline,2026-05,10.1126/sciadv.aea7043,pce_champion,22.03,p-i-n,True,False,False
ungated_baseline,2026-05,10.1126/sciadv.aea7043,pce_certified,21.42,p-i-n,True,False,False
ungated_baseline,2026-05,10.1126/sciadv.aec4431,pce_champion,33.63,tandem_2T,True,False,False
ungated_baseline,2026-05,10.1126/sciadv.aec4431,pce_certified,33.48,tandem_2T,True,False,False
ungated_baseline,2026-05,10.1126/sciadv.aec4431,active_area_cm2,1.0,tandem_2T,True,False,False
ungated_baseline,2026-05,10.1126/science.aeb9953,pce_champion,27.6,unknown,True,False,False
ungated_baseline,2026-05,10.1126/science.aeb9953,pce_certified,27.6,unknown,True,False,False
ungated_baseline,2026-05,10.26434/chemrxiv.15003250/v2,pce_champion,20.6,unknown,True,False,False
ungated_baseline,2026-05,10.48550/arxiv.2605.03673,pce_champion,3.56,n-i-p,True,False,False
ungated_baseline,2026-05,10.48550/arxiv.2605.20242,pce_champion,21.32,unknown,True,False,False
ungated_baseline,2026-06,10.1002/adfm.75637,pce_champion,20.59,p-i-n,True,False,False
ungated_baseline,2026-06,10.1002/adfm.76218,pce_champion,24.85,unknown,True,False,False
ungated_baseline,2026-06,10.1002/adfm.76243,pce_champion,23.3,p-i-n,True,False,False
ungated_baseline,2026-06,10.1002/adfm.76257,pce_champion,26.09,n-i-p,True,False,False
ungated_baseline,2026-06,10.1002/adfm.76257,active_area_cm2,0.04,n-i-p,True,False,False
ungated_baseline,2026-06,10.1002/adfm.76264,pce_champion,20.35,p-i-n,True,False,False
ungated_baseline,2026-06,10.1002/adfm.76291,pce_champion,26.52,p-i-n,True,False,False
ungated_baseline,2026-06,10.1002/adfm.76418,pce_champion,26.08,p-i-n,True,False,False
ungated_baseline,2026-06,10.1002/adfm.76562,pce_champion,25.69,n-i-p,True,False,False
ungated_baseline,2026-06,10.1002/adfm.76623,pce_champion,26.62,p-i-n,True,False,False
ungated_baseline,2026-06,10.1002/adfm.76643,pce_champion,31.28,tandem_2T,True,False,False
ungated_baseline,2026-06,10.1002/adfm.76756,pce_champion,26.76,p-i-n,True,False,False
ungated_baseline,2026-06,10.1002/adfm.76756,pce_certified,26.12,p-i-n,True,False,False
ungated_baseline,2026-06,10.1002/adma.202522825,pce_champion,26.54,p-i-n,True,False,False
ungated_baseline,2026-06,10.1002/adma.202522825,pce_certified,26.24,p-i-n,True,False,False
ungated_baseline,2026-06,10.1002/adma.73535,pce_champion,26.13,n-i-p,True,False,False
ungated_baseline,2026-06,10.1002/adma.73561,pce_champion,26.14,p-i-n,True,False,False
ungated_baseline,2026-06,10.1002/adma.73561,active_area_cm2,0.05,p-i-n,True,False,False
ungated_baseline,2026-06,10.1002/adma.73567,pce_champion,23.33,p-i-n,True,False,False
ungated_baseline,2026-06,10.1002/adma.73656,pce_champion,26.6,p-i-n,True,False,False
ungated_baseline,2026-06,10.1002/adma.73656,pce_certified,26.2,p-i-n,True,False,False
ungated_baseline,2026-06,10.1002/adma.73656,active_area_cm2,0.0524,p-i-n,True,False,False
ungated_baseline,2026-06,10.1002/adma.73679,pce_champion,25.56,unknown,True,False,False
ungated_baseline,2026-06,10.1002/adma.73679,pce_certified,25.56,unknown,True,False,False
ungated_baseline,2026-06,10.1002/adma.73679,t80_h,87600,unknown,False,False,False
ungated_baseline,2026-06,10.1002/adma.73682,pce_champion,29.44,tandem_2T,True,False,False
ungated_baseline,2026-06,10.1002/adma.73682,t80_h,1080,tandem_2T,True,False,False
ungated_baseline,2026-06,10.1002/adma.73713,pce_champion,33.59,tandem_2T,True,False,False
ungated_baseline,2026-06,10.1002/adma.73828,pce_champion,26.83,p-i-n,True,False,False
ungated_baseline,2026-06,10.1002/adma.73833,pce_champion,22.28,unknown,True,False,False
ungated_baseline,2026-06,10.1002/adma.73855,pce_champion,27.12,p-i-n,True,False,False
ungated_baseline,2026-06,10.1002/adma.73855,pce_certified,26.8,p-i-n,True,False,False
ungated_baseline,2026-06,10.1002/advs.76010,pce_champion,26.02,n-i-p,True,False,False
ungated_baseline,2026-06,10.1002/aenm.71123,pce_champion,21.0,p-i-n,True,False,False
ungated_baseline,2026-06,10.1002/aenm.71159,pce_certified,26.61,p-i-n,True,False,False
ungated_baseline,2026-06,10.1002/aenm.71159,active_area_cm2,0.06734,p-i-n,True,False,False
ungated_baseline,2026-06,10.1002/aenm.71170,pce_champion,26.1,n-i-p,True,False,False
ungated_baseline,2026-06,10.1002/aenm.71174,pce_champion,20.8,unknown,True,False,False
ungated_baseline,2026-06,10.1002/aenm.71181,pce_champion,25.18,unknown,True,False,False
ungated_baseline,2026-06,10.1002/aenm.71216,pce_champion,22.79,p-i-n,True,False,False
ungated_baseline,2026-06,10.1002/aenm.71216,pce_certified,21.34,p-i-n,True,False,False
ungated_baseline,2026-06,10.1002/aenm.71222,pce_champion,26.13,unknown,True,False,False
ungated_baseline,2026-06,10.1002/anie.2412282,pce_champion,22.61,unknown,True,False,False
ungated_baseline,2026-06,10.1002/anie.2535666,pce_champion,22.27,unknown,True,False,False
ungated_baseline,2026-06,10.1002/anie.2974414,pce_champion,26.52,unknown,True,False,False
ungated_baseline,2026-06,10.1002/anie.4500167,pce_champion,26.66,n-i-p,True,False,False
ungated_baseline,2026-06,10.1002/anie.4500167,active_area_cm2,1.04,n-i-p,True,False,False
ungated_baseline,2026-06,10.1002/anie.4918900,pce_champion,29.29,tandem_2T,True,False,False
ungated_baseline,2026-06,10.1002/anie.4918900,pce_certified,28.79,tandem_2T,True,False,False
ungated_baseline,2026-06,10.1002/anie.5595275,pce_champion,29.18,tandem_2T,True,False,False
ungated_baseline,2026-06,10.1002/anie.5595275,t80_h,500,tandem_2T,True,False,False
ungated_baseline,2026-06,10.1002/anie.7010126,pce_champion,26.47,unknown,True,False,False
ungated_baseline,2026-06,10.1002/cey2.70296,pce_champion,17.25,unknown,True,False,False
ungated_baseline,2026-06,10.1002/eem2.70443,pce_champion,26.33,p-i-n,True,False,False
ungated_baseline,2026-06,10.1002/eem2.70453,pce_champion,29.08,tandem_2T,True,False,False
ungated_baseline,2026-06,10.1002/ente.70501,pce_champion,26.75,unknown,True,False,False
ungated_baseline,2026-06,10.1002/ente.70553,pce_champion,31.92,n-i-p,True,False,False
ungated_baseline,2026-06,10.1002/smll.202510785,pce_champion,26.15,n-i-p,True,False,False
ungated_baseline,2026-06,10.1002/smll.202514809,pce_champion,23.0,n-i-p,True,False,False
ungated_baseline,2026-06,10.1002/smll.74043,pce_champion,21.57,unknown,True,False,False
ungated_baseline,2026-06,10.1002/smll.74076,pce_champion,21.36,unknown,True,False,False
ungated_baseline,2026-06,10.1002/smll.74086,pce_champion,15.85,unknown,True,False,False
ungated_baseline,2026-06,10.1002/smll.74200,pce_champion,25.13,p-i-n,True,False,False
ungated_baseline,2026-06,10.1002/smll.74278,pce_champion,26.47,p-i-n,True,False,False
ungated_baseline,2026-06,10.1002/smll.74279,pce_champion,24.63,unknown,True,False,False
ungated_baseline,2026-06,10.1002/smll.74279,t80_h,1000,unknown,True,False,False
ungated_baseline,2026-06,10.1002/smll.74319,pce_champion,30.18,tandem_2T,True,False,False
ungated_baseline,2026-06,10.1002/smll.74320,pce_champion,24.08,unknown,True,False,False
ungated_baseline,2026-06,10.1002/smll.74320,t80_h,2000,unknown,True,False,False
ungated_baseline,2026-06,10.1002/smll.74328,pce_champion,25.94,unknown,True,False,False
ungated_baseline,2026-06,10.1002/solr.70363,pce_champion,18.48,n-i-p,True,False,False
ungated_baseline,2026-06,10.1002/solr.70385,pce_champion,20.05,p-i-n,True,False,False
ungated_baseline,2026-06,10.1002/solr.70394,pce_champion,20.05,unknown,True,False,False
ungated_baseline,2026-06,10.1002/solr.70398,pce_champion,19.67,unknown,True,False,False
ungated_baseline,2026-06,10.1002/solr.70405,pce_champion,26.6,p-i-n,True,False,False
ungated_baseline,2026-06,10.1002/solr.70406,pce_champion,20.7,unknown,True,False,False
ungated_baseline,2026-06,10.1002/solr.70410,pce_champion,23.4,tandem_2T,True,False,False
ungated_baseline,2026-06,10.1007/s40243-026-00382-6,pce_champion,29.41,n-i-p,True,False,False
ungated_baseline,2026-06,10.1016/j.cej.2026.177834,pce_champion,11.0,unknown,True,False,False
ungated_baseline,2026-06,10.1016/j.cej.2026.177834,t80_h,1000,unknown,True,False,False
ungated_baseline,2026-06,10.1016/j.chphi.2026.101092,pce_champion,12.0,n-i-p,True,False,False
ungated_baseline,2026-06,10.1016/j.rineng.2026.111690,pce_champion,19.93,n-i-p,True,False,False
ungated_baseline,2026-06,10.1021/acs.jpclett.6c01395,pce_champion,21.84,unknown,True,False,False
ungated_baseline,2026-06,10.1021/acs.jpclett.6c01458,pce_champion,22.14,p-i-n,True,False,False
ungated_baseline,2026-06,10.1021/acs.jpclett.6c01531,pce_champion,22.4,unknown,True,False,False
ungated_baseline,2026-06,10.1021/acs.jpclett.6c01531,t80_h,3600,unknown,True,False,False
ungated_baseline,2026-06,10.1021/acs.jpclett.6c01600,pce_champion,15.84,unknown,True,False,False
ungated_baseline,2026-06,10.1021/acs.nanolett.6c00804,pce_champion,25.22,unknown,True,False,False
ungated_baseline,2026-06,10.1021/acsaem.6c00330,pce_champion,24,n-i-p,True,False,False
ungated_baseline,2026-06,10.1021/acsaem.6c00778,pce_champion,20.76,n-i-p,True,False,False
ungated_baseline,2026-06,10.1021/acsaem.6c01329,pce_champion,23.3,unknown,True,False,False
ungated_baseline,2026-06,10.1021/acsaem.6c01363,pce_champion,25.06,unknown,True,False,False
ungated_baseline,2026-06,10.1021/acsaem.6c01434,pce_champion,7.66,p-i-n,True,False,False
ungated_baseline,2026-06,10.1021/acsaem.6c01493,pce_champion,12.09,p-i-n,True,False,False
ungated_baseline,2026-06,10.1021/acsami.6c01472,pce_champion,19.9,p-i-n,True,False,False
ungated_baseline,2026-06,10.1021/acsami.6c01787,pce_champion,23.16,unknown,True,False,False
ungated_baseline,2026-06,10.1021/acsami.6c02373,pce_champion,25.16,p-i-n,True,False,False
ungated_baseline,2026-06,10.1021/acsami.6c04650,pce_champion,23.74,unknown,True,False,False
ungated_baseline,2026-06,10.1021/acsami.6c05001,pce_champion,24.97,tandem_2T,True,False,False
ungated_baseline,2026-06,10.1021/acsami.6c05326,pce_champion,17.73,n-i-p,True,False,False
ungated_baseline,2026-06,10.1021/acsami.6c06698,pce_champion,24.42,n-i-p,True,False,False
ungated_baseline,2026-06,10.1021/acsami.6c07582,pce_champion,28.4,tandem_2T,True,False,False
ungated_baseline,2026-06,10.1021/acsenergylett.6c00641,pce_champion,14.8,p-i-n,True,False,False
ungated_baseline,2026-06,10.1021/acsenergylett.6c00703,pce_champion,26.78,unknown,True,False,False
ungated_baseline,2026-06,10.1021/acsenergylett.6c01257,pce_champion,26.93,p-i-n,True,False,False
ungated_baseline,2026-06,10.1021/acsenergylett.6c01257,pce_certified,26.44,p-i-n,True,False,False
ungated_baseline,2026-06,10.1021/acsenergylett.6c01291,pce_champion,26.54,p-i-n,True,False,False
ungated_baseline,2026-06,10.1021/acsenergylett.6c01291,active_area_cm2,0.1,p-i-n,True,False,False
ungated_baseline,2026-06,10.1021/acsenergylett.6c01505,pce_champion,10.45,unknown,True,False,False
ungated_baseline,2026-06,10.1021/acsmaterialslett.5c01678,pce_champion,26.58,unknown,True,False,False
ungated_baseline,2026-06,10.1021/acssuschemeng.6c04546,pce_champion,25.4,p-i-n,True,False,False
ungated_baseline,2026-06,10.1038/s41467-026-72581-8,pce_certified,26.1,p-i-n,True,False,False
ungated_baseline,2026-06,10.1038/s41467-026-73276-w,pce_champion,22.22,module,True,False,False
ungated_baseline,2026-06,10.1038/s41467-026-73276-w,active_area_cm2,57.6,module,True,False,False
ungated_baseline,2026-06,10.1038/s41467-026-73739-0,pce_champion,25.61,unknown,True,False,False
ungated_baseline,2026-06,10.1038/s41467-026-74107-8,pce_champion,27.29,unknown,True,False,False
ungated_baseline,2026-06,10.1038/s41467-026-74107-8,pce_certified,26.84,unknown,True,False,False
ungated_baseline,2026-06,10.1038/s41467-026-74285-5,pce_champion,25.54,unknown,True,False,False
ungated_baseline,2026-06,10.1038/s41467-026-74288-2,pce_champion,26.88,p-i-n,True,False,False
ungated_baseline,2026-06,10.1038/s43246-026-01252-4,pce_champion,12.1,unknown,True,False,False
ungated_baseline,2026-06,10.1088/2752-5724/ae7817,pce_champion,22.21,unknown,True,False,False
ungated_baseline,2026-06,10.1126/sciadv.aef6596,pce_champion,27.28,unknown,True,False,False
ungated_baseline,2026-06,10.1126/sciadv.aef6596,pce_certified,27.28,unknown,True,False,False
ungated_baseline,2026-06,10.1126/sciadv.aef6596,t80_h,3566,unknown,True,False,False
ungated_baseline,2026-06,10.1126/science.aef5355,pce_champion,33.2,tandem_2T,True,False,False
ungated_baseline,2026-06,10.1126/science.aef5355,pce_certified,33.6,tandem_2T,True,False,False
ungated_baseline,2026-06,10.1126/science.aef5355,active_area_cm2,1.0,tandem_2T,True,False,False
ungated_baseline,2026-06,10.3390/nano16130795,pce_champion,15.44,p-i-n,True,False,False
ungated_baseline,2026-06,10.48550/arxiv.2606.12083,pce_champion,28.85,n-i-p,True,False,False
ungated_baseline,2026-07,10.1002/adfm.76731,pce_champion,16.16,unknown,True,False,False
ungated_baseline,2026-07,10.1002/adfm.76731,t80_h,1150,unknown,True,False,False
ungated_baseline,2026-07,10.1002/adfm.76848,pce_champion,25.67,n-i-p,True,False,False
ungated_baseline,2026-07,10.1002/adfm.76878,pce_champion,25.75,p-i-n,True,False,False
ungated_baseline,2026-07,10.1002/adfm.76974,pce_champion,25.73,unknown,True,False,False
ungated_baseline,2026-07,10.1002/adfm.77015,pce_champion,26.33,n-i-p,True,False,False
ungated_baseline,2026-07,10.1002/adfm.77164,pce_champion,26.15,p-i-n,True,False,False
ungated_baseline,2026-07,10.1002/adfm.77175,pce_champion,25.76,n-i-p,True,False,False
ungated_baseline,2026-07,10.1002/adfm.77211,pce_champion,26.07,n-i-p,True,False,False
ungated_baseline,2026-07,10.1002/adfm.77373,pce_champion,26.32,n-i-p,True,False,False
ungated_baseline,2026-07,10.1002/adfm.77378,pce_champion,26.13,unknown,True,False,False
ungated_baseline,2026-07,10.1002/adma.73807,pce_champion,27.31,p-i-n,True,False,False
ungated_baseline,2026-07,10.1002/adma.73807,pce_certified,27.31,p-i-n,True,False,False
ungated_baseline,2026-07,10.1002/adma.73886,pce_champion,26.33,p-i-n,True,False,False
ungated_baseline,2026-07,10.1002/adma.73950,pce_champion,26.7,unknown,True,False,False
ungated_baseline,2026-07,10.1002/adma.74033,pce_champion,26.9,p-i-n,True,False,False
ungated_baseline,2026-07,10.1002/adma.74033,pce_certified,26.14,p-i-n,True,False,False
ungated_baseline,2026-07,10.1002/adma.74060,pce_champion,26.21,p-i-n,True,False,False
ungated_baseline,2026-07,10.1002/adma.74078,pce_champion,30.13,tandem_2T,True,False,False
ungated_baseline,2026-07,10.1002/adma.74078,pce_certified,29.57,tandem_2T,True,False,False
ungated_baseline,2026-07,10.1002/adma.74078,t80_h,495,tandem_2T,True,False,False
ungated_baseline,2026-07,10.1002/adma.74183,pce_champion,25.92,tandem_2T,True,False,False
ungated_baseline,2026-07,10.1002/adma.74183,t80_h,1000,tandem_2T,True,False,False
ungated_baseline,2026-07,10.1002/adma.74220,pce_champion,26.6,n-i-p,True,False,False
ungated_baseline,2026-07,10.1002/adma.74220,t80_h,1000,n-i-p,True,False,False
ungated_baseline,2026-07,10.1002/adma.74243,pce_champion,26.54,n-i-p,True,False,False
ungated_baseline,2026-07,10.1002/adma.74243,t80_h,9800,n-i-p,True,False,False
ungated_baseline,2026-07,10.1002/adma.74247,pce_champion,26.61,unknown,True,False,False
ungated_baseline,2026-07,10.1002/adma.74247,t80_h,2000,unknown,True,False,False
ungated_baseline,2026-07,10.1002/adma.74316,pce_champion,26.94,p-i-n,True,False,False
ungated_baseline,2026-07,10.1002/adma.74316,pce_certified,26.94,p-i-n,True,False,False
ungated_baseline,2026-07,10.1002/adma.74316,t80_h,1800,p-i-n,True,False,False
ungated_baseline,2026-07,10.1002/adma.74416,pce_champion,26.78,p-i-n,True,False,False
ungated_baseline,2026-07,10.1002/adma.74416,t80_h,1200,p-i-n,True,False,False
ungated_baseline,2026-07,10.1002/advs.76463,pce_champion,28,tandem_2T,True,False,False
ungated_baseline,2026-07,10.1002/advs.76508,pce_champion,26.32,unknown,True,False,False
ungated_baseline,2026-07,10.1002/advs.76508,active_area_cm2,0.072,unknown,True,False,False
ungated_baseline,2026-07,10.1002/advs.76508,t80_h,3000,unknown,True,False,False
ungated_baseline,2026-07,10.1002/aenm.202506753,pce_champion,30,tandem_2T,True,False,False
ungated_baseline,2026-07,10.1002/aenm.71259,pce_champion,29.4,tandem_2T,True,False,False
ungated_baseline,2026-07,10.1002/aenm.71267,pce_champion,26.4,tandem_2T,True,False,False
ungated_baseline,2026-07,10.1002/aenm.71267,pce_certified,25.9,tandem_2T,True,False,False
ungated_baseline,2026-07,10.1002/aenm.71282,pce_champion,26.67,p-i-n,True,False,False
ungated_baseline,2026-07,10.1002/aenm.71305,pce_champion,27.25,p-i-n,True,False,False
ungated_baseline,2026-07,10.1002/aenm.71305,pce_certified,26.84,p-i-n,True,False,False
ungated_baseline,2026-07,10.1002/aenm.71312,pce_champion,25.3,n-i-p,True,False,False
ungated_baseline,2026-07,10.1002/aenm.71317,pce_champion,31.66,tandem_2T,True,False,False
ungated_baseline,2026-07,10.1002/aenm.71317,t80_h,6785,tandem_2T,True,False,False
ungated_baseline,2026-07,10.1002/aenm.71336,pce_champion,27.84,tandem_2T,True,False,False
ungated_baseline,2026-07,10.1002/anie.1018855,pce_champion,26.87,p-i-n,True,False,False
ungated_baseline,2026-07,10.1002/anie.1676645,pce_champion,33.21,tandem_2T,True,False,False
ungated_baseline,2026-07,10.1002/anie.1676645,pce_certified,32.13,tandem_2T,True,False,False
ungated_baseline,2026-07,10.1002/anie.1678852,pce_champion,26.76,p-i-n,True,False,False
ungated_baseline,2026-07,10.1002/anie.1864800,pce_champion,26.85,p-i-n,True,False,False
ungated_baseline,2026-07,10.1002/anie.2884874,pce_champion,25.8,n-i-p,True,False,False
ungated_baseline,2026-07,10.1002/anie.2884874,t80_h,1000,n-i-p,True,False,False
ungated_baseline,2026-07,10.1002/anie.2924886,pce_champion,26.81,n-i-p,True,False,False
ungated_baseline,2026-07,10.1002/anie.4031162,pce_champion,26.2,p-i-n,True,False,False
ungated_baseline,2026-07,10.1002/anie.4177367,pce_champion,25.24,unknown,True,False,False
ungated_baseline,2026-07,10.1002/anie.4177367,t80_h,1430,unknown,True,False,False
ungated_baseline,2026-07,10.1002/anie.5216345,pce_champion,26.12,unknown,True,False,False
ungated_baseline,2026-07,10.1002/anie.5216345,active_area_cm2,0.09,unknown,True,False,False
ungated_baseline,2026-07,10.1002/anie.5530609,pce_champion,32.03,tandem_2T,True,False,False
ungated_baseline,2026-07,10.1002/anie.5530609,active_area_cm2,1.05,tandem_2T,True,False,False
ungated_baseline,2026-07,10.1002/anie.7090517,pce_champion,26.82,p-i-n,True,False,False
ungated_baseline,2026-07,10.1002/anie.7827890,pce_champion,15.56,p-i-n,True,False,False
ungated_baseline,2026-07,10.1002/anie.7827890,pce_certified,14.67,p-i-n,True,False,False
ungated_baseline,2026-07,10.1002/anie.7827890,active_area_cm2,0.049,p-i-n,True,False,False
ungated_baseline,2026-07,10.1002/anie.8080769,pce_champion,27.06,p-i-n,True,False,False
ungated_baseline,2026-07,10.1002/anie.8080769,pce_certified,26.82,p-i-n,True,False,False
ungated_baseline,2026-07,10.1002/cnl2.70189,pce_champion,21.54,unknown,True,False,False
ungated_baseline,2026-07,10.1002/ece2.70102,pce_champion,22.68,unknown,True,False,False
ungated_baseline,2026-07,10.1002/ece2.70102,t80_h,1000,unknown,True,False,False
ungated_baseline,2026-07,10.1002/ente.70590,pce_champion,30.81,n-i-p,True,False,False
ungated_baseline,2026-07,10.1002/pip.70131,pce_champion,29.64,n-i-p,True,False,False
ungated_baseline,2026-07,10.1002/smll.74289,pce_champion,25.53,n-i-p,True,False,False
ungated_baseline,2026-07,10.1002/smll.74356,pce_champion,20.71,p-i-n,True,False,False
ungated_baseline,2026-07,10.1002/smll.74390,pce_champion,18.89,unknown,True,False,False
ungated_baseline,2026-07,10.1002/smll.74470,pce_champion,26.51,tandem_2T,True,False,False
ungated_baseline,2026-07,10.1002/smll.74531,pce_champion,22.2,unknown,True,False,False
ungated_baseline,2026-07,10.1002/smll.74531,t80_h,200,unknown,True,False,False
ungated_baseline,2026-07,10.1002/smll.74604,pce_champion,25.15,n-i-p,True,False,False
ungated_baseline,2026-07,10.1002/smll.74604,active_area_cm2,0.04,n-i-p,True,False,False
ungated_baseline,2026-07,10.1002/smll.74604,t80_h,1500,n-i-p,False,False,False
ungated_baseline,2026-07,10.1002/smll.74660,pce_champion,15.1,unknown,True,False,False
ungated_baseline,2026-07,10.1002/smll.74660,t80_h,1000,unknown,True,False,False
ungated_baseline,2026-07,10.1002/smll.74806,pce_champion,23.15,p-i-n,True,False,False
ungated_baseline,2026-07,10.1002/smll.74811,pce_champion,26.32,unknown,True,False,False
ungated_baseline,2026-07,10.1002/smll.74903,pce_champion,22.0,unknown,True,False,False
ungated_baseline,2026-07,10.1002/smll.74999,pce_champion,30.62,tandem_2T,True,False,False
ungated_baseline,2026-07,10.1002/solr.70375,active_area_cm2,64.0,module,True,False,False
ungated_baseline,2026-07,10.1002/solr.70425,pce_champion,13.7,p-i-n,True,False,False
ungated_baseline,2026-07,10.1002/solr.70430,pce_champion,14.57,module,True,False,False
ungated_baseline,2026-07,10.1002/solr.70430,active_area_cm2,64.0,module,True,False,False
ungated_baseline,2026-07,10.1002/solr.70435,pce_champion,24.91,unknown,True,False,False
ungated_baseline,2026-07,10.1002/solr.70437,pce_champion,22.92,p-i-n,True,False,False
ungated_baseline,2026-07,10.1002/solr.70447,pce_champion,17.75,n-i-p,True,False,False
ungated_baseline,2026-07,10.1007/s40820-026-02291-9,pce_champion,32.5,tandem_2T,True,False,False
ungated_baseline,2026-07,10.1007/s40820-026-02295-5,pce_champion,26.19,unknown,True,False,False
ungated_baseline,2026-07,10.1007/s42114-026-01958-6,pce_champion,22.16,n-i-p,True,False,False
ungated_baseline,2026-07,10.1016/j.hybadv.2026.100700,pce_champion,29.08,n-i-p,True,False,False
ungated_baseline,2026-07,10.1016/j.hybadv.2026.100721,pce_champion,29.1,n-i-p,True,False,False
ungated_baseline,2026-07,10.1016/j.hybadv.2026.100722,pce_champion,28.85,n-i-p,True,False,False
ungated_baseline,2026-07,10.1016/j.joule.2026.102575,pce_champion,27.3,tandem_2T,True,False,False
ungated_baseline,2026-07,10.1016/j.nanoen.2026.112222,pce_champion,23.26,p-i-n,True,False,False
ungated_baseline,2026-07,10.1016/j.nanoen.2026.112222,pce_certified,23.26,p-i-n,True,False,False
ungated_baseline,2026-07,10.1016/j.nanoen.2026.112222,active_area_cm2,0.0405,p-i-n,False,False,False
ungated_baseline,2026-07,10.1021/acsaem.6c01125,pce_champion,3.01,unknown,True,False,False
ungated_baseline,2026-07,10.1021/acsaem.6c01370,pce_champion,21.4,unknown,True,False,False
ungated_baseline,2026-07,10.1021/acsaem.6c01637,pce_champion,21.53,unknown,True,False,False
ungated_baseline,2026-07,10.1021/acsaem.6c01637,t80_h,720,unknown,True,False,False
ungated_baseline,2026-07,10.1021/acsaem.6c01764,pce_champion,22.2,unknown,True,False,False
ungated_baseline,2026-07,10.1021/acsami.6c05331,pce_champion,21.15,p-i-n,True,False,False
ungated_baseline,2026-07,10.1021/acsami.6c06005,pce_champion,9.9,unknown,True,False,False
ungated_baseline,2026-07,10.1021/acsami.6c07418,pce_champion,22.15,p-i-n,True,False,False
ungated_baseline,2026-07,10.1021/acsami.6c08440,pce_champion,19.38,p-i-n,True,False,False
ungated_baseline,2026-07,10.1021/acsami.6c09672,pce_champion,22.03,p-i-n,True,False,False
ungated_baseline,2026-07,10.1021/acsami.6c09922,pce_champion,24.2,module,True,False,False
ungated_baseline,2026-07,10.1021/acsami.6c09922,active_area_cm2,12,module,True,False,False
ungated_baseline,2026-07,10.1021/acsenergylett.6c00858,pce_champion,21.5,p-i-n,True,False,False
ungated_baseline,2026-07,10.1021/acsenergylett.6c00858,active_area_cm2,0.128,p-i-n,True,False,False
ungated_baseline,2026-07,10.1021/acsenergylett.6c01113,pce_champion,20.18,unknown,True,False,False
ungated_baseline,2026-07,10.1021/acsenergylett.6c01161,pce_champion,18.15,unknown,True,False,False
ungated_baseline,2026-07,10.1021/acsenergylett.6c01361,pce_champion,21.4,n-i-p,True,False,False
ungated_baseline,2026-07,10.1021/acsenergylett.6c01489,pce_champion,26.23,p-i-n,True,False,False
ungated_baseline,2026-07,10.1021/acsenergylett.6c01517,pce_champion,26.65,unknown,True,False,False
ungated_baseline,2026-07,10.1021/acsenergylett.6c01826,pce_champion,17.1,unknown,True,False,False
ungated_baseline,2026-07,10.1021/acsnano.5c21750,pce_champion,23.06,unknown,True,False,False
ungated_baseline,2026-07,10.1021/acsnano.6c04084,pce_champion,22.51,unknown,True,False,False
ungated_baseline,2026-07,10.1021/jacs.6c05502,pce_champion,22.99,unknown,True,False,False
ungated_baseline,2026-07,10.1021/jacs.6c06932,pce_champion,26.53,p-i-n,True,False,False
ungated_baseline,2026-07,10.1038/s41467-026-74018-8,pce_champion,27.12,p-i-n,True,False,False
ungated_baseline,2026-07,10.1038/s41467-026-74018-8,pce_certified,27.12,p-i-n,True,False,False
ungated_baseline,2026-07,10.1038/s41467-026-75053-1,pce_champion,26.14,unknown,True,False,False
ungated_baseline,2026-07,10.1038/s41467-026-75053-1,pce_certified,25.75,unknown,True,False,False
ungated_baseline,2026-07,10.1038/s41467-026-75305-0,pce_champion,26.18,tandem_2T,True,False,False
ungated_baseline,2026-07,10.1038/s41467-026-75305-0,pce_certified,26.18,tandem_2T,True,False,False
ungated_baseline,2026-07,10.1038/s41467-026-75305-0,active_area_cm2,1.17,tandem_2T,True,False,False
ungated_baseline,2026-07,10.1038/s41467-026-75629-x,pce_champion,26.47,n-i-p,True,False,False
ungated_baseline,2026-07,10.1038/s41467-026-75990-x,pce_champion,26.26,unknown,True,False,False
ungated_baseline,2026-07,10.1126/sciadv.aeb8790,pce_champion,29.44,tandem_2T,True,False,False
ungated_baseline,2026-07,10.1126/sciadv.aeb8790,pce_certified,28.84,tandem_2T,True,False,False
ungated_baseline,2026-07,10.1126/sciadv.aed6327,pce_champion,26.88,unknown,True,False,False
ungated_baseline,2026-07,10.1126/sciadv.aed6327,pce_certified,26.52,unknown,True,False,False
ungated_baseline,2026-07,10.1126/sciadv.aee4175,pce_champion,23.1,module,True,False,False
ungated_baseline,2026-07,10.1126/sciadv.aee4175,pce_certified,23.1,module,True,False,False
ungated_baseline,2026-07,10.1126/sciadv.aee4175,active_area_cm2,20.3,module,True,False,False
ungated_baseline,2026-07,10.1126/sciadv.aef6600,pce_champion,27.49,tandem_2T,True,False,False
ungated_baseline,2026-07,10.1126/sciadv.aef6600,pce_certified,27.49,tandem_2T,True,False,False
ungated_baseline,2026-07,10.1126/sciadv.aef6600,active_area_cm2,12.56,tandem_2T,True,False,False
ungated_baseline,2026-07,10.1126/sciadv.aeg1456,pce_champion,27.31,p-i-n,True,False,False
ungated_baseline,2026-07,10.1126/sciadv.aeg1456,pce_certified,27.31,p-i-n,True,False,False
ungated_baseline,2026-07,10.1126/sciadv.aei2945,pce_champion,33.3,tandem_2T,True,False,False
ungated_baseline,2026-07,10.1126/sciadv.aei2945,pce_certified,33.1,tandem_2T,True,False,False
ungated_baseline,2026-07,10.1126/science.aed8175,pce_champion,27.8,p-i-n,True,False,False
ungated_baseline,2026-07,10.1126/science.aed8175,pce_certified,27.3,p-i-n,True,False,False
ungated_baseline,2026-07,10.1126/science.aef1969,pce_champion,26.7,unknown,True,False,False
ungated_baseline,2026-07,10.1126/science.aef1969,pce_certified,26.1,unknown,True,False,False
ungated_baseline,2026-07,10.1126/science.aeg1730,pce_champion,27.2,unknown,True,False,False
ungated_baseline,2026-07,10.1126/science.aeg1730,pce_certified,23.5,unknown,True,False,False
ungated_baseline,2026-07,10.1126/science.aeg1730,active_area_cm2,0.08313,unknown,False,False,False
ungated_baseline,2026-07,10.20517/energymater.2026.102,pce_champion,25.06,unknown,True,False,False
ungated_baseline,2026-07,10.26434/chemrxiv.15006632/v1,pce_champion,26.0,p-i-n,True,False,False
ungated_baseline,2026-07,10.26599/pom.2026.9140147,pce_champion,25.15,p-i-n,True,False,False
ungated_baseline,2026-07,10.48550/arxiv.2607.19789,pce_champion,28.18,unknown,True,False,False
ungated_baseline,2026-08,10.1002/adfm.77504,pce_champion,22.3,n-i-p,True,False,False
ungated_baseline,2026-08,10.1002/adfm.77637,pce_champion,33.02,tandem_2T,True,False,False
ungated_baseline,2026-08,10.1002/adfm.77712,pce_champion,26.49,p-i-n,True,False,False
ungated_baseline,2026-08,10.1002/adfm.77729,pce_champion,26.1,p-i-n,True,False,False
ungated_baseline,2026-08,10.1002/adfm.77805,pce_champion,24.25,tandem_2T,True,False,False
ungated_baseline,2026-08,10.1002/adfm.77805,active_area_cm2,0.08,tandem_2T,True,False,False
ungated_baseline,2026-08,10.1002/adfm.77805,t80_h,864,tandem_2T,True,False,False
ungated_baseline,2026-08,10.1002/adfm.77833,pce_champion,17.07,n-i-p,True,False,False
ungated_baseline,2026-08,10.1002/adfm.77855,pce_champion,26.2,tandem_2T,True,False,False
ungated_baseline,2026-08,10.1002/adfm.77942,pce_champion,26.14,p-i-n,True,False,False
ungated_baseline,2026-08,10.1002/adfm.77942,pce_certified,25.23,p-i-n,True,False,False
ungated_baseline,2026-08,10.1002/adfm.78067,pce_champion,26.12,unknown,True,False,False
ungated_baseline,2026-08,10.1002/adma.74438,pce_champion,27.06,p-i-n,True,False,False
ungated_baseline,2026-08,10.1002/adma.74438,pce_certified,20.11,p-i-n,True,False,False
ungated_baseline,2026-08,10.1002/adma.74438,active_area_cm2,0.09,p-i-n,True,False,False
ungated_baseline,2026-08,10.1002/adma.74461,pce_champion,27.03,tandem_2T,True,False,False
ungated_baseline,2026-08,10.1002/adma.74461,pce_certified,26.56,tandem_2T,True,False,False
ungated_baseline,2026-08,10.1002/adma.74461,active_area_cm2,0.062,tandem_2T,True,False,False
ungated_baseline,2026-08,10.1002/adma.74469,pce_champion,27.01,module,True,False,False
ungated_baseline,2026-08,10.1002/adma.74469,active_area_cm2,0.09,module,True,False,False
ungated_baseline,2026-08,10.1002/adma.74486,pce_champion,25.3,p-i-n,True,False,False
ungated_baseline,2026-08,10.1002/adma.74489,pce_champion,26.66,unknown,True,False,False
ungated_baseline,2026-08,10.1002/adma.74538,pce_champion,20.23,unknown,True,False,False
ungated_baseline,2026-08,10.1002/adma.74629,pce_champion,23.3,n-i-p,True,False,False
ungated_baseline,2026-08,10.1002/adma.74769,pce_champion,16.48,p-i-n,True,False,False
ungated_baseline,2026-08,10.1002/adma.74828,pce_champion,22.83,module,True,False,False
ungated_baseline,2026-08,10.1002/adma.74828,active_area_cm2,22.95,module,True,False,False
ungated_baseline,2026-08,10.1002/advs.76791,pce_champion,19.29,unknown,True,False,False
ungated_baseline,2026-08,10.1002/advs.76950,pce_champion,25.5,p-i-n,True,False,False
ungated_baseline,2026-08,10.1002/advs.77051,pce_champion,16.02,n-i-p,True,False,False
ungated_baseline,2026-08,10.1002/aenm.71372,pce_champion,24.7,unknown,True,False,False
ungated_baseline,2026-08,10.1002/aenm.71396,pce_champion,25.67,n-i-p,True,False,False
ungated_baseline,2026-08,10.1002/aenm.71396,t80_h,2000,n-i-p,True,False,False
ungated_baseline,2026-08,10.1002/aenm.71419,pce_champion,25.34,n-i-p,True,False,False
ungated_baseline,2026-08,10.1002/aenm.71474,pce_champion,26.21,unknown,True,False,False
ungated_baseline,2026-08,10.1002/aenm.71474,t80_h,3300,unknown,True,False,False
ungated_baseline,2026-08,10.1002/aenm.71482,pce_champion,26.38,p-i-n,True,False,False
ungated_baseline,2026-08,10.1002/aenm.71482,t80_h,500,p-i-n,True,False,False
ungated_baseline,2026-08,10.1002/aenm.71497,pce_champion,24.1,unknown,True,False,False
ungated_baseline,2026-08,10.1002/aenm.71497,t80_h,450,unknown,True,False,False
ungated_baseline,2026-08,10.1002/aenm.71512,pce_champion,32.16,tandem_2T,True,False,False
ungated_baseline,2026-08,10.1002/aenm.71514,pce_champion,26.17,n-i-p,True,False,False
ungated_baseline,2026-08,10.1002/aenm.71514,t80_h,900,n-i-p,True,False,False
ungated_baseline,2026-08,10.1002/anie.2425823,pce_champion,26.67,n-i-p,True,False,False
ungated_baseline,2026-08,10.1002/anie.2425823,pce_certified,26.44,n-i-p,True,False,False
ungated_baseline,2026-08,10.1002/anie.2425823,t80_h,800,n-i-p,True,False,False
ungated_baseline,2026-08,10.1002/anie.3095986,pce_champion,27.06,p-i-n,True,False,False
ungated_baseline,2026-08,10.1002/anie.3095986,pce_certified,26.77,p-i-n,True,False,False
ungated_baseline,2026-08,10.1002/anie.3095986,t80_h,1500,p-i-n,True,False,False
ungated_baseline,2026-08,10.1002/anie.3716107,pce_champion,26.79,p-i-n,True,False,False
ungated_baseline,2026-08,10.1002/anie.3883037,pce_champion,23.24,n-i-p,True,False,False
ungated_baseline,2026-08,10.1002/anie.3883037,active_area_cm2,0.062,n-i-p,True,False,False
ungated_baseline,2026-08,10.1002/anie.3883037,t80_h,3100,n-i-p,True,False,False
ungated_baseline,2026-08,10.1002/anie.4221605,pce_champion,26.99,p-i-n,True,False,False
ungated_baseline,2026-08,10.1002/anie.4221605,t80_h,1000,p-i-n,True,False,False
ungated_baseline,2026-08,10.1002/anie.5241611,pce_champion,33.0,tandem_2T,True,False,False
ungated_baseline,2026-08,10.1002/anie.5241611,pce_certified,32.56,tandem_2T,True,False,False
ungated_baseline,2026-08,10.1002/anie.5667084,pce_champion,22.5,unknown,True,False,False
ungated_baseline,2026-08,10.1002/anie.6548693,pce_champion,27.1,tandem_2T,True,False,False
ungated_baseline,2026-08,10.1002/anie.6548693,t80_h,1400,tandem_2T,True,False,False
ungated_baseline,2026-08,10.1002/anie.6932848,pce_champion,26.58,p-i-n,True,False,False
ungated_baseline,2026-08,10.1002/anie.7848549,pce_champion,27.05,unknown,True,False,False
ungated_baseline,2026-08,10.1002/anie.7848549,pce_certified,26.51,unknown,True,False,False
ungated_baseline,2026-08,10.1002/anie.8256065,pce_champion,24.94,p-i-n,True,False,False
ungated_baseline,2026-08,10.1002/ente.70607,pce_champion,8.12,p-i-n,True,False,False
ungated_baseline,2026-08,10.1002/ente.70607,active_area_cm2,5,p-i-n,True,False,False
ungated_baseline,2026-08,10.1002/rar2.70509,pce_champion,25.44,unknown,True,False,False
ungated_baseline,2026-08,10.1002/smll.75056,pce_champion,24.86,p-i-n,True,False,False
ungated_baseline,2026-08,10.1002/smll.75068,pce_champion,24.59,module,True,False,False
ungated_baseline,2026-08,10.1002/smll.75068,pce_certified,17.35,module,True,False,False
ungated_baseline,2026-08,10.1002/smll.75068,active_area_cm2,61.2,module,True,False,False
ungated_baseline,2026-08,10.1002/smll.75089,pce_champion,22.48,p-i-n,True,False,False
ungated_baseline,2026-08,10.1002/smll.75122,pce_champion,26.19,n-i-p,True,False,False
ungated_baseline,2026-08,10.1002/smll.75360,pce_champion,26.17,n-i-p,True,False,False
ungated_baseline,2026-08,10.1002/smll.75360,active_area_cm2,0.0729,n-i-p,True,False,False
ungated_baseline,2026-08,10.1002/smll.75482,pce_champion,23.95,unknown,True,False,False
ungated_baseline,2026-08,10.1002/smll.75536,pce_champion,21.36,unknown,True,False,False
ungated_baseline,2026-08,10.1002/solr.70449,pce_champion,15.77,n-i-p,True,False,False
ungated_baseline,2026-08,10.1002/solr.70454,pce_champion,14.13,unknown,True,False,False
ungated_baseline,2026-08,10.1002/solr.70454,t80_h,720,unknown,True,False,False
ungated_baseline,2026-08,10.1002/solr.70461,pce_champion,23.72,p-i-n,True,False,False
ungated_baseline,2026-08,10.1007/s40820-026-02278-6,pce_champion,26.21,p-i-n,True,False,False
ungated_baseline,2026-08,10.1016/j.decarb.2026.100190,pce_champion,22.38,p-i-n,True,False,False
ungated_baseline,2026-08,10.1016/j.jcis.2026.141449,pce_champion,22.73,unknown,True,False,False
ungated_baseline,2026-08,10.1016/j.joule.2026.102645,pce_champion,30.3,tandem_2T,True,False,False
ungated_baseline,2026-08,10.1016/j.joule.2026.102645,pce_certified,29.7,tandem_2T,True,False,False
ungated_baseline,2026-08,10.1016/j.joule.2026.102646,pce_champion,27.0,tandem_2T,True,False,False
ungated_baseline,2026-08,10.1016/j.solener.2026.114961,pce_champion,0.53,unknown,True,False,False
ungated_baseline,2026-08,10.1016/j.solener.2026.115062,pce_champion,8.74,n-i-p,True,False,False
ungated_baseline,2026-08,10.1021/acs.jpclett.6c01761,pce_champion,10.48,n-i-p,True,False,False
ungated_baseline,2026-08,10.1021/acs.jpclett.6c02136,pce_champion,26.04,p-i-n,True,False,False
ungated_baseline,2026-08,10.1021/acs.jpclett.6c02253,pce_champion,21.05,n-i-p,True,False,False
ungated_baseline,2026-08,10.1021/acs.nanolett.6c03508,pce_champion,17.6,unknown,True,False,False
ungated_baseline,2026-08,10.1021/acs.nanolett.6c03508,pce_certified,16.98,unknown,True,False,False
ungated_baseline,2026-08,10.1021/acsaem.6c01031,pce_champion,15.5,unknown,True,False,False
ungated_baseline,2026-08,10.1021/acsaem.6c01708,pce_champion,21.41,p-i-n,True,False,False
ungated_baseline,2026-08,10.1021/acsaem.6c02041,pce_champion,22.6,unknown,True,False,False
ungated_baseline,2026-08,10.1021/acsaem.6c02041,t80_h,1080,unknown,False,False,False
ungated_baseline,2026-08,10.1021/acsami.6c07537,pce_champion,18.2,unknown,True,False,False
ungated_baseline,2026-08,10.1021/acsami.6c07884,pce_champion,26.28,p-i-n,True,False,False
ungated_baseline,2026-08,10.1021/acsami.6c11057,pce_champion,9.29,unknown,True,False,False
ungated_baseline,2026-08,10.1021/acsami.6c11467,pce_champion,25.03,p-i-n,True,False,False
ungated_baseline,2026-08,10.1021/acsami.6c13903,pce_champion,20.98,p-i-n,True,False,False
ungated_baseline,2026-08,10.1021/acsenergylett.6c01191,pce_champion,25.59,n-i-p,True,False,False
ungated_baseline,2026-08,10.1021/acsenergylett.6c01191,t80_h,1600,n-i-p,True,False,False
ungated_baseline,2026-08,10.1021/acsenergylett.6c01444,pce_champion,26.22,n-i-p,True,False,False
ungated_baseline,2026-08,10.1021/acsenergylett.6c01485,pce_champion,20.0,n-i-p,True,False,False
ungated_baseline,2026-08,10.1021/acsenergylett.6c02033,pce_champion,26.13,unknown,True,False,False
ungated_baseline,2026-08,10.1021/acsnano.5c21962,pce_champion,25.19,module,True,False,False
ungated_baseline,2026-08,10.1021/acsnano.5c21962,active_area_cm2,0.113,module,True,False,False
ungated_baseline,2026-08,10.1021/acsnano.5c21962,t80_h,1000,module,True,False,False
ungated_baseline,2026-08,10.1021/acsnano.6c07355,pce_champion,29.47,tandem_2T,True,False,False
ungated_baseline,2026-08,10.1021/acsnano.6c07355,t80_h,900,tandem_2T,True,False,False
ungated_baseline,2026-08,10.1021/jacs.6c12975,pce_champion,25.2,unknown,True,False,False
ungated_baseline,2026-08,10.1021/jacs.6c12975,t80_h,1600,unknown,True,False,False
ungated_baseline,2026-08,10.1038/s41467-026-76266-0,pce_champion,33.66,tandem_2T,True,False,False
ungated_baseline,2026-08,10.1038/s41467-026-76266-0,pce_certified,33.66,tandem_2T,True,False,False
ungated_baseline,2026-08,10.1038/s41467-026-76425-3,pce_champion,26.32,n-i-p,True,False,False
ungated_baseline,2026-08,10.1038/s41467-026-76425-3,active_area_cm2,0.06,n-i-p,True,False,False
ungated_baseline,2026-08,10.1038/s41467-026-76425-3,t80_h,1800,n-i-p,False,False,False
ungated_baseline,2026-08,10.1038/s41467-026-76497-1,pce_champion,27.59,p-i-n,True,False,False
ungated_baseline,2026-08,10.1038/s41467-026-76497-1,pce_certified,27.2,p-i-n,True,False,False
ungated_baseline,2026-08,10.1038/s41467-026-76497-1,t80_h,1600,p-i-n,True,False,False
ungated_baseline,2026-08,10.1038/s41467-026-76713-y,pce_champion,30.77,tandem_2T,True,False,False
ungated_baseline,2026-08,10.1038/s41467-026-76713-y,pce_certified,30.77,tandem_2T,True,False,False
ungated_baseline,2026-08,10.1038/s41467-026-76713-y,active_area_cm2,1.164,tandem_2T,True,False,False
ungated_baseline,2026-08,10.1038/s41467-026-76713-y,t80_h,3400,tandem_2T,True,False,False
ungated_baseline,2026-08,10.1038/s41467-026-76786-9,pce_champion,28.14,tandem_2T,True,False,False
ungated_baseline,2026-08,10.1038/s41467-026-76786-9,pce_certified,27.84,tandem_2T,True,False,False
ungated_baseline,2026-08,10.1038/s41467-026-76847-z,pce_champion,20.36,p-i-n,True,False,False
ungated_baseline,2026-08,10.1038/s41467-026-76848-y,pce_champion,26.32,p-i-n,True,False,False
ungated_baseline,2026-08,10.1038/s41467-026-76848-y,pce_certified,25.67,p-i-n,True,False,False
ungated_baseline,2026-08,10.1038/s41467-026-76848-y,active_area_cm2,0.08,p-i-n,True,False,False
ungated_baseline,2026-08,10.1038/s43246-026-01321-8,pce_champion,27.7,tandem_2T,True,False,False
ungated_baseline,2026-08,10.1093/nsr/nwag484,pce_champion,26.54,n-i-p,True,False,False
ungated_baseline,2026-08,10.1093/nsr/nwag484,pce_certified,26.03,n-i-p,True,False,False
ungated_baseline,2026-08,10.1126/sciadv.aec3096,pce_champion,26.76,p-i-n,True,False,False
ungated_baseline,2026-08,10.1126/sciadv.aec3096,pce_certified,26.45,p-i-n,True,False,False
ungated_baseline,2026-08,10.1126/science.aeg8415,pce_champion,27.7,p-i-n,True,False,False
ungated_baseline,2026-08,10.1126/science.aeg8415,pce_certified,27.4,p-i-n,True,False,False
ungated_baseline,2026-08,10.1126/science.aeg8415,active_area_cm2,0.06,p-i-n,True,False,False
ungated_baseline,2026-08,10.22541/authorea.15007746/v1,pce_champion,25.13,n-i-p,True,False,False
ungated_baseline,2026-08,10.26434/chemrxiv.15007814/v1,pce_champion,22.19,n-i-p,True,False,False
ungated_baseline,2026-08,10.26434/chemrxiv.15008059/v1,pce_champion,20.31,n-i-p,True,False,False
ungated_baseline,2026-08,10.48550/arxiv.2608.29341,pce_champion,26.06,p-i-n,True,False,False
guarded_pipeline,2026-01,10.1002/adfm.202521919,pce_champion,22.5,unknown,True,False,False
guarded_pipeline,2026-01,10.1002/adfm.202521919,pce_certified,20.04,unknown,True,False,False
guarded_pipeline,2026-01,10.1002/adfm.202521919,t80_h,600,unknown,True,False,False
guarded_pipeline,2026-01,10.1002/adfm.202524231,pce_champion,26.08,p-i-n,True,False,False
guarded_pipeline,2026-01,10.1002/adfm.202526993,pce_champion,26.18,p-i-n,True,False,False
guarded_pipeline,2026-01,10.1002/adfm.202529837,pce_champion,25.53,p-i-n,True,False,False
guarded_pipeline,2026-01,10.1002/adfm.202530978,pce_champion,23.27,unknown,True,False,False
guarded_pipeline,2026-01,10.1002/adfm.202531784,pce_champion,25.05,unknown,True,False,False
guarded_pipeline,2026-01,10.1002/adfm.202531784,t80_h,1000,unknown,True,False,False
guarded_pipeline,2026-01,10.1002/adfm.202531831,pce_champion,25.24,p-i-n,True,False,False
guarded_pipeline,2026-01,10.1002/adfm.202531852,pce_champion,25.32,n-i-p,True,False,False
guarded_pipeline,2026-01,10.1002/adma.202517596,pce_certified,27.1,p-i-n,True,False,False
guarded_pipeline,2026-01,10.1002/adma.202518582,pce_champion,26.61,module,True,False,False
guarded_pipeline,2026-01,10.1002/adma.202519138,pce_champion,26.35,p-i-n,True,False,False
guarded_pipeline,2026-01,10.1002/adma.202519138,t80_h,1392,p-i-n,True,False,False
guarded_pipeline,2026-01,10.1002/adma.202519934,pce_champion,16.29,unknown,True,False,False
guarded_pipeline,2026-01,10.1002/adma.202519934,pce_certified,15.88,unknown,True,False,False
guarded_pipeline,2026-01,10.1002/adma.202521878,pce_champion,26.07,p-i-n,True,False,False
guarded_pipeline,2026-01,10.1002/adma.202522652,pce_champion,25.23,n-i-p,True,False,False
guarded_pipeline,2026-01,10.1002/adma.202523338,pce_champion,29.35,tandem_2T,True,False,False
guarded_pipeline,2026-01,10.1002/adma.202523338,pce_certified,28.98,tandem_2T,True,False,False
guarded_pipeline,2026-01,10.1002/adma.202523338,active_area_cm2,0.05,tandem_2T,True,False,False
guarded_pipeline,2026-01,10.1002/advs.202522461,pce_champion,23.14,n-i-p,True,False,False
guarded_pipeline,2026-01,10.1002/aenm.202505931,pce_champion,13.78,module,True,False,False
guarded_pipeline,2026-01,10.1002/aenm.202505931,t80_h,268,module,True,False,False
guarded_pipeline,2026-01,10.1002/aenm.202506140,pce_champion,22.19,unknown,True,False,False
guarded_pipeline,2026-01,10.1002/aenm.202506619,pce_champion,31.85,tandem_2T,True,False,False
guarded_pipeline,2026-01,10.1002/aenm.202506630,pce_champion,21.67,p-i-n,True,False,False
guarded_pipeline,2026-01,10.1002/aenm.202506634,pce_champion,28.41,tandem_2T,True,False,False
guarded_pipeline,2026-01,10.1002/anie.202513535,pce_champion,26.29,p-i-n,True,False,False
guarded_pipeline,2026-01,10.1002/anie.202523665,pce_champion,26.6,p-i-n,True,False,False
guarded_pipeline,2026-01,10.1002/anie.202523665,pce_certified,26.24,p-i-n,True,False,False
guarded_pipeline,2026-01,10.1002/flm2.70033,pce_champion,20.77,unknown,True,False,False
guarded_pipeline,2026-01,10.1002/pip.70070,pce_champion,22.93,p-i-n,True,False,False
guarded_pipeline,2026-01,10.1002/rar2.70162,pce_champion,16.0,unknown,True,False,False
guarded_pipeline,2026-01,10.1002/rar2.70162,pce_certified,15.06,unknown,True,False,False
guarded_pipeline,2026-01,10.1002/smll.202508334,pce_champion,21.82,unknown,True,False,False
guarded_pipeline,2026-01,10.1002/smll.202510652,pce_champion,28.63,tandem_2T,True,False,False
guarded_pipeline,2026-01,10.1002/smll.202512469,pce_champion,23.25,unknown,True,False,False
guarded_pipeline,2026-01,10.1002/smll.202512942,pce_champion,26.12,p-i-n,True,False,False
guarded_pipeline,2026-01,10.1002/smll.202513111,pce_champion,20.55,unknown,True,False,False
guarded_pipeline,2026-01,10.1002/smll.202513842,pce_champion,22.97,p-i-n,True,False,False
guarded_pipeline,2026-01,10.1002/smll.202514524,pce_champion,25.17,p-i-n,True,False,False
guarded_pipeline,2026-01,10.1007/s40820-025-01959-y,pce_champion,30.97,tandem_4T,True,False,False
guarded_pipeline,2026-01,10.1007/s40820-025-01959-y,pce_certified,23.42,tandem_4T,True,False,False
guarded_pipeline,2026-01,10.1007/s40820-025-01962-3,pce_champion,29.73,tandem_2T,True,False,False
guarded_pipeline,2026-01,10.1007/s40820-025-01962-3,pce_certified,28.25,tandem_2T,True,False,False
guarded_pipeline,2026-01,10.1007/s40820-025-01962-3,active_area_cm2,0.135,tandem_2T,True,False,False
guarded_pipeline,2026-01,10.1007/s40820-025-02006-6,pce_champion,28.49,tandem_2T,True,False,False
guarded_pipeline,2026-01,10.1007/s40820-025-02010-w,pce_champion,25.6,p-i-n,True,False,False
guarded_pipeline,2026-01,10.1007/s40820-025-02037-z,pce_champion,26.49,tandem_2T,True,False,False
guarded_pipeline,2026-01,10.1007/s40820-025-02037-z,pce_certified,25.56,tandem_2T,True,False,False
guarded_pipeline,2026-01,10.1016/j.decarb.2026.100147,pce_champion,24.75,p-i-n,True,False,False
guarded_pipeline,2026-01,10.1016/j.decarb.2026.100147,active_area_cm2,0.039,p-i-n,True,False,False
guarded_pipeline,2026-01,10.1016/j.matre.2026.100406,pce_champion,20.62,unknown,True,False,False
guarded_pipeline,2026-01,10.1021/acs.jpclett.5c03815,pce_champion,23.19,p-i-n,True,False,False
guarded_pipeline,2026-01,10.1021/acs.nanolett.5c05593,pce_champion,26.1,p-i-n,True,False,False
guarded_pipeline,2026-01,10.1021/acs.nanolett.5c05593,pce_certified,25.66,p-i-n,True,False,False
guarded_pipeline,2026-01,10.1021/acsaem.5c03125,pce_champion,20.21,p-i-n,True,False,False
guarded_pipeline,2026-01,10.1021/acsaem.5c03260,pce_champion,14.6,unknown,True,False,False
guarded_pipeline,2026-01,10.1021/acsaem.5c03964,pce_champion,0.955,p-i-n,True,False,False
guarded_pipeline,2026-01,10.1021/acsami.5c12441,pce_champion,6.17,unknown,True,False,False
guarded_pipeline,2026-01,10.1021/acsami.5c18622,pce_champion,20.9,unknown,True,False,False
guarded_pipeline,2026-01,10.1021/acsami.5c18622,t80_h,460,unknown,True,False,False
guarded_pipeline,2026-01,10.1021/acsami.5c22927,pce_champion,24.09,unknown,True,False,False
guarded_pipeline,2026-01,10.1021/acsami.5c22974,pce_champion,20.41,unknown,True,False,False
guarded_pipeline,2026-01,10.1021/acsami.5c23126,pce_champion,22.67,unknown,True,False,False
guarded_pipeline,2026-01,10.1021/acsami.5c23126,active_area_cm2,4,unknown,True,False,False
guarded_pipeline,2026-01,10.1021/acsenergylett.5c03328,pce_champion,26.39,p-i-n,True,False,False
guarded_pipeline,2026-01,10.1021/acsenergylett.5c03470,pce_champion,25.46,unknown,True,False,False
guarded_pipeline,2026-01,10.1021/acsenergylett.5c03901,pce_champion,26.01,unknown,True,False,False
guarded_pipeline,2026-01,10.1021/acsenergylett.5c03901,active_area_cm2,14,unknown,True,False,False
guarded_pipeline,2026-01,10.1021/jacs.5c16976,pce_champion,26.66,unknown,True,False,False
guarded_pipeline,2026-01,10.1021/jacs.5c16976,pce_certified,26.35,unknown,True,False,False
guarded_pipeline,2026-01,10.1038/s41467-025-68125-1,pce_champion,20.4,tandem_2T,True,False,False
guarded_pipeline,2026-01,10.1038/s41467-025-68207-0,pce_champion,26.2,p-i-n,True,False,False
guarded_pipeline,2026-01,10.1038/s41467-025-68207-0,active_area_cm2,0.072,p-i-n,True,False,False
guarded_pipeline,2026-01,10.1038/s41467-025-68213-2,pce_champion,29.2,tandem_2T,True,False,False
guarded_pipeline,2026-01,10.1038/s41467-025-68213-2,pce_certified,29.2,tandem_2T,True,False,False
guarded_pipeline,2026-01,10.1038/s41467-025-68213-2,t80_h,800,tandem_2T,True,False,False
guarded_pipeline,2026-01,10.1038/s41467-025-68219-w,pce_champion,24.31,unknown,True,False,False
guarded_pipeline,2026-01,10.1038/s41467-025-68231-0,pce_certified,25.62,n-i-p,True,False,False
guarded_pipeline,2026-01,10.1038/s41467-025-68231-0,active_area_cm2,22.8,n-i-p,True,False,False
guarded_pipeline,2026-01,10.1038/s41467-026-68439-8,pce_champion,26.5,unknown,True,False,False
guarded_pipeline,2026-01,10.1038/s41467-026-68439-8,active_area_cm2,0.0665,unknown,True,False,False
guarded_pipeline,2026-01,10.1038/s41467-026-68904-4,pce_champion,27.11,tandem_2T,True,False,False
guarded_pipeline,2026-01,10.1038/s41467-026-68904-4,pce_certified,26.3,tandem_2T,True,False,False
guarded_pipeline,2026-01,10.1126/science.aea0656,pce_champion,25.4,p-i-n,True,False,False
guarded_pipeline,2026-01,10.1126/science.aea0656,pce_certified,25.4,p-i-n,True,False,False
guarded_pipeline,2026-01,10.1126/science.aea0656,active_area_cm2,1.1,p-i-n,True,False,False
guarded_pipeline,2026-01,10.1126/science.aea8228,pce_champion,26.6,n-i-p,True,False,False
guarded_pipeline,2026-01,10.1126/science.aea8228,pce_certified,26.5,n-i-p,True,False,False
guarded_pipeline,2026-01,10.1186/s43074-025-00219-x,active_area_cm2,0.1,n-i-p,True,False,False
guarded_pipeline,2026-01,10.26434/chemrxiv.10001581/v1,pce_champion,12.16,n-i-p,True,False,False
guarded_pipeline,2026-01,10.3390/nano16030188,pce_champion,17.93,p-i-n,True,False,False
guarded_pipeline,2026-01,10.48550/arxiv.2601.23191,pce_champion,24.2,unknown,True,False,False
guarded_pipeline,2026-02,10.1002/adfm.202524302,pce_champion,25.82,unknown,True,False,False
guarded_pipeline,2026-02,10.1002/adfm.202524302,active_area_cm2,1,unknown,True,False,False
guarded_pipeline,2026-02,10.1002/adfm.202526679,pce_champion,26,p-i-n,True,False,False
guarded_pipeline,2026-02,10.1002/adfm.202529457,pce_champion,25.5,unknown,True,False,False
guarded_pipeline,2026-02,10.1002/adfm.202532066,pce_champion,21.13,p-i-n,True,False,False
guarded_pipeline,2026-02,10.1002/adfm.202532100,pce_champion,25.24,p-i-n,True,False,False
guarded_pipeline,2026-02,10.1002/adfm.202532100,t80_h,500,p-i-n,True,False,False
guarded_pipeline,2026-02,10.1002/adfm.74503,pce_champion,23.3,p-i-n,True,False,False
guarded_pipeline,2026-02,10.1002/adfm.74659,pce_champion,28.58,tandem_2T,True,False,False
guarded_pipeline,2026-02,10.1002/adma.202519267,pce_champion,26.45,p-i-n,True,False,False
guarded_pipeline,2026-02,10.1002/adma.202519339,pce_champion,28.01,p-i-n,True,False,False
guarded_pipeline,2026-02,10.1002/adma.202519339,pce_certified,25.94,p-i-n,True,False,False
guarded_pipeline,2026-02,10.1002/adma.202520776,pce_champion,24.3,unknown,True,False,False
guarded_pipeline,2026-02,10.1002/adma.202520776,active_area_cm2,1,unknown,True,False,False
guarded_pipeline,2026-02,10.1002/adma.202521129,pce_champion,32.19,tandem_2T,True,False,False
guarded_pipeline,2026-02,10.1002/adma.202521129,pce_certified,23.48,tandem_2T,True,False,False
guarded_pipeline,2026-02,10.1002/adma.202522508,pce_champion,26.5,unknown,True,False,False
guarded_pipeline,2026-02,10.1002/adma.202522508,pce_certified,26.22,unknown,True,False,False
guarded_pipeline,2026-02,10.1002/adma.202522508,active_area_cm2,0.06,unknown,True,False,False
guarded_pipeline,2026-02,10.1002/adma.202522942,pce_champion,29.03,tandem_2T,True,False,False
guarded_pipeline,2026-02,10.1002/adma.72622,pce_champion,26.9,p-i-n,True,False,False
guarded_pipeline,2026-02,10.1002/adma.72622,pce_certified,26.5,p-i-n,True,False,False
guarded_pipeline,2026-02,10.1002/adma.72622,active_area_cm2,1,p-i-n,True,False,False
guarded_pipeline,2026-02,10.1002/advs.202524013,pce_champion,17.58,unknown,True,False,False
guarded_pipeline,2026-02,10.1002/aenm.202503291,pce_champion,23.45,n-i-p,True,False,False
guarded_pipeline,2026-02,10.1002/aenm.202504928,pce_champion,22.3,module,True,False,False
guarded_pipeline,2026-02,10.1002/aenm.202504928,active_area_cm2,31.5,module,True,False,False
guarded_pipeline,2026-02,10.1002/aenm.202505854,pce_champion,22.53,unknown,True,False,False
guarded_pipeline,2026-02,10.1002/aenm.202505854,pce_certified,21.95,unknown,True,False,False
guarded_pipeline,2026-02,10.1002/aenm.202506610,pce_champion,22.2,unknown,True,False,False
guarded_pipeline,2026-02,10.1002/aenm.70755,pce_champion,28.34,tandem_2T,True,False,False
guarded_pipeline,2026-02,10.1002/aenm.70755,pce_certified,20.02,tandem_2T,True,False,False
guarded_pipeline,2026-02,10.1002/anie.202516537,pce_champion,26.41,p-i-n,True,False,False
guarded_pipeline,2026-02,10.1002/anie.202516537,active_area_cm2,64.68,p-i-n,True,False,False
guarded_pipeline,2026-02,10.1002/anie.202523799,pce_champion,25.79,n-i-p,True,False,False
guarded_pipeline,2026-02,10.1002/anie.202525815,pce_champion,26.9,unknown,True,False,False
guarded_pipeline,2026-02,10.1002/anie.202525815,pce_certified,26.75,unknown,True,False,False
guarded_pipeline,2026-02,10.1002/anie.202525815,active_area_cm2,10.24,unknown,True,False,False
guarded_pipeline,2026-02,10.1002/ente.202502217,pce_champion,17.79,unknown,True,False,False
guarded_pipeline,2026-02,10.1002/pip.70076,pce_champion,25.77,n-i-p,True,False,False
guarded_pipeline,2026-02,10.1002/pip.70083,pce_champion,21.12,p-i-n,True,False,False
guarded_pipeline,2026-02,10.1002/smll.202511627,pce_champion,22.21,unknown,True,False,False
guarded_pipeline,2026-02,10.1002/smll.202512151,pce_champion,20.41,unknown,True,False,False
guarded_pipeline,2026-02,10.1002/smll.202512729,pce_champion,24.79,n-i-p,True,False,False
guarded_pipeline,2026-02,10.1002/smll.202513958,pce_champion,29,tandem_2T,True,False,False
guarded_pipeline,2026-02,10.1002/smll.202514211,pce_champion,25.02,p-i-n,True,False,False
guarded_pipeline,2026-02,10.1002/smll.72953,pce_champion,25.54,p-i-n,True,False,False
guarded_pipeline,2026-02,10.1002/solr.202500698,pce_champion,20.3,unknown,True,False,False
guarded_pipeline,2026-02,10.1002/solr.202500840,pce_champion,21.3,p-i-n,True,False,False
guarded_pipeline,2026-02,10.1002/solr.202500840,t80_h,700,p-i-n,True,False,False
guarded_pipeline,2026-02,10.1002/solr.202500859,pce_champion,15.52,none,True,False,False
guarded_pipeline,2026-02,10.1002/solr.202500906,pce_champion,19.61,unknown,True,False,False
guarded_pipeline,2026-02,10.1002/solr.202500951,pce_champion,22.14,n-i-p,True,False,False
guarded_pipeline,2026-02,10.1007/s40820-025-02058-8,pce_champion,26.22,p-i-n,True,False,False
guarded_pipeline,2026-02,10.1007/s40820-025-02058-8,active_area_cm2,6.8,p-i-n,True,False,False
guarded_pipeline,2026-02,10.1007/s40820-025-02058-8,t80_h,1050,p-i-n,True,False,False
guarded_pipeline,2026-02,10.1007/s40820-026-02098-8,pce_champion,26.13,unknown,True,False,False
guarded_pipeline,2026-02,10.1016/j.egyr.2026.109131,pce_champion,32.39,n-i-p,True,False,False
guarded_pipeline,2026-02,10.1016/j.matdes.2026.115695,pce_champion,30,unknown,True,False,False
guarded_pipeline,2026-02,10.1016/j.scib.2026.02.050,pce_champion,26.54,p-i-n,True,False,False
guarded_pipeline,2026-02,10.1016/j.solener.2026.114393,pce_champion,24.64,n-i-p,True,False,False
guarded_pipeline,2026-02,10.1016/j.solmat.2026.114173,pce_champion,20.28,unknown,True,False,False
guarded_pipeline,2026-02,10.1016/j.solmat.2026.114223,pce_champion,22.1,tandem_2T,True,False,False
guarded_pipeline,2026-02,10.1016/j.solmat.2026.114223,active_area_cm2,16,tandem_2T,True,False,False
guarded_pipeline,2026-02,10.1016/j.solmat.2026.114233,pce_champion,20,n-i-p,True,False,False
guarded_pipeline,2026-02,10.1021/acs.jpclett.5c03830,pce_champion,24.9,unknown,True,False,False
guarded_pipeline,2026-02,10.1021/acs.jpclett.5c03830,active_area_cm2,0.055,unknown,True,False,False
guarded_pipeline,2026-02,10.1021/acs.jpclett.5c04038,pce_champion,25.72,unknown,True,False,False
guarded_pipeline,2026-02,10.1021/acs.jpclett.6c00022,pce_champion,19.35,p-i-n,True,False,False
guarded_pipeline,2026-02,10.1021/acsaem.5c03517,pce_champion,20.2,p-i-n,True,False,False
guarded_pipeline,2026-02,10.1021/acsaem.5c03517,t80_h,1347,p-i-n,True,False,False
guarded_pipeline,2026-02,10.1021/acsaem.5c03794,pce_champion,8.0,p-i-n,True,False,False
guarded_pipeline,2026-02,10.1021/acsaem.5c03966,pce_champion,14.81,unknown,True,False,False
guarded_pipeline,2026-02,10.1021/acsaem.5c04086,pce_champion,6.92,n-i-p,True,False,False
guarded_pipeline,2026-02,10.1021/acsaem.6c00408,pce_champion,25.13,tandem_4T,True,False,False
guarded_pipeline,2026-02,10.1021/acsami.5c20363,pce_champion,20.2,unknown,True,False,False
guarded_pipeline,2026-02,10.1021/acsami.5c21487,pce_champion,23.27,p-i-n,True,False,False
guarded_pipeline,2026-02,10.1021/acsami.5c21997,pce_champion,22.4,unknown,True,False,False
guarded_pipeline,2026-02,10.1021/acsami.5c22032,pce_champion,20.8,unknown,True,False,False
guarded_pipeline,2026-02,10.1021/acsami.5c22032,active_area_cm2,59.5,unknown,True,False,False
guarded_pipeline,2026-02,10.1021/acsami.5c23217,pce_champion,21.22,p-i-n,True,False,False
guarded_pipeline,2026-02,10.1021/acsami.5c23217,active_area_cm2,0.06,p-i-n,True,False,False
guarded_pipeline,2026-02,10.1021/acsami.5c24295,pce_champion,11.0,n-i-p,True,False,False
guarded_pipeline,2026-02,10.1021/acsami.5c24295,active_area_cm2,0.5,n-i-p,True,False,False
guarded_pipeline,2026-02,10.1021/acsenergylett.5c04010,active_area_cm2,1,tandem_2T,True,False,False
guarded_pipeline,2026-02,10.1021/acsenergylett.5c04127,pce_champion,32.73,tandem_2T,True,False,False
guarded_pipeline,2026-02,10.1021/acsenergylett.5c04127,pce_certified,32.46,tandem_2T,True,False,False
guarded_pipeline,2026-02,10.1021/acsenergylett.5c04203,pce_certified,24.5,tandem_2T,True,False,False
guarded_pipeline,2026-02,10.1021/acsenergylett.5c04203,active_area_cm2,1,tandem_2T,True,False,False
guarded_pipeline,2026-02,10.1021/acsnano.5c18423,pce_champion,22.51,unknown,True,False,False
guarded_pipeline,2026-02,10.1021/acsnano.5c18423,active_area_cm2,0.16,unknown,True,False,False
guarded_pipeline,2026-02,10.1021/acsnano.5c21709,pce_champion,25.61,p-i-n,True,False,False
guarded_pipeline,2026-02,10.1021/acsnano.5c21709,pce_certified,25.11,p-i-n,True,False,False
guarded_pipeline,2026-02,10.1021/jacs.5c18303,pce_certified,26.4,p-i-n,True,False,False
guarded_pipeline,2026-02,10.1021/jacs.5c18303,active_area_cm2,0.05,p-i-n,True,False,False
guarded_pipeline,2026-02,10.1038/s41467-025-68236-9,pce_champion,25,n-i-p,True,False,False
guarded_pipeline,2026-02,10.1038/s41467-026-69198-2,pce_champion,26.18,n-i-p,True,False,False
guarded_pipeline,2026-02,10.1038/s41467-026-69198-2,pce_certified,26.23,n-i-p,True,False,False
guarded_pipeline,2026-02,10.1038/s41467-026-69264-9,pce_champion,22.03,module,True,False,False
guarded_pipeline,2026-02,10.1038/s41467-026-69264-9,active_area_cm2,10.13,module,True,False,False
guarded_pipeline,2026-02,10.1038/s41467-026-69391-3,pce_champion,26.62,unknown,True,False,False
guarded_pipeline,2026-02,10.1038/s41467-026-69391-3,pce_certified,26.07,unknown,True,False,False
guarded_pipeline,2026-02,10.1038/s41467-026-69685-6,pce_champion,24.7,module,True,False,False
guarded_pipeline,2026-02,10.1038/s41467-026-69685-6,pce_certified,23.55,module,True,False,False
guarded_pipeline,2026-02,10.1038/s41467-026-69685-6,active_area_cm2,100,module,True,False,False
guarded_pipeline,2026-02,10.1038/s41560-026-01993-z,pce_champion,27.2,unknown,True,False,False
guarded_pipeline,2026-02,10.1038/s41560-026-01993-z,pce_certified,26.9,unknown,True,False,False
guarded_pipeline,2026-02,10.1038/s41563-026-02494-w,pce_champion,19.3,unknown,True,False,False
guarded_pipeline,2026-02,10.1038/s41563-026-02494-w,pce_certified,18.35,unknown,True,False,False
guarded_pipeline,2026-02,10.1038/s41563-026-02494-w,active_area_cm2,0.25,unknown,True,False,False
guarded_pipeline,2026-02,10.1126/sciadv.aea7629,pce_champion,26.3,unknown,True,False,False
guarded_pipeline,2026-02,10.1126/sciadv.aea7629,pce_certified,25.8,unknown,True,False,False
guarded_pipeline,2026-02,10.1126/sciadv.aea7629,active_area_cm2,0.07,unknown,True,False,False
guarded_pipeline,2026-02,10.1126/science.aea3339,pce_champion,27.1,p-i-n,True,False,False
guarded_pipeline,2026-02,10.1126/science.aea3339,pce_certified,26.6,p-i-n,True,False,False
guarded_pipeline,2026-02,10.1186/s40580-026-00541-5,pce_champion,16.88,unknown,True,False,False
guarded_pipeline,2026-02,10.26599/nre.2026.9120218,pce_champion,25.06,unknown,True,False,False
guarded_pipeline,2026-02,10.48550/arxiv.2602.04914,pce_champion,26.0,unknown,True,False,False
guarded_pipeline,2026-02,10.48550/arxiv.2602.15759,pce_champion,31.76,n-i-p,True,False,False
guarded_pipeline,2026-03,10.1002/adfm.202526009,pce_champion,31.43,tandem_2T,True,False,False
guarded_pipeline,2026-03,10.1002/adfm.202530037,pce_champion,26.1,n-i-p,True,False,False
guarded_pipeline,2026-03,10.1002/adfm.202531060,pce_champion,25.27,p-i-n,True,False,False
guarded_pipeline,2026-03,10.1002/adfm.202531060,t80_h,1300,p-i-n,True,False,False
guarded_pipeline,2026-03,10.1002/adfm.202531734,pce_champion,26.2,n-i-p,True,False,False
guarded_pipeline,2026-03,10.1002/adfm.202532203,pce_champion,19.89,module,True,False,False
guarded_pipeline,2026-03,10.1002/adfm.202532203,active_area_cm2,16.41,module,True,False,False
guarded_pipeline,2026-03,10.1002/adfm.202532205,active_area_cm2,900,module,True,False,False
guarded_pipeline,2026-03,10.1002/adfm.74817,pce_champion,25,p-i-n,True,False,False
guarded_pipeline,2026-03,10.1002/adfm.74893,pce_champion,25.81,n-i-p,True,False,False
guarded_pipeline,2026-03,10.1002/adfm.74893,t80_h,4000,n-i-p,True,False,False
guarded_pipeline,2026-03,10.1002/adfm.75040,pce_champion,25.31,p-i-n,True,False,False
guarded_pipeline,2026-03,10.1002/adfm.75104,pce_champion,25.82,n-i-p,True,False,False
guarded_pipeline,2026-03,10.1002/adfm.75159,pce_champion,25,p-i-n,True,False,False
guarded_pipeline,2026-03,10.1002/adma.202520432,pce_champion,26.84,unknown,True,False,False
guarded_pipeline,2026-03,10.1002/adma.202520432,pce_certified,26.78,unknown,True,False,False
guarded_pipeline,2026-03,10.1002/adma.202521898,pce_champion,28.59,tandem_2T,True,False,False
guarded_pipeline,2026-03,10.1002/adma.202521898,pce_certified,19.95,tandem_2T,True,False,False
guarded_pipeline,2026-03,10.1002/adma.202521898,active_area_cm2,0.0396,tandem_2T,True,False,False
guarded_pipeline,2026-03,10.1002/adma.202522790,pce_champion,29.58,tandem_2T,True,False,False
guarded_pipeline,2026-03,10.1002/adma.202523249,pce_champion,26.58,p-i-n,True,False,False
guarded_pipeline,2026-03,10.1002/adma.202523249,pce_certified,26.13,p-i-n,True,False,False
guarded_pipeline,2026-03,10.1002/adma.202523630,pce_champion,26.52,n-i-p,True,False,False
guarded_pipeline,2026-03,10.1002/adma.72738,pce_champion,32.43,tandem_2T,True,False,False
guarded_pipeline,2026-03,10.1002/adma.72755,pce_champion,29.67,tandem_2T,True,False,False
guarded_pipeline,2026-03,10.1002/adma.72756,pce_champion,22.76,unknown,True,False,False
guarded_pipeline,2026-03,10.1002/adma.72756,pce_certified,21.69,unknown,True,False,False
guarded_pipeline,2026-03,10.1002/adma.72823,pce_champion,26.95,unknown,True,False,False
guarded_pipeline,2026-03,10.1002/adma.72823,pce_certified,26.69,unknown,True,False,False
guarded_pipeline,2026-03,10.1002/adma.72936,pce_champion,29.01,tandem_2T,True,False,False
guarded_pipeline,2026-03,10.1002/adom.202503341,pce_certified,34.85,tandem_2T,True,False,False
guarded_pipeline,2026-03,10.1002/advs.202524311,pce_champion,25.54,unknown,True,False,False
guarded_pipeline,2026-03,10.1002/advs.202524338,pce_champion,21.65,p-i-n,True,False,False
guarded_pipeline,2026-03,10.1002/advs.202524338,t80_h,1440,p-i-n,True,False,False
guarded_pipeline,2026-03,10.1002/aenm.202506423,pce_champion,25.29,n-i-p,True,False,False
guarded_pipeline,2026-03,10.1002/aenm.202506494,pce_champion,22.2,n-i-p,True,False,False
guarded_pipeline,2026-03,10.1002/aenm.202506494,active_area_cm2,0.12,n-i-p,True,False,False
guarded_pipeline,2026-03,10.1002/aenm.202506760,pce_champion,25.92,unknown,True,False,False
guarded_pipeline,2026-03,10.1002/aenm.202506762,pce_champion,23.5,unknown,True,False,False
guarded_pipeline,2026-03,10.1002/aenm.70806,pce_certified,26.35,p-i-n,True,False,False
guarded_pipeline,2026-03,10.1002/aenm.70814,pce_champion,26.73,p-i-n,True,False,False
guarded_pipeline,2026-03,10.1002/anie.202519239,pce_champion,25.53,unknown,True,False,False
guarded_pipeline,2026-03,10.1002/anie.202520159,pce_champion,25.57,unknown,True,False,False
guarded_pipeline,2026-03,10.1002/anie.202520159,active_area_cm2,0.09,unknown,True,False,False
guarded_pipeline,2026-03,10.1002/anie.2660254,pce_champion,25.47,n-i-p,True,False,False
guarded_pipeline,2026-03,10.1002/anie.3450174,pce_champion,26.22,unknown,True,False,False
guarded_pipeline,2026-03,10.1002/anie.4012708,pce_champion,26.48,p-i-n,True,False,False
guarded_pipeline,2026-03,10.1002/anie.4012708,active_area_cm2,11.0,p-i-n,True,False,False
guarded_pipeline,2026-03,10.1002/anie.5296449,pce_champion,15.42,unknown,True,False,False
guarded_pipeline,2026-03,10.1002/anie.5319815,pce_champion,26.52,p-i-n,True,False,False
guarded_pipeline,2026-03,10.1002/anie.8473744,pce_champion,26.88,p-i-n,True,False,False
guarded_pipeline,2026-03,10.1002/anie.8890696,pce_champion,26.49,p-i-n,True,False,False
guarded_pipeline,2026-03,10.1002/anie.8890696,pce_certified,26.2,p-i-n,True,False,False
guarded_pipeline,2026-03,10.1002/eem2.70329,pce_champion,20.8,unknown,True,False,False
guarded_pipeline,2026-03,10.1002/eem2.70329,t80_h,800,unknown,True,False,False
guarded_pipeline,2026-03,10.1002/ente.202502035,pce_champion,15.63,n-i-p,True,False,False
guarded_pipeline,2026-03,10.1002/flm2.70045,pce_champion,27.5,module,True,False,False
guarded_pipeline,2026-03,10.1002/flm2.70045,pce_certified,23.0,module,True,False,False
guarded_pipeline,2026-03,10.1002/flm2.70045,active_area_cm2,0.049,module,True,False,False
guarded_pipeline,2026-03,10.1002/inf2.70132,pce_champion,22.44,tandem_2T,True,False,False
guarded_pipeline,2026-03,10.1002/inf2.70140,pce_champion,26.34,p-i-n,True,False,False
guarded_pipeline,2026-03,10.1002/inf2.70140,pce_certified,25.9,p-i-n,True,False,False
guarded_pipeline,2026-03,10.1002/lpor.202501531,pce_champion,24.71,unknown,True,False,False
guarded_pipeline,2026-03,10.1002/pip.70077,pce_champion,21.87,tandem_4T,True,False,False
guarded_pipeline,2026-03,10.1002/pip.70077,t80_h,1600,tandem_4T,True,False,False
guarded_pipeline,2026-03,10.1002/pip.70101,pce_champion,20.54,unknown,True,False,False
guarded_pipeline,2026-03,10.1002/smll.202512864,pce_champion,19.5,unknown,True,False,False
guarded_pipeline,2026-03,10.1002/smll.202513845,pce_champion,22.4,unknown,True,False,False
guarded_pipeline,2026-03,10.1002/smll.202514249,pce_champion,25.38,n-i-p,True,False,False
guarded_pipeline,2026-03,10.1002/smll.202514478,pce_champion,25.63,p-i-n,True,False,False
guarded_pipeline,2026-03,10.1002/smll.202514478,active_area_cm2,20.25,p-i-n,True,False,False
guarded_pipeline,2026-03,10.1002/smll.202514519,pce_champion,2.11,n-i-p,True,False,False
guarded_pipeline,2026-03,10.1002/smll.202600050,pce_champion,23.3,p-i-n,True,False,False
guarded_pipeline,2026-03,10.1002/smll.202600050,active_area_cm2,0.09,p-i-n,True,False,False
guarded_pipeline,2026-03,10.1002/solr.202600003,pce_champion,16.5,unknown,True,False,False
guarded_pipeline,2026-03,10.1002/solr.202600005,pce_champion,24.96,unknown,True,False,False
guarded_pipeline,2026-03,10.1002/solr.202600009,pce_champion,18.11,none,True,False,False
guarded_pipeline,2026-03,10.1002/solr.70310,pce_champion,21.04,p-i-n,True,False,False
guarded_pipeline,2026-03,10.1002/solr.70317,pce_champion,23.81,n-i-p,True,False,False
guarded_pipeline,2026-03,10.1002/solr.70318,pce_champion,22,p-i-n,True,False,False
guarded_pipeline,2026-03,10.1002/solr.70322,pce_champion,22.04,unknown,True,False,False
guarded_pipeline,2026-03,10.1002/solr.70324,pce_champion,22.5,unknown,True,False,False
guarded_pipeline,2026-03,10.1002/solr.70324,active_area_cm2,0.105,unknown,True,False,False
guarded_pipeline,2026-03,10.1002/solr.70324,t80_h,1200,unknown,True,False,False
guarded_pipeline,2026-03,10.1007/s40820-026-02145-4,pce_champion,26.13,unknown,True,False,False
guarded_pipeline,2026-03,10.1007/s40820-026-02150-7,pce_champion,26.12,p-i-n,True,False,False
guarded_pipeline,2026-03,10.1016/j.chempr.2026.102941,pce_champion,23.67,p-i-n,True,False,False
guarded_pipeline,2026-03,10.1016/j.chempr.2026.102941,active_area_cm2,0.108,p-i-n,True,False,False
guarded_pipeline,2026-03,10.1016/j.esci.2026.100563,pce_champion,32.17,tandem_2T,True,False,False
guarded_pipeline,2026-03,10.1016/j.esci.2026.100563,pce_certified,31.93,tandem_2T,True,False,False
guarded_pipeline,2026-03,10.1016/j.esci.2026.100563,active_area_cm2,1.0,tandem_2T,True,False,False
guarded_pipeline,2026-03,10.1016/j.jcis.2026.140227,pce_champion,25.44,unknown,True,False,False
guarded_pipeline,2026-03,10.1016/j.joule.2025.102310,pce_champion,26.13,n-i-p,True,False,False
guarded_pipeline,2026-03,10.1016/j.mtsust.2026.101347,pce_champion,21.64,unknown,True,False,False
guarded_pipeline,2026-03,10.1021/acs.jpclett.6c00054,pce_champion,10.24,unknown,True,False,False
guarded_pipeline,2026-03,10.1021/acs.jpclett.6c00286,pce_champion,24.13,n-i-p,True,False,False
guarded_pipeline,2026-03,10.1021/acs.jpclett.6c00402,pce_champion,11.81,unknown,True,False,False
guarded_pipeline,2026-03,10.1021/acs.nanolett.5c06029,pce_champion,25.75,p-i-n,True,False,False
guarded_pipeline,2026-03,10.1021/acs.nanolett.5c06029,t80_h,1400,p-i-n,True,False,False
guarded_pipeline,2026-03,10.1021/acsaem.5c03696,pce_champion,19.16,p-i-n,True,False,False
guarded_pipeline,2026-03,10.1021/acsaem.5c04004,pce_champion,17.13,n-i-p,True,False,False
guarded_pipeline,2026-03,10.1021/acsaem.5c04098,pce_champion,17.07,unknown,True,False,False
guarded_pipeline,2026-03,10.1021/acsaem.5c04098,t80_h,1360,unknown,True,False,False
guarded_pipeline,2026-03,10.1021/acsaem.6c00059,active_area_cm2,0.09,p-i-n,True,False,False
guarded_pipeline,2026-03,10.1021/acsaem.6c00375,pce_champion,20.69,p-i-n,True,False,False
guarded_pipeline,2026-03,10.1021/acsaem.6c00375,active_area_cm2,0.148,p-i-n,True,False,False
guarded_pipeline,2026-03,10.1021/acsaem.6c00562,pce_champion,26.41,p-i-n,True,False,False
guarded_pipeline,2026-03,10.1021/acsami.5c20743,pce_champion,25.47,p-i-n,True,False,False
guarded_pipeline,2026-03,10.1021/acsami.5c24915,pce_champion,25.04,unknown,True,False,False
guarded_pipeline,2026-03,10.1021/acsami.6c00026,pce_champion,21.83,p-i-n,True,False,False
guarded_pipeline,2026-03,10.1021/acsami.6c00026,t80_h,560,p-i-n,True,False,False
guarded_pipeline,2026-03,10.1021/acsami.6c00054,pce_champion,26.09,p-i-n,True,False,False
guarded_pipeline,2026-03,10.1021/acsami.6c00384,pce_champion,20.7,p-i-n,True,False,False
guarded_pipeline,2026-03,10.1021/acsami.6c00384,active_area_cm2,0.148,p-i-n,True,False,False
guarded_pipeline,2026-03,10.1021/acsenergylett.5c03999,pce_champion,26.06,unknown,True,False,False
guarded_pipeline,2026-03,10.1021/acsenergylett.5c04082,pce_champion,31.7,tandem_2T,True,False,False
guarded_pipeline,2026-03,10.1021/acsenergylett.5c04174,pce_champion,16.36,unknown,True,False,False
guarded_pipeline,2026-03,10.1021/acsenergylett.5c04210,pce_champion,10.6,p-i-n,True,False,False
guarded_pipeline,2026-03,10.1021/acsenergylett.5c04243,pce_champion,28.43,tandem_2T,True,False,False
guarded_pipeline,2026-03,10.1021/acsenergylett.5c04243,t80_h,1000,tandem_2T,True,False,False
guarded_pipeline,2026-03,10.1021/acsenergylett.6c00156,pce_champion,29,unknown,True,False,False
guarded_pipeline,2026-03,10.1021/acsenergylett.6c00328,pce_champion,21.5,unknown,True,False,False
guarded_pipeline,2026-03,10.1021/acsenergylett.6c00385,pce_champion,15.69,unknown,True,False,False
guarded_pipeline,2026-03,10.1021/acsnano.5c18895,pce_champion,26.3,p-i-n,True,False,False
guarded_pipeline,2026-03,10.1021/jacs.6c02548,pce_champion,26.56,unknown,True,False,False
guarded_pipeline,2026-03,10.1021/jacs.6c02548,pce_certified,26.37,unknown,True,False,False
guarded_pipeline,2026-03,10.1038/s41467-026-69687-4,pce_champion,22.6,unknown,True,False,False
guarded_pipeline,2026-03,10.1038/s41467-026-69687-4,pce_certified,22.02,unknown,True,False,False
guarded_pipeline,2026-03,10.1038/s41467-026-70002-4,pce_champion,19.45,tandem_4T,True,False,False
guarded_pipeline,2026-03,10.1038/s41467-026-70002-4,active_area_cm2,60,tandem_4T,True,False,False
guarded_pipeline,2026-03,10.1038/s41467-026-70022-0,pce_champion,26.55,p-i-n,True,False,False
guarded_pipeline,2026-03,10.1038/s41467-026-70697-5,pce_champion,26.5,p-i-n,True,False,False
guarded_pipeline,2026-03,10.1038/s41467-026-70848-8,pce_champion,28.16,tandem_2T,True,False,False
guarded_pipeline,2026-03,10.1038/s41467-026-70848-8,pce_certified,27.7,tandem_2T,True,False,False
guarded_pipeline,2026-03,10.1038/s41467-026-70848-8,active_area_cm2,64.64,tandem_2T,True,False,False
guarded_pipeline,2026-03,10.1038/s41560-026-02027-4,pce_champion,26.25,unknown,True,False,False
guarded_pipeline,2026-03,10.1038/s41560-026-02027-4,pce_certified,25.61,unknown,True,False,False
guarded_pipeline,2026-03,10.1063/5.0297564,pce_champion,23.43,unknown,True,False,False
guarded_pipeline,2026-03,10.48550/arxiv.2603.21657,pce_champion,23.67,unknown,True,False,False
guarded_pipeline,2026-03,10.48550/arxiv.2603.21657,active_area_cm2,0.108,unknown,True,False,False
guarded_pipeline,2026-04,10.1002/adfm.202527584,pce_champion,25.7,p-i-n,True,False,False
guarded_pipeline,2026-04,10.1002/adfm.202527584,t80_h,2000,p-i-n,True,False,False
guarded_pipeline,2026-04,10.1002/adfm.202529123,pce_champion,25.56,unknown,True,False,False
guarded_pipeline,2026-04,10.1002/adfm.202529123,active_area_cm2,0.09,unknown,True,False,False
guarded_pipeline,2026-04,10.1002/adfm.202530317,pce_champion,26.44,p-i-n,True,False,False
guarded_pipeline,2026-04,10.1002/adfm.75295,pce_champion,26.47,p-i-n,True,False,False
guarded_pipeline,2026-04,10.1002/adfm.75311,pce_champion,31.8,tandem_2T,True,False,False
guarded_pipeline,2026-04,10.1002/adfm.75347,pce_champion,26.13,n-i-p,True,False,False
guarded_pipeline,2026-04,10.1002/adfm.75347,active_area_cm2,0.048,n-i-p,True,False,False
guarded_pipeline,2026-04,10.1002/adfm.75370,pce_champion,26.25,n-i-p,True,False,False
guarded_pipeline,2026-04,10.1002/adfm.75386,pce_champion,25.4,unknown,True,False,False
guarded_pipeline,2026-04,10.1002/adfm.75395,pce_champion,28.24,tandem_2T,True,False,False
guarded_pipeline,2026-04,10.1002/adfm.75412,pce_champion,26.02,n-i-p,True,False,False
guarded_pipeline,2026-04,10.1002/adfm.75435,pce_champion,26.32,p-i-n,True,False,False
guarded_pipeline,2026-04,10.1002/adfm.75548,pce_champion,21.5,none,True,False,False
guarded_pipeline,2026-04,10.1002/adma.202520251,pce_champion,26.61,p-i-n,True,False,False
guarded_pipeline,2026-04,10.1002/adma.202520577,pce_champion,26.2,n-i-p,True,False,False
guarded_pipeline,2026-04,10.1002/adma.202522668,pce_champion,29.3,tandem_2T,True,False,False
guarded_pipeline,2026-04,10.1002/adma.202523276,pce_champion,18.68,unknown,True,False,False
guarded_pipeline,2026-04,10.1002/adma.72986,pce_champion,26.75,tandem_2T,True,False,False
guarded_pipeline,2026-04,10.1002/adma.72986,active_area_cm2,0.09,tandem_2T,True,False,False
guarded_pipeline,2026-04,10.1002/adma.73011,pce_champion,28.76,tandem_2T,True,False,False
guarded_pipeline,2026-04,10.1002/adma.73011,pce_certified,27.99,tandem_2T,True,False,False
guarded_pipeline,2026-04,10.1002/adma.73036,pce_champion,26.17,p-i-n,True,False,False
guarded_pipeline,2026-04,10.1002/adma.73036,active_area_cm2,4,p-i-n,True,False,False
guarded_pipeline,2026-04,10.1002/adma.73038,pce_champion,29.36,tandem_2T,True,False,False
guarded_pipeline,2026-04,10.1002/adma.73038,pce_certified,28.57,tandem_2T,True,False,False
guarded_pipeline,2026-04,10.1002/adma.73056,pce_champion,25.63,unknown,True,False,False
guarded_pipeline,2026-04,10.1002/adma.73106,pce_champion,34.02,tandem_2T,True,False,False
guarded_pipeline,2026-04,10.1002/adma.73106,pce_certified,32.81,tandem_2T,True,False,False
guarded_pipeline,2026-04,10.1002/adma.73161,pce_champion,26.33,n-i-p,True,False,False
guarded_pipeline,2026-04,10.1002/adma.73161,pce_certified,26.29,n-i-p,True,False,False
guarded_pipeline,2026-04,10.1002/adma.73221,pce_champion,22.06,unknown,True,False,False
guarded_pipeline,2026-04,10.1002/adma.73221,active_area_cm2,1,unknown,True,False,False
guarded_pipeline,2026-04,10.1002/advs.202523042,pce_champion,22.2,unknown,True,False,False
guarded_pipeline,2026-04,10.1002/advs.202524360,pce_champion,25.13,n-i-p,True,False,False
guarded_pipeline,2026-04,10.1002/advs.202524360,t80_h,2000,n-i-p,True,False,False
guarded_pipeline,2026-04,10.1002/aenm.202505717,pce_champion,19.81,n-i-p,True,False,False
guarded_pipeline,2026-04,10.1002/aenm.70902,pce_champion,31.66,tandem_2T,True,False,False
guarded_pipeline,2026-04,10.1002/aenm.70910,pce_champion,28.67,tandem_2T,True,False,False
guarded_pipeline,2026-04,10.1002/aenm.70922,pce_champion,24.08,p-i-n,True,False,False
guarded_pipeline,2026-04,10.1002/aenm.70925,pce_champion,26.87,p-i-n,True,False,False
guarded_pipeline,2026-04,10.1002/aenm.70925,pce_certified,26.33,p-i-n,True,False,False
guarded_pipeline,2026-04,10.1002/aenm.70925,active_area_cm2,0.058,p-i-n,True,False,False
guarded_pipeline,2026-04,10.1002/aenm.70939,pce_champion,23.39,unknown,True,False,False
guarded_pipeline,2026-04,10.1002/aenm.70945,pce_champion,26.06,tandem_2T,True,False,False
guarded_pipeline,2026-04,10.1002/aenm.70966,pce_champion,26.78,p-i-n,True,False,False
guarded_pipeline,2026-04,10.1002/aenm.70966,pce_certified,26.44,p-i-n,True,False,False
guarded_pipeline,2026-04,10.1002/aenm.70966,active_area_cm2,0.08,p-i-n,True,False,False
guarded_pipeline,2026-04,10.1002/aenm.70991,pce_champion,26.1,n-i-p,True,False,False
guarded_pipeline,2026-04,10.1002/aenm.71005,pce_champion,26.62,p-i-n,True,False,False
guarded_pipeline,2026-04,10.1002/anie.202525625,pce_champion,25.54,p-i-n,True,False,False
guarded_pipeline,2026-04,10.1002/anie.202525625,pce_certified,25.36,p-i-n,True,False,False
guarded_pipeline,2026-04,10.1002/anie.202525646,pce_champion,26.19,p-i-n,True,False,False
guarded_pipeline,2026-04,10.1002/anie.3596437,pce_champion,27.05,p-i-n,True,False,False
guarded_pipeline,2026-04,10.1002/anie.3596437,active_area_cm2,0.09,p-i-n,True,False,False
guarded_pipeline,2026-04,10.1002/anie.5905435,pce_champion,26.63,tandem_2T,True,False,False
guarded_pipeline,2026-04,10.1002/anie.5905435,pce_certified,26.09,tandem_2T,True,False,False
guarded_pipeline,2026-04,10.1002/anie.7579788,pce_champion,26.12,p-i-n,True,False,False
guarded_pipeline,2026-04,10.1002/anie.9286497,pce_champion,26.87,p-i-n,True,False,False
guarded_pipeline,2026-04,10.1002/anie.9286497,active_area_cm2,0.045,p-i-n,True,False,False
guarded_pipeline,2026-04,10.1002/anie.9286497,t80_h,500,p-i-n,True,False,False
guarded_pipeline,2026-04,10.1002/anie.9551164,pce_champion,26.53,n-i-p,True,False,False
guarded_pipeline,2026-04,10.1002/anie.9551164,pce_certified,26.37,n-i-p,True,False,False
guarded_pipeline,2026-04,10.1002/anie.9708831,pce_champion,26.76,unknown,True,False,False
guarded_pipeline,2026-04,10.1002/cey2.70236,pce_champion,25.4,unknown,True,False,False
guarded_pipeline,2026-04,10.1002/ente.202502317,pce_champion,27.61,n-i-p,True,False,False
guarded_pipeline,2026-04,10.1002/ente.202502597,pce_champion,15.5,p-i-n,True,False,False
guarded_pipeline,2026-04,10.1002/ente.70483,pce_champion,13.41,unknown,True,False,False
guarded_pipeline,2026-04,10.1002/smll.202512808,pce_champion,35.54,unknown,True,False,False
guarded_pipeline,2026-04,10.1002/smll.73319,pce_champion,25.32,n-i-p,True,False,False
guarded_pipeline,2026-04,10.1002/smll.73348,pce_champion,25.24,p-i-n,True,False,False
guarded_pipeline,2026-04,10.1002/smll.73351,pce_champion,23.1,p-i-n,True,False,False
guarded_pipeline,2026-04,10.1002/smll.73353,pce_champion,26.1,unknown,True,False,False
guarded_pipeline,2026-04,10.1002/smll.73353,active_area_cm2,0.09,unknown,True,False,False
guarded_pipeline,2026-04,10.1002/smll.73404,pce_champion,23.69,tandem_4T,True,False,False
guarded_pipeline,2026-04,10.1002/smll.73436,pce_champion,26.47,p-i-n,True,False,False
guarded_pipeline,2026-04,10.1002/smll.73482,pce_champion,22.56,unknown,True,False,False
guarded_pipeline,2026-04,10.1002/smll.73517,pce_champion,25.39,p-i-n,True,False,False
guarded_pipeline,2026-04,10.1002/smll.73539,pce_champion,25.37,p-i-n,True,False,False
guarded_pipeline,2026-04,10.1002/smll.73566,pce_champion,11.55,n-i-p,True,False,False
guarded_pipeline,2026-04,10.1002/smll.73568,pce_champion,21.7,n-i-p,True,False,False
guarded_pipeline,2026-04,10.1002/smtd.70654,pce_champion,41.6,module,True,False,False
guarded_pipeline,2026-04,10.1002/smtd.70654,active_area_cm2,3.9,module,True,False,False
guarded_pipeline,2026-04,10.1002/solr.70323,pce_champion,22.17,unknown,True,False,False
guarded_pipeline,2026-04,10.1002/solr.70342,pce_champion,25.79,n-i-p,True,False,False
guarded_pipeline,2026-04,10.1002/solr.70344,pce_champion,22.45,n-i-p,True,False,False
guarded_pipeline,2026-04,10.1002/solr.70351,pce_champion,23.75,unknown,True,False,False
guarded_pipeline,2026-04,10.1002/solr.70353,pce_champion,23.3,module,True,False,False
guarded_pipeline,2026-04,10.1002/solr.70353,active_area_cm2,694.5,module,True,False,False
guarded_pipeline,2026-04,10.1002/solr.70354,pce_champion,13.84,unknown,True,False,False
guarded_pipeline,2026-04,10.1002/solr.70358,pce_champion,17.61,n-i-p,True,False,False
guarded_pipeline,2026-04,10.1007/s40820-026-02190-z,pce_champion,25.8,p-i-n,True,False,False
guarded_pipeline,2026-04,10.1016/j.cej.2026.176242,pce_champion,7.78,n-i-p,True,False,False
guarded_pipeline,2026-04,10.1016/j.cej.2026.176242,active_area_cm2,64,n-i-p,True,False,False
guarded_pipeline,2026-04,10.1016/j.rineng.2026.110377,pce_champion,12.53,none,True,False,False
guarded_pipeline,2026-04,10.1021/acs.jpclett.6c00211,pce_champion,23.5,unknown,True,False,False
guarded_pipeline,2026-04,10.1021/acs.jpclett.6c00345,pce_champion,25.8,unknown,True,False,False
guarded_pipeline,2026-04,10.1021/acs.jpclett.6c00826,pce_champion,26.13,p-i-n,True,False,False
guarded_pipeline,2026-04,10.1021/acs.jpclett.6c00826,t80_h,460,p-i-n,True,False,False
guarded_pipeline,2026-04,10.1021/acsaem.6c00280,pce_champion,17.45,p-i-n,True,False,False
guarded_pipeline,2026-04,10.1021/acsaem.6c00491,pce_champion,25.06,n-i-p,True,False,False
guarded_pipeline,2026-04,10.1021/acsami.5c26214,pce_champion,25.46,p-i-n,True,False,False
guarded_pipeline,2026-04,10.1021/acsami.6c00645,pce_champion,14.51,unknown,True,False,False
guarded_pipeline,2026-04,10.1021/acsami.6c00997,pce_champion,24.22,n-i-p,True,False,False
guarded_pipeline,2026-04,10.1021/acsami.6c02006,pce_champion,22.83,p-i-n,True,False,False
guarded_pipeline,2026-04,10.1021/acsami.6c02481,pce_champion,15.23,unknown,True,False,False
guarded_pipeline,2026-04,10.1021/acsami.6c03372,pce_champion,26.63,p-i-n,True,False,False
guarded_pipeline,2026-04,10.1021/acsami.6c03372,active_area_cm2,0.09,p-i-n,True,False,False
guarded_pipeline,2026-04,10.1021/acsami.6c03670,pce_champion,23.64,p-i-n,True,False,False
guarded_pipeline,2026-04,10.1021/acsami.6c03928,pce_champion,24.6,p-i-n,True,False,False
guarded_pipeline,2026-04,10.1021/acsami.6c04956,pce_champion,26.06,unknown,True,False,False
guarded_pipeline,2026-04,10.1021/acsenergylett.5c03637,pce_champion,25.65,p-i-n,True,False,False
guarded_pipeline,2026-04,10.1021/acsenergylett.6c00044,pce_champion,16.33,unknown,True,False,False
guarded_pipeline,2026-04,10.1021/acsenergylett.6c00166,pce_champion,32.15,tandem_2T,True,False,False
guarded_pipeline,2026-04,10.1021/acsenergylett.6c00507,pce_champion,24.1,n-i-p,True,False,False
guarded_pipeline,2026-04,10.1021/acsenergylett.6c00617,pce_champion,28.77,tandem_2T,True,False,False
guarded_pipeline,2026-04,10.1021/acsenergylett.6c00617,pce_certified,28.53,tandem_2T,True,False,False
guarded_pipeline,2026-04,10.1021/acsenergylett.6c00983,pce_champion,25.1,unknown,True,False,False
guarded_pipeline,2026-04,10.1021/acsenergylett.6c00983,t80_h,1380,unknown,True,False,False
guarded_pipeline,2026-04,10.1021/acssuschemeng.5c13860,pce_champion,26.31,p-i-n,True,False,False
guarded_pipeline,2026-04,10.1021/jacs.6c02024,pce_champion,26.9,unknown,True,False,False
guarded_pipeline,2026-04,10.1038/s41467-026-71301-6,pce_champion,26.95,p-i-n,True,False,False
guarded_pipeline,2026-04,10.1038/s41467-026-71301-6,pce_certified,26.57,p-i-n,True,False,False
guarded_pipeline,2026-04,10.1038/s41467-026-71301-6,active_area_cm2,0.0717,p-i-n,True,False,False
guarded_pipeline,2026-04,10.1038/s41467-026-71845-7,pce_champion,27.21,unknown,True,False,False
guarded_pipeline,2026-04,10.1038/s41467-026-71845-7,pce_certified,27.02,unknown,True,False,False
guarded_pipeline,2026-04,10.1038/s41467-026-72094-4,pce_champion,31.04,tandem_4T,True,False,False
guarded_pipeline,2026-04,10.1038/s41467-026-72094-4,active_area_cm2,1.0,tandem_4T,True,False,False
guarded_pipeline,2026-04,10.1038/s41467-026-72097-1,pce_certified,27.03,p-i-n,True,False,False
guarded_pipeline,2026-04,10.1038/s41467-026-72099-z,pce_certified,21.54,tandem_4T,True,False,False
guarded_pipeline,2026-04,10.1038/s41467-026-72099-z,t80_h,1210,tandem_4T,True,False,False
guarded_pipeline,2026-04,10.1038/s41467-026-72115-2,pce_champion,26.84,p-i-n,True,False,False
guarded_pipeline,2026-04,10.1038/s41467-026-72115-2,pce_certified,26.79,p-i-n,True,False,False
guarded_pipeline,2026-04,10.1038/s41467-026-72159-4,pce_certified,26.48,p-i-n,True,False,False
guarded_pipeline,2026-04,10.1038/s41467-026-72160-x,pce_champion,33.4,tandem_2T,True,False,False
guarded_pipeline,2026-04,10.1038/s41467-026-72160-x,pce_certified,32.45,tandem_2T,True,False,False
guarded_pipeline,2026-04,10.1038/s41467-026-72272-4,pce_certified,11.22,unknown,True,False,False
guarded_pipeline,2026-04,10.1038/s41467-026-72272-4,active_area_cm2,0.022,unknown,True,False,False
guarded_pipeline,2026-04,10.1038/s41565-026-02165-6,pce_champion,30.3,tandem_2T,True,False,False
guarded_pipeline,2026-04,10.1038/s41565-026-02165-6,pce_certified,30.3,tandem_2T,True,False,False
guarded_pipeline,2026-04,10.1126/sciadv.aec3238,pce_champion,26.59,unknown,True,False,False
guarded_pipeline,2026-04,10.1126/sciadv.aec3238,pce_certified,25.55,unknown,True,False,False
guarded_pipeline,2026-04,10.1126/sciadv.aec3238,active_area_cm2,100,unknown,True,False,False
guarded_pipeline,2026-04,10.1126/sciadv.aed2200,pce_champion,26.3,tandem_2T,True,False,False
guarded_pipeline,2026-04,10.1126/sciadv.aed2200,pce_certified,25.6,tandem_2T,True,False,False
guarded_pipeline,2026-04,10.20517/energymater.2025.183,pce_champion,24.18,n-i-p,True,False,False
guarded_pipeline,2026-04,10.22541/au.177516296.69014470/v1,pce_champion,24.32,n-i-p,True,False,False
guarded_pipeline,2026-04,10.26434/chemrxiv.15001694/v1,pce_champion,32.1,tandem_2T,True,False,False
guarded_pipeline,2026-04,10.48550/arxiv.2604.11264,pce_champion,23.62,unknown,True,False,False
guarded_pipeline,2026-05,10.1002/adfm.202532110,pce_champion,26.15,p-i-n,True,False,False
guarded_pipeline,2026-05,10.1002/adfm.75640,pce_champion,31,tandem_2T,True,False,False
guarded_pipeline,2026-05,10.1002/adfm.75664,pce_champion,14.34,unknown,True,False,False
guarded_pipeline,2026-05,10.1002/adfm.75673,pce_champion,21.36,unknown,True,False,False
guarded_pipeline,2026-05,10.1002/adfm.75697,pce_champion,27.1,p-i-n,True,False,False
guarded_pipeline,2026-05,10.1002/adfm.75697,pce_certified,26.4,p-i-n,True,False,False
guarded_pipeline,2026-05,10.1002/adfm.75743,pce_champion,26.07,unknown,True,False,False
guarded_pipeline,2026-05,10.1002/adfm.75843,pce_champion,26.15,n-i-p,True,False,False
guarded_pipeline,2026-05,10.1002/adfm.76110,pce_champion,25.05,unknown,True,False,False
guarded_pipeline,2026-05,10.1002/adfm.76110,t80_h,4100,unknown,True,False,False
guarded_pipeline,2026-05,10.1002/adfm.76197,pce_champion,26.11,p-i-n,True,False,False
guarded_pipeline,2026-05,10.1002/adfm.76197,t80_h,1200,p-i-n,True,False,False
guarded_pipeline,2026-05,10.1002/adfm.76198,pce_champion,26.55,p-i-n,True,False,False
guarded_pipeline,2026-05,10.1002/adma.202519143,pce_champion,15.27,unknown,True,False,False
guarded_pipeline,2026-05,10.1002/adma.73286,pce_champion,26.7,n-i-p,True,False,False
guarded_pipeline,2026-05,10.1002/adma.73286,pce_certified,26.64,n-i-p,True,False,False
guarded_pipeline,2026-05,10.1002/adma.73286,active_area_cm2,21.5,n-i-p,True,False,False
guarded_pipeline,2026-05,10.1002/adma.73306,pce_champion,26.77,p-i-n,True,False,False
guarded_pipeline,2026-05,10.1002/adma.73306,pce_certified,26.71,p-i-n,True,False,False
guarded_pipeline,2026-05,10.1002/adma.73358,pce_champion,26.89,p-i-n,True,False,False
guarded_pipeline,2026-05,10.1002/adma.73358,pce_certified,26.64,p-i-n,True,False,False
guarded_pipeline,2026-05,10.1002/adma.73373,pce_champion,26.31,p-i-n,True,False,False
guarded_pipeline,2026-05,10.1002/adma.73373,pce_certified,25.85,p-i-n,True,False,False
guarded_pipeline,2026-05,10.1002/adma.73373,active_area_cm2,13.04,p-i-n,True,False,False
guarded_pipeline,2026-05,10.1002/adma.73382,pce_champion,26.31,p-i-n,True,False,False
guarded_pipeline,2026-05,10.1002/adma.73382,pce_certified,26.07,p-i-n,True,False,False
guarded_pipeline,2026-05,10.1002/adma.73390,pce_champion,25.41,unknown,True,False,False
guarded_pipeline,2026-05,10.1002/adma.73502,pce_champion,21.56,unknown,True,False,False
guarded_pipeline,2026-05,10.1002/adma.73502,active_area_cm2,10.08,unknown,True,False,False
guarded_pipeline,2026-05,10.1002/adma.73529,pce_champion,27.07,p-i-n,True,False,False
guarded_pipeline,2026-05,10.1002/adma.73529,pce_certified,26.85,p-i-n,True,False,False
guarded_pipeline,2026-05,10.1002/adma.73539,pce_champion,26.41,unknown,True,False,False
guarded_pipeline,2026-05,10.1002/advs.75864,pce_champion,25.48,n-i-p,True,False,False
guarded_pipeline,2026-05,10.1002/aenm.71036,pce_champion,31.25,tandem_4T,True,False,False
guarded_pipeline,2026-05,10.1002/aenm.71036,active_area_cm2,1,tandem_4T,True,False,False
guarded_pipeline,2026-05,10.1002/aenm.71068,pce_champion,26.87,p-i-n,True,False,False
guarded_pipeline,2026-05,10.1002/aenm.71068,pce_certified,26.31,p-i-n,True,False,False
guarded_pipeline,2026-05,10.1002/aenm.71068,active_area_cm2,47.84,p-i-n,True,False,False
guarded_pipeline,2026-05,10.1002/aenm.71077,pce_champion,32.74,unknown,True,False,False
guarded_pipeline,2026-05,10.1002/aenm.71077,pce_certified,31.52,unknown,True,False,False
guarded_pipeline,2026-05,10.1002/aenm.71102,pce_champion,25.02,unknown,True,False,False
guarded_pipeline,2026-05,10.1002/aenm.71105,pce_champion,26.61,unknown,True,False,False
guarded_pipeline,2026-05,10.1002/aenm.71107,pce_champion,33.74,tandem_2T,True,False,False
guarded_pipeline,2026-05,10.1002/aenm.71107,pce_certified,33.37,tandem_2T,True,False,False
guarded_pipeline,2026-05,10.1002/aenm.71111,pce_champion,26.62,p-i-n,True,False,False
guarded_pipeline,2026-05,10.1002/aenm.71111,active_area_cm2,651,p-i-n,True,False,False
guarded_pipeline,2026-05,10.1002/aenm.71115,pce_champion,25.91,unknown,True,False,False
guarded_pipeline,2026-05,10.1002/anie.3088935,pce_champion,26.07,unknown,True,False,False
guarded_pipeline,2026-05,10.1002/anie.3920745,pce_champion,26.33,unknown,True,False,False
guarded_pipeline,2026-05,10.1002/anie.3920745,pce_certified,25.98,unknown,True,False,False
guarded_pipeline,2026-05,10.1002/anie.4293157,pce_champion,22.41,unknown,True,False,False
guarded_pipeline,2026-05,10.1002/anie.4293157,pce_certified,21.74,unknown,True,False,False
guarded_pipeline,2026-05,10.1002/anie.4293157,active_area_cm2,0.074,unknown,True,False,False
guarded_pipeline,2026-05,10.1002/anie.5162616,pce_champion,32.26,tandem_2T,True,False,False
guarded_pipeline,2026-05,10.1002/anie.5162616,pce_certified,32.1,tandem_2T,True,False,False
guarded_pipeline,2026-05,10.1002/anie.5162616,active_area_cm2,1,tandem_2T,True,False,False
guarded_pipeline,2026-05,10.1002/anie.5162616,t80_h,1000,tandem_2T,True,False,False
guarded_pipeline,2026-05,10.1002/anie.7292679,pce_champion,15.7,module,True,False,False
guarded_pipeline,2026-05,10.1002/anie.7292679,active_area_cm2,20.25,module,True,False,False
guarded_pipeline,2026-05,10.1002/cey2.70227,pce_champion,20.14,unknown,True,False,False
guarded_pipeline,2026-05,10.1002/cey2.70260,pce_champion,23.48,unknown,True,False,False
guarded_pipeline,2026-05,10.1002/ece2.70082,pce_champion,25.37,n-i-p,True,False,False
guarded_pipeline,2026-05,10.1002/ece2.70082,active_area_cm2,0.09,n-i-p,True,False,False
guarded_pipeline,2026-05,10.1002/ente.70525,pce_champion,4.26,none,True,False,False
guarded_pipeline,2026-05,10.1002/inf2.70153,pce_champion,19.37,unknown,True,False,False
guarded_pipeline,2026-05,10.1002/inf2.70153,active_area_cm2,64,unknown,True,False,False
guarded_pipeline,2026-05,10.1002/smll.202513734,pce_champion,20.01,unknown,True,False,False
guarded_pipeline,2026-05,10.1002/smll.73595,pce_champion,29.05,tandem_2T,True,False,False
guarded_pipeline,2026-05,10.1002/smll.73621,pce_champion,25.95,n-i-p,True,False,False
guarded_pipeline,2026-05,10.1002/smll.73673,pce_champion,26.6,p-i-n,True,False,False
guarded_pipeline,2026-05,10.1002/smll.73673,active_area_cm2,0.09,p-i-n,True,False,False
guarded_pipeline,2026-05,10.1002/smll.73761,pce_champion,25.81,n-i-p,True,False,False
guarded_pipeline,2026-05,10.1002/smll.73854,pce_champion,18.52,unknown,True,False,False
guarded_pipeline,2026-05,10.1002/smll.73886,pce_champion,26.1,p-i-n,True,False,False
guarded_pipeline,2026-05,10.1002/smll.73891,pce_champion,26.41,p-i-n,True,False,False
guarded_pipeline,2026-05,10.1002/smll.73891,active_area_cm2,0.096,p-i-n,True,False,False
guarded_pipeline,2026-05,10.1002/smll.74000,pce_champion,21.2,p-i-n,True,False,False
guarded_pipeline,2026-05,10.1002/smll.74000,active_area_cm2,10.0,p-i-n,True,False,False
guarded_pipeline,2026-05,10.1002/smtd.70748,pce_champion,25.12,n-i-p,True,False,False
guarded_pipeline,2026-05,10.1002/solr.202500960,pce_champion,15.27,unknown,True,False,False
guarded_pipeline,2026-05,10.1002/solr.202600004,pce_champion,22.4,p-i-n,True,False,False
guarded_pipeline,2026-05,10.1002/solr.70302,pce_champion,30.5,unknown,True,False,False
guarded_pipeline,2026-05,10.1002/solr.70374,pce_champion,20.96,unknown,True,False,False
guarded_pipeline,2026-05,10.1002/solr.70387,pce_champion,27.26,tandem_2T,True,False,False
guarded_pipeline,2026-05,10.1002/solr.70387,t80_h,300,tandem_2T,True,False,False
guarded_pipeline,2026-05,10.1002/solr.70388,pce_champion,9.07,p-i-n,True,False,False
guarded_pipeline,2026-05,10.1007/s40243-026-00371-9,pce_champion,32.41,n-i-p,True,False,False
guarded_pipeline,2026-05,10.1007/s40820-026-02225-5,pce_champion,44.36,unknown,True,False,False
guarded_pipeline,2026-05,10.1007/s40820-026-02244-2,pce_champion,26.1,p-i-n,True,False,False
guarded_pipeline,2026-05,10.1016/j.esci.2026.100601,pce_certified,18.48,module,True,False,False
guarded_pipeline,2026-05,10.1016/j.solener.2026.114672,pce_champion,17.53,n-i-p,True,False,False
guarded_pipeline,2026-05,10.1021/acs.jpclett.6c00745,pce_champion,25.31,n-i-p,True,False,False
guarded_pipeline,2026-05,10.1021/acs.jpclett.6c00952,pce_champion,25.79,p-i-n,True,False,False
guarded_pipeline,2026-05,10.1021/acs.jpclett.6c01042,pce_champion,26.8,p-i-n,True,False,False
guarded_pipeline,2026-05,10.1021/acsaem.6c00285,pce_champion,18.4,unknown,True,False,False
guarded_pipeline,2026-05,10.1021/acsaem.6c01139,pce_champion,23.25,unknown,True,False,False
guarded_pipeline,2026-05,10.1021/acsami.6c01711,pce_champion,32.03,tandem_2T,True,False,False
guarded_pipeline,2026-05,10.1021/acsami.6c02555,pce_champion,18.22,unknown,True,False,False
guarded_pipeline,2026-05,10.1021/acsami.6c04007,pce_champion,21.58,p-i-n,True,False,False
guarded_pipeline,2026-05,10.1021/acsami.6c04287,pce_champion,22.5,unknown,True,False,False
guarded_pipeline,2026-05,10.1021/acsami.6c06052,pce_champion,25.82,n-i-p,True,False,False
guarded_pipeline,2026-05,10.1021/acsami.6c06303,pce_champion,15,unknown,True,False,False
guarded_pipeline,2026-05,10.1021/acsenergylett.6c00227,pce_champion,28.43,tandem_2T,True,False,False
guarded_pipeline,2026-05,10.1021/acsenergylett.6c00227,pce_certified,28.34,tandem_2T,True,False,False
guarded_pipeline,2026-05,10.1021/acsenergylett.6c00227,t80_h,1000,tandem_2T,True,False,False
guarded_pipeline,2026-05,10.1021/acsenergylett.6c00476,pce_champion,26.47,unknown,True,False,False
guarded_pipeline,2026-05,10.1021/acsenergylett.6c00476,pce_certified,26.03,unknown,True,False,False
guarded_pipeline,2026-05,10.1021/acsenergylett.6c00476,active_area_cm2,0.0727,unknown,True,False,False
guarded_pipeline,2026-05,10.1021/acsenergylett.6c00737,pce_champion,26.2,unknown,True,False,False
guarded_pipeline,2026-05,10.1021/acsenergylett.6c00771,pce_champion,23.48,p-i-n,True,False,False
guarded_pipeline,2026-05,10.1021/acsenergylett.6c00820,pce_champion,21.1,p-i-n,True,False,False
guarded_pipeline,2026-05,10.1021/acsenergylett.6c00820,pce_certified,20.62,p-i-n,True,False,False
guarded_pipeline,2026-05,10.1021/acsenergylett.6c00820,active_area_cm2,1,p-i-n,True,False,False
guarded_pipeline,2026-05,10.1021/acsenergylett.6c00867,pce_champion,26.06,p-i-n,True,False,False
guarded_pipeline,2026-05,10.1021/acsenergylett.6c00879,pce_champion,21.4,tandem_2T,True,False,False
guarded_pipeline,2026-05,10.1021/acsenergylett.6c00952,pce_champion,9.1,p-i-n,True,False,False
guarded_pipeline,2026-05,10.1021/acsnano.6c04740,pce_champion,29.1,tandem_2T,True,False,False
guarded_pipeline,2026-05,10.1038/s41467-026-71017-7,pce_champion,29.8,tandem_2T,True,False,False
guarded_pipeline,2026-05,10.1038/s41467-026-71017-7,pce_certified,23.47,tandem_2T,True,False,False
guarded_pipeline,2026-05,10.1038/s41467-026-72790-1,pce_champion,26.71,p-i-n,True,False,False
guarded_pipeline,2026-05,10.1038/s41467-026-72790-1,pce_certified,26.15,p-i-n,True,False,False
guarded_pipeline,2026-05,10.1038/s41467-026-72790-1,active_area_cm2,1,p-i-n,True,False,False
guarded_pipeline,2026-05,10.1038/s41467-026-72793-y,pce_champion,26.34,n-i-p,True,False,False
guarded_pipeline,2026-05,10.1038/s41467-026-72793-y,pce_certified,26.27,n-i-p,True,False,False
guarded_pipeline,2026-05,10.1038/s41467-026-72793-y,active_area_cm2,14,n-i-p,True,False,False
guarded_pipeline,2026-05,10.1038/s41467-026-72794-x,pce_champion,33.84,tandem_2T,True,False,False
guarded_pipeline,2026-05,10.1038/s41467-026-72794-x,pce_certified,33.5,tandem_2T,True,False,False
guarded_pipeline,2026-05,10.1038/s41467-026-72794-x,active_area_cm2,1,tandem_2T,True,False,False
guarded_pipeline,2026-05,10.1038/s41467-026-72794-x,t80_h,800,tandem_2T,True,False,False
guarded_pipeline,2026-05,10.1038/s41467-026-73210-0,pce_champion,29.95,tandem_2T,True,False,False
guarded_pipeline,2026-05,10.1038/s41467-026-73210-0,pce_certified,29.44,tandem_2T,True,False,False
guarded_pipeline,2026-05,10.1038/s41467-026-73426-0,pce_champion,27.1,unknown,True,False,False
guarded_pipeline,2026-05,10.1038/s41467-026-73426-0,pce_certified,26.9,unknown,True,False,False
guarded_pipeline,2026-05,10.1038/s41467-026-73620-0,pce_champion,26.35,unknown,True,False,False
guarded_pipeline,2026-05,10.1038/s41467-026-73656-2,pce_champion,24.05,tandem_2T,True,False,False
guarded_pipeline,2026-05,10.1038/s41467-026-73656-2,pce_certified,33.04,tandem_2T,True,False,False
guarded_pipeline,2026-05,10.1038/s41467-026-73709-6,pce_champion,20.72,unknown,True,False,False
guarded_pipeline,2026-05,10.1038/s41467-026-73709-6,pce_certified,20.35,unknown,True,False,False
guarded_pipeline,2026-05,10.1038/s41467-026-73743-4,pce_champion,26.5,tandem_2T,True,False,False
guarded_pipeline,2026-05,10.1038/s41467-026-73743-4,pce_certified,25.8,tandem_2T,True,False,False
guarded_pipeline,2026-05,10.1038/s41560-026-02068-9,pce_champion,24.3,tandem_2T,True,False,False
guarded_pipeline,2026-05,10.1038/s41586-026-10626-0,pce_champion,27.41,unknown,True,False,False
guarded_pipeline,2026-05,10.1038/s41586-026-10626-0,pce_certified,27.41,unknown,True,False,False
guarded_pipeline,2026-05,10.1038/s43246-026-01213-x,pce_champion,22,tandem_4T,True,False,False
guarded_pipeline,2026-05,10.1126/sciadv.aea7043,pce_champion,22.03,unknown,True,False,False
guarded_pipeline,2026-05,10.1126/sciadv.aea7043,pce_certified,21.42,unknown,True,False,False
guarded_pipeline,2026-05,10.1126/sciadv.aec4431,pce_champion,33.63,tandem_2T,True,False,False
guarded_pipeline,2026-05,10.1126/sciadv.aec4431,pce_certified,33.48,tandem_2T,True,False,False
guarded_pipeline,2026-05,10.1126/sciadv.aec4431,active_area_cm2,1,tandem_2T,True,False,False
guarded_pipeline,2026-05,10.1126/science.aeb9953,pce_certified,27.6,unknown,True,False,False
guarded_pipeline,2026-05,10.26434/chemrxiv.15003250/v2,pce_champion,20.6,unknown,True,False,False
guarded_pipeline,2026-05,10.48550/arxiv.2605.03673,pce_champion,3.56,n-i-p,True,False,False
guarded_pipeline,2026-05,10.48550/arxiv.2605.20242,pce_champion,21.32,unknown,True,False,False
guarded_pipeline,2026-06,10.1002/adfm.75637,pce_champion,20.59,p-i-n,True,False,False
guarded_pipeline,2026-06,10.1002/adfm.76218,pce_champion,24.85,unknown,True,False,False
guarded_pipeline,2026-06,10.1002/adfm.76243,pce_champion,23.3,p-i-n,True,False,False
guarded_pipeline,2026-06,10.1002/adfm.76257,pce_champion,26.09,n-i-p,True,False,False
guarded_pipeline,2026-06,10.1002/adfm.76257,active_area_cm2,0.04,n-i-p,True,False,False
guarded_pipeline,2026-06,10.1002/adfm.76264,pce_champion,20.35,p-i-n,True,False,False
guarded_pipeline,2026-06,10.1002/adfm.76291,pce_champion,26.52,p-i-n,True,False,False
guarded_pipeline,2026-06,10.1002/adfm.76418,pce_champion,26.08,p-i-n,True,False,False
guarded_pipeline,2026-06,10.1002/adfm.76562,pce_champion,25.69,n-i-p,True,False,False
guarded_pipeline,2026-06,10.1002/adfm.76623,pce_champion,26.62,p-i-n,True,False,False
guarded_pipeline,2026-06,10.1002/adfm.76643,pce_champion,21.46,p-i-n,True,False,False
guarded_pipeline,2026-06,10.1002/adfm.76756,pce_champion,26.76,p-i-n,True,False,False
guarded_pipeline,2026-06,10.1002/adfm.76756,pce_certified,26.12,p-i-n,True,False,False
guarded_pipeline,2026-06,10.1002/adfm.76756,active_area_cm2,12,p-i-n,True,False,False
guarded_pipeline,2026-06,10.1002/adma.202522825,pce_champion,26.54,p-i-n,True,False,False
guarded_pipeline,2026-06,10.1002/adma.202522825,pce_certified,26.24,p-i-n,True,False,False
guarded_pipeline,2026-06,10.1002/adma.73535,pce_champion,26.13,n-i-p,True,False,False
guarded_pipeline,2026-06,10.1002/adma.73561,pce_champion,26.14,p-i-n,True,False,False
guarded_pipeline,2026-06,10.1002/adma.73561,active_area_cm2,0.05,p-i-n,True,False,False
guarded_pipeline,2026-06,10.1002/adma.73567,pce_champion,23.33,p-i-n,True,False,False
guarded_pipeline,2026-06,10.1002/adma.73656,pce_champion,26.6,p-i-n,True,False,False
guarded_pipeline,2026-06,10.1002/adma.73656,pce_certified,26.2,p-i-n,True,False,False
guarded_pipeline,2026-06,10.1002/adma.73656,active_area_cm2,0.0524,p-i-n,True,False,False
guarded_pipeline,2026-06,10.1002/adma.73679,pce_certified,25.56,unknown,True,False,False
guarded_pipeline,2026-06,10.1002/adma.73682,pce_champion,29.44,tandem_2T,True,False,False
guarded_pipeline,2026-06,10.1002/adma.73682,t80_h,1080,tandem_2T,True,False,False
guarded_pipeline,2026-06,10.1002/adma.73713,pce_champion,33.59,tandem_2T,True,False,False
guarded_pipeline,2026-06,10.1002/adma.73828,pce_champion,26.83,p-i-n,True,False,False
guarded_pipeline,2026-06,10.1002/adma.73833,pce_champion,22.28,unknown,True,False,False
guarded_pipeline,2026-06,10.1002/adma.73855,pce_champion,27.12,p-i-n,True,False,False
guarded_pipeline,2026-06,10.1002/adma.73855,pce_certified,26.8,p-i-n,True,False,False
guarded_pipeline,2026-06,10.1002/adma.73855,active_area_cm2,655.2,p-i-n,True,False,False
guarded_pipeline,2026-06,10.1002/advs.76010,pce_champion,26.02,n-i-p,True,False,False
guarded_pipeline,2026-06,10.1002/aenm.71123,pce_champion,21,p-i-n,True,False,False
guarded_pipeline,2026-06,10.1002/aenm.71123,active_area_cm2,1,p-i-n,True,False,False
guarded_pipeline,2026-06,10.1002/aenm.71159,pce_certified,26.61,module,True,False,False
guarded_pipeline,2026-06,10.1002/aenm.71159,active_area_cm2,0.06734,module,True,False,False
guarded_pipeline,2026-06,10.1002/aenm.71170,pce_champion,26.1,n-i-p,True,False,False
guarded_pipeline,2026-06,10.1002/aenm.71174,pce_champion,20.8,unknown,True,False,False
guarded_pipeline,2026-06,10.1002/aenm.71181,pce_champion,25.18,unknown,True,False,False
guarded_pipeline,2026-06,10.1002/aenm.71216,pce_champion,22.79,p-i-n,True,False,False
guarded_pipeline,2026-06,10.1002/aenm.71216,pce_certified,21.34,p-i-n,True,False,False
guarded_pipeline,2026-06,10.1002/aenm.71222,pce_champion,26.13,unknown,True,False,False
guarded_pipeline,2026-06,10.1002/anie.2412282,pce_champion,22.61,unknown,True,False,False
guarded_pipeline,2026-06,10.1002/anie.2535666,pce_champion,22.27,unknown,True,False,False
guarded_pipeline,2026-06,10.1002/anie.2974414,pce_champion,26.52,module,True,False,False
guarded_pipeline,2026-06,10.1002/anie.2974414,active_area_cm2,50,module,True,False,False
guarded_pipeline,2026-06,10.1002/anie.4500167,pce_champion,26.66,unknown,True,False,False
guarded_pipeline,2026-06,10.1002/anie.4500167,active_area_cm2,1.04,unknown,True,False,False
guarded_pipeline,2026-06,10.1002/anie.4918900,pce_champion,29.29,tandem_2T,True,False,False
guarded_pipeline,2026-06,10.1002/anie.4918900,pce_certified,28.79,tandem_2T,True,False,False
guarded_pipeline,2026-06,10.1002/anie.5595275,pce_champion,29.18,tandem_2T,True,False,False
guarded_pipeline,2026-06,10.1002/anie.5595275,t80_h,500,tandem_2T,True,False,False
guarded_pipeline,2026-06,10.1002/anie.7010126,pce_champion,26.47,unknown,True,False,False
guarded_pipeline,2026-06,10.1002/cey2.70296,pce_champion,17.25,tandem_4T,True,False,False
guarded_pipeline,2026-06,10.1002/eem2.70443,pce_champion,26.33,p-i-n,True,False,False
guarded_pipeline,2026-06,10.1002/eem2.70453,pce_champion,29.08,tandem_2T,True,False,False
guarded_pipeline,2026-06,10.1002/ente.70501,pce_champion,26.75,tandem_4T,True,False,False
guarded_pipeline,2026-06,10.1002/ente.70553,pce_champion,31.92,n-i-p,True,False,False
guarded_pipeline,2026-06,10.1002/smll.202510785,pce_champion,26.15,n-i-p,True,False,False
guarded_pipeline,2026-06,10.1002/smll.202514809,pce_champion,23,unknown,True,False,False
guarded_pipeline,2026-06,10.1002/smll.74043,pce_champion,21.57,unknown,True,False,False
guarded_pipeline,2026-06,10.1002/smll.74076,pce_champion,21.36,unknown,True,False,False
guarded_pipeline,2026-06,10.1002/smll.74086,pce_champion,15.85,unknown,True,False,False
guarded_pipeline,2026-06,10.1002/smll.74200,pce_champion,25.13,p-i-n,True,False,False
guarded_pipeline,2026-06,10.1002/smll.74278,pce_champion,26.47,p-i-n,True,False,False
guarded_pipeline,2026-06,10.1002/smll.74279,pce_champion,24.63,unknown,True,False,False
guarded_pipeline,2026-06,10.1002/smll.74319,pce_champion,30.18,tandem_2T,True,False,False
guarded_pipeline,2026-06,10.1002/smll.74320,pce_champion,24.08,unknown,True,False,False
guarded_pipeline,2026-06,10.1002/smll.74320,t80_h,2000,unknown,True,False,False
guarded_pipeline,2026-06,10.1002/smll.74328,pce_champion,25.94,unknown,True,False,False
guarded_pipeline,2026-06,10.1002/solr.70363,pce_champion,18.48,unknown,True,False,False
guarded_pipeline,2026-06,10.1002/solr.70385,pce_champion,20.05,p-i-n,True,False,False
guarded_pipeline,2026-06,10.1002/solr.70394,pce_champion,20.05,unknown,True,False,False
guarded_pipeline,2026-06,10.1002/solr.70405,pce_champion,26.6,p-i-n,True,False,False
guarded_pipeline,2026-06,10.1002/solr.70406,pce_champion,20.7,unknown,True,False,False
guarded_pipeline,2026-06,10.1002/solr.70410,pce_champion,23.4,tandem_2T,True,False,False
guarded_pipeline,2026-06,10.1002/solr.70410,active_area_cm2,1,tandem_2T,True,False,False
guarded_pipeline,2026-06,10.1007/s40243-026-00382-6,pce_champion,29.41,unknown,True,False,False
guarded_pipeline,2026-06,10.1016/j.cej.2026.177834,pce_champion,11,unknown,True,False,False
guarded_pipeline,2026-06,10.1016/j.cej.2026.177834,t80_h,1000,unknown,True,False,False
guarded_pipeline,2026-06,10.1016/j.chphi.2026.101092,pce_champion,12.0,unknown,True,False,False
guarded_pipeline,2026-06,10.1016/j.rineng.2026.111690,pce_champion,19.93,unknown,True,False,False
guarded_pipeline,2026-06,10.1016/j.rineng.2026.111690,active_area_cm2,2,unknown,True,False,False
guarded_pipeline,2026-06,10.1021/acs.jpclett.6c01395,pce_champion,21.84,unknown,True,False,False
guarded_pipeline,2026-06,10.1021/acs.jpclett.6c01458,pce_champion,22.14,p-i-n,True,False,False
guarded_pipeline,2026-06,10.1021/acs.jpclett.6c01531,pce_champion,22.4,unknown,True,False,False
guarded_pipeline,2026-06,10.1021/acs.jpclett.6c01531,t80_h,3600,unknown,True,False,False
guarded_pipeline,2026-06,10.1021/acs.jpclett.6c01600,pce_champion,15.84,unknown,True,False,False
guarded_pipeline,2026-06,10.1021/acs.nanolett.6c00804,pce_champion,25.22,unknown,True,False,False
guarded_pipeline,2026-06,10.1021/acsaem.6c00330,pce_champion,24,unknown,True,False,False
guarded_pipeline,2026-06,10.1021/acsaem.6c00778,pce_champion,20.76,n-i-p,True,False,False
guarded_pipeline,2026-06,10.1021/acsaem.6c01329,pce_champion,23.3,unknown,True,False,False
guarded_pipeline,2026-06,10.1021/acsaem.6c01363,pce_champion,25.06,unknown,True,False,False
guarded_pipeline,2026-06,10.1021/acsaem.6c01434,pce_champion,7.66,p-i-n,True,False,False
guarded_pipeline,2026-06,10.1021/acsaem.6c01493,pce_champion,12.09,p-i-n,True,False,False
guarded_pipeline,2026-06,10.1021/acsami.6c01472,pce_champion,19.9,p-i-n,True,False,False
guarded_pipeline,2026-06,10.1021/acsami.6c01787,pce_champion,23.16,unknown,True,False,False
guarded_pipeline,2026-06,10.1021/acsami.6c02373,pce_champion,25.16,p-i-n,True,False,False
guarded_pipeline,2026-06,10.1021/acsami.6c04650,pce_champion,23.74,unknown,True,False,False
guarded_pipeline,2026-06,10.1021/acsami.6c05001,pce_champion,24.97,unknown,True,False,False
guarded_pipeline,2026-06,10.1021/acsami.6c05326,pce_champion,17.73,unknown,True,False,False
guarded_pipeline,2026-06,10.1021/acsami.6c06698,pce_champion,24.42,n-i-p,True,False,False
guarded_pipeline,2026-06,10.1021/acsami.6c07582,pce_champion,28.4,tandem_2T,True,False,False
guarded_pipeline,2026-06,10.1021/acsenergylett.6c00641,pce_champion,14.8,p-i-n,True,False,False
guarded_pipeline,2026-06,10.1021/acsenergylett.6c00703,pce_champion,26.78,unknown,True,False,False
guarded_pipeline,2026-06,10.1021/acsenergylett.6c01257,pce_champion,26.93,p-i-n,True,False,False
guarded_pipeline,2026-06,10.1021/acsenergylett.6c01257,pce_certified,26.44,p-i-n,True,False,False
guarded_pipeline,2026-06,10.1021/acsenergylett.6c01291,pce_champion,26.54,p-i-n,True,False,False
guarded_pipeline,2026-06,10.1021/acsenergylett.6c01291,active_area_cm2,0.1,p-i-n,True,False,False
guarded_pipeline,2026-06,10.1021/acsenergylett.6c01505,pce_champion,10.45,unknown,True,False,False
guarded_pipeline,2026-06,10.1021/acsmaterialslett.5c01678,pce_champion,26.58,unknown,True,False,False
guarded_pipeline,2026-06,10.1021/acssuschemeng.6c04546,pce_champion,25.4,p-i-n,True,False,False
guarded_pipeline,2026-06,10.1038/s41467-026-72581-8,pce_certified,26.1,unknown,True,False,False
guarded_pipeline,2026-06,10.1038/s41467-026-73276-w,pce_champion,26.13,tandem_2T,True,False,False
guarded_pipeline,2026-06,10.1038/s41467-026-73276-w,pce_certified,32.95,tandem_2T,True,False,False
guarded_pipeline,2026-06,10.1038/s41467-026-73276-w,active_area_cm2,57.6,tandem_2T,True,False,False
guarded_pipeline,2026-06,10.1038/s41467-026-73739-0,pce_champion,25.61,unknown,True,False,False
guarded_pipeline,2026-06,10.1038/s41467-026-74107-8,pce_champion,27.29,unknown,True,False,False
guarded_pipeline,2026-06,10.1038/s41467-026-74107-8,pce_certified,26.84,unknown,True,False,False
guarded_pipeline,2026-06,10.1038/s41467-026-74285-5,pce_champion,25.54,unknown,True,False,False
guarded_pipeline,2026-06,10.1038/s41467-026-74288-2,pce_champion,26.88,p-i-n,True,False,False
guarded_pipeline,2026-06,10.1038/s41467-026-74288-2,active_area_cm2,29.7,p-i-n,True,False,False
guarded_pipeline,2026-06,10.1038/s43246-026-01252-4,pce_champion,12.1,unknown,True,False,False
guarded_pipeline,2026-06,10.1088/2752-5724/ae7817,pce_champion,22.21,tandem_4T,True,False,False
guarded_pipeline,2026-06,10.1126/sciadv.aef6596,pce_certified,27.28,unknown,True,False,False
guarded_pipeline,2026-06,10.1126/sciadv.aef6596,t80_h,3566,unknown,True,False,False
guarded_pipeline,2026-06,10.1126/science.aef5355,pce_champion,33.2,tandem_2T,True,False,False
guarded_pipeline,2026-06,10.1126/science.aef5355,pce_certified,33.6,tandem_2T,True,False,False
guarded_pipeline,2026-06,10.1126/science.aef5355,active_area_cm2,1,tandem_2T,True,False,False
guarded_pipeline,2026-06,10.3390/nano16130795,pce_champion,15.44,p-i-n,True,False,False
guarded_pipeline,2026-06,10.48550/arxiv.2606.12083,pce_champion,28.85,n-i-p,True,False,False
guarded_pipeline,2026-07,10.1002/adfm.76731,pce_champion,16.16,unknown,True,False,False
guarded_pipeline,2026-07,10.1002/adfm.76848,pce_champion,25.67,n-i-p,True,False,False
guarded_pipeline,2026-07,10.1002/adfm.76878,pce_champion,25.75,p-i-n,True,False,False
guarded_pipeline,2026-07,10.1002/adfm.76878,active_area_cm2,1,p-i-n,True,False,False
guarded_pipeline,2026-07,10.1002/adfm.76974,pce_champion,25.73,unknown,True,False,False
guarded_pipeline,2026-07,10.1002/adfm.77015,pce_champion,26.33,n-i-p,True,False,False
guarded_pipeline,2026-07,10.1002/adfm.77164,pce_champion,26.15,p-i-n,True,False,False
guarded_pipeline,2026-07,10.1002/adfm.77164,active_area_cm2,93.1,p-i-n,True,False,False
guarded_pipeline,2026-07,10.1002/adfm.77175,pce_champion,25.76,n-i-p,True,False,False
guarded_pipeline,2026-07,10.1002/adfm.77211,pce_champion,26.07,n-i-p,True,False,False
guarded_pipeline,2026-07,10.1002/adfm.77373,pce_champion,26.32,unknown,True,False,False
guarded_pipeline,2026-07,10.1002/adfm.77378,pce_champion,26.13,unknown,True,False,False
guarded_pipeline,2026-07,10.1002/adma.73807,pce_champion,27.31,p-i-n,True,False,False
guarded_pipeline,2026-07,10.1002/adma.73807,pce_certified,27.31,p-i-n,True,False,False
guarded_pipeline,2026-07,10.1002/adma.73807,active_area_cm2,684.75,p-i-n,True,False,False
guarded_pipeline,2026-07,10.1002/adma.73886,pce_champion,26.33,p-i-n,True,False,False
guarded_pipeline,2026-07,10.1002/adma.73950,pce_champion,26.7,unknown,True,False,False
guarded_pipeline,2026-07,10.1002/adma.74033,pce_champion,26.9,p-i-n,True,False,False
guarded_pipeline,2026-07,10.1002/adma.74033,pce_certified,26.14,p-i-n,True,False,False
guarded_pipeline,2026-07,10.1002/adma.74060,pce_champion,26.21,p-i-n,True,False,False
guarded_pipeline,2026-07,10.1002/adma.74078,pce_champion,30.13,tandem_2T,True,False,False
guarded_pipeline,2026-07,10.1002/adma.74078,pce_certified,29.57,tandem_2T,True,False,False
guarded_pipeline,2026-07,10.1002/adma.74183,pce_champion,25.92,unknown,True,False,False
guarded_pipeline,2026-07,10.1002/adma.74220,pce_champion,26.6,n-i-p,True,False,False
guarded_pipeline,2026-07,10.1002/adma.74243,pce_champion,26.54,n-i-p,True,False,False
guarded_pipeline,2026-07,10.1002/adma.74243,t80_h,9800,n-i-p,True,False,False
guarded_pipeline,2026-07,10.1002/adma.74247,pce_champion,26.61,unknown,True,False,False
guarded_pipeline,2026-07,10.1002/adma.74316,pce_certified,26.94,p-i-n,True,False,False
guarded_pipeline,2026-07,10.1002/adma.74316,active_area_cm2,25,p-i-n,True,False,False
guarded_pipeline,2026-07,10.1002/adma.74416,pce_champion,26.78,p-i-n,True,False,False
guarded_pipeline,2026-07,10.1002/advs.76463,pce_champion,28,unknown,True,False,False
guarded_pipeline,2026-07,10.1002/advs.76508,pce_champion,26.32,unknown,True,False,False
guarded_pipeline,2026-07,10.1002/advs.76508,active_area_cm2,0.072,unknown,True,False,False
guarded_pipeline,2026-07,10.1002/aenm.202506753,pce_champion,30,tandem_2T,True,False,False
guarded_pipeline,2026-07,10.1002/aenm.71259,pce_champion,23.38,n-i-p,True,False,False
guarded_pipeline,2026-07,10.1002/aenm.71267,pce_champion,26.4,tandem_2T,True,False,False
guarded_pipeline,2026-07,10.1002/aenm.71267,pce_certified,25.9,tandem_2T,True,False,False
guarded_pipeline,2026-07,10.1002/aenm.71282,pce_champion,26.67,p-i-n,True,False,False
guarded_pipeline,2026-07,10.1002/aenm.71305,pce_champion,27.25,p-i-n,True,False,False
guarded_pipeline,2026-07,10.1002/aenm.71305,pce_certified,26.84,p-i-n,True,False,False
guarded_pipeline,2026-07,10.1002/aenm.71312,pce_champion,25.3,n-i-p,True,False,False
guarded_pipeline,2026-07,10.1002/aenm.71317,pce_champion,31.66,tandem_2T,True,False,False
guarded_pipeline,2026-07,10.1002/aenm.71317,t80_h,6785,tandem_2T,True,False,False
guarded_pipeline,2026-07,10.1002/aenm.71336,pce_champion,27.84,tandem_2T,True,False,False
guarded_pipeline,2026-07,10.1002/anie.1018855,pce_champion,26.87,p-i-n,True,False,False
guarded_pipeline,2026-07,10.1002/anie.1676645,pce_champion,33.21,tandem_2T,True,False,False
guarded_pipeline,2026-07,10.1002/anie.1676645,pce_certified,32.13,tandem_2T,True,False,False
guarded_pipeline,2026-07,10.1002/anie.1678852,pce_champion,26.76,p-i-n,True,False,False
guarded_pipeline,2026-07,10.1002/anie.1864800,pce_champion,26.85,p-i-n,True,False,False
guarded_pipeline,2026-07,10.1002/anie.2884874,pce_champion,25.8,unknown,True,False,False
guarded_pipeline,2026-07,10.1002/anie.2924886,pce_champion,26.81,n-i-p,True,False,False
guarded_pipeline,2026-07,10.1002/anie.4031162,pce_champion,26.2,p-i-n,True,False,False
guarded_pipeline,2026-07,10.1002/anie.4177367,pce_champion,25.24,unknown,True,False,False
guarded_pipeline,2026-07,10.1002/anie.5216345,pce_champion,26.12,unknown,True,False,False
guarded_pipeline,2026-07,10.1002/anie.5216345,active_area_cm2,0.09,unknown,True,False,False
guarded_pipeline,2026-07,10.1002/anie.5530609,pce_champion,32.03,tandem_2T,True,False,False
guarded_pipeline,2026-07,10.1002/anie.5530609,active_area_cm2,1.05,tandem_2T,True,False,False
guarded_pipeline,2026-07,10.1002/anie.7090517,pce_champion,26.82,p-i-n,True,False,False
guarded_pipeline,2026-07,10.1002/anie.7827890,pce_champion,15.56,p-i-n,True,False,False
guarded_pipeline,2026-07,10.1002/anie.7827890,pce_certified,14.67,p-i-n,True,False,False
guarded_pipeline,2026-07,10.1002/anie.7827890,active_area_cm2,0.049,p-i-n,True,False,False
guarded_pipeline,2026-07,10.1002/anie.8080769,pce_champion,27.06,p-i-n,True,False,False
guarded_pipeline,2026-07,10.1002/anie.8080769,pce_certified,26.82,p-i-n,True,False,False
guarded_pipeline,2026-07,10.1002/anie.8080769,active_area_cm2,21.54,p-i-n,True,False,False
guarded_pipeline,2026-07,10.1002/cnl2.70189,pce_champion,21.54,tandem_2T,True,False,False
guarded_pipeline,2026-07,10.1002/ece2.70102,pce_champion,22.68,module,True,False,False
guarded_pipeline,2026-07,10.1002/ece2.70102,active_area_cm2,63.7,module,True,False,False
guarded_pipeline,2026-07,10.1002/ente.70590,pce_champion,30.81,n-i-p,True,False,False
guarded_pipeline,2026-07,10.1002/pip.70131,pce_champion,29.64,n-i-p,True,False,False
guarded_pipeline,2026-07,10.1002/smll.74289,pce_champion,25.53,n-i-p,True,False,False
guarded_pipeline,2026-07,10.1002/smll.74356,pce_champion,20.71,p-i-n,True,False,False
guarded_pipeline,2026-07,10.1002/smll.74390,pce_champion,18.89,unknown,True,False,False
guarded_pipeline,2026-07,10.1002/smll.74470,pce_champion,26.51,tandem_2T,True,False,False
guarded_pipeline,2026-07,10.1002/smll.74531,pce_champion,22.2,unknown,True,False,False
guarded_pipeline,2026-07,10.1002/smll.74531,t80_h,200,unknown,True,False,False
guarded_pipeline,2026-07,10.1002/smll.74604,pce_champion,25.15,n-i-p,True,False,False
guarded_pipeline,2026-07,10.1002/smll.74604,active_area_cm2,0.04,n-i-p,True,False,False
guarded_pipeline,2026-07,10.1002/smll.74660,pce_champion,15.1,unknown,True,False,False
guarded_pipeline,2026-07,10.1002/smll.74806,pce_champion,23.15,p-i-n,True,False,False
guarded_pipeline,2026-07,10.1002/smll.74811,pce_champion,26.32,unknown,True,False,False
guarded_pipeline,2026-07,10.1002/smll.74903,pce_champion,22.0,unknown,True,False,False
guarded_pipeline,2026-07,10.1002/smll.74999,pce_champion,30.62,tandem_2T,True,False,False
guarded_pipeline,2026-07,10.1002/solr.70375,active_area_cm2,64,module,True,False,False
guarded_pipeline,2026-07,10.1002/solr.70425,pce_champion,13.7,unknown,True,False,False
guarded_pipeline,2026-07,10.1002/solr.70430,pce_champion,14.57,unknown,True,False,False
guarded_pipeline,2026-07,10.1002/solr.70430,active_area_cm2,64,unknown,True,False,False
guarded_pipeline,2026-07,10.1002/solr.70435,pce_champion,24.91,unknown,True,False,False
guarded_pipeline,2026-07,10.1002/solr.70437,pce_champion,22.92,p-i-n,True,False,False
guarded_pipeline,2026-07,10.1002/solr.70447,pce_champion,17.75,unknown,True,False,False
guarded_pipeline,2026-07,10.1007/s40820-026-02291-9,pce_champion,32.5,tandem_2T,True,False,False
guarded_pipeline,2026-07,10.1007/s40820-026-02295-5,pce_champion,26.19,unknown,True,False,False
guarded_pipeline,2026-07,10.1007/s42114-026-01958-6,pce_champion,22.16,n-i-p,True,False,False
guarded_pipeline,2026-07,10.1016/j.hybadv.2026.100700,pce_champion,29.08,n-i-p,True,False,False
guarded_pipeline,2026-07,10.1016/j.hybadv.2026.100721,pce_champion,29.1,n-i-p,True,False,False
guarded_pipeline,2026-07,10.1016/j.hybadv.2026.100722,pce_champion,28.85,n-i-p,True,False,False
guarded_pipeline,2026-07,10.1016/j.joule.2026.102575,pce_champion,27.3,tandem_2T,True,False,False
guarded_pipeline,2026-07,10.1016/j.nanoen.2026.112222,pce_certified,23.26,p-i-n,True,False,False
guarded_pipeline,2026-07,10.1021/acsaem.6c01125,pce_champion,3.01,unknown,True,False,False
guarded_pipeline,2026-07,10.1021/acsaem.6c01370,pce_champion,21.4,unknown,True,False,False
guarded_pipeline,2026-07,10.1021/acsaem.6c01637,pce_champion,21.53,unknown,True,False,False
guarded_pipeline,2026-07,10.1021/acsaem.6c01637,t80_h,720,unknown,True,False,False
guarded_pipeline,2026-07,10.1021/acsaem.6c01764,pce_champion,22.2,unknown,True,False,False
guarded_pipeline,2026-07,10.1021/acsami.6c05331,pce_champion,21.15,p-i-n,True,False,False
guarded_pipeline,2026-07,10.1021/acsami.6c06005,pce_champion,9.9,unknown,True,False,False
guarded_pipeline,2026-07,10.1021/acsami.6c07418,pce_champion,22.15,p-i-n,True,False,False
guarded_pipeline,2026-07,10.1021/acsami.6c08440,pce_champion,19.38,p-i-n,True,False,False
guarded_pipeline,2026-07,10.1021/acsami.6c09672,pce_champion,22.03,p-i-n,True,False,False
guarded_pipeline,2026-07,10.1021/acsami.6c09922,pce_champion,24.2,module,True,False,False
guarded_pipeline,2026-07,10.1021/acsami.6c09922,active_area_cm2,12,module,True,False,False
guarded_pipeline,2026-07,10.1021/acsenergylett.6c00858,pce_champion,21.5,p-i-n,True,False,False
guarded_pipeline,2026-07,10.1021/acsenergylett.6c00858,active_area_cm2,0.128,p-i-n,True,False,False
guarded_pipeline,2026-07,10.1021/acsenergylett.6c01113,pce_champion,20.18,unknown,True,False,False
guarded_pipeline,2026-07,10.1021/acsenergylett.6c01161,pce_champion,18.15,unknown,True,False,False
guarded_pipeline,2026-07,10.1021/acsenergylett.6c01361,pce_champion,27.7,tandem_4T,True,False,False
guarded_pipeline,2026-07,10.1021/acsenergylett.6c01489,pce_champion,26.23,p-i-n,True,False,False
guarded_pipeline,2026-07,10.1021/acsenergylett.6c01517,pce_champion,26.65,unknown,True,False,False
guarded_pipeline,2026-07,10.1021/acsenergylett.6c01826,pce_champion,17.1,unknown,True,False,False
guarded_pipeline,2026-07,10.1021/acsnano.5c21750,pce_champion,23.06,unknown,True,False,False
guarded_pipeline,2026-07,10.1021/acsnano.6c04084,pce_champion,22.51,unknown,True,False,False
guarded_pipeline,2026-07,10.1021/jacs.6c05502,pce_champion,22.99,unknown,True,False,False
guarded_pipeline,2026-07,10.1021/jacs.6c06932,pce_champion,26.53,n-i-p,True,False,False
guarded_pipeline,2026-07,10.1021/jacs.6c06932,active_area_cm2,818,n-i-p,True,False,False
guarded_pipeline,2026-07,10.1038/s41467-026-74018-8,pce_certified,27.12,p-i-n,True,False,False
guarded_pipeline,2026-07,10.1038/s41467-026-74018-8,active_area_cm2,655.2,p-i-n,True,False,False
guarded_pipeline,2026-07,10.1038/s41467-026-75053-1,pce_champion,26.14,unknown,True,False,False
guarded_pipeline,2026-07,10.1038/s41467-026-75053-1,pce_certified,25.75,unknown,True,False,False
guarded_pipeline,2026-07,10.1038/s41467-026-75305-0,pce_champion,26.18,tandem_2T,True,False,False
guarded_pipeline,2026-07,10.1038/s41467-026-75305-0,pce_certified,26.18,tandem_2T,True,False,False
guarded_pipeline,2026-07,10.1038/s41467-026-75305-0,active_area_cm2,1.17,tandem_2T,True,False,False
guarded_pipeline,2026-07,10.1038/s41467-026-75629-x,pce_champion,26.47,n-i-p,True,False,False
guarded_pipeline,2026-07,10.1038/s41467-026-75990-x,pce_champion,26.26,unknown,True,False,False
guarded_pipeline,2026-07,10.1038/s41467-026-75990-x,active_area_cm2,14,unknown,True,False,False
guarded_pipeline,2026-07,10.1126/sciadv.aeb8790,pce_champion,29.44,tandem_2T,True,False,False
guarded_pipeline,2026-07,10.1126/sciadv.aeb8790,pce_certified,28.84,tandem_2T,True,False,False
guarded_pipeline,2026-07,10.1126/sciadv.aed6327,pce_champion,26.88,unknown,True,False,False
guarded_pipeline,2026-07,10.1126/sciadv.aed6327,pce_certified,26.52,unknown,True,False,False
guarded_pipeline,2026-07,10.1126/sciadv.aee4175,pce_certified,23.1,module,True,False,False
guarded_pipeline,2026-07,10.1126/sciadv.aee4175,active_area_cm2,20.3,module,True,False,False
guarded_pipeline,2026-07,10.1126/sciadv.aef6600,pce_champion,27.49,tandem_2T,True,False,False
guarded_pipeline,2026-07,10.1126/sciadv.aef6600,pce_certified,27.49,tandem_2T,True,False,False
guarded_pipeline,2026-07,10.1126/sciadv.aef6600,active_area_cm2,12.56,tandem_2T,True,False,False
guarded_pipeline,2026-07,10.1126/sciadv.aeg1456,pce_champion,27.31,p-i-n,True,False,False
guarded_pipeline,2026-07,10.1126/sciadv.aeg1456,pce_certified,27.31,p-i-n,True,False,False
guarded_pipeline,2026-07,10.1126/sciadv.aeg1456,active_area_cm2,766,p-i-n,True,False,False
guarded_pipeline,2026-07,10.1126/sciadv.aei2945,pce_champion,33.3,tandem_2T,True,False,False
guarded_pipeline,2026-07,10.1126/sciadv.aei2945,pce_certified,33.1,tandem_2T,True,False,False
guarded_pipeline,2026-07,10.1126/science.aed8175,pce_champion,27.8,p-i-n,True,False,False
guarded_pipeline,2026-07,10.1126/science.aed8175,pce_certified,27.3,p-i-n,True,False,False
guarded_pipeline,2026-07,10.1126/science.aed8175,active_area_cm2,625,p-i-n,True,False,False
guarded_pipeline,2026-07,10.1126/science.aef1969,pce_champion,26.7,unknown,True,False,False
guarded_pipeline,2026-07,10.1126/science.aef1969,pce_certified,26.1,unknown,True,False,False
guarded_pipeline,2026-07,10.1126/science.aef1969,active_area_cm2,100,unknown,True,False,False
guarded_pipeline,2026-07,10.1126/science.aeg1730,pce_champion,27.2,module,True,False,False
guarded_pipeline,2026-07,10.1126/science.aeg1730,pce_certified,23.5,module,True,False,False
guarded_pipeline,2026-07,10.1126/science.aeg1730,active_area_cm2,65.05,module,True,False,False
guarded_pipeline,2026-07,10.20517/energymater.2026.102,pce_champion,25.06,unknown,True,False,False
guarded_pipeline,2026-07,10.26434/chemrxiv.15006632/v1,pce_champion,26.0,p-i-n,True,False,False
guarded_pipeline,2026-07,10.26599/pom.2026.9140147,pce_champion,25.15,p-i-n,True,False,False
guarded_pipeline,2026-07,10.48550/arxiv.2607.19789,pce_champion,28.18,unknown,True,False,False
guarded_pipeline,2026-08,10.1002/adfm.77504,pce_champion,22.3,unknown,True,False,False
guarded_pipeline,2026-08,10.1002/adfm.77637,pce_champion,33.02,tandem_2T,True,False,False
guarded_pipeline,2026-08,10.1002/adfm.77712,pce_champion,26.49,p-i-n,True,False,False
guarded_pipeline,2026-08,10.1002/adfm.77729,pce_champion,26.1,p-i-n,True,False,False
guarded_pipeline,2026-08,10.1002/adfm.77805,pce_champion,24.25,tandem_2T,True,False,False
guarded_pipeline,2026-08,10.1002/adfm.77805,active_area_cm2,0.08,tandem_2T,True,False,False
guarded_pipeline,2026-08,10.1002/adfm.77805,t80_h,864,tandem_2T,True,False,False
guarded_pipeline,2026-08,10.1002/adfm.77833,pce_champion,17.07,n-i-p,True,False,False
guarded_pipeline,2026-08,10.1002/adfm.77855,pce_champion,26.2,tandem_2T,True,False,False
guarded_pipeline,2026-08,10.1002/adfm.77942,pce_champion,26.14,p-i-n,True,False,False
guarded_pipeline,2026-08,10.1002/adfm.77942,pce_certified,25.23,p-i-n,True,False,False
guarded_pipeline,2026-08,10.1002/adfm.78067,pce_champion,26.12,unknown,True,False,False
guarded_pipeline,2026-08,10.1002/adma.74438,pce_champion,27.06,p-i-n,True,False,False
guarded_pipeline,2026-08,10.1002/adma.74438,pce_certified,20.11,p-i-n,True,False,False
guarded_pipeline,2026-08,10.1002/adma.74438,active_area_cm2,0.09,p-i-n,True,False,False
guarded_pipeline,2026-08,10.1002/adma.74461,pce_champion,27.03,tandem_2T,True,False,False
guarded_pipeline,2026-08,10.1002/adma.74461,pce_certified,26.56,tandem_2T,True,False,False
guarded_pipeline,2026-08,10.1002/adma.74461,active_area_cm2,0.062,tandem_2T,True,False,False
guarded_pipeline,2026-08,10.1002/adma.74469,pce_champion,27.01,module,True,False,False
guarded_pipeline,2026-08,10.1002/adma.74469,active_area_cm2,58.51,module,True,False,False
guarded_pipeline,2026-08,10.1002/adma.74486,pce_champion,25.3,unknown,True,False,False
guarded_pipeline,2026-08,10.1002/adma.74489,pce_champion,26.66,unknown,True,False,False
guarded_pipeline,2026-08,10.1002/adma.74538,pce_champion,20.23,unknown,True,False,False
guarded_pipeline,2026-08,10.1002/adma.74629,pce_champion,23.3,unknown,True,False,False
guarded_pipeline,2026-08,10.1002/adma.74629,active_area_cm2,57.3,unknown,True,False,False
guarded_pipeline,2026-08,10.1002/adma.74769,pce_champion,16.48,unknown,True,False,False
guarded_pipeline,2026-08,10.1002/adma.74828,pce_champion,22.83,module,True,False,False
guarded_pipeline,2026-08,10.1002/adma.74828,active_area_cm2,22.95,module,True,False,False
guarded_pipeline,2026-08,10.1002/advs.76791,pce_champion,19.29,unknown,True,False,False
guarded_pipeline,2026-08,10.1002/advs.76950,pce_champion,23.14,p-i-n,True,False,False
guarded_pipeline,2026-08,10.1002/advs.76950,active_area_cm2,29.7,p-i-n,True,False,False
guarded_pipeline,2026-08,10.1002/advs.77051,pce_champion,16.02,unknown,True,False,False
guarded_pipeline,2026-08,10.1002/aenm.71372,pce_champion,24.7,unknown,True,False,False
guarded_pipeline,2026-08,10.1002/aenm.71396,pce_champion,25.67,n-i-p,True,False,False
guarded_pipeline,2026-08,10.1002/aenm.71419,pce_champion,25.34,n-i-p,True,False,False
guarded_pipeline,2026-08,10.1002/aenm.71419,active_area_cm2,12,n-i-p,True,False,False
guarded_pipeline,2026-08,10.1002/aenm.71474,pce_champion,26.21,unknown,True,False,False
guarded_pipeline,2026-08,10.1002/aenm.71482,pce_champion,26.38,p-i-n,True,False,False
guarded_pipeline,2026-08,10.1002/aenm.71497,pce_champion,24.1,unknown,True,False,False
guarded_pipeline,2026-08,10.1002/aenm.71512,pce_champion,32.16,tandem_2T,True,False,False
guarded_pipeline,2026-08,10.1002/aenm.71514,pce_champion,26.17,n-i-p,True,False,False
guarded_pipeline,2026-08,10.1002/aenm.71514,active_area_cm2,1,n-i-p,True,False,False
guarded_pipeline,2026-08,10.1002/aenm.71514,t80_h,900,n-i-p,True,False,False
guarded_pipeline,2026-08,10.1002/anie.2425823,pce_champion,26.67,n-i-p,True,False,False
guarded_pipeline,2026-08,10.1002/anie.2425823,pce_certified,26.44,n-i-p,True,False,False
guarded_pipeline,2026-08,10.1002/anie.2425823,t80_h,800,n-i-p,True,False,False
guarded_pipeline,2026-08,10.1002/anie.3095986,pce_champion,27.06,p-i-n,True,False,False
guarded_pipeline,2026-08,10.1002/anie.3095986,pce_certified,26.77,p-i-n,True,False,False
guarded_pipeline,2026-08,10.1002/anie.3716107,pce_champion,26.79,p-i-n,True,False,False
guarded_pipeline,2026-08,10.1002/anie.3883037,pce_champion,23.24,unknown,True,False,False
guarded_pipeline,2026-08,10.1002/anie.3883037,active_area_cm2,1.004,unknown,True,False,False
guarded_pipeline,2026-08,10.1002/anie.4221605,pce_champion,26.99,p-i-n,True,False,False
guarded_pipeline,2026-08,10.1002/anie.5241611,pce_champion,33.0,tandem_2T,True,False,False
guarded_pipeline,2026-08,10.1002/anie.5241611,pce_certified,32.56,tandem_2T,True,False,False
guarded_pipeline,2026-08,10.1002/anie.5667084,pce_champion,22.5,none,True,False,False
guarded_pipeline,2026-08,10.1002/anie.6548693,pce_champion,27.1,tandem_2T,True,False,False
guarded_pipeline,2026-08,10.1002/anie.6548693,t80_h,1400,tandem_2T,True,False,False
guarded_pipeline,2026-08,10.1002/anie.6932848,pce_champion,26.58,p-i-n,True,False,False
guarded_pipeline,2026-08,10.1002/anie.7848549,pce_champion,27.05,unknown,True,False,False
guarded_pipeline,2026-08,10.1002/anie.7848549,pce_certified,26.51,unknown,True,False,False
guarded_pipeline,2026-08,10.1002/anie.7848549,active_area_cm2,12.95,unknown,True,False,False
guarded_pipeline,2026-08,10.1002/anie.8256065,pce_champion,24.94,p-i-n,True,False,False
guarded_pipeline,2026-08,10.1002/ente.70607,pce_champion,8.12,p-i-n,True,False,False
guarded_pipeline,2026-08,10.1002/ente.70607,active_area_cm2,5,p-i-n,True,False,False
guarded_pipeline,2026-08,10.1002/rar2.70509,pce_champion,25.44,unknown,True,False,False
guarded_pipeline,2026-08,10.1002/smll.75056,pce_champion,24.86,p-i-n,True,False,False
guarded_pipeline,2026-08,10.1002/smll.75056,active_area_cm2,12.4,p-i-n,True,False,False
guarded_pipeline,2026-08,10.1002/smll.75068,pce_certified,17.35,module,True,False,False
guarded_pipeline,2026-08,10.1002/smll.75068,active_area_cm2,61.2,module,True,False,False
guarded_pipeline,2026-08,10.1002/smll.75089,pce_champion,22.48,p-i-n,True,False,False
guarded_pipeline,2026-08,10.1002/smll.75122,pce_champion,26.19,n-i-p,True,False,False
guarded_pipeline,2026-08,10.1002/smll.75360,pce_champion,26.17,n-i-p,True,False,False
guarded_pipeline,2026-08,10.1002/smll.75360,active_area_cm2,0.0729,n-i-p,True,False,False
guarded_pipeline,2026-08,10.1002/smll.75482,pce_champion,23.95,unknown,True,False,False
guarded_pipeline,2026-08,10.1002/smll.75536,pce_champion,21.36,none,True,False,False
guarded_pipeline,2026-08,10.1002/solr.70449,pce_champion,15.77,n-i-p,True,False,False
guarded_pipeline,2026-08,10.1002/solr.70449,active_area_cm2,6,n-i-p,True,False,False
guarded_pipeline,2026-08,10.1002/solr.70454,pce_champion,14.13,unknown,True,False,False
guarded_pipeline,2026-08,10.1002/solr.70454,t80_h,720,unknown,True,False,False
guarded_pipeline,2026-08,10.1002/solr.70461,pce_champion,23.72,p-i-n,True,False,False
guarded_pipeline,2026-08,10.1007/s40820-026-02278-6,pce_champion,26.21,p-i-n,True,False,False
guarded_pipeline,2026-08,10.1016/j.decarb.2026.100190,pce_champion,22.38,p-i-n,True,False,False
guarded_pipeline,2026-08,10.1016/j.jcis.2026.141449,pce_champion,22.73,unknown,True,False,False
guarded_pipeline,2026-08,10.1016/j.joule.2026.102645,pce_champion,30.3,tandem_2T,True,False,False
guarded_pipeline,2026-08,10.1016/j.joule.2026.102645,pce_certified,29.7,tandem_2T,True,False,False
guarded_pipeline,2026-08,10.1016/j.solener.2026.114961,pce_champion,0.53,unknown,True,False,False
guarded_pipeline,2026-08,10.1016/j.solener.2026.115062,pce_champion,8.74,n-i-p,True,False,False
guarded_pipeline,2026-08,10.1021/acs.jpclett.6c01761,pce_champion,10.48,unknown,True,False,False
guarded_pipeline,2026-08,10.1021/acs.jpclett.6c02136,pce_champion,26.04,unknown,True,False,False
guarded_pipeline,2026-08,10.1021/acs.jpclett.6c02253,pce_champion,21.05,n-i-p,True,False,False
guarded_pipeline,2026-08,10.1021/acs.nanolett.6c03508,pce_champion,17.6,unknown,True,False,False
guarded_pipeline,2026-08,10.1021/acs.nanolett.6c03508,pce_certified,16.98,unknown,True,False,False
guarded_pipeline,2026-08,10.1021/acsaem.6c01031,pce_champion,15.5,unknown,True,False,False
guarded_pipeline,2026-08,10.1021/acsaem.6c01708,pce_champion,21.41,p-i-n,True,False,False
guarded_pipeline,2026-08,10.1021/acsaem.6c02041,pce_champion,22.6,unknown,True,False,False
guarded_pipeline,2026-08,10.1021/acsami.6c07537,pce_champion,18.2,unknown,True,False,False
guarded_pipeline,2026-08,10.1021/acsami.6c07884,pce_champion,26.28,p-i-n,True,False,False
guarded_pipeline,2026-08,10.1021/acsami.6c11057,pce_champion,9.29,unknown,True,False,False
guarded_pipeline,2026-08,10.1021/acsami.6c11467,pce_champion,25.03,p-i-n,True,False,False
guarded_pipeline,2026-08,10.1021/acsami.6c13903,pce_champion,20.98,p-i-n,True,False,False
guarded_pipeline,2026-08,10.1021/acsenergylett.6c01191,pce_champion,25.59,n-i-p,True,False,False
guarded_pipeline,2026-08,10.1021/acsenergylett.6c01444,pce_champion,26.22,n-i-p,True,False,False
guarded_pipeline,2026-08,10.1021/acsenergylett.6c02033,pce_champion,26.13,unknown,True,False,False
guarded_pipeline,2026-08,10.1021/acsnano.5c21962,pce_champion,25.19,module,True,False,False
guarded_pipeline,2026-08,10.1021/acsnano.5c21962,active_area_cm2,21,module,True,False,False
guarded_pipeline,2026-08,10.1021/acsnano.6c07355,pce_champion,29.47,tandem_2T,True,False,False
guarded_pipeline,2026-08,10.1021/jacs.6c12975,pce_champion,25.2,unknown,True,False,False
guarded_pipeline,2026-08,10.1038/s41467-026-76266-0,pce_certified,33.66,tandem_2T,True,False,False
guarded_pipeline,2026-08,10.1038/s41467-026-76425-3,pce_champion,26.32,n-i-p,True,False,False
guarded_pipeline,2026-08,10.1038/s41467-026-76425-3,active_area_cm2,16.8,n-i-p,True,False,False
guarded_pipeline,2026-08,10.1038/s41467-026-76497-1,pce_champion,27.59,p-i-n,True,False,False
guarded_pipeline,2026-08,10.1038/s41467-026-76497-1,pce_certified,27.2,p-i-n,True,False,False
guarded_pipeline,2026-08,10.1038/s41467-026-76713-y,pce_champion,21.1,tandem_2T,True,False,False
guarded_pipeline,2026-08,10.1038/s41467-026-76713-y,pce_certified,30.77,tandem_2T,True,False,False
guarded_pipeline,2026-08,10.1038/s41467-026-76713-y,active_area_cm2,1.164,tandem_2T,True,False,False
guarded_pipeline,2026-08,10.1038/s41467-026-76786-9,pce_champion,28.14,tandem_2T,True,False,False
guarded_pipeline,2026-08,10.1038/s41467-026-76786-9,pce_certified,27.84,tandem_2T,True,False,False
guarded_pipeline,2026-08,10.1038/s41467-026-76786-9,active_area_cm2,0.09,tandem_2T,True,False,False
guarded_pipeline,2026-08,10.1038/s41467-026-76847-z,pce_champion,20.36,tandem_4T,True,False,False
guarded_pipeline,2026-08,10.1038/s41467-026-76848-y,pce_champion,26.32,unknown,True,False,False
guarded_pipeline,2026-08,10.1038/s41467-026-76848-y,pce_certified,25.67,unknown,True,False,False
guarded_pipeline,2026-08,10.1038/s41467-026-76848-y,active_area_cm2,0.08,unknown,True,False,False
guarded_pipeline,2026-08,10.1038/s43246-026-01321-8,pce_champion,27.7,tandem_2T,True,False,False
guarded_pipeline,2026-08,10.1038/s43246-026-01321-8,active_area_cm2,25,tandem_2T,True,False,False
guarded_pipeline,2026-08,10.1093/nsr/nwag484,pce_champion,26.54,unknown,True,False,False
guarded_pipeline,2026-08,10.1093/nsr/nwag484,pce_certified,26.03,unknown,True,False,False
guarded_pipeline,2026-08,10.1126/sciadv.aec3096,pce_champion,26.76,p-i-n,True,False,False
guarded_pipeline,2026-08,10.1126/sciadv.aec3096,pce_certified,26.45,p-i-n,True,False,False
guarded_pipeline,2026-08,10.1126/science.aeg8415,pce_champion,27.7,p-i-n,True,False,False
guarded_pipeline,2026-08,10.1126/science.aeg8415,pce_certified,27.4,p-i-n,True,False,False
guarded_pipeline,2026-08,10.1126/science.aeg8415,active_area_cm2,0.06,p-i-n,True,False,False
guarded_pipeline,2026-08,10.22541/authorea.15007746/v1,pce_champion,25.13,unknown,True,False,False
guarded_pipeline,2026-08,10.26434/chemrxiv.15007814/v1,pce_champion,22.19,unknown,True,False,False
guarded_pipeline,2026-08,10.26434/chemrxiv.15008059/v1,pce_champion,20.31,n-i-p,True,False,False
guarded_pipeline,2026-08,10.48550/arxiv.2608.29341,pce_champion,26.06,unknown,True,False,False
