work_key,doi,title,venue,venue_type,publication_date,type,lang,axis_primary,axis_secondary,lens,mechanism_centrality,first_author_institution,cited_by_count,oa_status,in_depth_tier
10.1038/s41563-026-02619-1,10.1038/s41563-026-02619-1,UV and thermally stable hole-selective contacts with enhanced assembly density for inverted perovskite solar cells,Nature Materials,journal,2026-06-01,article,en,composition,,experimental,0.0,East China University Of Science And Technology,2,closed,0
10.1007/s13204-026-03171-9,10.1007/s13204-026-03171-9,Co-thermally evaporated Ag-Au thin films as composition-tuned back electrodes for CsEuCl₃-based lead-free perovskite solar cells,Applied Nanoscience,journal,2026-06-01,article,en,composition,,experimental,0.1,Thi Qar University,2,closed,0
10.1016/j.joule.2026.102521,10.1016/j.joule.2026.102521,2D perovskite as three-in-one interface modifier for efficient Pb-Sn perovskite solar cells and all-perovskite tandems,Joule,journal,2026-06-01,article,en,architecture,,experimental,0.0968,Northwestern Polytechnical University,2,closed,0
10.1002/pssb.70270,10.1002/pssb.70270,First‐Principles Study of the Thermoelectric and Optoelectronic Behavior of Lead‐Free Cs 2 AgSbBr 6 Halide Double Perovskite,physica status solidi (b),journal,2026-06-01,article,en,,,,,Poornima University,2,closed,0
10.1016/j.cej.2026.177954,10.1016/j.cej.2026.177954,Constructing carbon-based perovskite solar cells based on the energy bands of perovskite synergistically optimized by graphite fluorinated polymers,Chemical Engineering Journal,journal,2026-06-01,article,en,composition,,experimental,0.0,Yan'an University,1,closed,0
10.1007/s44442-026-00092-8,10.1007/s44442-026-00092-8,Rational design of triphenylamine–benzothiophene-based donor materials for enhanced photovoltaic performance in solar cells: a DFT study,Journal of Saudi Chemical Society,journal,2026-06-01,article,en,composition,,theory,0.0,University Of Okara,1,gold,0
10.1016/j.xcrp.2026.103346,10.1016/j.xcrp.2026.103346,Advancing wide-band-gap perovskite solar cells via vapor-phase deposition,Cell Reports Physical Science,journal,2026-06-01,article,en,composition,,review,0.1167,San’an Optoelectronics (china),1,gold,1
10.1002/adfm.76058,10.1002/adfm.76058,Unraveling the Concealed Role of Activation Energy in the Performance Assessment of Perovskite Solar Cells,Advanced Functional Materials,journal,2026-06-01,article,en,defects,,review,0.1136,University Of Electronic Science And Technology Of China,1,closed,0
10.1007/s12633-026-03689-1,10.1007/s12633-026-03689-1,"Integration of ZnO-BaTiO3 Nanocomposite Thin Films on Silicon: Structural, Morphological, and Electrical Property Studies",Silicon,journal,2026-06-01,article,en,composition,,experimental,0.0,Saurashtra University,1,closed,0
10.1063/5.0306180,10.1063/5.0306180,Investigation of electronic and optical properties in bismuth/antimony co-doped methylammonium lead bromide,AIP Advances,journal,2026-06-01,article,en,defects,,experimental,0.0455,Masinde Muliro University Of Science And Technology,1,gold,0
10.1016/j.mtcomm.2026.115611,10.1016/j.mtcomm.2026.115611,"A computational approach to discovering high-performance, lead-free perovskite solar cells using physics-informed neural networks",Materials Today Communications,journal,2026-06-01,article,en,composition,,experimental,0.1,,1,hybrid,0
10.1016/j.mtadv.2026.100832,10.1016/j.mtadv.2026.100832,Long-lived carbon-based perovskite solar cell in air and water via light concentrating encapsulation for battery-free indoor electronics,Materials Today Advances,journal,2026-06-01,article,en,stability,,experimental,0.1364,Mahidol University,1,gold,0
10.1038/s41566-026-01925-z,10.1038/s41566-026-01925-z,Ternary self-assembled molecular contact for ambient-processed perovskite/silicon tandem solar cells,Nature Photonics,journal,2026-06-01,article,en,architecture,,experimental,0.0968,Ulsan National,1,closed,0
10.1016/j.jallcom.2026.189016,10.1016/j.jallcom.2026.189016,Interfacial passivation via a multifunctional HADI monolayer for high-performance self-powered CsPbBr3 perovskite photodetectors,Journal of Alloys and Compounds,journal,2026-06-01,article,en,defects,,experimental,0.1364,Guangxi University,1,closed,0
10.1002/adfm.76264,10.1002/adfm.76264,Sequential Deposition Strategy Enabling High‐Performance Wide‐Bandgap Perovskite Solar Cells With Fill Factor Exceeding 85%,Advanced Functional Materials,journal,2026-06-01,article,en,defects,,experimental,0.1591,University Of Science And Technology Of China,1,closed,1
10.1002/adfm.76243,10.1002/adfm.76243,Molecular Conjugation Strategy for Highly Efficient and Stable Inverted Wide‐Bandgap Perovskite Solar Cells,Advanced Functional Materials,journal,2026-06-01,article,en,interfaces,,experimental,0.16,Hebei University Of Science And Technology,1,closed,1
10.1007/s00339-026-09753-2,10.1007/s00339-026-09753-2,"First principles study of the lead-free two-dimensional inorganic halide perovskites Cs3Bi2(X1−uYu)9 (X/Y = I, Br, Cl; u = 0, 1/3, 2/3, 1)",Applied Physics A,journal,2026-06-01,article,en,composition,,experimental,0.1,Islamia College University,0,closed,0
10.21203/rs.3.rs-9404112/v1,10.21203/rs.3.rs-9404112/v1,Visualization of Long-Range Order in Self-Assembled Ion Barriers for Stable Perovskite Tandems,Research Square,repository,2026-06-01,preprint,en,composition,,experimental,0.0,Nanjing Tech University,0,green,0
10.1021/acsami.6c01472,10.1021/acsami.6c01472,Strategic Modulation of Phenothiazine-Based Self-Assembled Monolayers for Optimized Energy-Level Alignment and Stability in Perovskite Solar Cells,ACS Applied Materials & Interfaces,journal,2026-06-01,article,en,defects,,experimental,0.1136,University Of Science And Technology,0,closed,1
10.1016/j.cej.2026.177952,10.1016/j.cej.2026.177952,Supramolecular assembly-driven N-type surface reconstruction for efficient and scalable perovskite solar cells,Chemical Engineering Journal,journal,2026-06-01,article,en,scale_up,,experimental,0.0606,Ningbo University Of Technology,0,closed,0
10.1007/s11082-026-08863-8,10.1007/s11082-026-08863-8,Lead-free chalcogenide perovskite AZrX₃: bandgap tuning and device design for efficient photovoltaics,Optical and Quantum Electronics,journal,2026-06-01,article,en,composition,,experimental,0.1,Madan Mohan Malaviya University Of Technology,0,closed,0
10.1016/j.cej.2026.177905,10.1016/j.cej.2026.177905,Synergistic interfacial modulation enables efficient and stable air-ambient fabricated perovskite solar cells,Chemical Engineering Journal,journal,2026-06-01,article,en,composition,,experimental,0.0,Indian,0,closed,0
10.1021/acs.chemmater.6c00575,10.1021/acs.chemmater.6c00575,Spacer Cation-Driven Band-Edge Reconstruction and Carrier Lifetime Enhancement in Two-Dimensional Ruddlesden–Popper Perovskites,Chemistry of Materials,journal,2026-06-01,article,en,composition,,theory,0.1,Beijing Normal University,0,closed,0
10.1002/adfm.76257,10.1002/adfm.76257,Ionic Anchoring of Dopants via a Multifunctional Phenothiazine Regulator Enables Perovskite Solar Cells With Enhanced Operational Longevity,Advanced Functional Materials,journal,2026-06-01,article,en,stability,,experimental,0.1364,Henan Academy Of Sciences,0,closed,1
10.1016/j.mtchem.2026.103721,10.1016/j.mtchem.2026.103721,Efficient inverted perovskite solar cell based on sol-gel V2O5-X with enhanced reverse bias stability,Materials Today Chemistry,journal,2026-06-01,article,en,stability,,experimental,0.0606,Ningbo University Of Technology,0,closed,0
10.1038/s41467-026-73276-w,10.1038/s41467-026-73276-w,"Buried-interface homogenization by asymmetric polymeric self-assembled layers powers efficient, durable flexible perovskite photovoltaics",Nature Communications,journal,2026-06-01,article,en,interfaces,,experimental,0.08,Jiaxing University,0,gold,1
10.1016/j.synthmet.2026.118195,10.1016/j.synthmet.2026.118195,Resistive thermal evaporation of NiOx hole transport layer for p-i-n perovskite solar cells,Synthetic Metals,journal,2026-06-01,article,en,interfaces,architecture,experimental,0.08,,0,closed,0
10.1016/j.jechem.2026.05.045,10.1016/j.jechem.2026.05.045,Post-assembled molecular bridging enables efficient and stable Sn–Pb narrow-bandgap perovskite solar cells,Journal of Energy Chemistry,journal,2026-06-01,article,en,composition,,experimental,0.0,Sun Yat-sen University,0,closed,0
10.1002/adma.73567,10.1002/adma.73567,Buried Interface‐Driven Synergistic Homogenization of Self‐Assembled Monolayer and Wide‐Bandgap Perovskite for Efficient and Stable Solar Cells,Advanced Materials,journal,2026-06-01,article,en,interfaces,,experimental,0.26,Yangzhou University,0,green,1
10.1016/j.mser.2026.101244,10.1016/j.mser.2026.101244,Ultralow-temperature high-sensitivity optical spectroscopies for disentangling structural and thermal disorder in non-fullerene acceptors for organic solar cells,Materials Science and Engineering R Reports,journal,2026-06-01,article,en,composition,,experimental,0.0,Central South University,0,hybrid,1
10.1002/solr.70394,10.1002/solr.70394,Selective Solvent Polishing Coupled With Post‐Passivation Yields Ultra‐Smooth Single‐Crystal Perovskite Film for Solar Cells,Solar RRL,journal,2026-06-01,article,en,defects,,experimental,0.2045,Suzhou University Of Science And Technology,0,closed,1
10.1021/acsaem.6c00778,10.1021/acsaem.6c00778,NiO Nanoparticle-Modified PTAA Hole Transport Layers for High-Efficiency and Stable Large-Area Perovskite Solar Cells,ACS Applied Energy Materials,journal,2026-06-01,article,en,stability,,scale_up,0.1212,National Science And Technology Development Agency,0,hybrid,1
10.1038/s41598-026-51783-6,10.1038/s41598-026-51783-6,Quasi-ohmic electron extraction in perovskite solar cells through controlled burstein–moss shifts in rare-earth doped SnO2 ETLs,Scientific Reports,journal,2026-06-01,article,en,interfaces,defects,theory,0.12,Vellore,0,gold,0
10.1002/adma.73432,10.1002/adma.73432,Beyond Earth: Resilience of Quasi‐2D Perovskite Solar Cells in Space (Adv. Mater. 31/2026),Advanced Materials,journal,2026-06-01,article,en,composition,,experimental,0.0667,Johannes Kepler University Of Linz,0,closed,1
10.32792/jeps.v16i2.786,10.32792/jeps.v16i2.786,"Study of Cesium-Based Perovskite Solar Cells Incorporating Various Halides (I, Br, Cl)",Journal of education for pure science.,journal,2026-06-01,article,en,composition,interfaces,experimental,0.0667,Thi Qar University,0,hybrid,0
10.1063/5.0314704,10.1063/5.0314704,Engineering a surface reconstruction cascade via synergistic halide management for high-performance perovskite photovoltaics,Applied Physics Letters,journal,2026-06-01,article,en,defects,,experimental,0.3182,Inner Mongolia University,0,closed,0
10.1002/adma.73575,10.1002/adma.73575,An Absorption‐Transport Reconfigurable 2D/3D/2D Architecture Enables Multispectral‐Adaptive Bifacial Perovskite Photovoltaics,Advanced Materials,journal,2026-06-01,article,en,defects,architecture,experimental,0.0682,Soochow University,0,green,0
10.1088/1361-6641/ae762b,10.1088/1361-6641/ae762b,"Perovskite solar cells: a comprehensive review of material design, device structure, and commercialization prospects",Semiconductor Science and Technology,journal,2026-06-01,article,en,architecture,,review,0.129,,0,hybrid,0
10.1002/adfm.76291,10.1002/adfm.76291,Electric Field Distribution Engineering at the Buried Interface for High‐Performance Inverted Perovskite Solar Cells,Advanced Functional Materials,journal,2026-06-01,article,en,interfaces,,experimental,0.26,South China Normal University,0,closed,1
10.1021/acs.chemmater.6c00575.s001,10.1021/acs.chemmater.6c00575.s001,Spacer Cation-Driven Band-Edge Reconstruction and Carrier Lifetime Enhancement in Two-Dimensional Ruddlesden–Popper Perovskites,Figshare,repository,2026-06-01,article,en,composition,,theory,0.1,,0,green,0
10.1002/adfm.76218,10.1002/adfm.76218,"Efficient Flexible Perovskite Solar Cells With Over 2000 h T 90 Operational Lifetime via 2,4,6‐Triphenyl‐1,3,5‐Triazine Anchoring",Advanced Functional Materials,journal,2026-06-01,article,en,defects,stability,experimental,0.1591,University Of Science And Technology Of China,0,closed,1
10.1021/acsami.6c01472.s001,10.1021/acsami.6c01472.s001,Strategic Modulation of Phenothiazine-Based Self-Assembled Monolayers for Optimized Energy-Level Alignment and Stability in Perovskite Solar Cells,Figshare,repository,2026-06-01,article,en,defects,,experimental,0.1136,,0,green,0
10.1016/j.joule.2026.102497,10.1016/j.joule.2026.102497,AI-assisted multi-objective hole-selective contact design for perovskite photovoltaics,Joule,journal,2026-06-01,article,en,composition,,experimental,0.0,Westlake University,0,closed,0
10.1016/j.jallcom.2026.189036,10.1016/j.jallcom.2026.189036,"A triple-strategy regulation of ion migration, defect and energy-level to enhance the performance of air-processed CsPbI₂Br solar cells",Journal of Alloys and Compounds,journal,2026-06-01,article,en,defects,,experimental,0.2273,China Jiliang University,0,closed,0
10.1002/adfm.76195,10.1002/adfm.76195,Designed Lewis Acid–Base Passivation for High Performance Perovskite Solar Cells,Advanced Functional Materials,journal,2026-06-01,article,en,defects,,review,0.1818,United Arab Emirates University,0,hybrid,1
10.1002/adfm.76364,10.1002/adfm.76364,Multifunctional Aerogel Mediated Perovskite Crystallization Toward Self‐Healable and Eco‐Friendly Solar Cells,Advanced Functional Materials,journal,2026-06-01,article,en,composition,,experimental,0.0,Nanjing Tech University,0,closed,0
10.1002/adfm.76278,10.1002/adfm.76278,Engineering Buried Interfaces With a π ‐Ionic Lock for Efficient Perovskite Solar Cells,Advanced Functional Materials,journal,2026-06-01,article,en,defects,interfaces,experimental,0.1591,Chongqing University,0,closed,0
10.1007/s11706-026-0774-z,10.1007/s11706-026-0774-z,Ethacridine lactate additive engineering for defect passivation in HTL-free carbon electrode perovskite solar cells,Frontiers of Materials Science,journal,2026-06-01,article,en,defects,,experimental,0.2273,Jingdezhen Ceramic Institute,0,closed,0
10.1007/s10854-026-17516-1,10.1007/s10854-026-17516-1,Development of ultra-thin cerium-doped indium oxide transparent conductive films with high carrier mobility,Journal of Materials Science Materials in Electronics,journal,2026-06-01,article,en,composition,,experimental,0.0,Electric Power Research Institute,0,closed,0
10.61552/jme.2026.02.009,10.61552/jme.2026.02.009,"Metal Halide Perovskites: Material Design, Fabrication Technologies, and Optoelectronic Applications",Journal of Materials and Engineering,journal,2026-06-01,article,en,stability,,review,0.0758,,0,hybrid,0
10.3724/jfmd.2603033,10.3724/jfmd.2603033,Rapid prediction of stabilized power output for perovskite PV modules based on kinetic modeling,Gongneng cailiao yu qijian xuebao,journal,2026-06-01,article,en,defects,,experimental,0.0682,,0,diamond,0
10.1016/j.newton.2026.100559,10.1016/j.newton.2026.100559,Photocarrier evolution in lead-free perovskite Cs2SnI6,Newton,journal,2026-06-01,article,en,composition,,experimental,0.1,Institute For Basic Science,0,closed,0
10.1149/2162-8777/ae79a9,10.1149/2162-8777/ae79a9,Novel Bi-ETL Ba 3 NCl 3 Perovskite Solar Cell with Induced Spike-Like Energy Band Alignment Surpassing 33% Simulation Efficiency,ECS Journal of Solid State Science and Technology,journal,2026-06-01,article,en,interfaces,,theory,0.24,Ghulam Ishaq Khan,0,closed,0
10.1007/s10854-026-17710-1,10.1007/s10854-026-17710-1,K0.5La0.5BaTi2O6: an exploration of structural and multifunctional properties,Journal of Materials Science Materials in Electronics,journal,2026-06-01,article,en,composition,,experimental,0.0,Kiit University,0,closed,0
10.1016/j.joule.2026.102501,10.1016/j.joule.2026.102501,Interface-mediated crystallization enables PEDOT:PSS-free all-perovskite tandems with 29.1% efficiency and enhanced durability,Joule,journal,2026-06-01,article,en,architecture,,experimental,0.0968,Hong Kong University Of Science And Technology,0,closed,0
10.1016/j.nanoms.2026.04.012,10.1016/j.nanoms.2026.04.012,Confining lead-free perovskite in extra-large pore zeolite for selective electrocatalytic NO3− to NH3,Nano Materials Science,journal,2026-06-01,article,en,composition,,experimental,0.1167,Jilin University,0,diamond,1
10.1002/adfm.75637,10.1002/adfm.75637,Rationally Designed Bilayer Passivation Strategy for High‐Performance Vacuum‐Processed Perovskite Solar Cells,Advanced Functional Materials,journal,2026-06-01,article,en,defects,,scale_up,0.1818,Jeonbuk National University,0,hybrid,1
10.1002/ente.70501,10.1002/ente.70501,Annealing‐Induced Interface Passivation in n‐TOPCon Silicon Solar Cells for High‐Efficiency 4T Perovskite/Si Tandems,Energy Technology,journal,2026-06-01,article,en,defects,,experimental,0.1818,Sungkyunkwan University,0,closed,1
10.1002/ente.70533,10.1002/ente.70533,Dual‐Path Photovoltaic–Thermoelectric Conversion for Full‐Spectrum Solar Energy Utilization,Energy Technology,journal,2026-06-01,article,en,defects,interfaces,experimental,0.0455,Ningbo University Of Technology,0,closed,1
10.1002/aenm.71001,10.1002/aenm.71001,Bilateral Anchoring Strategy Enables Highly Efficient Wide‐Bandgap Perovskite Solar Cells/Modules for Self‐Powered Photo‐Electrocatalytic Antibacterial System (Adv. Energy Mater. 22/2026),Advanced Energy Materials,journal,2026-06-01,article,en,interfaces,,experimental,0.04,Hefei University Of Technology,0,closed,1
10.1038/s41598-026-56895-7,10.1038/s41598-026-56895-7,Load-resilient shingled photovoltaic module for field-scale thermoelectric coupling,PubMed Central,repository,2026-06-01,article,en,scale_up,,scale_up,0.0909,Chungbuk National University,0,green,0
10.1002/pssb.70266,10.1002/pssb.70266,A First‐Principles Investigation of Electronic Structure and Stability of the γ‐CsPbI 3 Surface,physica status solidi (b),journal,2026-06-01,article,en,defects,,experimental,0.0455,Energy Storage Systems (united States),0,closed,0
10.1557/s43577-026-01073-3,10.1557/s43577-026-01073-3,Direct mapping of lattice strain and structure by five-dimensional scanning x-ray diffraction microscopy,MRS Bulletin,journal,2026-06-01,article,en,composition,,review,0.0,European Synchrotron Radiation Facility,0,hybrid,0
10.1016/j.geits.2026.100439,10.1016/j.geits.2026.100439,The application of perovskite-based tandem solar cells in near-space: a perspective,Green Energy and Intelligent Transportation,journal,2026-06-01,article,en,architecture,,theory,0.0968,Beijing,0,gold,1
10.1002/adts.70445,10.1002/adts.70445,Computational Design and Performance Analysis of Lead‐Free Ca 3 AsI 3 Perovskite–MoS 2 ‐based Tandem Solar Cell,Advanced Theory and Simulations,journal,2026-06-01,article,en,architecture,,experimental,0.0968,National,0,closed,0
10.1002/ente.70536,10.1002/ente.70536,"High‐Performance Lead‐Free Cs 2 XTlCl 6 (X = Y, Sc) Perovskites for Solar and Thermoelectric Energy Conversion",Energy Technology,journal,2026-06-01,article,en,,,,,,0,closed,0
10.1002/adts.70429,10.1002/adts.70429,Modeling‐Assisted Insight Into High‐Performance Perovskite Solar Cells Enabled by a Hybrid NiO x /SAM Hole Transport Layer,Advanced Theory and Simulations,journal,2026-06-01,article,en,interfaces,,theory,0.34,Fujian Metrology Institute,0,closed,0
10.1016/j.jiec.2026.06.024,10.1016/j.jiec.2026.06.024,Ion-incorporated conformal SnO2 bilayers with passivated defects for efficient perovskite solar cells,Journal of Industrial and Engineering Chemistry,journal,2026-06-01,article,en,composition,,experimental,0.0,Korea University,0,closed,0
10.1002/aesr.70219,10.1002/aesr.70219,Hybrid Cosensitization via Fluorescence Resonance Energy Transfer in Emerging Photovoltaic Technologies,Advanced Energy and Sustainability Research,journal,2026-06-01,article,en,composition,,review,0.0,Defence,0,gold,0
10.1016/j.joule.2026.102489,10.1016/j.joule.2026.102489,Low-dimensional perovskite photovoltaics for terrestrial and space applications,Joule,journal,2026-06-01,article,en,composition,,experimental,0.0,University Of Pavia,0,closed,0
10.1016/j.mtcomm.2026.115574,10.1016/j.mtcomm.2026.115574,A unified machine learning framework for band gap prediction in lead-free ABX₃ and double perovskites,Materials Today Communications,journal,2026-06-01,article,en,composition,,theory,0.1,K. N. Toosi University Of Technology,0,hybrid,0
10.1002/nano.70159,10.1002/nano.70159,Numerical Investigation of Back Surface Field Optimization in Lead‐Free MAFASnBrI 3 Perovskite Solar Cells for Enhanced Efficiency,Nano Select,journal,2026-06-01,article,en,interfaces,defects,theory,0.12,Rajshahi University Of Engineering And Technology,0,gold,0
10.1002/ente.70542,10.1002/ente.70542,Reconstructing Solar Materials Innovation Through Data Science: A Review of Opportunities and Structural Bottlenecks,Energy Technology,journal,2026-06-01,article,en,scale_up,,theory,0.0303,Princess Nourah Bint Abdulrahman University,0,closed,1
10.1002/adts.70450,10.1002/adts.70450,First‐Principles Calculation of Cs 2 AgIrX 6 (X = I/Br/Cl) Double perovskite and Multiscale Modelling of Cs 2 AgIrBr 6 Solar Cell for Space Applications,Advanced Theory and Simulations,journal,2026-06-01,article,en,composition,,theory,0.05,National,0,closed,0
10.1002/adfm.76090,10.1002/adfm.76090,Interfacial Modulation for High‐Efficiency Large‐Area Organic Photovoltaics and Perovskite‐Organic Tandem Solar Modules (Adv. Funct. Mater. 47/2026),Advanced Functional Materials,journal,2026-06-01,article,en,interfaces,architecture,scale_up,0.12,Advanced Analysis Center,0,closed,0
10.1016/j.mtcomm.2026.115603,10.1016/j.mtcomm.2026.115603,From thin films to energy systems: A perspective-oriented translational framework for deployable functional materials,Materials Today Communications,journal,2026-06-01,article,en,interfaces,,review,0.04,Edith Cowan University,0,hybrid,0
10.1002/asia.70860,10.1002/asia.70860,Quaternary Ammonium Additives Enable Efficient and Stable 1.77 eV Wide‐Bandgap Perovskite Solar Cells,Chemistry - An Asian Journal,journal,2026-06-01,article,en,defects,,experimental,0.1591,Shanghai University Of Engineering Science,0,closed,0
10.1016/j.device.2026.101209,10.1016/j.device.2026.101209,Defect-modulated self-powered perovskite neuromorphic photodetector array for dynamic trajectory prediction,Device,journal,2026-06-01,article,en,,,,,Westlake University,0,closed,0
10.1063/5.0316312,10.1063/5.0316312,"Engineering performance of all-inorganic lead-free halide perovskites: A comprehensive review of innovations in photoluminescence, quantum yield, and stability",Applied Physics Reviews,journal,2026-06-01,article,en,composition,,review,0.1,Chinese University Of Hong Kong Shenzhen,0,closed,1
10.1016/j.mtcomm.2026.115617,10.1016/j.mtcomm.2026.115617,Interface-engineered indium-doped ZnO nanocomposites film for efficient and durable perovskite solar cells,Materials Today Communications,journal,2026-06-01,article,en,interfaces,,experimental,0.08,,0,closed,0
10.1016/j.joule.2026.102538,10.1016/j.joule.2026.102538,Accelerated aging replicates spatially non-uniform degradation modes observed in outdoor-aged perovskite solar cells,Joule,journal,2026-06-01,article,en,stability,,experimental,0.0758,Bielefeld University,0,hybrid,1
10.1088/1674-4926/26020045,10.1088/1674-4926/26020045,"Crystallization suppression of mixed-halide intermediates for perovskite/Cu(In,Ga)Se 2 tandem solar cells with improved efficiency",Journal of Semiconductors,journal,2026-06-01,article,en,architecture,,experimental,0.0968,Nanjing University,0,bronze,0
10.1016/j.mtcomm.2026.115628,10.1016/j.mtcomm.2026.115628,A comparative study of explainable ensemble learning and neural network models for predicting the bandgap and heat of formation of A2BB’X6 double perovskites,Materials Today Communications,journal,2026-06-01,article,en,composition,,theory,0.0167,Central Statistics Office,0,hybrid,0
10.1016/j.mtcomm.2026.115633,10.1016/j.mtcomm.2026.115633,Simultaneous cationic–anionic site modulation via guanidinoacetic acid for defect passivation in high-efficiency and stable perovskite solar cells,Materials Today Communications,journal,2026-06-01,article,en,defects,,experimental,0.2273,,0,closed,0
10.1016/j.revmat.2026.100244,10.1016/j.revmat.2026.100244,Atomic-level defect engineering: From fundamental mechanisms to applications in energy materials,Review of Materials Research,journal,2026-06-01,article,en,defects,,review,0.2727,Tsinghua University,0,gold,0
10.11868/j.issn.1001-4381.2024.000267,10.11868/j.issn.1001-4381.2024.000267,Study on the properties of SnO2 thin film based on hydrolysis and its effect on perovskite solar cells,DOAJ (DOAJ: Directory of Open Access Journals),repository,2026-06-01,article,zh,interfaces,,experimental,0.08,,0,closed,0
10.1007/s12613-025-3340-2,10.1007/s12613-025-3340-2,Transition metal carbide-engineered active layers for high-efficiency and stable perovskite solar cell,International Journal of Minerals Metallurgy and Materials,journal,2026-06-01,article,en,composition,,experimental,0.0,Sejong University,0,closed,0
10.1002/adts.70456,10.1002/adts.70456,Synergistic Machine Learning and First‐Principles Calculations Reveal the “Composition‐Bandgap‐Performance” Relationship in Perovskite Solar Cells,Advanced Theory and Simulations,journal,2026-06-01,article,en,composition,,theory,0.0833,Jinan University,0,closed,0
10.1063/1674-0068/cjcp2408107,10.1063/1674-0068/cjcp2408107,Theoretical investigation on photoconversion efficiency of polar double iodide perovskite (CsRb)(SnGe)I6,Chinese Journal of Chemical Physics,journal,2026-06-01,article,en,composition,,theory,0.0,Université Mustapha Stambouli De Mascara,0,closed,0
10.1016/j.mtcomm.2026.115723,10.1016/j.mtcomm.2026.115723,Metal-organic complex interfaces enabling triplet-state modulation and defect passivation in perovskite solar cells,Materials Today Communications,journal,2026-06-01,article,en,defects,,experimental,0.2955,University Of Aveiro,0,hybrid,0
10.1360/nso/20260047,10.1360/nso/20260047,Solvent-Tailored Hybrid Sequential Deposition Enables Multifunctional Perovskite Optoelectronic Devices,National Science Open,journal,2026-06-01,article,en,defects,stability,experimental,0.0682,Integrated Optoelectronics (norway),0,diamond,0
10.1016/j.mtcomm.2026.115767,10.1016/j.mtcomm.2026.115767,Computational analysis of photovoltaic potential of a dual-halide organic-inorganic dual absorber layer-based perovskite solar cell,Materials Today Communications,journal,2026-06-01,article,en,stability,,experimental,0.0152,King Saud University,0,hybrid,0
10.1016/j.solener.2026.114750,10.1016/j.solener.2026.114750,Spiro based hole transporting materials improving optical and photoelectric properties for perovskite solar cells,Solar Energy,journal,2026-06-02,article,en,composition,,experimental,0.0,,1,closed,0
10.1038/s44172-026-00695-4,10.1038/s44172-026-00695-4,Interfacial stability of organic-based hole transport layers in perovskite photovoltaics for space-like thermal environments,Communications Engineering,journal,2026-06-02,article,en,interfaces,,experimental,0.14,Gyeongsang National University,1,gold,1
10.1016/j.jpcs.2026.113876,10.1016/j.jpcs.2026.113876,"Halogen-dependent optical response, band-edge alignment, and thermoelectric tunability in AlMgZ3 (Z = Cl, Br, I) cubic perovskites for photocatalytic water splitting and renewable energy applications: A first-principles investigation",Journal of Physics and Chemistry of Solids,journal,2026-06-02,article,en,,,,,Jinhua University Of Vocational Technology,0,closed,0
10.5755/j02.ms.42288,10.5755/j02.ms.42288,"Computational Study of the Structural, Mechanical and Optoelectronic Properties of Metal-halide Perovskites for Hybrid Energy Storage Applications",Materials Science,journal,2026-06-02,article,en,composition,,experimental,0.0,Islamia University Of Bahawalpur,0,gold,0
10.1016/j.nxmate.2026.102383,10.1016/j.nxmate.2026.102383,Interface-engineered eco-friendly Cs2AgInBr5Cl/MASnBr3 based perovskite solar cell achieving high efficiency and enhanced stability,Next Materials,journal,2026-06-02,article,en,interfaces,,experimental,0.2,Rajshahi University Of Engineering And Technology,0,gold,0
10.1088/1402-4896/ae765e,10.1088/1402-4896/ae765e,"Unveiling the photovoltaic potential of eco-friendly β -CaSiY 3 (Y = S, Se) chalcogenide perovskites: a first-principles investigation",Physica Scripta,journal,2026-06-02,article,en,architecture,,theory,0.0484,Ibm (united States),0,hybrid,0
10.3390/en19112684,10.3390/en19112684,"Thin-Film Solar Cells for Solar Thermal Cooling, Heating, and Energy Storage Systems: Materials, Manufacturing, and Emerging Applications",Energies,journal,2026-06-02,article,en,scale_up,,theory,0.1212,Louisiana Tech University,0,gold,1
10.26434/chemrxiv.15004204/v1,10.26434/chemrxiv.15004204/v1,Molecular engineering of chiral–polar one-dimensional helical perovskites for circularly polarized light detection and bulk photovoltaic effect,ChemRxiv,repository,2026-06-02,preprint,en,composition,,experimental,0.0333,Waseda University,0,green,1
10.1007/s44291-026-00232-9,10.1007/s44291-026-00232-9,"Study of variation of series resistance, shunt resistance and absorber layer thickness in La2NiMnO6 double perovskite solar cells",Discover Electronics,journal,2026-06-02,article,en,composition,,theory,0.0667,Dr. Bhim Rao Ambedkar University,0,diamond,0
10.21203/rs.3.rs-9866365/v1,10.21203/rs.3.rs-9866365/v1,"DFT Insights into the Pressure-Dependent Electronic,Optical, and Mechanical Properties of LiSrI3 for Enhanced Optoelectronic Performance",Research Square,repository,2026-06-02,preprint,en,composition,,theory,0.0,Chittagong University Of Engineering & Technology,0,green,0
10.1002/adma.73561,10.1002/adma.73561,2D Perovskite Engineering Enables Robust Self‐Assembled Monolayers for High‐Performance Perovskite Solar Cells,Advanced Materials,journal,2026-06-02,article,en,stability,,scale_up,0.1061,Nanjing Tech University,0,green,1
10.1016/j.cej.2026.177951,10.1016/j.cej.2026.177951,Laser-assisted growth of ligand-free nanocrystals for grain-boundary passivation and suppression of non-radiative defects in lead-free Cs3Sb2I9 solar cells,Chemical Engineering Journal,journal,2026-06-02,article,en,composition,defects,experimental,0.1,Wenzhou University,0,closed,0
10.35848/1347-4065/ae76a0,10.35848/1347-4065/ae76a0,Light-trapping enhancement in perovskite solar cells using a cost-effective mold-replicated textured polymer substrate,Japanese Journal of Applied Physics,journal,2026-06-02,article,en,scale_up,,experimental,0.0303,Toyoda Gosei (japan),0,bronze,0
10.1080/01430750.2026.2677012,10.1080/01430750.2026.2677012,"Performance and economic analysis of hybrid modified solar still coupled with N-evacuated tube collectors, lead-free perovskite PV module and immersion rods using nanofluids: design optimisation",International Journal of Ambient Energy,journal,2026-06-02,article,en,scale_up,,scale_up,0.1212,Delhi Technological University,0,closed,1
10.1016/j.solener.2026.114743,10.1016/j.solener.2026.114743,Machine learning assisted development of lead-free Cs3Bi2I9 perovskite solar cells,Solar Energy,journal,2026-06-02,article,en,composition,,theory,0.1,Albany State University,0,closed,0
10.1016/j.poly.2026.118240,10.1016/j.poly.2026.118240,"Structural, optoelectronic and solar cell properties of quaternary chalcogenide halides Ba3GaSe4Br and Ba3InSe4Br for energy harvesting application",Polyhedron,journal,2026-06-02,article,en,composition,,experimental,0.0,Government Of Khyber Pakhtunkhwa,0,closed,0
10.34133/energymatadv.0536,10.34133/energymatadv.0536,Solvent Engineering for Ambient-Air Fabrication of Perovskite Solar Cells,Energy Material Advances,journal,2026-06-02,article,en,composition,,experimental,0.0,Beijing,0,diamond,0
10.1021/acs.jpcc.6c00585,10.1021/acs.jpcc.6c00585,"Bandgap-Tunable Organic–Inorganic Halide Perovskite Family ABI 3 (A = MA, FA, NH 4 ; B = Pb, Sn, Ge) under Hydrostatic Pressure",The Journal of Physical Chemistry C,journal,2026-06-02,article,en,composition,,theory,0.1167,Beijing Normal University,0,closed,0
10.1021/acsami.6c08388,10.1021/acsami.6c08388,Tuning Spacer Interaction via Br-Substitution Position for High-Efficiency and Stable 2D Ruddlesden–Popper Perovskite Solar Cells,ACS Applied Materials & Interfaces,journal,2026-06-02,article,en,stability,,experimental,0.0303,Northwestern Polytechnical University,0,closed,0
10.1021/acsami.6c06221,10.1021/acsami.6c06221,Novel Bilayer Strategy Developing Dual-Functional Spray-Pyrolyzed NiO x toward High-Performance Perovskite Solar Cells,ACS Applied Materials & Interfaces,journal,2026-06-02,article,en,stability,,experimental,0.0455,Of The People's Republic Of China,0,closed,0
10.1016/j.nanoen.2026.112084,10.1016/j.nanoen.2026.112084,Semitransparent agrivoltaics with tunable wide-bandgap perovskites printed under humid-air,Nano Energy,journal,2026-06-02,article,en,composition,,experimental,0.0,Wuhan University Of Technology,0,closed,0
10.26187/deakin.32538444,10.26187/deakin.32538444,Genetic algorithm: Design of perovskite solar cells with broadband light-absorption optimization,Deakin Research Online (Deakin University),repository,2026-06-02,article,en,composition,,experimental,0.0167,,0,green,0
10.1002/aenm.71123,10.1002/aenm.71123,Overcoming the Voltage Deficit in Hybrid‐Processed Wide‐Bandgap Perovskite Solar Cells,Advanced Energy Materials,journal,2026-06-02,article,en,defects,architecture,experimental,0.0682,Nanyang Technological University,0,closed,1
10.1021/acsami.6c08388.s001,10.1021/acsami.6c08388.s001,Tuning Spacer Interaction via Br-Substitution Position for High-Efficiency and Stable 2D Ruddlesden–Popper Perovskite Solar Cells,Figshare,repository,2026-06-02,article,en,stability,,experimental,0.0303,,0,green,0
10.1021/acs.jpcc.6c00585.s001,10.1021/acs.jpcc.6c00585.s001,"Bandgap-Tunable Organic–Inorganic Halide Perovskite Family ABI3 (A = MA, FA, NH4; B = Pb, Sn, Ge) under Hydrostatic Pressure",Figshare,repository,2026-06-02,article,en,composition,,theory,0.1167,,0,green,0
10.1021/acsami.6c06221.s001,10.1021/acsami.6c06221.s001,Novel Bilayer Strategy Developing Dual-Functional Spray-Pyrolyzed NiOx toward High-Performance Perovskite Solar Cells,Figshare,repository,2026-06-02,article,en,stability,,experimental,0.0909,,0,green,0
10.1016/j.solmat.2026.114481,10.1016/j.solmat.2026.114481,Design and numerical optimization of B′-Site Sb-alloyed Cs2AgBiBr6 double perovskites for tunable optoelectronic and photovoltaic performance,Solar Energy Materials and Solar Cells,journal,2026-06-03,article,en,composition,,experimental,0.0,National,1,closed,0
10.1002/aenm.71159,10.1002/aenm.71159,Mitigating Photothermal‐Induced Burn‐In in Perovskite Solar Cells via a Multidentate Phosphonic Acid Polymer Network,Advanced Energy Materials,journal,2026-06-03,article,en,interfaces,stability,scale_up,0.1,North University Of China,1,closed,1
10.1002/adfm.76273,10.1002/adfm.76273,Extremely Long Electron Lifetime in Spontaneously Passivated Polycrystalline Perovskite Layers via Illumination‐Assisted Trap Filling,Advanced Functional Materials,journal,2026-06-03,article,en,defects,,experimental,0.2045,National,1,hybrid,1
10.1002/smll.74043,10.1002/smll.74043,Efficient and Stable Wide‐Bandgap Perovskite Solar Cells Fabricated via Vacuum Flash,Small,journal,2026-06-03,article,en,architecture,,experimental,0.0484,Guilin University Of Technology,1,green,1
10.1016/j.nxener.2026.100694,10.1016/j.nxener.2026.100694,"A review on recent lead-based and lead-lean doped single- and double- perovskite solar cells for efficient, stable, and green photovoltaics",Next Energy,journal,2026-06-03,article,en,interfaces,,review,0.08,University Of Lucknow,0,gold,0
10.1038/s41598-026-54954-7,10.1038/s41598-026-54954-7,Optoelectronic performance of diphenylamine-helicene derivatives as hole transport materials in perovskite solar cells: a DFT/TD-DFT study,Scientific Reports,journal,2026-06-03,article,en,interfaces,,theory,0.08,University Of Tabriz,0,gold,0
10.1016/j.cej.2026.178001,10.1016/j.cej.2026.178001,Chemical–physical double locking via in situ cross-linking for stable and lead-safe perovskite solar cells,Chemical Engineering Journal,journal,2026-06-03,article,en,composition,,experimental,0.0,Ludong University,0,closed,0
10.1021/acs.nanolett.6c00804,10.1021/acs.nanolett.6c00804,Multisite Passivation and Surface Reconstruction of Perovskite for All-Air-Fabricated Perovskite Solar Cells,Nano Letters,journal,2026-06-03,article,en,defects,,experimental,0.25,Southwest University,0,closed,1
10.1016/j.jpowsour.2026.240542,10.1016/j.jpowsour.2026.240542,Perovskite solar cells through active layer engineering with metal sulfides,Journal of Power Sources,journal,2026-06-03,article,en,composition,,experimental,0.0,Anhui University,0,closed,0
10.3390/ma19112374,10.3390/ma19112374,Unravelling Recombination Processes in Bifacial Guanidinium-Incorporated Perovskite Solar Cells with SnO2 and TiO2 ETLs,Materials,journal,2026-06-03,article,en,defects,,experimental,0.1136,Adam Mickiewicz University In Poznań,0,gold,0
10.1016/j.jcis.2026.140871,10.1016/j.jcis.2026.140871,"Rational design of nanogel particle composition to control halide perovskite growth, structure and increase solar cell efficiency",Journal of Colloid and Interface Science,journal,2026-06-03,article,en,stability,,experimental,0.0455,King Abdulaziz University,0,hybrid,1
10.1021/acsami.6c04021,10.1021/acsami.6c04021,Vertical Interaction between Thiourea and Perovskite Surface Results in Obviously Enhanced Performance with PCE Surpassing 24% Efficiency,ACS Applied Materials & Interfaces,journal,2026-06-03,article,en,stability,,theory,0.0303,Southwest Petroleum University,0,closed,0
10.1021/acs.nanolett.6c00804.s001,10.1021/acs.nanolett.6c00804.s001,Multisite Passivation and Surface Reconstruction of Perovskite for All-Air-Fabricated Perovskite Solar Cells,Figshare,repository,2026-06-03,article,en,defects,,experimental,0.25,,0,green,0
10.1021/acsami.6c04021.s001,10.1021/acsami.6c04021.s001,Vertical Interaction between Thiourea and Perovskite Surface Results in Obviously Enhanced Performance with PCE Surpassing 24% Efficiency,Figshare,repository,2026-06-03,article,en,stability,,theory,0.0303,,0,green,0
10.1016/j.jics.2026.102740,10.1016/j.jics.2026.102740,"Hydrostatic pressure effects on K-based double perovskites: A DFT investigation of electronic, optical, and thermodynamic properties for energy applications",Journal of the Indian Chemical Society,journal,2026-06-04,article,en,composition,,theory,0.0,Prince Sattam Bin Abdulaziz University,2,closed,0
10.1038/s44160-026-01089-2,10.1038/s44160-026-01089-2,A self-assembled monolayer via rapid and scalable soak coating for perovskite solar cells,Nature Synthesis,journal,2026-06-04,article,en,interfaces,,experimental,0.12,City University Of Hong Kong,2,closed,0
10.1002/adma.73572,10.1002/adma.73572,Ultrasound‐Assisted Zwitterion Grafting on NiO x for Suppressing Self‐Assembled Monolayer Migration in Perovskite Solar Cells,Advanced Materials,journal,2026-06-04,article,en,interfaces,,experimental,0.1,Beijing Solar Energy Research Institute,1,green,0
10.1016/j.cej.2026.177834,10.1016/j.cej.2026.177834,Direct 3D printing of molten metal electrodes for perovskite solar cells,Chemical Engineering Journal,journal,2026-06-04,article,en,stability,,experimental,0.0909,University Of Rome Tor Vergata,0,hybrid,1
10.1016/j.mtener.2026.102329,10.1016/j.mtener.2026.102329,Flexible two-terminal monolithic perovskite/silicon tandem solar cells: A roadmap for lightweight high-efficiency photovoltaics,Materials Today Energy,journal,2026-06-04,article,en,architecture,,review,0.0968,,0,closed,0
10.1016/j.mtener.2026.102330,10.1016/j.mtener.2026.102330,In-situ growth of graphdiyne for targeted oxygen vacancy management on SnO2 in perovskite solar cells,Materials Today Energy,journal,2026-06-04,article,en,defects,,experimental,0.0909,Shandong University,0,closed,0
10.1021/acsaem.6c01363,10.1021/acsaem.6c01363,Strain Regulation through In Situ 1D/3D Heterojunction Construction with an Optimal Alkyl Chain Length for Efficient and Stable Perovskite Solar Cells,ACS Applied Energy Materials,journal,2026-06-04,article,en,composition,,experimental,0.05,Shanghai University Of Electric Power,0,closed,1
10.1002/ange.2412282,10.1002/ange.2412282,A Nonbenzenoid Nanographene Horse Saddle With Four Pentagon–Octagon Pairs,Angewandte Chemie,journal,2026-06-04,article,en,composition,,experimental,0.0167,Nantong University,0,hybrid,0
10.1016/j.ssc.2026.116486,10.1016/j.ssc.2026.116486,"Emerging frontiers in perovskite solar cells: Principles, performance, and pathways to commercialization",Solid State Communications,journal,2026-06-04,article,en,composition,,experimental,0.0,Dibrugarh University,0,closed,0
10.1021/acsami.6c05326,10.1021/acsami.6c05326,Polyaniline-Enabled Dual Passivation of SnO x Oxygen Vacancies and Perovskite Surface Defects,ACS Applied Materials & Interfaces,journal,2026-06-04,article,en,defects,,experimental,0.2955,Kasetsart University,0,hybrid,1
10.1002/advs.76010,10.1002/advs.76010,Sulfonated Bathocuproine Derivatives as Chemically Bonded Buried‐Interface Engineers for n–i–p Perovskite Solar Cells,Advanced Science,journal,2026-06-04,article,en,interfaces,,experimental,0.18,Korea University,0,gold,1
10.1021/acsami.6c06456,10.1021/acsami.6c06456,Opto-electro-thermal Multiphysical Mechanisms and Performance Degradation Mitigation in Perovskite/Silicon Tandem Solar Cells with Nonuniform Self-Assembled Monolayers,ACS Applied Materials & Interfaces,journal,2026-06-04,article,en,defects,interfaces,theory,0.1364,,0,closed,1
10.1016/j.synthmet.2026.118192,10.1016/j.synthmet.2026.118192,Nanocomposites of Spiro-OMeTAD:ZnPc as promising hole transport materials for perovskite solar cells,Synthetic Metals,journal,2026-06-04,article,en,interfaces,,experimental,0.08,Karaganda Buketov University,0,closed,0
10.1016/j.solmat.2026.114447,10.1016/j.solmat.2026.114447,"First-principles design and strain engineering of K3BA (B = O, S; A = Cl, Br, I) anti-perovskites toward high-performance solar cells",Solar Energy Materials and Solar Cells,journal,2026-06-04,article,en,composition,,theory,0.0,National,0,closed,0
10.1002/anie.2412282,10.1002/anie.2412282,A Nonbenzenoid Nanographene Horse Saddle With Four Pentagon–Octagon Pairs,Angewandte Chemie International Edition,journal,2026-06-04,article,en,composition,,experimental,0.0167,Nantong University,0,hybrid,1
10.1002/smll.74086,10.1002/smll.74086,Solid‐State Crystallization Regulation Enables High‐Performance Thermally Evaporated CsPbI 2 Br Perovskite Solar Cells,Small,journal,2026-06-04,article,en,defects,,experimental,0.1136,Nanjing Tech University,0,green,1
10.1002/adma.73535,10.1002/adma.73535,Decoupling Bulk Homogenization and Interfacial Reconstruction via a Triple‐Alkali‐Cation Interlayer for High‐Performance Perovskite Solar Cells,Advanced Materials,journal,2026-06-04,article,en,interfaces,,experimental,0.14,Beijing National Laboratory For Molecular Sciences,0,closed,1
10.1002/cssc.70757,10.1002/cssc.70757,Bidentate Hole‐Transporting Materials for Interface Passivation and High‐Efficiency Inverted Perovskite Solar Cells,ChemSusChem,journal,2026-06-04,article,en,defects,,experimental,0.1818,National Taipei University Of Technology,0,hybrid,0
10.1021/acsami.6c05326.s001,10.1021/acsami.6c05326.s001,Polyaniline-Enabled Dual Passivation of SnOx Oxygen Vacancies and Perovskite Surface Defects,Figshare,repository,2026-06-04,article,en,defects,,experimental,0.2955,,0,green,0
10.1021/acsami.6c06456.s001,10.1021/acsami.6c06456.s001,Opto-electro-thermal Multiphysical Mechanisms and Performance Degradation Mitigation in Perovskite/Silicon Tandem Solar Cells with Nonuniform Self-Assembled Monolayers,Figshare,repository,2026-06-04,article,en,defects,interfaces,theory,0.1364,,0,green,0
10.1007/s40843-026-4136-y,10.1007/s40843-026-4136-y,Engineering hydrogen-bond networks in self-assembled molecules boosts all-perovskite tandem solar cell efficiency,Science China Materials,journal,2026-06-04,article,en,architecture,,experimental,0.1935,Wuhan National Laboratory For Optoelectronics,0,closed,0
10.1126/sciadv.aef6596,10.1126/sciadv.aef6596,Reactive reconstruction and embedded passivation of heterointerfaces for intrinsically stable perovskite photovoltaics,Science Advances,journal,2026-06-05,article,en,stability,defects,experimental,0.1515,Tianjin University Of Technology,2,gold,1
10.1142/s2737416526500936,10.1142/s2737416526500936,"First Principle Investigation of CuCdX 3 (X = F, Cl, Br) Halide Perovskites: Structural Stability and Optoelectronic Potential for Energy Applications",Journal of Computational Biophysics and Chemistry,journal,2026-06-05,article,en,composition,,theory,0.0,Kohat University Of Science And Technology,1,closed,0
10.1016/j.physb.2026.418913,10.1016/j.physb.2026.418913,"Temperature-dependent structural, optical, and surface transformations in CsPbI3 perovskite quantum dots",Physica B Condensed Matter,journal,2026-06-05,article,en,composition,,experimental,0.0,Adamawa State University,1,closed,0
10.1016/j.nxmate.2026.102437,10.1016/j.nxmate.2026.102437,Numerical analysis of flow parameters for perovskite layer printing with a slot-die head integrated 3D printer,Next Materials,journal,2026-06-05,article,en,scale_up,,theory,0.1364,Wollega University,1,gold,0
10.1002/adfm.76418,10.1002/adfm.76418,Structural Design of Bisphosphonic Acid Self‐Assembled Molecule for Stable and Reproducible Perovskite Solar Cells,Advanced Functional Materials,journal,2026-06-05,article,en,interfaces,,experimental,0.2,Nanjing Tech University,1,closed,1
10.1016/j.jpowsour.2026.239908,10.1016/j.jpowsour.2026.239908,Numerical simulation and AI-driven optimization of efficient dual perovskite solar cells: Based on SCAPS-1D and DFT,Journal of Power Sources,journal,2026-06-05,article,en,composition,,theory,0.0,Shandong University,0,closed,0
10.1016/j.solmat.2026.114494,10.1016/j.solmat.2026.114494,Electron irradiation tolerance of halide perovskite solar cells for space applications,Solar Energy Materials and Solar Cells,journal,2026-06-05,article,en,composition,,experimental,0.0,Lanzhou University,0,closed,0
10.1088/2752-5724/ae7817,10.1088/2752-5724/ae7817,Coordination-regulated defect suppression enables stable wide-bandgap perovskites for efficient perovskite/CIGS tandem solar cells,Materials Futures,journal,2026-06-05,article,en,defects,composition,experimental,0.1591,Beijing,0,diamond,1
10.1016/j.ccr.2026.218171,10.1016/j.ccr.2026.218171,Defect engineering via rare-earth incorporation (DE-RE) in TiO₂ photocatalysts: Wavelength-dependent energy conversion performance,Coordination Chemistry Reviews,journal,2026-06-05,article,en,defects,,experimental,0.0909,Universiti Tenaga Nasional,0,closed,0
10.3390/ma19112415,10.3390/ma19112415,Recent Development of Back-Contacted Single-Crystal Perovskite Solar Cells,Materials,journal,2026-06-05,article,en,defects,,review,0.1364,Shandong University,0,gold,0
10.1016/j.mtchem.2026.103749,10.1016/j.mtchem.2026.103749,Understanding electron-phonon interaction in solution-processed photovoltaic materials,Materials Today Chemistry,journal,2026-06-05,article,en,composition,,review,0.0,Linköping University,0,hybrid,0
10.3390/su18115760,10.3390/su18115760,Life Cycle Assessment of a Perovskite/Silicon Tandem Module and Its Future Application in a PV Plant,Sustainability,journal,2026-06-05,article,en,scale_up,,scale_up,0.1818,Ricerca Sul Sistema Energetico (italy),0,gold,1
10.1007/s43939-026-00740-1,10.1007/s43939-026-00740-1,Interface engineered CsSn0.5Ge0.5I3/c-Si lead free tandem solar cell achieving high efficiency using NiO/PCBM layers,Discover Materials,journal,2026-06-05,article,en,architecture,,theory,0.0968,Jaypee,0,gold,0
10.59675/e415,10.59675/e415,Smart Materials and Their Applications in Renewable Energy Systems,Academic International Journal of Engineering Science,journal,2026-06-05,article,en,scale_up,,review,0.0152,Sana'a University,0,hybrid,0
10.1088/1402-4896/ae7855,10.1088/1402-4896/ae7855,Quantum and classical machine learning for perovskite bandgap learning and solar cell performance analysis,Physica Scripta,journal,2026-06-05,article,en,composition,,theory,0.0,Yangzhou University,0,hybrid,0
10.1016/j.cej.2026.178033,10.1016/j.cej.2026.178033,Dimethylammonium chloride-assisted antisolvent engineering for high-performance and stable CsPbI3 perovskite solar cells,Chemical Engineering Journal,journal,2026-06-05,article,en,composition,,experimental,0.0,Soochow University,0,closed,0
10.1002/smll.74076,10.1002/smll.74076,Highly‐Oriented 3D Perovskite Films Synthesized by the Assisted Growth of Large‐Area 2D Perovskite Nanosheets With n = 1,Small,journal,2026-06-05,article,en,composition,,experimental,0.1333,Sun Yat-sen University,0,green,1
10.1038/s41467-026-74107-8,10.1038/s41467-026-74107-8,Indium-Based Octahedra Coordinating Pb–I Termini for Stable Perovskites,Nature Communications,journal,2026-06-05,article,en,stability,,experimental,0.1061,Zhejiang Lab,0,gold,1
10.1038/s41598-026-54942-x,10.1038/s41598-026-54942-x,Design and simulation of PEA0.15FA0.75MA0.1SnI2Br based quasi-2D/3D tin perovskite solar cells with different charge transport layers for efficiency enhancement,Scientific Reports,journal,2026-06-05,article,en,composition,,theory,0.2167,Vellore,0,gold,0
10.21203/rs.3.rs-9877778/v1,10.21203/rs.3.rs-9877778/v1,Entropy-engineered perovskite heterointerfaces suppress lattice-distortion-induced carrier localization and operational fatigue,Research Square,repository,2026-06-05,preprint,en,composition,,experimental,0.0,Gannan Normal University,0,green,0
10.1021/acsami.6c05001,10.1021/acsami.6c05001,Dual-Layer Grain-Boundary In Situ Polymerization Modulates Elastic Modulus for Mechanically Stable Flexible All-Perovskite Tandem Solar Cells,ACS Applied Materials & Interfaces,journal,2026-06-05,article,en,architecture,,experimental,0.1935,Sungkyunkwan University,0,bronze,1
10.1021/acsomega.6c03327,10.1021/acsomega.6c03327,Combining DFT Calculations and Clustering Techniques to Screen Organic Monovalent Cations for Applications in Halide Perovskite Solar Cells,ACS Omega,journal,2026-06-05,article,en,defects,stability,theory,0.1364,,0,gold,0
10.1038/s43246-026-01222-w,10.1038/s43246-026-01222-w,Performance improvement of low-dimensional Sn-based perovskites for solar cells from photophysical response to inter-phase transport and stability,Communications Materials,journal,2026-06-05,article,en,defects,,review,0.1136,Wenzhou Medical University,0,gold,1
10.1007/s40843-026-4072-3,10.1007/s40843-026-4072-3,Record efficiency of 20.01% in HTM-free carbon-based CsPbI3 perovskite solar cells achieved by TEPM multifunctional additive,Science China Materials,journal,2026-06-05,article,en,composition,,experimental,0.0333,Shaanxi Normal University,0,closed,0
10.1021/acsami.6c05001.s001,10.1021/acsami.6c05001.s001,Dual-Layer Grain-Boundary In Situ Polymerization Modulates Elastic Modulus for Mechanically Stable Flexible All-Perovskite Tandem Solar Cells,Figshare,repository,2026-06-05,article,en,architecture,,experimental,0.1935,,0,green,0
10.1038/s41467-026-73739-0,10.1038/s41467-026-73739-0,Mechanistic insight into α-to-δ phase transition and stabilizing α-phase FAPbI3 via regulating δ-phase orientation,Nature Communications,journal,2026-06-06,article,en,composition,,experimental,0.0667,,2,gold,1
10.1002/adma.202522825,10.1002/adma.202522825,Polymerized Surface Passivation for Stable and Efficient Inverted Perovskite Solar Cells,Advanced Materials,journal,2026-06-06,article,en,defects,,experimental,0.1364,University Of Science And Technology Of China,2,green,1
10.1016/j.cinorg.2026.100163,10.1016/j.cinorg.2026.100163,Numerical design and performance optimization of emerging SrZrS3-Based solar cells integrated with ZrS2 and CZTS transport layers,Chemistry of Inorganic Materials,journal,2026-06-06,article,en,interfaces,,theory,0.24,University B.t. & Evening College,0,gold,0
10.1007/s11664-026-12943-6,10.1007/s11664-026-12943-6,Optoelectronic and Photocatalytic Properties of Sn-Based Halide Perovskite Materials: Insights from GGA and HSE06 Calculations,Journal of Electronic Materials,journal,2026-06-06,article,en,composition,,experimental,0.0,Quzhou University,0,closed,0
10.1016/j.surfin.2026.109772,10.1016/j.surfin.2026.109772,FA-matched FAPbI3 quantum dots for interfacial defect passivation in carbon-based perovskite solar cells,Surfaces and Interfaces,journal,2026-06-06,article,en,defects,,experimental,0.2273,Chiang Mai University,0,closed,0
10.1002/ece2.70087,10.1002/ece2.70087,"Stabilization Strategies for Carbon Based Perovskite Solar Cells Under Light, Heat, and Humidity",EcoEnergy,journal,2026-06-06,article,en,defects,stability,experimental,0.1136,Centre National De La Recherche Scientifique,0,diamond,1
10.5281/zenodo.20567736,10.5281/zenodo.20567736,AI-DRIVEN OPTIMIZATION OF PEROVSKITE SOLAR CELLS FOR SUSTAINABLE ENERGY DEVELOPMENT IN PAKISTAN,Zenodo (CERN European Organization for Nuclear Research),repository,2026-06-06,article,de,composition,,experimental,0.0,,0,green,0
10.1002/adfm.76345,10.1002/adfm.76345,Suppressing Vacancies via Tailored Molecular Interactions Toward Enhanced Moisture Stability in Fully Air‐Fabricated Inverted Perovskite Solar Cells,Advanced Functional Materials,journal,2026-06-06,article,en,stability,,experimental,0.0758,Of The People's Republic Of China,0,closed,0
10.1021/acs.jpcc.6c01179,10.1021/acs.jpcc.6c01179,"First-Principles Calculations and SCAPS-1D Simulations of Lead-Free Double Perovskites Rb 2 AgBiX 6 (X = Br, I) for Solar Cell Applications",The Journal of Physical Chemistry C,journal,2026-06-06,article,en,composition,,theory,0.1,Yukhnovskii Institute For Condensed Matter Physics Of The National Academy Of Sc,0,closed,0
10.1016/j.surfin.2026.109787,10.1016/j.surfin.2026.109787,Multifunctional 4-Chloro-N-methylpyridine-2-carboxamide upper interface toward efficient inorganic perovskite solar cells,Surfaces and Interfaces,journal,2026-06-06,article,en,interfaces,,experimental,0.08,Northeast Electric Power University,0,closed,0
10.1016/j.solmat.2026.114495,10.1016/j.solmat.2026.114495,Synergistic modification of SnO2 electron transport layer via SnO2 quantum dot seeding for enhanced performance in perovskite solar cells,Solar Energy Materials and Solar Cells,journal,2026-06-06,article,en,interfaces,,experimental,0.08,Chiang Mai University,0,closed,0
10.5281/zenodo.20589612,10.5281/zenodo.20589612,AI-DRIVEN OPTIMIZATION OF PEROVSKITE SOLAR CELLS FOR SUSTAINABLE ENERGY DEVELOPMENT IN PAKISTAN,Zenodo (CERN European Organization for Nuclear Research),repository,2026-06-06,article,de,composition,,experimental,0.0,,0,green,0
10.5281/zenodo.20589710,10.5281/zenodo.20589710,AI-DRIVEN OPTIMIZATION OF PEROVSKITE SOLAR CELLS FOR SUSTAINABLE ENERGY DEVELOPMENT IN PAKISTAN,Zenodo (CERN European Organization for Nuclear Research),repository,2026-06-06,article,de,composition,,experimental,0.0,,0,green,0
10.5281/zenodo.20677723,10.5281/zenodo.20677723,AI-DRIVEN OPTIMIZATION OF PEROVSKITE SOLAR CELLS FOR SUSTAINABLE ENERGY DEVELOPMENT IN PAKISTAN,Zenodo (CERN European Organization for Nuclear Research),repository,2026-06-06,article,de,composition,,experimental,0.0,,0,green,0
10.5281/zenodo.20730543,10.5281/zenodo.20730543,AI-DRIVEN OPTIMIZATION OF PEROVSKITE SOLAR CELLS FOR SUSTAINABLE ENERGY DEVELOPMENT IN PAKISTAN,Zenodo (CERN European Organization for Nuclear Research),repository,2026-06-06,article,de,composition,,experimental,0.0,,0,green,0
10.65164/hp4wv458,10.65164/hp4wv458,Interface Engineering in Organic–Inorganic Hybrid Solar Cells: Strategies for Improving Charge Transport,,,2026-06-06,article,en,interfaces,,experimental,0.14,Osh Technological University,0,gold,0
10.65164/esahtb33,10.65164/esahtb33,Integrated Defect Engineering in Perovskite Solar Cells for Enhanced Stability and Efficiency,,,2026-06-06,article,en,defects,,experimental,0.2273,Osh Technological University,0,gold,0
10.65164/qt1x2a43,10.65164/qt1x2a43,Advanced Tandem Solar-Cell Architectures: Beyond the Conventional Silicon–Perovskite Paradigm,,,2026-06-06,article,en,architecture,,experimental,0.0968,Tashkent State Technical University Named After Islam Karimov,0,gold,0
10.1002/anie.4500167,10.1002/anie.4500167,Simple‐Synthesis Isomer‐Free Multi‐Adduct Fullerenes as Electron Transport Materials Enable 26.66% Efficiency of Perovskite Solar Cells,Angewandte Chemie International Edition,journal,2026-06-07,article,en,defects,,experimental,0.1364,Central South University,2,green,1
10.1002/anie.5595275,10.1002/anie.5595275,Hybrid Seeding‐Template Modulation of Sn–Pb Perovskite Crystallization for High‐Efficiency All‐Perovskite Tandem Solar Cells,Angewandte Chemie International Edition,journal,2026-06-07,article,en,architecture,stability,experimental,0.0968,Nanjing Tech University,2,green,1
10.1002/aenm.71170,10.1002/aenm.71170,Phosphate‐Buffered Synthesis of SnO 2 Nanoparticles With Interfacial Proton Buffering for High‐Performance and Stable Perovskite Solar Cells,Advanced Energy Materials,journal,2026-06-07,article,en,interfaces,,experimental,0.12,Dalian University Of Technology,1,closed,1
10.1016/j.solener.2026.114751,10.1016/j.solener.2026.114751,Mechanism-guided contact design with dual MoS2 for bilayer perovskite solar cells,Solar Energy,journal,2026-06-07,article,en,composition,,experimental,0.0,Fujian University Of Technology,0,closed,0
10.1002/ange.7010126,10.1002/ange.7010126,Modulation of Crystal Plane Growth for Efficient and Stable Perovskite Solar Cells,Angewandte Chemie,journal,2026-06-07,article,en,stability,,experimental,0.0455,Nanchang University,0,closed,0
10.1002/idm2.70058,10.1002/idm2.70058,Defects‐Triggered In Situ Reconstruction in Metal‐Halide Perovskites for Photo‐Rechargeable Lithium‐Ion Batteries,Interdisciplinary materials,journal,2026-06-07,article,en,composition,,experimental,0.0167,Wuhan University Of Technology,0,gold,0
10.1002/ange.5595275,10.1002/ange.5595275,Hybrid Seeding‐Template Modulation of Sn–Pb Perovskite Crystallization for High‐Efficiency All‐Perovskite Tandem Solar Cells,Angewandte Chemie,journal,2026-06-07,article,en,architecture,stability,experimental,0.0968,Nanjing Tech University,0,closed,0
10.1002/anie.7010126,10.1002/anie.7010126,Modulation of Crystal Plane Growth for Efficient and Stable Perovskite Solar Cells,Angewandte Chemie International Edition,journal,2026-06-07,article,en,stability,,experimental,0.0455,Nanchang University,0,green,1
10.1002/ange.4500167,10.1002/ange.4500167,Simple‐Synthesis Isomer‐Free Multi‐Adduct Fullerenes as Electron Transport Materials Enable 26.66% Efficiency of Perovskite Solar Cells,Angewandte Chemie,journal,2026-06-07,article,en,defects,,experimental,0.1364,Central South University,0,closed,0
10.1021/acsphotonics.6c00614,10.1021/acsphotonics.6c00614,Chiral Perovskites: Controlled Synthesis and Photonic Device Applications,ACS Photonics,journal,2026-06-08,article,en,composition,,review,0.0,Hainan University,3,closed,0
10.1016/j.ijhydene.2026.155794,10.1016/j.ijhydene.2026.155794,Technological advancement towards developing perovskite-based solar and tandem devices for the applications of renewable energy harvesting and energy transformation,International Journal of Hydrogen Energy,journal,2026-06-08,article,en,architecture,,review,0.1935,City University Of Hong Kong,2,hybrid,1
10.3390/su18125842,10.3390/su18125842,"Materials for Solar Photovoltaics: A Comprehensive Review of Advancements, Challenges, and Future Directions",Sustainability,journal,2026-06-08,article,en,composition,,review,0.05,Prince Mohammad Bin Fahd University,1,gold,0
10.1063/5.0333987,10.1063/5.0333987,Kinetically controlled crystallization via plant-derived additives boosts the efficiency of carbon-based perovskite solar cells exceeding 20%,Applied Physics Letters,journal,2026-06-08,article,en,defects,interfaces,experimental,0.0455,Nantong University,0,closed,0
10.1002/adma.73656,10.1002/adma.73656,Hydroxyl Interfacial Engineering for Self‐Assemble Monolayers Anchoring on NiO x Enables Efficient and Stable Perovskite Solar Cells,Advanced Materials,journal,2026-06-08,article,en,stability,,experimental,0.0758,Jilin University,0,green,1
10.1021/acsami.6c00873,10.1021/acsami.6c00873,Protective Role of Oxides on Pb-Free Halide Perovskite Surfaces: Interfacial Effects and Excitonic Optical Properties from First-Principles,ACS Applied Materials & Interfaces,journal,2026-06-08,article,en,composition,,theory,0.0,University Of Rome Tor Vergata,0,hybrid,0
10.26434/chemrxiv.15004455/v1,10.26434/chemrxiv.15004455/v1,Experimental and Computational Analysis of Perovskite–Hole-Transport-Layer Interfaces: a Case Study in Carbazole-based Hole Transport Molecules,ChemRxiv,repository,2026-06-08,preprint,en,interfaces,,experimental,0.08,National Cheng Kung University,0,green,1
10.1016/j.jcis.2026.140907,10.1016/j.jcis.2026.140907,Dual-functional 1-adamantanethiol additive engineering for efficient and stable perovskite solar cells,Journal of Colloid and Interface Science,journal,2026-06-08,article,en,composition,,experimental,0.0333,Huaqiao University,0,closed,0
10.1088/1361-6528/ae797b,10.1088/1361-6528/ae797b,Oriented growth and enhanced photocurrent of Fe doped centimeter-size long CsPbBr 3 single crystal,Nanotechnology,journal,2026-06-08,article,en,composition,stability,experimental,0.0167,Guangxi University,0,hybrid,0
10.1016/j.nxmate.2026.102444,10.1016/j.nxmate.2026.102444,Hybrid numerical and machine learning investigation of Cs₂PtI₆ lead-free perovskite solar cells for improved PV effectiveness,Next Materials,journal,2026-06-08,article,en,interfaces,,theory,0.2,Islamic University,0,gold,0
10.1021/acsomega.6c01385,10.1021/acsomega.6c01385,"Effect of MoS 2 Interfacial Engineering across MAPbI 3 , FAPbI 3 , and CsPbI 3 Perovskite Solar Cells",ACS Omega,journal,2026-06-08,article,en,interfaces,,theory,0.16,University Of Engineering And Technology Peshawar,0,gold,0
10.1016/j.matlet.2026.141065,10.1016/j.matlet.2026.141065,Dual-site ligand combined with antisolvent engineering for enhancing efficiency of inverted perovskite solar cells,Materials Letters,journal,2026-06-08,article,en,composition,,experimental,0.0,Guilin University Of Technology,0,closed,0
10.1021/acsmaterialslett.5c01678,10.1021/acsmaterialslett.5c01678,Efficient Rigid and Flexible Perovskite Photovoltaics with Crystallization and Morphology Evolution via Chlorine-Containing Triazine Molecular Passivation,ACS Materials Letters,journal,2026-06-08,article,en,defects,,experimental,0.1818,Ningbo,0,closed,1
10.54254/2755-2721/2026.34222,10.54254/2755-2721/2026.34222,Recent Advances in Carbon Nanotube Research for Perovskite Solar Cells,Applied and Computational Engineering,journal,2026-06-08,article,en,defects,interfaces,review,0.0455,Anhui University,0,hybrid,0
10.1007/s10853-026-13078-z,10.1007/s10853-026-13078-z,"Review: tandem-relevant wide-bandgap perovskites—material systems, evolution pathways, and performance optimization",Journal of Materials Science,journal,2026-06-08,article,en,architecture,,review,0.0968,Northeastern University,0,closed,0
10.1016/j.rinp.2026.108707,10.1016/j.rinp.2026.108707,Random textured interfaces for efficiency enhancement of perovskite solar cells,Results in Physics,journal,2026-06-08,article,en,interfaces,,experimental,0.04,Tarbiat Modares University,0,gold,0
10.1016/j.matchemphys.2026.132755,10.1016/j.matchemphys.2026.132755,"Investigation of eco-friendly double perovskites Cs2KBiX6 (X = Cl, Br, I) for optoelectronic and thermoelectric applications",Materials Chemistry and Physics,journal,2026-06-08,article,en,,,,,Shahjalal University Of Science And Technology,0,closed,0
10.48550/arxiv.2606.09147,10.48550/arxiv.2606.09147,Artificial Intelligence for Instability in Inorganic Perovskites: From Mechanism Discovery to Engineering Strategies,arXiv (Cornell University),repository,2026-06-08,preprint,en,stability,,review,0.0152,,0,green,1
10.1021/acsami.6c00873.s001,10.1021/acsami.6c00873.s001,Protective Role of Oxides on Pb-Free Halide Perovskite Surfaces: Interfacial Effects and Excitonic Optical Properties from First-Principles,Figshare,repository,2026-06-08,article,en,interfaces,,theory,0.04,,0,green,0
artificial intelligence for instability in inorganic perovskites from mechanism discovery to engineering strategies|zhao,,Artificial Intelligence for Instability in Inorganic Perovskites: From Mechanism Discovery to Engineering Strategies,arXiv (Cornell University),repository,2026-06-08,preprint,en,composition,,experimental,0.0,Frontier Science Foundation,0,green,0
voltage dependent stability and degradation pathways in perovskite solar cells|howe,,Voltage-Dependent Stability and Degradation Pathways in Perovskite Solar Cells,ScholarWorks -A service of University of Vermont Libraries (University of Vermont),repository,2026-06-08,article,en,stability,,experimental,0.0303,,0,closed,0
10.5815/ijwmt.2026.03.20,10.5815/ijwmt.2026.03.20,Radiation-Tolerant MASnI₃ Perovskite Solar Cells for Space Communication: Sequential SCAPS Optimization and SRIM-Based Proton Damage Analysis,International Journal of Wireless and Microwave Technologies,journal,2026-06-08,article,en,interfaces,,theory,0.12,University Of Chittagong,0,diamond,0
10.1016/j.micrna.2026.208781,10.1016/j.micrna.2026.208781,Synergistic defect passivation and solvent extraction via 4-methoxyphenethylammonium iodide for efficient and stable perovskite solar cells,Micro and Nanostructures,journal,2026-06-09,article,en,defects,,experimental,0.2273,Henan University,1,closed,0
10.1002/solr.70390,10.1002/solr.70390,One Year of Outdoor Performance of Perovskite/Perovskite/Silicon Triple‐Junction Solar Cell,Solar RRL,journal,2026-06-09,article,en,stability,,experimental,0.0455,Dutch Research Council,1,hybrid,1
10.1002/adma.73663,10.1002/adma.73663,Crystallization Pathway Optimization and High‐Index Facet Stabilization for Perovskite Photovoltaics,Advanced Materials,journal,2026-06-09,article,en,defects,stability,experimental,0.0682,,1,green,0
10.1016/j.jmgm.2026.109480,10.1016/j.jmgm.2026.109480,Theoretical end-cap tailoring of tripodal triazatruxene-based hole transport materials toward enhanced perovskite solar cell performance,Journal of Molecular Graphics and Modelling,journal,2026-06-09,article,en,interfaces,,experimental,0.08,University Of Agriculture Faisalabad,0,closed,0
10.1016/j.jpcs.2026.113897,10.1016/j.jpcs.2026.113897,High-efficiency lead-free SnS2/Cs2SnI6 heterojunction solar cells: A numerical analysis and optimization study,Journal of Physics and Chemistry of Solids,journal,2026-06-09,article,en,composition,,experimental,0.1,Bhavnagar University,0,closed,0
10.1016/j.cej.2026.178217,10.1016/j.cej.2026.178217,"Low-temperature multilayer barrier strategy for wearable, automotive, and outdoor perovskite photovoltaics",Chemical Engineering Journal,journal,2026-06-09,article,en,composition,,experimental,0.0,Chungbuk National University,0,closed,0
10.1021/acsami.6c02373,10.1021/acsami.6c02373,Mitigating Solvent Erosion to Enhance Self-Assembled Monolayer Coverage and Perovskite Solar Cell Performance,ACS Applied Materials & Interfaces,journal,2026-06-09,article,en,interfaces,,experimental,0.36,San’an Optoelectronics (china),0,closed,1
10.1016/j.matlet.2026.141078,10.1016/j.matlet.2026.141078,Numerical simulation of KGeCl3-based perovskite solar cells without a hole transport layer,Materials Letters,journal,2026-06-09,article,en,interfaces,,theory,0.08,Xi'an University Of Science And Technology,0,closed,0
10.1038/s41566-026-01922-2,10.1038/s41566-026-01922-2,Crystallinity-guided hybrid conversion for efficient ultrawide-bandgap perovskites in triple-junction solar cells,Nature Photonics,journal,2026-06-09,article,en,composition,,experimental,0.0,National University Of Singapore,0,closed,0
10.1021/acsami.6c03041,10.1021/acsami.6c03041,Triarylamine-Modified Phenothiazine Small Molecules as Hole-Transporting Materials in Wide-Band-Gap Perovskite Solar Cells,ACS Applied Materials & Interfaces,journal,2026-06-09,article,en,scale_up,,experimental,0.0303,Interdigital (united States),0,hybrid,1
10.5281/zenodo.20611101,10.5281/zenodo.20611101,The Convergence of Spin Physics and Solar Energy: A Comprehensive Analysis of Spintronic Photovoltaics,Zenodo (CERN European Organization for Nuclear Research),repository,2026-06-09,preprint,en,architecture,,experimental,0.0484,,0,green,1
10.1021/acsenergylett.6c01291,10.1021/acsenergylett.6c01291,Precursor-State Preorganization Narrows Crystallization Pathways in Formamidinium-Rich Perovskite Solar Cells,ACS Energy Letters,journal,2026-06-09,article,en,interfaces,composition,experimental,0.1,Sungkyunkwan University,0,closed,1
10.1002/advs.75913,10.1002/advs.75913,Ultrafast Hot‐Carrier Cooling in CsPbBr 3 Supercrystals via Long‐Range Electronic Coupling,Advanced Science,journal,2026-06-09,article,en,composition,,experimental,0.0,Chongqing Normal University,0,gold,0
10.1016/j.cej.2026.178215,10.1016/j.cej.2026.178215,Innovations in functional layers of flexible perovskite solar cells: Progress toward efficient and commercially viable photovoltaics,Chemical Engineering Journal,journal,2026-06-09,article,en,composition,,experimental,0.0,Shenzhen University,0,closed,0
10.1016/j.mseb.2026.119625,10.1016/j.mseb.2026.119625,Machine learning-guided design and strain engineering of lead-free double perovskites for enhanced optoelectronic performance,Materials Science and Engineering B,journal,2026-06-09,article,en,composition,,theory,0.1,Xi'an University Of Architecture And Technology,0,closed,0
10.1016/j.ast.2026.112843,10.1016/j.ast.2026.112843,A review of solar cells technology integration and energy management in drones for flight endurance,Aerospace Science and Technology,journal,2026-06-09,article,en,composition,,review,0.0,King Fahd University Of Petroleum And Minerals,0,closed,0
10.5281/zenodo.20611100,10.5281/zenodo.20611100,The Convergence of Spin Physics and Solar Energy: A Comprehensive Analysis of Spintronic Photovoltaics,Zenodo (CERN European Organization for Nuclear Research),repository,2026-06-09,preprint,en,architecture,,experimental,0.0484,,0,green,1
10.1002/solr.70398,10.1002/solr.70398,Interfacial and Thickness Engineering Enabling 19.67% Efficient Lead‐Free FASnI 3 Perovskite Solar Cells,Solar RRL,journal,2026-06-09,article,en,interfaces,,experimental,0.08,King Abdulaziz University,0,closed,1
10.1021/acsami.6c03041.s001,10.1021/acsami.6c03041.s001,Triarylamine-Modified Phenothiazine Small Molecules as Hole-Transporting Materials in Wide-Band-Gap Perovskite Solar Cells,Figshare,repository,2026-06-09,article,en,interfaces,scale_up,experimental,0.04,,0,green,0
10.1021/acsami.6c02373.s001,10.1021/acsami.6c02373.s001,Mitigating Solvent Erosion to Enhance Self-Assembled Monolayer Coverage and Perovskite Solar Cell Performance,Figshare,repository,2026-06-09,article,en,interfaces,,experimental,0.36,,0,green,0
10.5281/zenodo.21598646,10.5281/zenodo.21598646,Research and Development Proposal for Germanium-Free Perovskite Thermophotovoltaic Solar Cells,Zenodo (CERN European Organization for Nuclear Research),repository,2026-06-09,article,enc,defects,,experimental,0.1136,,0,green,0
10.5281/zenodo.21598647,10.5281/zenodo.21598647,Research and Development Proposal for Germanium-Free Perovskite Thermophotovoltaic Solar Cells,Zenodo (CERN European Organization for Nuclear Research),repository,2026-06-09,article,enc,defects,,experimental,0.1136,,0,green,0
10.1002/eem2.70453,10.1002/eem2.70453,Managing Crystallization in Tin‐Lead Perovskite Solar Cells via Differential Chelating Coordination,Energy & environment materials,journal,2026-06-10,article,en,defects,,experimental,0.1136,University Of Macau,1,hybrid,1
10.1364/optcon.601212,10.1364/optcon.601212,Impact of mixed-halide perovskites and transfer layers on perovskite solar cell performance,Optics Continuum,journal,2026-06-10,article,en,composition,interfaces,theory,0.0833,,0,gold,0
10.1007/s11664-026-12970-3,10.1007/s11664-026-12970-3,Enhanced Photovoltaic Performance in Cs-Rb Dual-Absorber Solar Cells via Synergistic Band Engineering and 2D Buffer Optimization,Journal of Electronic Materials,journal,2026-06-10,article,en,composition,,experimental,0.0333,Begum Rokeya University,0,closed,0
10.1016/j.mtener.2026.102337,10.1016/j.mtener.2026.102337,Synergistic crystallization and defect control in wide-bandgap perovskite films enabled by Pb(SCN)2 additive and surface chemical modification,Materials Today Energy,journal,2026-06-10,article,en,defects,,experimental,0.0909,Xidian University,0,closed,0
10.35848/1347-4065/ae7b42,10.35848/1347-4065/ae7b42,Uniformity of copper iodide hole transport layers prepared via ethanol/iodine solution method on inverted planar perovskite solar cells,Japanese Journal of Applied Physics,journal,2026-06-10,article,en,interfaces,,experimental,0.12,Tokai University,0,hybrid,0
10.1021/acsaem.6c01493,10.1021/acsaem.6c01493,Protic Solvent-Assisted Ligand Regulation for Stable Inverted Perovskite Quantum Dot Solar Cells,ACS Applied Energy Materials,journal,2026-06-10,article,en,architecture,,experimental,0.0645,Nankai University,0,closed,1
10.1021/acs.jpcc.6c00964,10.1021/acs.jpcc.6c00964,Determining the Ideal Lead-Free Perovskite CsSnI 3 Absorber Phase for Photovoltaic Solar Cells: A Deep Density Functional Theory Study,The Journal of Physical Chemistry C,journal,2026-06-10,article,en,composition,,theory,0.1,King Abdulaziz University,0,closed,0
10.1002/pssa.70404,10.1002/pssa.70404,Novel Combination of Inorganic Dual‐Absorber Perovskite Solar Cell (Cs 2 TiI 6 /Cs 2 CuBiCl 6 ): SCAPS‐1D Optimization and Underwater Analysis,physica status solidi (a),journal,2026-06-10,article,en,stability,,theory,0.0758,National,0,closed,0
10.1016/j.solener.2026.114768,10.1016/j.solener.2026.114768,Ionic liquids and covalent organic frameworks for interface engineering in perovskite solar cells,Solar Energy,journal,2026-06-10,article,en,interfaces,,experimental,0.08,,0,closed,0
10.3390/inventions11030059,10.3390/inventions11030059,Robust Multi-Output Prediction of Perovskite Solar Cell Parameters via Multi-Task Learning,Inventions,journal,2026-06-10,article,en,composition,,theory,0.0,American University Of The Middle East,0,gold,0
10.1002/solr.70385,10.1002/solr.70385,Additive‐Mediated (111)‐Facet‐Oriented Perovskite Films via Two‐Step Blade‐Coating for Efficient and Stable Inverted Solar Cells,Solar RRL,journal,2026-06-10,article,en,composition,,experimental,0.0667,University Of Science And Technology Of China,0,closed,1
10.1002/ange.6195416,10.1002/ange.6195416,Boosting Both Chemical and Electrochemical Tandem Steps in Low‐Potential Aldehyde Oxidation for Solar‐Driven Bipolar Hydrogen Production,Angewandte Chemie,journal,2026-06-10,article,en,architecture,scale_up,theory,0.0968,Gannan Normal University,0,closed,0
10.1002/anie.6195416,10.1002/anie.6195416,Boosting Both Chemical and Electrochemical Tandem Steps in Low‐Potential Aldehyde Oxidation for Solar‐Driven Bipolar Hydrogen Production,Angewandte Chemie International Edition,journal,2026-06-10,article,en,architecture,scale_up,theory,0.0968,Gannan Normal University,0,green,1
10.48550/arxiv.2606.11928,10.48550/arxiv.2606.11928,"Spin-Polarized Electronic Structure and Chemical Bonding Data for 2,500+ Halide Double Perovskites",University of Twente Research Information,repository,2026-06-10,preprint,en,composition,,experimental,0.0167,,0,green,1
10.48550/arxiv.2606.12083,10.48550/arxiv.2606.12083,"Multilayer Screening of Double and Conventional Perovskite Solar Cells Using SCAPS-1D and Machine Learning: Optimization of ETL, HTL, and Absorber for High-Efficiency Architectures",arXiv (Cornell University),repository,2026-06-10,preprint,en,interfaces,,theory,0.24,,0,green,1
10.48550/arxiv.2606.12641,10.48550/arxiv.2606.12641,From Loss Diagnosis to Rational Design: A Unified Analytical Model for Photoelectrochemical Cells,arXiv (Cornell University),repository,2026-06-10,preprint,en,,,,,,0,green,0
spin polarized electronic structure and chemical bonding data for 2 500 halide double perovskites|walterbos,,"Spin-Polarized Electronic Structure and Chemical Bonding Data for 2,500+ Halide Double Perovskites",arXiv (Cornell University),repository,2026-06-10,preprint,en,composition,,experimental,0.0,Federal Institute For Materials Research And Testing,0,green,0
multilayer screening of double and conventional perovskite solar cells using scaps 1d and machine learning optimization of etl htl and absorber for high efficiency architectures|nasiri,,"Multilayer Screening of Double and Conventional Perovskite Solar Cells Using SCAPS-1D and Machine Learning: Optimization of ETL, HTL, and Absorber for High-Efficiency Architectures",arXiv (Cornell University),repository,2026-06-10,preprint,en,interfaces,,theory,0.16,Iran University Of Science And Technology,0,green,0
from loss diagnosis to rational design a unified analytical model for photoelectrochemical cells|pan,,From Loss Diagnosis to Rational Design: A Unified Analytical Model for Photoelectrochemical Cells,arXiv (Cornell University),repository,2026-06-10,preprint,en,,,,,École Polytechnique Fédérale De Lausanne,0,green,0
10.26565/2312-4334-2026-2-31,10.26565/2312-4334-2026-2-31,A Numerical Simulation Study Investigating the Functionality of a Perovskite Solar Cell Based on FASnI3 in Both Conventional and Inverted Configurations Using Compatible Zn(O0.3S0.7) as the Electron Transport Layer,East European Journal of Physics,journal,2026-06-10,article,en,interfaces,,theory,0.24,University Of Calicut,0,diamond,0
10.26565/2312-4334-2026-2-30,10.26565/2312-4334-2026-2-30,"Structural, Optoelectronic and Mechanical Properties of AHgCl3 (A=Rb, Cs) Perovskites: A First-Principles GGA and TB-mBJ Analysis",East European Journal of Physics,journal,2026-06-10,article,en,composition,,theory,0.0333,University Of Batna 1,0,diamond,0
10.1002/adma.73682,10.1002/adma.73682,Hard Lewis Base‐Driven Crystallization Control for Efficient All‐Perovskite Tandem Solar Cells,Advanced Materials,journal,2026-06-11,article,en,architecture,defects,experimental,0.0968,Southern University Of Science And Technology,3,green,1
10.1002/adma.73657,10.1002/adma.73657,Ultranarrow‐Spaced Polar Green Aromatic Dion–Jacobson Hybrid Perovskite Enables Highly Sensitive and Stable Self‐Powered X‐Ray Detection,Advanced Materials,journal,2026-06-11,article,en,defects,,experimental,0.0682,Jiangxi Normal University,2,green,0
10.1016/j.cocom.2026.e01366,10.1016/j.cocom.2026.e01366,The effect of dimensional modulation on the optoelectronic and photovoltaic properties of layered halide perovskites,Computational Condensed Matter,journal,2026-06-11,article,en,composition,,experimental,0.0,University Of Malakand,1,closed,0
10.1088/2515-7655/ae7c34,10.1088/2515-7655/ae7c34,Effect of the solvent in the early stage of crystallisation of hybrid halide perovskites,Journal of Physics Energy,journal,2026-06-11,article,en,composition,,experimental,0.0,Helmholtz-zentrum Berlin Für Materialien Und Energie,1,gold,0
10.1002/adma.73679,10.1002/adma.73679,Quantifying Deep‐Level Defects‐Dominated Degradation for Commercially Viable Perovskite Solar Cells,Advanced Materials,journal,2026-06-11,article,en,stability,,experimental,0.0758,Fujian,1,green,1
10.1038/s41467-026-72581-8,10.1038/s41467-026-72581-8,Low-hygroscopic solvents enable ambient blade coating of efficient perovskite solar cells,Nature Communications,journal,2026-06-11,article,en,scale_up,,experimental,0.1212,University Of Science And Technology Of China,1,gold,1
10.1016/j.solener.2026.114724,10.1016/j.solener.2026.114724,Perovskite BIPV windows and ground-source heat pump integration for net-zero office buildings,Solar Energy,journal,2026-06-11,article,en,composition,,experimental,0.0,University Of Tamanghasset,0,closed,0
10.1016/j.jmgm.2026.109469,10.1016/j.jmgm.2026.109469,"DFT and SCAPS-1D assisted investigation of optoelectronic, thermoelectric, and optimized photovoltaic performance of halide double perovskite K2LiInI6",Journal of Molecular Graphics and Modelling,journal,2026-06-11,article,en,composition,,theory,0.0,Government College University Lahore,0,closed,0
10.1016/j.inoche.2026.117010,10.1016/j.inoche.2026.117010,Titanium dioxide as smart nano-photocatalyst: recent advancements in synthesis and enhanced light-responsive characteristics for diverse photocatalytic applications,Inorganic Chemistry Communications,journal,2026-06-11,article,en,composition,,experimental,0.0,National,0,closed,0
10.1016/j.surfin.2026.109836,10.1016/j.surfin.2026.109836,Interfacial passivation of non-fullerene electron transporting thin films via polymer surface engineering for perovskite solar cells,Surfaces and Interfaces,journal,2026-06-11,article,en,defects,,experimental,0.1364,Ming Chi University Of Technology,0,closed,0
10.21203/rs.3.rs-9927746/v1,10.21203/rs.3.rs-9927746/v1,Self-Assembled Mesoporous Scaffold Enabled Hybrid Hole-Transport Layer for Efficient Perovskite Solar Cells,Research Square,repository,2026-06-11,preprint,en,composition,,experimental,0.0,Wuhan,0,green,0
10.1016/j.physb.2026.418920,10.1016/j.physb.2026.418920,DFT-guided machine learning and device modeling of Cs2PtBr6 lead-free perovskite solar cells,Physica B Condensed Matter,journal,2026-06-11,article,en,composition,,theory,0.1,Khulna University Of Engineering And Technology,0,closed,0
10.1002/adma.73636,10.1002/adma.73636,High‐Accuracy Machine Learning Projections of Composition‐Dependent Thermal Stability in Halide Perovskites,Advanced Materials,journal,2026-06-11,article,en,stability,,theory,0.0758,University Of California Davis,0,green,1
10.1002/smll.202510785,10.1002/smll.202510785,Using Multifunctional Molecular ‘Glue’ for Bilateral Interface Engineering to Stabilize Perovskite/SnO 2 Layers,Small,journal,2026-06-11,article,en,interfaces,,experimental,0.14,Xi'an Polytechnic University,0,green,1
10.1557/s43579-026-00997-w,10.1557/s43579-026-00997-w,Design and optimization of lead-free double perovskite solar cells using SCAPS-1D and machine learning approach,MRS Communications,journal,2026-06-11,article,en,composition,,theory,0.1,Jamia Millia Islamia,0,closed,0
10.1016/j.jcis.2026.140925,10.1016/j.jcis.2026.140925,Chiral molecule-induced interface passivation for high-efficiency and stable perovskite solar cells,Journal of Colloid and Interface Science,journal,2026-06-11,article,en,defects,,experimental,0.1364,Yan'an University,0,closed,0
10.1016/j.jssc.2026.126167,10.1016/j.jssc.2026.126167,First-principles analysis of the synergistic effects of transition metal doping and high pressure on the properties of CsMnBr3,Journal of Solid State Chemistry,journal,2026-06-11,article,en,composition,,theory,0.0,Nanjing University Of Posts And Telecommunications,0,closed,0
10.1038/s41467-026-74285-5,10.1038/s41467-026-74285-5,Misplaced-dipole engineered repairable fluoropolymer elastomer for flexible perovskite solar cell with excellent thermal-mechanical cycling resistance,Nature Communications,journal,2026-06-11,article,en,composition,,experimental,0.0,Qingdao University Of Science And Technology,0,gold,1
10.1007/s10904-026-04387-6,10.1007/s10904-026-04387-6,Filtered Spectrum Assisted Design for Enhanced Photocurrent Matching in Mixed Pb-Sn Based all Perovskite Tandem Solar Cell,Journal of Inorganic and Organometallic Polymers and Materials,journal,2026-06-11,article,en,architecture,,experimental,0.0968,Madan Mohan Malaviya University Of Technology,0,closed,0
10.1557/s43577-026-01110-1,10.1557/s43577-026-01110-1,"First-principles exploration of Cs2SnX6 (X = Br, Cl, I) double perovskites for photovoltaic, thermoelectric, and photocatalytic applications",MRS Bulletin,journal,2026-06-11,article,en,composition,,theory,0.0,Sidi Mohamed Ben Abdellah University,0,closed,0
10.1002/smll.202514972,10.1002/smll.202514972,Lead‐Free Hybrid Halide Perovskite for Piezoelectric Energy Harvesting,Small,journal,2026-06-11,article,en,composition,,experimental,0.0,,0,green,1
10.48550/arxiv.2606.13399,10.48550/arxiv.2606.13399,Enhanced Photocurrent Response in Epitaxial 0.5PZT-0.5PFN Multiferroic Thin Films,arXiv (Cornell University),repository,2026-06-11,preprint,en,,,,,,0,green,0
10.1002/aenm.71181,10.1002/aenm.71181,Gradient Facet Orientation Engineering Via Mg 3 Sb 2 Quantum Dots for High‐Performance and Stable Perovskite Solar Cells,Advanced Energy Materials,journal,2026-06-11,article,en,defects,,experimental,0.1818,Taiyuan University Of Technology,0,closed,1
10.48550/arxiv.2606.13114,10.48550/arxiv.2606.13114,Disentangling the origin of degradation in perovskite solar cells via optical imaging and Bayesian inference,arXiv (Cornell University),repository,2026-06-11,preprint,en,defects,,theory,0.0682,,0,green,1
enhanced photocurrent response in epitaxial 0 5pzt 0 5pfn multiferroic thin films|imhoff,,Enhanced Photocurrent Response in Epitaxial 0.5PZT-0.5PFN Multiferroic Thin Films,arXiv (Cornell University),repository,2026-06-11,preprint,en,,,,,,0,green,0
disentangling the origin of degradation in perovskite solar cells via optical imaging and bayesian inference|dasgupta,,Disentangling the origin of degradation in perovskite solar cells via optical imaging and Bayesian inference,arXiv (Cornell University),repository,2026-06-11,preprint,en,stability,,experimental,0.0303,University Of Oxford,0,green,0
10.1051/epjpv/2026014/pdf,10.1051/epjpv/2026014/pdf,Simulation-based insights into light soaking and light-induced degradation in perovskite solar cells,Springer Link (Chiba Institute of Technology),repository,2026-06-11,article,en,stability,,theory,0.0909,Centre National De La Recherche Scientifique,0,green,0
10.1016/j.radphyschem.2026.114155,10.1016/j.radphyschem.2026.114155,Substrate-dependent gamma-ray irradiation-induced degradation in perovskite solar cells for space applications,Radiation Physics and Chemistry,journal,2026-06-12,article,en,stability,,experimental,0.0303,Korea University,2,closed,0
10.1002/adma.73713,10.1002/adma.73713,Molecularly Confined Domains Enable Halide‐Stable Wide‐Bandgap Perovskites,Advanced Materials,journal,2026-06-12,article,en,defects,,experimental,0.1818,Jinan University,1,green,1
10.1103/jzjm-xw3v,10.1103/jzjm-xw3v,Low Temperatures Reduce Shallow Defect Energies and Interfacial Recombination Losses in Triple-Cation Lead-Halide Perovskites,PRX Energy,journal,2026-06-12,article,en,defects,,experimental,0.2273,Eindhoven University Of Technology,1,diamond,1
10.1088/1402-4896/ae7cef,10.1088/1402-4896/ae7cef,Impact of interface defects on the band alignment and performance of TiO 2 /MAPI/Cu 2 O perovskite solar cells,Physica Scripta,journal,2026-06-12,article,en,defects,interfaces,theory,0.1818,National,1,hybrid,0
10.1021/acs.jcim.6c00588,10.1021/acs.jcim.6c00588,"CoRE 2D-HOIP DB: Computation-Ready, Experimental Database of Two-Dimensional Hybrid Organic–Inorganic Perovskites",Journal of Chemical Information and Modeling,journal,2026-06-12,article,en,composition,,theory,0.0,Lomonosov Moscow State University,1,green,0
10.1142/s0219581x26500171,10.1142/s0219581x26500171,Enhanced Power Conversion Efficiency of Perovskite NBT-based DSSCs via Hydrothermal Synthesis at Optimal NaOH Concentration,International Journal of Nanoscience,journal,2026-06-12,article,en,composition,,experimental,0.0333,University Of Technology - Iraq,0,closed,0
10.1021/acs.jpclett.6c01531,10.1021/acs.jpclett.6c01531,Impact of Functional Group Configuration in Isomeric Additives on Device Performance of Quasi-2D Perovskite Solar Cells,The Journal of Physical Chemistry Letters,journal,2026-06-12,article,en,composition,,experimental,0.0833,Nanjing Tech University,0,closed,1
10.1016/j.nxmate.2026.102491,10.1016/j.nxmate.2026.102491,Thermal cycling degradation in Cs₃Sb₂Br₉-based solar cell: A simulation-to-ML framework,Next Materials,journal,2026-06-12,article,en,composition,,theory,0.0667,Netaji Subhas University Of Technology,0,gold,0
10.1021/acsami.6c07582,10.1021/acsami.6c07582,Sequential Evaporation for Scalable Hybrid Processing of Perovskite/Silicon Tandem Solar Cells,ACS Applied Materials & Interfaces,journal,2026-06-12,article,en,architecture,,experimental,0.0968,Renewable Energy Systems (united States),0,hybrid,1
10.1016/j.physb.2026.418950,10.1016/j.physb.2026.418950,Theoretical design and interface engineering of CsSnCl3/MoS2 heterostructures for high-performance photovoltaics,Physica B Condensed Matter,journal,2026-06-12,article,en,interfaces,,experimental,0.08,Nanjing University Of Posts And Telecommunications,0,closed,0
10.1142/s0217984926300061,10.1142/s0217984926300061,"Advances in perovskite solar cells: A review of material design, interface engineering, stability enhancement, and prospective research directions",Modern Physics Letters B,journal,2026-06-12,article,en,interfaces,,theory,0.08,Guizhou Electromechanical Research And Design Institute,0,closed,0
10.1016/j.solmat.2026.114491,10.1016/j.solmat.2026.114491,Design and optimization of all-inorganic perovskite/kesterite-c-Si tandem solar cell outperforming the Shockley-Queisser limit,Solar Energy Materials and Solar Cells,journal,2026-06-12,article,en,architecture,,experimental,0.0968,Bangladesh University Of Engineering And Technology,0,closed,0
10.1088/1361-648x/ae7cce,10.1088/1361-648x/ae7cce,Crystallinity and optical properties of Cu 2 FeSn 3 S 8 thin films prepared by pulsed laser deposition,Journal of Physics Condensed Matter,journal,2026-06-12,article,en,architecture,,experimental,0.0484,Czech Technical University In Prague,0,hybrid,0
10.1021/acsami.6c06730,10.1021/acsami.6c06730,Oxidation-Retarded AgNWs/IZO Composite Electrodes for Highly Efficient and Stable Semitransparent Perovskite Solar Cells,ACS Applied Materials & Interfaces,journal,2026-06-12,article,en,stability,,experimental,0.0152,Wuhan University Of Technology,0,closed,0
10.1021/jacs.6c08995,10.1021/jacs.6c08995,Self-Assembled Monolayers at Photovoltaic Interfaces: Unveiling Structure–Property Relationships to Applications in Perovskite and Organic Solar Cells,Journal of the American Chemical Society,journal,2026-06-12,article,en,interfaces,,review,0.04,Korea,0,closed,1
10.1021/acs.jpclett.6c01395,10.1021/acs.jpclett.6c01395,Complete DMA + /Cs + Exchange and Rapid Phase Conversion via FAAC-Mediated Intermediate Phase Engineering for Efficient and Stable CsPbI 3 Perovskite Solar Cells,The Journal of Physical Chemistry Letters,journal,2026-06-12,article,en,composition,,experimental,0.1,North China Electric Power University,0,closed,1
10.1016/j.surfin.2026.109837,10.1016/j.surfin.2026.109837,High-performance flexible 2D perovskite solar cells with novel spacer cation,Surfaces and Interfaces,journal,2026-06-12,article,en,composition,,experimental,0.1333,Harbin,0,closed,0
10.36676/urr.v13.i2.1713,10.36676/urr.v13.i2.1713,Performance Enhancement of Solar Photovoltaic Modules Using Various Methods: A Comprehensive Review,Universal Research Reports,journal,2026-06-12,article,en,architecture,stability,review,0.0968,Indian,0,diamond,0
10.1007/s11696-026-05120-w,10.1007/s11696-026-05120-w,"Prospecting K2InLiX6 (X = Cl, Br, I) double perovskite for photovoltaic and optoelectronic applications: a DFT-based analysis",Chemical Papers,journal,2026-06-12,article,en,composition,,theory,0.0,Qilu University Of Technology,0,closed,0
10.1007/s12596-026-03162-7,10.1007/s12596-026-03162-7,High-efficiency Cs₄CuSb₂Cl₁₂ double perovskite solar cells enabled by carbon nanomaterial-derived charge transport layers: interfacial engineering and optimization,Journal of Optics,journal,2026-06-12,article,en,composition,,experimental,0.0,Indian,0,closed,0
10.1021/acsami.6c04650,10.1021/acsami.6c04650,"Single-Molecule Triad: 6-MCA Additive Synchronizes Defect Passivation, Morphology Control, and Moisture Blockade for Efficient and Stable Perovskite Solar Cells",ACS Applied Materials & Interfaces,journal,2026-06-12,article,en,defects,,experimental,0.2273,Zunyi Normal College,0,closed,1
10.1021/jacs.6c08995.s001,10.1021/jacs.6c08995.s001,Self-Assembled Monolayers at Photovoltaic Interfaces: Unveiling Structure–Property Relationships to Applications in Perovskite and Organic Solar Cells,Figshare,repository,2026-06-12,article,en,interfaces,,review,0.04,,0,green,0
10.1021/acs.jpclett.6c01395.s001,10.1021/acs.jpclett.6c01395.s001,Complete DMA+/Cs+ Exchange and Rapid Phase Conversion via FAAC-Mediated Intermediate Phase Engineering for Efficient and Stable CsPbI3 Perovskite Solar Cells,Figshare,repository,2026-06-12,article,en,composition,,experimental,0.1,,0,green,0
10.1021/acsami.6c06730.s001,10.1021/acsami.6c06730.s001,Oxidation-Retarded AgNWs/IZO Composite Electrodes for Highly Efficient and Stable Semitransparent Perovskite Solar Cells,Figshare,repository,2026-06-12,article,en,stability,,experimental,0.0606,,0,green,0
10.1021/acsami.6c04650.s001,10.1021/acsami.6c04650.s001,"Single-Molecule Triad: 6‑MCA Additive Synchronizes Defect Passivation, Morphology Control, and Moisture Blockade for Efficient and Stable Perovskite Solar Cells",Figshare,repository,2026-06-12,article,en,defects,,experimental,0.2273,,0,green,0
10.1021/acs.jpclett.6c01531.s001,10.1021/acs.jpclett.6c01531.s001,Impact of Functional Group Configuration in Isomeric Additives on Device Performance of Quasi-2D Perovskite Solar Cells,Figshare,repository,2026-06-12,article,en,composition,,experimental,0.0833,,0,green,0
10.1021/acsami.6c07582.s001,10.1021/acsami.6c07582.s001,Sequential Evaporation for Scalable Hybrid Processing of Perovskite/Silicon Tandem Solar Cells,Figshare,repository,2026-06-12,article,en,architecture,,experimental,0.0968,,0,green,0
10.1016/j.surfin.2026.109848,10.1016/j.surfin.2026.109848,Comparative study of spray-coated formamidinium-rich perovskite solar cells,Surfaces and Interfaces,journal,2026-06-13,article,en,composition,,experimental,0.0,Universitas Sumatera Utara,0,closed,0
10.1016/j.chphi.2026.101092,10.1016/j.chphi.2026.101092,"Silver doped tin oxide for enhanced perovskite solar cells: A DFT and SCAPS-1D study of electronic, optical, and photovoltaic properties",Chemical Physics Impact,journal,2026-06-13,article,en,interfaces,,theory,0.12,Tshwane University Of Technology,0,gold,1
10.1002/anie.5495010,10.1002/anie.5495010,Copper (II) Chloride Mediated Interfacial Permeation for High‐Efficient and Stable Wide‐Bandgap Perovskite Solar Cells,Angewandte Chemie International Edition,journal,2026-06-13,article,en,composition,interfaces,experimental,0.1,Jiangxi Normal University,0,green,1
10.36948/ijfmr.2026.v08i03.80802,10.36948/ijfmr.2026.v08i03.80802,Nanostructured Optical Devices for Solar Energy Harvesting: Light Management from Plasmonic Resonance to High-Index Photonics,International Journal For Multidisciplinary Research,journal,2026-06-13,article,en,composition,,review,0.0,Deenbandhu Chhotu Ram University Of Science And Technology,0,hybrid,0
10.1016/j.micrna.2026.208808,10.1016/j.micrna.2026.208808,Numerical simulation-based study for superior charge extraction via acceptor/donor densities and temperature variation for renewable energy,Micro and Nanostructures,journal,2026-06-13,article,en,composition,,theory,0.0,King Faisal University,0,closed,0
10.1002/ange.5495010,10.1002/ange.5495010,Copper (II) Chloride Mediated Interfacial Permeation for High‐Efficient and Stable Wide‐Bandgap Perovskite Solar Cells,Angewandte Chemie,journal,2026-06-13,article,en,composition,interfaces,experimental,0.1,Jiangxi Normal University,0,closed,0
10.1007/s11664-026-12925-8,10.1007/s11664-026-12925-8,Surface Modification of Perovskite Solar Cells Using Organic Dyes for Enhanced Efficiency and Moisture Stability,Journal of Electronic Materials,journal,2026-06-14,article,en,interfaces,stability,experimental,0.08,Zhejiang Ocean University,0,closed,0
10.1002/aenm.71194,10.1002/aenm.71194,Homo‐Electronic‐Type Inner‐ and Outer‐Wall Double‐Wall Carbon Nanotubes for Record‐Efficiency Carbon/Silicon Heterojunction Solar Cells,Advanced Energy Materials,journal,2026-06-14,article,en,defects,architecture,experimental,0.0682,Baogang Group (china),0,closed,1
10.1016/j.tramat.2026.100335,10.1016/j.tramat.2026.100335,Synergistic bulk and interface engineering of SnO2 via ammonium formate for efficient and stable perovskite solar cells,Transactions of Materials Research,journal,2026-06-14,article,en,interfaces,,experimental,0.2,Southwest Petroleum University,0,hybrid,0
10.1016/j.jacomc.2026.100208,10.1016/j.jacomc.2026.100208,"Next-generation quantum dot nanomaterials: Mechanistic insights, functional behaviour, and applications in sensors, optoelectronics, and catalysis",Journal of Alloys and Compounds Communications,journal,2026-06-14,article,en,,,,,University Of Burdwan,0,closed,0
10.1016/j.mseb.2026.119626,10.1016/j.mseb.2026.119626,High-efficiency lead-free K2CuSbCl6 double perovskite solar cell: a combined approach for photovoltaic and space applications,Materials Science and Engineering B,journal,2026-06-14,article,en,composition,,experimental,0.1,University Of Chittagong,0,closed,0
10.1016/j.jmst.2026.06.011,10.1016/j.jmst.2026.06.011,Enhanced performance of 1.75 eV wide-bandgap inverted perovskite solar cells via zwitterionic betaine citrate additive,Journal of Material Science and Technology,journal,2026-06-14,article,en,composition,,experimental,0.0333,Wuhan University Of Technology,0,closed,0
10.1016/j.cej.2026.178409,10.1016/j.cej.2026.178409,Intermediate-phase-directed crystallization kinetics and defect passivation synergy for high-efficiency formamidinium-based perovskite solar cells,Chemical Engineering Journal,journal,2026-06-14,article,en,defects,,experimental,0.2273,Hebei University,0,closed,0
10.1007/s11837-026-08488-y,10.1007/s11837-026-08488-y,"Multifunctional Ruthenium-Based Halide Perovskites NaRuX3 (X = Cl, Br): A First-Principles Exploration Toward Solar Technologies",JOM,journal,2026-06-15,article,en,composition,,theory,0.0,,1,closed,0
10.1021/acs.chemmater.6c01064,10.1021/acs.chemmater.6c01064,Room-Temperature Synthesis of Ultrasmall Sulfur-Free SnO 2 Quantum Dots as an Electron Transport Layer in Perovskite Solar Cells,Chemistry of Materials,journal,2026-06-15,article,en,interfaces,,experimental,0.08,University Of British Columbia,1,green,0
10.1038/s41586-026-10768-1,10.1038/s41586-026-10768-1,Nanocrystal-tailored recombination for all-perovskite tandem solar modules,Nature,journal,2026-06-15,article,en,architecture,,experimental,0.1935,Soochow University,1,closed,0
10.1177/01445987261457586,10.1177/01445987261457586,A brief review on analysis and recent advancements in new solar cells using nanotechnology,Energy Exploration & Exploitation,journal,2026-06-15,article,en,stability,,review,0.0152,Gitam University,1,gold,0
10.1063/5.0328905,10.1063/5.0328905,Enhancing carrier transport in Cs2AgBiBr6 double perovskites through multifunctional ferroelectric polymer doping,Applied Physics Letters,journal,2026-06-15,article,en,,,,,Zhejiang Sci-tech University,1,closed,0
10.1038/s41566-026-01943-x,10.1038/s41566-026-01943-x,Wide-temperature-range fluid-phase grain boundaries for temperature-robust perovskite solar cells,Nature Photonics,journal,2026-06-15,article,en,composition,,experimental,0.0,Peking University,1,closed,0
10.1021/acs.jcim.6c01380,10.1021/acs.jcim.6c01380,Informatics-Guided Computational Design of Polyaromatic Hydrocarbons Suitable for Use as Hole Transport Materials,Journal of Chemical Information and Modeling,journal,2026-06-15,article,en,interfaces,,theory,0.12,Tokyo,1,closed,0
10.1016/j.nanoen.2026.112126,10.1016/j.nanoen.2026.112126,High dipole moment 3-TFBA assisted bilayer surface passivation for efficient antisolvent-free perovskite solar cells,Nano Energy,journal,2026-06-15,article,en,defects,,experimental,0.1364,,1,closed,0
10.1021/acs.jpclett.6c01119,10.1021/acs.jpclett.6c01119,Text-Embedding-Assisted Design of Rigid Molecular Cations for Suppressing Ion Migration in Hybrid Single-Crystal X-ray Detectors,The Journal of Physical Chemistry Letters,journal,2026-06-15,article,en,defects,,theory,0.1364,Advanced Energy Materials (united States),0,closed,1
10.1002/adfm.76562,10.1002/adfm.76562,Chemically Cross‐Linking SnO 2 Nanoparticles and Promoting Charge Transport by π – π Interaction of Conjugated Molecules for Efficient and Stable Air‐Processed Regular Perovskite Solar Cells,Advanced Functional Materials,journal,2026-06-15,article,en,interfaces,,experimental,0.18,Kunming University Of Science And Technology,0,closed,1
10.1021/acsaem.6c01329,10.1021/acsaem.6c01329,Cation Volatility Governs the Functionality of Thiocyanate Additives in FAPbI3 Perovskite Solar Cells,ACS Applied Energy Materials,journal,2026-06-15,article,en,composition,defects,experimental,0.0833,Xinjiang Technical,0,closed,1
10.1021/acs.inorgchem.6c01941,10.1021/acs.inorgchem.6c01941,Ferroelectrically Modulated Photoresponse in a Zero-Dimensional Hybrid Perovskite [C 4 N 2 H 14 ][BiBr 5 ] with a High Ferroelectric Curie Temperature,Inorganic Chemistry,journal,2026-06-15,article,en,,,,,Shanghai,0,closed,0
10.1021/acsenergylett.6c00904,10.1021/acsenergylett.6c00904,Degradation Dynamics of Perovskite Solar Cells Under Fixed Reverse-Current Injection,ACS Energy Letters,journal,2026-06-15,article,en,stability,,experimental,0.1061,University Of Washington,0,closed,1
10.1021/acsami.6c09772,10.1021/acsami.6c09772,Surface Engineering-Induced 2D/3D Interfacial Reconstruction for Stable Low-Light Perovskite Solar Cells,ACS Applied Materials & Interfaces,journal,2026-06-15,article,en,interfaces,,experimental,0.08,Academic Degrees & Graduate Education,0,hybrid,0
10.1007/s40243-026-00382-6,10.1007/s40243-026-00382-6,Lead-free K2MnTlH6 double perovskite solar cells with WS2/CBTS interfaces achieving > 29% efficiency: a comprehensive SCAPS-1D simulation study,Materials for Renewable and Sustainable Energy,journal,2026-06-15,article,en,composition,,theory,0.1167,University Mohamed El Bachir El Ibrahimi Of Bordj Bou Arreridj,0,gold,1
10.1007/s13233-026-00528-5,10.1007/s13233-026-00528-5,Impact of interfacial roughness on light absorption of perovskite solar cells,Macromolecular Research,journal,2026-06-15,article,en,interfaces,,theory,0.04,Pohang University Of Science And Technology,0,hybrid,0
10.3390/inorganics14060164,10.3390/inorganics14060164,Visible-Wavelength Faraday Rotation Properties of FAPbBr3 Perovskite Single Crystals for Magneto-Optical Devices,Inorganics,journal,2026-06-15,article,en,composition,,theory,0.0,Changzhou,0,gold,0
10.1021/acs.jpcc.6c02012,10.1021/acs.jpcc.6c02012,Electric-Field-Modulated HAPbBr 3 Perovskite/Black Phosphorus van der Waals Heterostructure: Reversible Transition from Type-I to Type-II Band and Photoelectric Performance Optimization,The Journal of Physical Chemistry C,journal,2026-06-15,article,en,interfaces,,theory,0.04,Beijing Jiaotong University,0,closed,0
10.1002/smll.74200,10.1002/smll.74200,Dual‐SAM/Al 2 O 3 ‐Nanoparticles Hole‐Selective Stack With BCP/PEAI Passivation Enabling High Performance Inverted Perovskite Solar Cells,Small,journal,2026-06-15,article,en,interfaces,,experimental,0.16,North Minzu University,0,green,1
10.1002/smll.202514809,10.1002/smll.202514809,Molecularly Engineered DBC‐Pyrene Hole Transport Material Achieves Dual Passivation‐Transport Functionality for Efficient and Robust Perovskite Solar Cells,Small,journal,2026-06-15,article,en,defects,,experimental,0.25,Necmettin Erbakan University,0,green,1
10.1016/j.solener.2026.114797,10.1016/j.solener.2026.114797,Efficiency improvement of electrodeposited inverted perovskite solar cells by modulating the pre-reaction time,Solar Energy,journal,2026-06-15,article,en,composition,,experimental,0.0,Shaoxing University,0,closed,0
10.1021/jacs.6c04846,10.1021/jacs.6c04846,Suppressing Phase Segregation and Improving Stability in Mixed-Halide Perovskites through Spinel Oxide-Directed Epitaxy,Journal of the American Chemical Society,journal,2026-06-15,article,en,composition,,experimental,0.15,Georgia,0,hybrid,1
10.1021/acsenergylett.6c01303,10.1021/acsenergylett.6c01303,Rational Design for Self-Healing Perovskite Solar Cells,ACS Energy Letters,journal,2026-06-15,article,en,stability,,review,0.0909,Hanyang University,0,closed,1
10.1002/idm2.70059,10.1002/idm2.70059,"Curing Perovskite Photovoltaics With Organic Functional Molecules: Progress, Mechanism, and Prospect",Interdisciplinary materials,journal,2026-06-15,article,en,defects,,experimental,0.1818,Ningbo University,0,gold,1
10.1002/eem2.70443,10.1002/eem2.70443,A Co‐Self‐Assembled Monolayer With Enhanced Coverage and Defect Passivation for Efficient Inverted Perovskite Solar Cells,Energy & environment materials,journal,2026-06-15,article,en,defects,,experimental,0.2727,Energy Storage Systems (united States),0,hybrid,1
10.1021/jacs.6c04846.s001,10.1021/jacs.6c04846.s001,Suppressing Phase Segregation and Improving Stability in Mixed-Halide Perovskites through Spinel Oxide-Directed Epitaxy,Figshare,repository,2026-06-15,article,en,composition,,experimental,0.15,,0,green,0
10.1021/acsami.6c09772.s001,10.1021/acsami.6c09772.s001,Surface Engineering-Induced 2D/3D Interfacial Reconstruction for Stable Low-Light Perovskite Solar Cells,Figshare,repository,2026-06-15,article,en,interfaces,,experimental,0.08,,0,green,0
10.64882/ijrt.v14.i2.1498,10.64882/ijrt.v14.i2.1498,Design and Performance Analysis of Solar Based Vehicle,International Journal of Research & Technology,journal,2026-06-15,article,en,stability,,experimental,0.0909,,0,hybrid,0
10.1021/acs.jpcc.6c02012.s001,10.1021/acs.jpcc.6c02012.s001,Electric-Field-Modulated HAPbBr3 Perovskite/Black Phosphorus van der Waals Heterostructure: Reversible Transition from Type‑I to Type-II Band and Photoelectric Performance Optimization,Figshare,repository,2026-06-15,article,en,interfaces,,theory,0.04,,0,green,0
10.1021/acs.inorgchem.6c01941.s001,10.1021/acs.inorgchem.6c01941.s001,Ferroelectrically Modulated Photoresponse in a Zero-Dimensional Hybrid Perovskite [C4N2H14][BiBr5] with a High Ferroelectric Curie Temperature,Figshare,repository,2026-06-15,article,en,,,,,,0,green,0
10.1021/acs.jpclett.6c01119.s001,10.1021/acs.jpclett.6c01119.s001,Text-Embedding-Assisted Design of Rigid Molecular Cations for Suppressing Ion Migration in Hybrid Single-Crystal X‑ray Detectors,Figshare,repository,2026-06-15,article,en,defects,,theory,0.1364,,0,green,0
10.1021/acs.jcim.6c01380.s001,10.1021/acs.jcim.6c01380.s001,Informatics-Guided Computational Design of Polyaromatic Hydrocarbons Suitable for Use as Hole Transport Materials,Figshare,repository,2026-06-15,article,en,interfaces,,theory,0.12,,0,green,0
10.1021/acs.chemmater.6c01064.s001,10.1021/acs.chemmater.6c01064.s001,Room-Temperature Synthesis of Ultrasmall Sulfur-Free SnO2 Quantum Dots as an Electron Transport Layer in Perovskite Solar Cells,Figshare,repository,2026-06-15,article,en,interfaces,,experimental,0.08,,0,green,0
10.1016/j.rineng.2026.111507,10.1016/j.rineng.2026.111507,Carbon nanostructure interlayer-driven charge transfer engineering in lead-free CsSnCl₃ perovskite photovoltaics,Results in Engineering,journal,2026-06-16,article,en,composition,,theory,0.1,Doğuş University,2,gold,0
10.1002/adfm.76543,10.1002/adfm.76543,Nucleation‐Crystallization Synergistic Strategy Enables Efficient and Stable Wide‐Bandgap Perovskite Mini‐Modules,Advanced Functional Materials,journal,2026-06-16,article,en,interfaces,,experimental,0.08,Changzhou University,1,closed,0
10.1088/2631-8695/ae7e45,10.1088/2631-8695/ae7e45,High-performance lead-free perovskite photovoltaic cell via ZnO/C 60 interface and CZTS as a transport layer,Engineering Research Express,journal,2026-06-16,article,en,interfaces,composition,theory,0.16,Madan Mohan Malaviya University Of Technology,1,hybrid,0
10.1021/acsami.6c01787,10.1021/acsami.6c01787,Synergistic Ultraviolet Conversion and Cross-Linking Strategy for Enhancing Flexible Perovskite Solar Cells,ACS Applied Materials & Interfaces,journal,2026-06-16,article,en,stability,,experimental,0.0909,,1,closed,1
10.59429/ace.v9i2.5913,10.59429/ace.v9i2.5913,Thiourea-based CdS thin films: structural and optical analysis for photovoltaic applications,Applied Chemical Engineering,journal,2026-06-16,article,en,interfaces,defects,experimental,0.12,Research,0,diamond,0
10.1021/acs.chemmater.6c00120,10.1021/acs.chemmater.6c00120,Harnessing Linear and Nonlinear Optical Responses in Ferroelectric LaMoN 3 for Enhanced Photovoltaic Efficiency,Chemistry of Materials,journal,2026-06-16,article,en,composition,,theory,0.05,Indian,0,closed,0
10.1021/acs.jpclett.6c01131,10.1021/acs.jpclett.6c01131,Determining the Free-Carrier Fraction in 2D Perovskites Using Power Dependent Photoluminescence,The Journal of Physical Chemistry Letters,journal,2026-06-16,article,en,composition,,experimental,0.0333,Istituto Nazionale Per La Fisica Della Materia,0,hybrid,1
10.21926/rpse.2602011,10.21926/rpse.2602011,Performance Enhancement of CIGS Thin-Film Solar Cells through Numerical Modeling,Recent Progress in Science and Engineering,journal,2026-06-16,article,en,defects,interfaces,theory,0.1136,Academy Of Sciences Republic Of Uzbekistan,0,hybrid,0
10.1021/acsenergylett.6c01505,10.1021/acsenergylett.6c01505,Environmental Control of Tin Perovskite Crystallization via Solvent Vapor Fuming,ACS Energy Letters,journal,2026-06-16,article,en,composition,,theory,0.15,National Yang Ming Chiao Tung University,0,hybrid,1
10.1016/j.commt.2026.100059,10.1016/j.commt.2026.100059,Machine learning-based modeling of double perovskites via multi-output prediction of bandgap and dielectric properties,Computational Materials Today,journal,2026-06-16,article,en,composition,,theory,0.0,University Of Kassel,0,gold,0
10.1103/zp88-7m5h,10.1103/zp88-7m5h,Bulk photovoltaic effect in two-dimensional perovskite oxides,Physical review. B./Physical review. B,journal,2026-06-16,article,en,composition,,experimental,0.0,Education,0,closed,0
10.1016/j.cej.2026.178368,10.1016/j.cej.2026.178368,Cascade regulation of residual PbI2 via PMMA/DMSO for high-performance perovskite/silicon mechanically-stacked tandem solar cells,Chemical Engineering Journal,journal,2026-06-16,article,en,architecture,,experimental,0.0968,Xidian University,0,closed,0
10.1016/j.jallcom.2026.189269,10.1016/j.jallcom.2026.189269,An in situ ferroelectric PbTiO3 interlayer strengthens the built-in field in carbon-based CsPbBr3 perovskite solar cells,Journal of Alloys and Compounds,journal,2026-06-16,article,en,composition,,experimental,0.0,Henan University,0,closed,0
10.1016/j.jallcom.2026.189266,10.1016/j.jallcom.2026.189266,Thermally driven interfacial reconstruction in tin halide perovskites,Journal of Alloys and Compounds,journal,2026-06-16,article,en,composition,,experimental,0.0,Huai'an University,0,closed,0
10.1021/acsaem.6c00612,10.1021/acsaem.6c00612,How Does Hysteresis Work? A Brief Investigation Based on Transient Photovoltage/Current Mapping,ACS Applied Energy Materials,journal,2026-06-16,article,en,interfaces,,experimental,0.04,Jiangnan University,0,closed,1
10.3390/app16126085,10.3390/app16126085,Bio-Based Materials in Modern Photovoltaic Cells: From Active Layers and Interfaces to Encapsulants and Substrates,Applied Sciences,journal,2026-06-16,article,en,stability,,review,0.1061,Jagiellonian University,0,gold,0
10.1088/1361-648x/ae7e32,10.1088/1361-648x/ae7e32,Understanding hot-carrier cooling in semiconductors through ultrafast photoluminescence spectroscopy,Journal of Physics Condensed Matter,journal,2026-06-16,article,en,defects,,review,0.0455,Indian Bhopal,0,hybrid,0
10.1016/j.chemphys.2026.113327,10.1016/j.chemphys.2026.113327,First-principles study on carrier transport and polarization in FAPbI₃/MAPbI₃ heterojunctions for transport-layer-free perovskite solar cells,Chemical Physics,journal,2026-06-16,article,en,composition,,theory,0.0,Beijing,0,closed,0
10.1038/s43246-026-01240-8,10.1038/s43246-026-01240-8,Simultaneous optimization of film morphology and structure dimensionality in Cs3Sb2I9 through butylamine gas treatment,Communications Materials,journal,2026-06-16,article,en,composition,,experimental,0.0167,Zhaw Zurich University Of Applied Sciences,0,gold,0
10.1002/adma.73696,10.1002/adma.73696,Balanced Molecular Interactions with Mild Dipole Moment for Intermediate Suppressing in High Performance Antisolvent‐Free Regular α ‐FAPbI 3 Solar Cells,Advanced Materials,journal,2026-06-16,article,en,stability,,experimental,0.0455,Wuhan University Of Technology,0,green,0
10.1103/g1cg-fnkn,10.1103/g1cg-fnkn,"Red, White & Blue: Identifying Recombination Loss Mechanisms in Perovskite Solar Cells",PRX Energy,journal,2026-06-16,article,en,interfaces,,experimental,0.04,University Of Groningen,0,diamond,0
10.1007/s10895-026-04805-5,10.1007/s10895-026-04805-5,Rational Design of SFT-Based Hole Transport Materials with Diversified Terminal Acceptors for Efficient Perovskite Solar Cells: A DFT Study,Journal of Fluorescence,journal,2026-06-16,article,en,interfaces,,theory,0.08,University Of Faisalabad,0,closed,0
10.1021/acsaelm.6c00104,10.1021/acsaelm.6c00104,Molecular Engineering of a Bidentate Thiol−Carboxylate Ligand for High Performance Wide-Bandgap Perovskite Solar Cells,ACS Applied Electronic Materials,journal,2026-06-16,article,en,defects,interfaces,experimental,0.1136,Kunming University Of Science And Technology,0,closed,0
10.1016/j.mtchem.2026.103783,10.1016/j.mtchem.2026.103783,Synergistic modulation of polar and steric effects to achieve high-performance hole transport polymers with low batch-to-batch variation for perovskite solar cells,Materials Today Chemistry,journal,2026-06-16,article,en,interfaces,,experimental,0.08,Fujian Normal University,0,closed,0
10.62051/691n3p53,10.62051/691n3p53,In-depth Exploration of the Electron Transport Layer in Perovskite Solar Cells: Fullerene Material Comparison and Performance Impact,Transactions on Engineering and Technology Research,journal,2026-06-16,article,en,interfaces,defects,review,0.12,Tongji University,0,diamond,0
10.3390/coatings16060720,10.3390/coatings16060720,Effect of Annealing in Air and Dry Nitrogen on MoOx Films Obtained by Magnetron Sputtering,Coatings,journal,2026-06-16,article,en,interfaces,,experimental,0.08,Central Laboratory Of Solar Energy And New Energy Sources,0,gold,0
10.1021/acs.chemmater.6c00120.s001,10.1021/acs.chemmater.6c00120.s001,Harnessing Linear and Nonlinear Optical Responses in Ferroelectric LaMoN3 for Enhanced Photovoltaic Efficiency,Figshare,repository,2026-06-16,article,en,composition,,theory,0.05,,0,green,0
10.1021/acsami.6c01787.s001,10.1021/acsami.6c01787.s001,Synergistic Ultraviolet Conversion and Cross-Linking Strategy for Enhancing Flexible Perovskite Solar Cells,Figshare,repository,2026-06-16,article,en,stability,,experimental,0.0909,,0,green,0
10.1021/acs.jpclett.6c01131.s001,10.1021/acs.jpclett.6c01131.s001,Determining the Free-Carrier Fraction in 2D Perovskites Using Power Dependent Photoluminescence,Figshare,repository,2026-06-16,article,en,composition,,experimental,0.0,,0,green,0
10.59436/ijpsr.v2i2.9.3139-342x,10.59436/ijpsr.v2i2.9.3139-342x,Advancements in Solar Energy Materials for Sustainable Development and Environmental Justice,International Journal of Primary and Secondary Research (IJPSR),journal,2026-06-16,article,en,architecture,,review,0.0484,Bharat Immunologicals And Biologicals Corporation (india),0,hybrid,0
10.3390/photonics13060589,10.3390/photonics13060589,"Cross-Platform Neuromorphic Photodetectors: From Organic and Oxide to Perovskite, Wide-Bandgap, and Si-CMOS",Photonics,journal,2026-06-17,article,en,,,,,Slovak University Of Technology In Bratislava,2,gold,0
10.1016/j.optlastec.2026.115741,10.1016/j.optlastec.2026.115741,A coupled device-system simulation framework for multiscale performance evaluation of lead-free perovskite photovoltaic systems,Optics & Laser Technology,journal,2026-06-17,article,en,composition,,theory,0.1,International Islamic University Chittagong,1,closed,0
10.1088/2631-8695/ae7ef3,10.1088/2631-8695/ae7ef3,Investigation on lead-free Sc–Cu double perovskite based tandem solar cells: a 2T and 4T design approach,Engineering Research Express,journal,2026-06-17,article,en,composition,,theory,0.1333,Srm University,1,hybrid,0
10.1016/j.nxener.2026.100713,10.1016/j.nxener.2026.100713,Advanced optimization of lead-free FASnI3 photovoltaics with spiro-OMeTAD/ZnO structure for high power conversion efficiency,Next Energy,journal,2026-06-17,article,en,composition,,theory,0.1167,Munger University,0,gold,0
10.1016/j.mssp.2026.110910,10.1016/j.mssp.2026.110910,Defect suppression via doping-induced stepped energy alignment in SnO2 bilayers for stable carbon-based perovskite solar cells,Materials Science in Semiconductor Processing,journal,2026-06-17,article,en,defects,,experimental,0.0909,Lampang Rajabhat University,0,closed,0
10.1016/j.solener.2026.114780,10.1016/j.solener.2026.114780,Critical analysis of recent advancements in incorporating Cs in hybrid perovskite solar cell to boost its stability and efficiency,Solar Energy,journal,2026-06-17,article,en,defects,,review,0.1136,Unsw Sydney,0,hybrid,1
10.1002/aenm.71207,10.1002/aenm.71207,Verification and Mitigation of Proton‐Induced Non‐Ionizing Damage in Perovskite Solar Cells for Space Applications,Advanced Energy Materials,journal,2026-06-17,article,en,stability,,experimental,0.0455,Korea University,0,hybrid,1
10.1021/acsomega.6c02217,10.1021/acsomega.6c02217,"Lead-Free Sr 3 MCl 3 (M = Sb, P) Perovskite Solar Cells: from First-Principles Calculations to Recombination-Aware Device Simulations",ACS Omega,journal,2026-06-17,article,en,interfaces,composition,theory,0.16,University Of Monastir,0,gold,0
10.1016/j.scenem.2026.100049,10.1016/j.scenem.2026.100049,Recent advances in semitransparent perovskite solar cells,Sustainable Chemistry for Energy Materials,journal,2026-06-17,article,en,composition,,experimental,0.0,,0,gold,0
10.1016/j.solener.2026.114794,10.1016/j.solener.2026.114794,Hybrid perovskite and III–V six-junction solar cells for concentrator photovoltaics,Solar Energy,journal,2026-06-17,article,en,composition,,experimental,0.0,,0,closed,0
10.1007/s11664-026-12966-z,10.1007/s11664-026-12966-z,Synthesis of All-Inorganic CsPbBr3 Perovskite Materials and Research Progress in Solar Cells,Journal of Electronic Materials,journal,2026-06-17,article,en,composition,,experimental,0.0,Henan,0,closed,0
10.1016/j.jpcs.2026.113930,10.1016/j.jpcs.2026.113930,Parametric optimization of CsPbI2Br/CsPbBr3 heterojunction device structures for enhanced performance,Journal of Physics and Chemistry of Solids,journal,2026-06-17,article,en,composition,,experimental,0.0,King Fahd University Of Petroleum And Minerals,0,closed,0
10.7759/s44388-026-00124-4,10.7759/s44388-026-00124-4,Theoretical Investigation and Device Modeling of Cs4CuSb2Cl12/Sr3SbI3 Dual Absorber Lead-Free Perovskite Solar Cells,Cureus Journal of Engineering.,journal,2026-06-17,article,en,composition,defects,theory,0.1,University Of Rajasthan,0,hybrid,0
10.20517/energymater.2026.36,10.20517/energymater.2026.36,The effect of additive engineering and machine learning on high performance perovskite solar cells,Energy Materials,journal,2026-06-17,article,en,defects,,theory,0.1818,,0,hybrid,1
10.32703/2415-7422-2026-16-1-11-40,10.32703/2415-7422-2026-16-1-11-40,"Sunlight harvested: A historical evolution of materials for photovoltaics, solar fuels, photocatalysis, and emerging light-charged devices",History of science and technology,journal,2026-06-17,article,en,architecture,,review,0.0484,Taras Shevchenko National University Of Kyiv,0,diamond,0
10.1021/acs.jpclett.6c01458,10.1021/acs.jpclett.6c01458,Defect Passivation and Crystallization Regulation in Wide-Bandgap Perovskites via p-Cyanobenzenesulphonamide Molecular Additive,The Journal of Physical Chemistry Letters,journal,2026-06-17,article,en,defects,,experimental,0.3409,Central South University,0,closed,1
10.48550/arxiv.2606.18903,10.48550/arxiv.2606.18903,"First-Principles Study of Novel Lead-Free Double Perovskite \b{eta}2SnGeX6 (\b{eta} = K, Rb; X = Cl, Br, I) for thermomechanical, optoelectronic and outstanding thermoelectric applications",arXiv (Cornell University),repository,2026-06-17,preprint,en,,,,,,0,green,0
10.1021/acs.jpclett.6c01458.s001,10.1021/acs.jpclett.6c01458.s001,Defect Passivation and Crystallization Regulation in Wide-Bandgap Perovskites via p‑Cyanobenzenesulphonamide Molecular Additive,Figshare,repository,2026-06-17,article,en,defects,,experimental,0.3409,,0,green,0
10.1021/acsomega.6c02217.s001,10.1021/acsomega.6c02217.s001,"Lead-Free Sr3MCl3 (M = Sb, P) Perovskite Solar Cells: from First-Principles Calculations to Recombination-Aware Device Simulations",Figshare,repository,2026-06-17,article,en,interfaces,composition,theory,0.16,,0,green,0
first principles study of novel lead free double perovskite b eta 2sngex6 b eta k rb x cl br i for thermomechanical optoelectronic and outstanding thermoelectric applications|abir,,"First-Principles Study of Novel Lead-Free Double Perovskite \b{eta}2SnGeX6 (\b{eta} = K, Rb; X = Cl, Br, I) for thermomechanical, optoelectronic and outstanding thermoelectric applications",arXiv (Cornell University),repository,2026-06-17,preprint,en,,,,,University Of Rajshahi,0,green,0
10.1126/science.aef5355,10.1126/science.aef5355,Indium-free perovskite/silicon tandem solar cells with tin oxide recombination layer and electrodes,Science,journal,2026-06-18,article,en,architecture,,experimental,0.1935,Soochow University,2,closed,1
10.1002/cey2.70296,10.1002/cey2.70296,Boosting Bifacial Output Power of Ag‐CIGS Solar Cells by Optimizing ITO Back‐Contact Thickness for Tandem Applications,Carbon Energy,journal,2026-06-18,article,en,architecture,,experimental,0.0968,Daegu Gyeongbuk,0,gold,1
10.1002/anie.2535666,10.1002/anie.2535666,Eutectic Urea Phosphate Suppresses Phase Segregation in Wide‐Bandgap Photovoltaic Perovskites,Angewandte Chemie International Edition,journal,2026-06-18,article,en,composition,,experimental,0.0333,Soochow University,0,green,1
10.1016/j.solmat.2026.114508,10.1016/j.solmat.2026.114508,Bayesian safe-operating map construction from multimodal reverse-bias diagnostics in perovskite/silicon tandem solar cells,Solar Energy Materials and Solar Cells,journal,2026-06-18,article,en,architecture,,experimental,0.0968,,0,closed,0
10.5281/zenodo.20751882,10.5281/zenodo.20751882,"Perovskites: One Material, Two Revolutions — Solar Energy and Radiation Detection",Zenodo (CERN European Organization for Nuclear Research),repository,2026-06-18,article,en,composition,,scale_up,0.1667,,0,green,0
10.1038/s41598-026-56282-2,10.1038/s41598-026-56282-2,Bandgap engineering and high-throughput defect dynamics in two-terminal CsGeI3-Si monolithic tandem solar cells,Scientific Reports,journal,2026-06-18,article,en,architecture,,theory,0.1452,Indian,0,gold,0
10.1016/j.materresbull.2026.114303,10.1016/j.materresbull.2026.114303,Toward high-efficiency lead-free Cs₂YCuBr₆ perovskite solar cells: Role of transport layers and defects,Materials Research Bulletin,journal,2026-06-18,article,en,composition,,experimental,0.1,Vels University,0,closed,0
10.5281/zenodo.20751881,10.5281/zenodo.20751881,"Perovskites: One Material, Two Revolutions — Solar Energy and Radiation Detection",Zenodo (CERN European Organization for Nuclear Research),repository,2026-06-18,article,en,composition,,scale_up,0.1667,,0,green,0
10.1002/ange.2535666,10.1002/ange.2535666,Eutectic Urea Phosphate Suppresses Phase Segregation in Wide‐Bandgap Photovoltaic Perovskites,Angewandte Chemie,journal,2026-06-18,article,de,composition,,experimental,0.0,Soochow University,0,closed,0
10.1021/acs.joc.6c00459,10.1021/acs.joc.6c00459,"Synthesis, Characterization, and Photovoltaic Performance of Porphyrin-Fullerene Dyads",The Journal of Organic Chemistry,journal,2026-06-18,article,en,composition,,experimental,0.0,University Of Science And Technology Of China,0,closed,0
10.1007/s11664-026-12964-1,10.1007/s11664-026-12964-1,Unraveling Interfacial Defect-Driven Charge Transport in Flexible CH3NH3PbI3 Based Solar Cells,Journal of Electronic Materials,journal,2026-06-18,article,en,defects,,experimental,0.0909,Ramakrishna Mission Vidyamandira,0,closed,0
10.1002/cssc.70812,10.1002/cssc.70812,1‐Dodecyl‐3‐methylimidazolium bis(trifluoromethanesulfonyl) imide Interface Design for Stable and Effective Perovskite Solar Cells,ChemSusChem,journal,2026-06-18,article,en,interfaces,,experimental,0.14,Huaqiao University,0,green,0
10.1002/smll.74279,10.1002/smll.74279,Direct Nanocrystal Seeding Enables Buried Interface Passivation and Enhanced Crystallization for FAPbI 3 Solar Cells,Small,journal,2026-06-18,article,en,defects,interfaces,experimental,0.2273,Hebei University Of Technology,0,hybrid,1
10.1016/j.mtsust.2026.101405,10.1016/j.mtsust.2026.101405,Decarbonizing urban heating: The role of seasonal thermal energy storage in China's future energy system,Materials Today Sustainability,journal,2026-06-18,article,en,scale_up,,theory,0.0909,Hunan University,0,gold,1
10.1021/acssuschemeng.6c04546,10.1021/acssuschemeng.6c04546,Bifunctional Buried Interface Modification Strategy for Stable and Efficient Perovskite Solar Cells,ACS Sustainable Chemistry & Engineering,journal,2026-06-18,article,en,interfaces,,experimental,0.32,Chinese Academy Of Engineering,0,closed,1
10.1021/acsenergylett.6c00641,10.1021/acsenergylett.6c00641,Strain-Engineered Defect Suppression in Sn Perovskite Photovoltaics,ACS Energy Letters,journal,2026-06-18,article,en,interfaces,,theory,0.16,University Of Electro-communications,0,closed,1
10.1016/j.mtphys.2026.102149,10.1016/j.mtphys.2026.102149,Siloxane bifunctional molecule for upper interface modification in lead amine halide perovskite solar cells,Materials Today Physics,journal,2026-06-18,article,en,interfaces,,experimental,0.08,Huaqiao University,0,closed,0
10.22541/authorea.15004927/v1,10.22541/authorea.15004927/v1,"X-ray scattering insights into crystallization, degradation, and heterogeneity of mixed-halide perovskites",,,2026-06-18,preprint,en,composition,,review,0.0667,University Of Electronic Science And Technology Of China,0,closed,1
10.1021/acs.joc.6c00459.s001,10.1021/acs.joc.6c00459.s001,"Synthesis, Characterization, and Photovoltaic Performance of Porphyrin-Fullerene Dyads",Figshare,repository,2026-06-18,article,en,composition,,experimental,0.0,,0,green,0
10.48550/arxiv.2606.20275,10.48550/arxiv.2606.20275,Exciton Transport in Disordered Perovskite Nanocrystal Solids,arXiv (Cornell University),repository,2026-06-18,preprint,en,composition,,experimental,0.0,,0,green,1
exciton transport in disordered perovskite nanocrystal solids|solari,,Exciton Transport in Disordered Perovskite Nanocrystal Solids,arXiv (Cornell University),repository,2026-06-18,preprint,en,composition,,experimental,0.0,,0,green,0
10.26577/rcph972202610,10.26577/rcph972202610,Перовскит күн элементтерінің радиациялық төзімділігіне иондаушы және иондаушы емес энергия шығындарының әсері,Recent Contributions to Physics,journal,2026-06-18,article,en,defects,,experimental,0.1136,Satbayev University,0,diamond,0
10.5281/zenodo.21599089,10.5281/zenodo.21599089,"Innovation Design, Mathematical Modeling, and Thermodynamic Analysis of a 700 W Thermophotovoltaic Generator System Based on Nanostructured Components",Zenodo (CERN European Organization for Nuclear Research),repository,2026-06-18,article,enc,defects,,experimental,0.1136,,0,green,0
10.5281/zenodo.21599088,10.5281/zenodo.21599088,"Innovation Design, Mathematical Modeling, and Thermodynamic Analysis of a 700 W Thermophotovoltaic Generator System Based on Nanostructured Components",Zenodo (CERN European Organization for Nuclear Research),repository,2026-06-18,article,enc,defects,,experimental,0.1136,,0,green,0
10.1002/solr.70405,10.1002/solr.70405,Molecular Suppression of PCBM Dimerization in Inverted Perovskite Solar Cells,Solar RRL,journal,2026-06-19,article,en,stability,,experimental,0.0909,Wuhan University Of Technology,0,closed,1
10.1021/acsaem.6c00330,10.1021/acsaem.6c00330,UV-Induced Interfacial Passivation via a Diacrylate Monomer for Stable Perovskite Solar Cells,ACS Applied Energy Materials,journal,2026-06-19,article,en,defects,,experimental,0.1818,Oxford Photovoltaics (united Kingdom),0,closed,1
10.1002/adfm.76623,10.1002/adfm.76623,Redox‐Driven Spatiotemporal Passivation for Efficient and Durable Perovskite Solar Cells,Advanced Functional Materials,journal,2026-06-19,article,en,defects,stability,experimental,0.1818,Nanjing University Of Aeronautics And Astronautics,0,closed,1
10.1016/j.asoc.2026.115781,10.1016/j.asoc.2026.115781,An attention-based joint neural model coupled with genetic algorithm for advanced optimization of CsGeI3 perovskite solar cell performance,Applied Soft Computing,journal,2026-06-19,article,en,composition,,experimental,0.0,Université Moulay Ismail De Meknes,0,closed,0
10.1088/2631-8695/ae7fd2,10.1088/2631-8695/ae7fd2,Systematic optimization of electron and hole transport layers for double perovskite solar cells using SCAPS-1D software,Engineering Research Express,journal,2026-06-19,article,en,interfaces,defects,theory,0.2,Hanoi University Of Science And Technology,0,hybrid,0
10.69968/ijisem.2026v5i2475-483,10.69968/ijisem.2026v5i2475-483,"Solar Energy Conversion Materials: Progress, Challenges & Future Direction",International Journal of Innovations in Science Engineering and Management.,journal,2026-06-19,article,en,architecture,,review,0.0484,Indian,0,diamond,0
10.5281/zenodo.20763715,10.5281/zenodo.20763715,Texture-Enhanced Mechanical Stability of Transparent Electrodes for Flexible Optoelectronics with Near-Infrared Response,Zenodo (CERN European Organization for Nuclear Research),repository,2026-06-19,article,en,architecture,,experimental,0.0968,,0,green,0
10.5281/zenodo.20757657,10.5281/zenodo.20757657,Study of Light Absorption and Energy Conversion in Solar Cells,Zenodo (CERN European Organization for Nuclear Research),repository,2026-06-19,article,en,composition,,review,0.0,,0,green,0
10.5281/zenodo.20763716,10.5281/zenodo.20763716,Texture-Enhanced Mechanical Stability of Transparent Electrodes for Flexible Optoelectronics with Near-Infrared Response,Zenodo (CERN European Organization for Nuclear Research),repository,2026-06-19,article,en,architecture,,experimental,0.0968,,0,green,0
10.1016/j.cocom.2026.e01372,10.1016/j.cocom.2026.e01372,"Gold-based chloride perovskites AuMCl3 (M = Ca, Sr): A first-principles study of cubic reference phases for optoelectronic and photovoltaic screening",Computational Condensed Matter,journal,2026-06-19,article,en,composition,,theory,0.0,Université Ibn Khaldoun Tiaret,0,closed,0
10.1016/j.dyepig.2026.113964,10.1016/j.dyepig.2026.113964,Improving the perovskite solar cells by managing the charge selectivity of side chain groups in hole transport materials,Dyes and Pigments,journal,2026-06-19,article,en,interfaces,,experimental,0.08,Southwest University,0,closed,0
10.1007/s12596-026-03203-1,10.1007/s12596-026-03203-1,Numerical design and optimization of a lead-free all-perovskite tandem solar cell using SCAPS-1D,Journal of Optics,journal,2026-06-19,article,en,architecture,,theory,0.1935,Babol Noshirvani University Of Technology,0,closed,0
10.1021/acsaem.6c00235,10.1021/acsaem.6c00235,Perovskite Film Fabrication by MAI Engineering via Non-Antisolvent Method,ACS Applied Energy Materials,journal,2026-06-19,article,en,scale_up,,experimental,0.0303,Jackson State University,0,closed,1
10.1002/bkcs.70191,10.1002/bkcs.70191,Polymerization strategies for poly(triarylamine)s via Buchwald–Hartwig amination,Bulletin of the Korean Chemical Society,journal,2026-06-19,article,en,composition,,review,0.0,Ajou University,0,closed,0
10.5281/zenodo.20757656,10.5281/zenodo.20757656,Study of Light Absorption and Energy Conversion in Solar Cells,Zenodo (CERN European Organization for Nuclear Research),repository,2026-06-19,article,en,composition,,review,0.0,,0,green,0
10.26577/phst20261317,10.26577/phst20261317,Optimization of the carbon ink printing process for the fabrication of flexible printed perovskite optoelectronic devices,Physical Sciences and Technology,journal,2026-06-19,article,en,scale_up,,scale_up,0.1212,Nazarbayev University,0,diamond,0
10.48550/arxiv.2606.21441,10.48550/arxiv.2606.21441,Bulk Photovoltaic Effect in Two-Dimensional Perovskite Oxides,arXiv (Cornell University),repository,2026-06-19,preprint,en,composition,,theory,0.0333,,0,green,1
bulk photovoltaic effect in two dimensional perovskite oxides|zhang,,Bulk Photovoltaic Effect in Two-Dimensional Perovskite Oxides,arXiv (Cornell University),repository,2026-06-19,preprint,en,composition,,experimental,0.0,,0,green,0
10.1016/j.radphyschem.2026.114169,10.1016/j.radphyschem.2026.114169,Decoupling structural degradation and photovoltaic performance in perovskite solar cells under high-dose gamma irradiation,Radiation Physics and Chemistry,journal,2026-06-20,article,en,stability,,experimental,0.0303,Konkuk University,1,closed,0
10.1016/j.solmat.2026.114519,10.1016/j.solmat.2026.114519,Economically viable and environmentally beneficial recycling pathways for perovskite-silicon tandem modules,Solar Energy Materials and Solar Cells,journal,2026-06-20,article,en,architecture,scale_up,scale_up,0.1935,Institut De France,0,hybrid,1
10.1016/j.solmat.2026.114518,10.1016/j.solmat.2026.114518,A spectrally resolved degradation framework for perovskite solar cells under orbit-specific space stressors,Solar Energy Materials and Solar Cells,journal,2026-06-20,article,en,stability,,experimental,0.0303,Universitat Politècnica De València,0,hybrid,1
10.1016/j.chemphys.2026.113331,10.1016/j.chemphys.2026.113331,"Boosting the optoelectronic and photocatalytic performance of KTaO₃ perovskites with chalcogen (S, Se, and Te) and niobium (Nb) co-doping: A DFT approach",Chemical Physics,journal,2026-06-20,article,en,composition,,theory,0.0,Université Sultan Moulay Slimane,0,closed,0
10.1016/j.apsusc.2026.167601,10.1016/j.apsusc.2026.167601,Synergistic grain boundary and buried interface passivation of perovskite films by polystyrene for high-performance and stable perovskite solar cells,Applied Surface Science,journal,2026-06-20,article,en,defects,interfaces,experimental,0.2727,Kyung Hee University,0,closed,0
10.1016/j.mtener.2026.102348,10.1016/j.mtener.2026.102348,Application research of interface modification in perovskite/Si tandem solar cells,Materials Today Energy,journal,2026-06-20,article,en,architecture,,experimental,0.0968,North China Electric Power University,0,closed,0
10.48550/arxiv.2606.22104,10.48550/arxiv.2606.22104,"Halide substitution effects on the photovoltaic properties of Ca$_3$PX$_3$ (X = F, Cl, Br, I) perovskites: advancing solar cell efficiency",arXiv (Cornell University),repository,2026-06-20,preprint,en,composition,,theory,0.0,,0,green,1
thin film deposition techniques for photovoltaic devices thermal evaporation versus spin coating|mahdi,,Thin Film Deposition Techniques for Photovoltaic Devices: Thermal Evaporation versus Spin Coating,Umsida Repository (Universitas Muhammadiyah Sidoarjo),repository,2026-06-20,article,en,composition,,experimental,0.0,University Of Technology - Iraq,0,green,0
10.1007/s41939-026-01240-8,10.1007/s41939-026-01240-8,Cross-platform simulation DFT–SCAPS–wxAMPS–COMSOL coupled with data-driven modeling of CsInBr3 and CsTlBr3 optoelectronic devices,Multiscale and Multidisciplinary Modeling Experiments and Design,journal,2026-06-21,article,en,defects,interfaces,theory,0.0455,University Of The Punjab,1,hybrid,0
10.1002/adfm.76655,10.1002/adfm.76655,Constructing Robust Buried Interfaces of Inverted Perovskite Solar Cells by Bridge‐Anchored Co‐SAMs,Advanced Functional Materials,journal,2026-06-21,article,en,defects,interfaces,theory,0.1136,Nanjing University Of Posts And Telecommunications,1,closed,0
10.1016/j.solener.2026.114809,10.1016/j.solener.2026.114809,Optically enhanced back-contact perovskite solar cells using scalable and solvent-free patterning,Solar Energy,journal,2026-06-21,article,en,scale_up,,experimental,0.0606,,0,hybrid,0
10.1002/anie.4918900,10.1002/anie.4918900,Buried‐Interface Iodine Redox Regulation for Durable All‐Perovskite Tandem Photovoltaics,Angewandte Chemie International Edition,journal,2026-06-21,article,en,architecture,defects,experimental,0.0968,University Of Macau,0,green,1
10.1016/j.cej.2026.178643,10.1016/j.cej.2026.178643,A dual passivation strategy mediated by polyamic acid for high-performance flexible perovskite solar cells,Chemical Engineering Journal,journal,2026-06-21,article,en,defects,,experimental,0.1364,,0,closed,0
10.1007/s11664-026-12977-w,10.1007/s11664-026-12977-w,High-Efficiency Ecofriendly Lead-Free Solar Cells Based on Rb2Sn(Br1−uIu)6 Double Perovskites Incorporating Cu2O as a Hole-Transport Layer: An Ab Initio DFT Study,Journal of Electronic Materials,journal,2026-06-21,article,en,composition,,theory,0.1,Université Hassan Ii Mohammedia,0,closed,0
10.1002/ange.4918900,10.1002/ange.4918900,Buried‐Interface Iodine Redox Regulation for Durable All‐Perovskite Tandem Photovoltaics,Angewandte Chemie,journal,2026-06-21,article,en,architecture,defects,experimental,0.0968,University Of Macau,0,closed,0
10.1002/smll.74278,10.1002/smll.74278,Synthesis of a Butterfly‐Shaped π‐Extended Dibenzazepine and Its Application in Interfacial Engineering for High‐Performance Perovskite Solar Cells,Small,journal,2026-06-21,article,en,interfaces,,experimental,0.1,Xiamen University,0,green,1
10.1007/s44291-026-00245-4,10.1007/s44291-026-00245-4,Computational study of defect engineered K₂GeI₆ based perovskite solar cell using multiscale modeling and machine learning,Discover Electronics,journal,2026-06-22,article,en,composition,defects,theory,0.0667,Netaji Subhas University Of Technology,2,diamond,0
10.1021/acsami.6c06698,10.1021/acsami.6c06698,Synergistic Co-Passivation via Ultrasmall Molecules for Efficient and Stable Perovskite Solar Cells,ACS Applied Materials & Interfaces,journal,2026-06-22,article,en,defects,,experimental,0.3636,Beijing University Of Technology,1,closed,1
10.1088/1361-651x/ae8043,10.1088/1361-651x/ae8043,Performance optimization of lead free Rb 2 LiGaBr 6 -Cs 2 AgBiI 6 double absorber perovskite solar cell using SCAPS-1D,Modelling and Simulation in Materials Science and Engineering,journal,2026-06-22,article,en,interfaces,,theory,0.16,Eötvös József Főiskola,0,hybrid,0
10.1016/j.jssc.2026.126187,10.1016/j.jssc.2026.126187,Concentration-dependent PEAI modification for defect passivation and charge transport in NiOx-based tin perovskite solar cells,Journal of Solid State Chemistry,journal,2026-06-22,article,en,defects,,experimental,0.2273,,0,closed,0
10.1002/advs.76258,10.1002/advs.76258,Advancing the Design of High‐Efficiency Printable Hole‐Conductor‐Free Mesoscopic Perovskite Solar Cells Through Machine Learning,Advanced Science,journal,2026-06-22,article,en,composition,,theory,0.0,Harbin,0,gold,0
10.1073/pnas.2602252123,10.1073/pnas.2602252123,Record-high Glass coefficient in the shift current response of a ferroelectric halide perovskite,Proceedings of the National Academy of Sciences,journal,2026-06-22,article,en,,,,,Quantum Design (united States),0,hybrid,0
10.1021/jacs.6c05142,10.1021/jacs.6c05142,Overcoming Charge-Carrier Localization in Metal Chalcohalides,Journal of the American Chemical Society,journal,2026-06-22,article,en,composition,,experimental,0.1167,University Of Oxford,0,hybrid,1
10.1103/3m96-tfbt,10.1103/3m96-tfbt,Perovskite Photovoltaic Module Curvature from Lamination Correlates to Operational Stability,PRX Energy,journal,2026-06-22,article,en,stability,,scale_up,0.1515,Arizona State University,0,diamond,0
10.1002/aenm.71216,10.1002/aenm.71216,Barrier‐Free Cathode Contacts for High‐Efficiency Inverted Carbon‐Perovskite Solar Cells,Advanced Energy Materials,journal,2026-06-22,article,en,interfaces,,experimental,0.08,Jinan University,0,closed,1
10.1016/j.cej.2026.178603,10.1016/j.cej.2026.178603,Unlocking the potential of sulfonate-functionalized covalent organic framework in perovskite solar cells: Mechanistic insights into high efficiency and stability,Chemical Engineering Journal,journal,2026-06-22,article,en,composition,,experimental,0.0,,0,closed,0
10.1016/j.mlblux.2026.100277,10.1016/j.mlblux.2026.100277,Advancing SAM-based tin perovskite solar cells: solvent engineering for post-treatment with ethylenediamine to passivate top perovskite surface,Materials Letters X,journal,2026-06-22,article,en,interfaces,,experimental,0.18,Sunchon National University,0,gold,0
10.1016/j.matt.2026.102877,10.1016/j.matt.2026.102877,SAM-cladded SnO2 electron-selective layer for highly efficient perovskite photovoltaics,Matter,journal,2026-06-22,article,en,interfaces,,experimental,0.12,Soochow University,0,closed,0
10.21203/rs.3.rs-10075143/v1,10.21203/rs.3.rs-10075143/v1,Vertically Partitioned Interfacial Design in Self-Powered Perovskite Photomemristors Enables CMOS-Integrated Motion Vision System,Research Square,repository,2026-06-22,preprint,en,composition,,experimental,0.0,University Of Electronic Science And Technology Of China,0,green,0
10.1002/flm2.70103,10.1002/flm2.70103,Flexible plasma‐sintered transparent conducting electrodes fabricated from particle free gold inks,FlexMat.,journal,2026-06-22,article,en,composition,,experimental,0.0,Helmholtz-zentrum Berlin Für Materialien Und Energie,0,diamond,0
10.1021/acsami.6c06698.s001,10.1021/acsami.6c06698.s001,Synergistic Co-Passivation via Ultrasmall Molecules for Efficient and Stable Perovskite Solar Cells,Figshare,repository,2026-06-22,article,en,defects,,experimental,0.3636,,0,green,0
10.1021/jacs.6c05142.s001,10.1021/jacs.6c05142.s001,Overcoming Charge-Carrier Localization in Metal Chalcohalides,Figshare,repository,2026-06-22,article,en,composition,,experimental,0.1167,,0,green,0
10.3390/mi17060758,10.3390/mi17060758,Engineering of Optoelectronic Devices for Renewable Energy Applications,Micromachines,journal,2026-06-22,article,en,architecture,,theory,0.0484,Instituto De Engenharia De Sistemas E Computadores Investigação E Desenvolviment,0,gold,0
10.33003/fjs-2026-10(anb-k)-5402,10.33003/fjs-2026-10(anb-k)-5402,Numerical Optimization of ZnO Electron Transport Layer and Absorber Properties with Temperature Effects in Germanium-Based Perovskite Solar Cells Using SCAPS-1D Simulation,FUDMA Journal of Sciences,journal,2026-06-22,article,en,interfaces,,theory,0.12,Federal Medical Centre,0,diamond,0
10.1016/j.solmat.2026.114510,10.1016/j.solmat.2026.114510,Integrated device-level and first-principles approaches for transport-layer optimization in CH3NH3SnI3 perovskite solar cells,Solar Energy Materials and Solar Cells,journal,2026-06-23,article,en,composition,,theory,0.0,Deen Dayal Upadhyaya Gorakhpur University,0,closed,0
10.1016/j.egyr.2026.109510,10.1016/j.egyr.2026.109510,Numerical optimization and electrical characterization of lead-free MASnI₃/Rb₂SnI₆ tandem perovskite solar cells: Enhanced efficiency via synergistic absorber configuration,Energy Reports,journal,2026-06-23,article,en,composition,architecture,experimental,0.1,,0,gold,0
10.1016/j.mser.2026.101242,10.1016/j.mser.2026.101242,A hybrid machine learning approach for high throughput screening of thermodynamically stable double perovskites with optimal band gap,Materials Science and Engineering R Reports,journal,2026-06-23,article,en,composition,,theory,0.0,University Of Science And Technology Of China,0,closed,0
10.21203/rs.3.rs-10098006/v1,10.21203/rs.3.rs-10098006/v1,First-Principles DFT+U Investigation of Eco-Friendly K2AgPBr6 Double Perovskite: Mechanical Ductility and Optoelectronic Resilience for Near-Infrared Harvesting and Tandem Photovoltaics,Research Square,repository,2026-06-23,preprint,en,architecture,,theory,0.0968,Hajee Mohammad Danesh Science And Technology University,0,green,0
10.3390/ma19132700,10.3390/ma19132700,Towards High-Efficiency Inverted CH3NH3GeI3 Perovskite Solar Cells,Materials,journal,2026-06-23,article,en,interfaces,,theory,0.2,Nanjing Tech University,0,gold,0
10.1016/j.matlet.2026.141150,10.1016/j.matlet.2026.141150,Epitaxial BiFeO₃ thin films on MgO: Ferroelectric photovoltaic performance and optical logic operations,Materials Letters,journal,2026-06-23,article,en,composition,,experimental,0.0,Minzu University Of China,0,closed,0
10.1016/j.rineng.2026.111690,10.1016/j.rineng.2026.111690,Scalable fabrication of SnO2 quantum dot electron-transport layers through multicycle infrared annealing for perovskite solar cells,Results in Engineering,journal,2026-06-23,article,en,scale_up,,experimental,0.0606,Chiang Mai University,0,gold,1
10.1016/j.nanoen.2026.112154,10.1016/j.nanoen.2026.112154,Integrated bulk-interface defect management via grain-boundary-mediated 2D reconstruction enables durable 2D/3D perovskite solar cells,Nano Energy,journal,2026-06-23,article,en,composition,defects,experimental,0.0667,,0,closed,0
10.1021/acsaem.6c01210,10.1021/acsaem.6c01210,Constructing Heterostructural CsPbBr 3 -PbS Quantum Dots for High-Stability Solar Cells with Efficient Infrared Energy Harvesting,ACS Applied Energy Materials,journal,2026-06-23,article,en,composition,defects,experimental,0.05,Air Force Engineering University,0,closed,1
10.1149/2162-8777/ae80f7,10.1149/2162-8777/ae80f7,First-Principles Investigation of Mn-Doped BaSnO 3 Perovskites for Enhanced Optoelectronic Performance,ECS Journal of Solid State Science and Technology,journal,2026-06-23,article,en,composition,,theory,0.0167,University Of Hassan Ii Casablanca,0,bronze,0
10.1002/smll.74320,10.1002/smll.74320,Dual‐Function Equol Molecule Suppresses Superoxide‐Mediated Degradation in Perovskite Solar Cells,Small,journal,2026-06-23,article,en,defects,stability,experimental,0.0455,South China University Of Technology,0,green,1
10.1016/j.jcis.2026.141006,10.1016/j.jcis.2026.141006,Fabrication of high photovoltaic performance tin-perovskite film using greener material,Journal of Colloid and Interface Science,journal,2026-06-23,article,en,composition,,experimental,0.0,National Central University,0,closed,0
10.63133/scf.act-chim.2026.516.06,10.63133/scf.act-chim.2026.516.06,Semiconducteurs pour les cellules photovoltaïques et photoélectrochimiques,Actualité Chimique,journal,2026-06-23,article,fr,composition,,experimental,0.0,,0,closed,0
10.1021/acsami.6c06734,10.1021/acsami.6c06734,Dithiocarbamate-Functionalized Cellulose for High-Efficiency Separation of Critical Metals from Organic Effluents,ACS Applied Materials & Interfaces,journal,2026-06-23,article,en,composition,,experimental,0.0,Kanazawa University,0,closed,0
10.1002/smll.74328,10.1002/smll.74328,Dual‐Functional Ionic Liquid Additive Enables High‐Performance Perovskite Solar Cells by Suppressing Ion Migration and Passivating Defects,Small,journal,2026-06-23,article,en,defects,,experimental,0.2955,Henan University Of Technology,0,green,1
10.1007/s00339-026-09849-9,10.1007/s00339-026-09849-9,Performance optimization of cesium halide perovskite solar cells through SCAPS-1D simulation,Applied Physics A,journal,2026-06-23,article,en,composition,,theory,0.0,,0,closed,0
10.1016/j.surfin.2026.109929,10.1016/j.surfin.2026.109929,Scalable slot-die coating of dipole-engineered self-assembled monolayers for efficient large-area perovskite photovoltaics,Surfaces and Interfaces,journal,2026-06-23,article,en,scale_up,,scale_up,0.1515,Ming Chi University Of Technology,0,closed,0
10.1002/flm2.70084,10.1002/flm2.70084,Chiral perovskites for next‐generation chiral optoelectronics and spintronics,FlexMat.,journal,2026-06-23,article,en,composition,,review,0.0,Northwestern Polytechnical University,0,diamond,0
10.1021/acsami.6c06734.s001,10.1021/acsami.6c06734.s001,Dithiocarbamate-Functionalized Cellulose for High-Efficiency Separation of Critical Metals from Organic Effluents,Figshare,repository,2026-06-23,article,en,composition,,experimental,0.0,,0,green,0
10.31083/djnb55195,10.31083/djnb55195,Designing and DFT Study of Thiophene-Based Hole Transport Materials for Applications in Organic and Efficient Perovskite Solar Cells,Digest Journal of Nanomaterials and Biostructures,journal,2026-06-23,article,en,interfaces,,theory,0.08,The University Of Agriculture Peshawar,0,gold,0
10.1002/aenm.71222,10.1002/aenm.71222,Chiral Molecular Configuration‐Mediated Crystallization of Perovskites for High‐Performance Solar Cells,Advanced Energy Materials,journal,2026-06-24,article,en,defects,,experimental,0.0909,Shaanxi Normal University,1,hybrid,1
10.1016/j.inoche.2026.117109,10.1016/j.inoche.2026.117109,Enhancing solar cell performance through fluorine-engineered SnO2-yFy ETLs,Inorganic Chemistry Communications,journal,2026-06-24,article,en,composition,,experimental,0.0,Chouaib Doukkali University,1,closed,0
10.1002/smll.74319,10.1002/smll.74319,Self‐Assembly Molecular Ordering for Strengthened Interface and Efficient Perovskite/Silicon Tandem Solar Cells,Small,journal,2026-06-24,article,en,interfaces,architecture,experimental,0.14,Kunming University Of Science And Technology,1,green,1
10.1016/j.apenergy.2026.128256,10.1016/j.apenergy.2026.128256,ChatGPT-assisted rational design for iterative performance optimization of perovskite solar cells,Applied Energy,journal,2026-06-24,article,en,composition,,experimental,0.0,,0,green,0
10.35848/1347-4065/ae822a,10.35848/1347-4065/ae822a,Vacuum-deposited PbI 2 enables uniform large-area perovskite films with enhanced device uniformity,Japanese Journal of Applied Physics,journal,2026-06-24,article,en,composition,,experimental,0.0,Kanazawa University,0,hybrid,0
10.1002/adfm.76677,10.1002/adfm.76677,Arc‐plated Graphene Enables Perovskite Surface Passivation for Durable and Efficient Solar Cells,Advanced Functional Materials,journal,2026-06-24,article,en,defects,stability,experimental,0.1364,Ningbo University Of Technology,0,closed,0
10.1016/j.egyr.2026.109435,10.1016/j.egyr.2026.109435,From theoretical analysis to device simulation: First-principles and SCAPS-1D insights into A3MI3 anti-perovskites for high-efficiency solar cells,Energy Reports,journal,2026-06-24,article,en,architecture,,theory,0.0484,Southeast University,0,gold,0
10.1002/adfm.76643,10.1002/adfm.76643,Synergistic Hole Extraction and Defect Passivation via Co‐Assembled Monolayers for Efficient Wide‐Bandgap Perovskite and Tandem Solar Cells,Advanced Functional Materials,journal,2026-06-24,article,en,defects,,experimental,0.2273,Soochow University,0,closed,1
10.61173/xh7tcp55,10.61173/xh7tcp55,Wearable perovskite devices in the biomedical field,Science and Technology of Engineering Chemistry and Environmental Protection,journal,2026-06-24,article,en,interfaces,stability,experimental,0.04,,0,bronze,0
10.1007/s10973-026-15829-1,10.1007/s10973-026-15829-1,"Advances in solar drone technology: a multi-disciplinary review of aerodynamics, energy systems, AI-driven monitoring, and applications",Journal of Thermal Analysis and Calorimetry,journal,2026-06-24,article,en,composition,,review,0.0,University Of Kerbala,0,closed,0
10.1016/j.nxmate.2026.102606,10.1016/j.nxmate.2026.102606,Inverse design framework using deep convolutional generative adversarial networks for light-trapping structures in perovskite solar cells,Next Materials,journal,2026-06-24,article,en,composition,,experimental,0.0,Saveetha University,0,gold,0
10.1038/s41467-026-74288-2,10.1038/s41467-026-74288-2,Ionic self-assembled monolayers enable neutral interfaces and synergistic charge extraction in high-efficiency perovskite solar cells,Nature Communications,journal,2026-06-24,article,en,architecture,interfaces,scale_up,0.0968,Tianjin University,0,gold,1
10.1021/acsaem.6c01434,10.1021/acsaem.6c01434,Multifunctional Buried-Interface Engineering for Efficient Low- n Quasi-2D Tin Perovskite Solar Cells,ACS Applied Energy Materials,journal,2026-06-24,article,en,composition,defects,experimental,0.15,Sophia University,0,closed,1
10.36948/ijfmr.2026.nssfigtma-2025.2016,10.36948/ijfmr.2026.nssfigtma-2025.2016,The Role of Nanotechnology and Artificial Intelligence in Next-Generation Smart and Flexible Energy Networks,International Journal For Multidisciplinary Research,journal,2026-06-24,article,en,stability,,theory,0.0455,Government Of Andhra Pradesh,0,hybrid,0
10.4028/p-inha0e,10.4028/p-inha0e,The Effect of α-Fe2O3 and Fe3O4 as Transport Layer on the Photovoltaic Performance of Perovskite-Based Solar Cells,Materials science forum,book series,2026-06-24,article,en,interfaces,,experimental,0.12,Sultan Ageng Tirtayasa University,0,hybrid,0
10.1007/s40843-026-4091-4,10.1007/s40843-026-4091-4,Bridging the scalability-stability gap in perovskite photovoltaics via solution-processed coating,Science China Materials,journal,2026-06-24,article,en,composition,,experimental,0.0,Anhui Polytechnic University,0,closed,0
10.1016/j.chemphys.2026.113344,10.1016/j.chemphys.2026.113344,"Materials-to-device assessment of lead-free Na2BAlI6 (B = K, Rb) double perovskites for high-efficiency photovoltaics",Chemical Physics,journal,2026-06-25,article,en,composition,,experimental,0.1,University Of Science And Technology Bannu,2,closed,0
10.1021/acs.energyfuels.6c00479,10.1021/acs.energyfuels.6c00479,UV–Ozone-Modified PSS-Free PEDOT Enhances Interfacial Contact in Regular Perovskite Indoor Photovoltaics,Energy & Fuels,journal,2026-06-25,article,en,composition,,experimental,0.0833,Dankook University,1,closed,0
10.1016/j.mser.2026.101262,10.1016/j.mser.2026.101262,Precursor coordination governs defect evolution and nonradiative recombination in wide-bandgap perovskites for monolithic tandem solar cells,Materials Science and Engineering R Reports,journal,2026-06-25,article,en,architecture,,experimental,0.0968,University Of Science And Technology Of China,0,closed,0
10.1021/acs.jpclett.6c01103,10.1021/acs.jpclett.6c01103,Hybrid Perovskite Solutions are Dominated by Mononuclear Pb Complexes,The Journal of Physical Chemistry Letters,journal,2026-06-25,article,en,composition,,experimental,0.0,Lomonosov Moscow State University,0,closed,0
10.21203/rs.3.rs-10103746/v1,10.21203/rs.3.rs-10103746/v1,Performance Optimization of Lead-Free Double Perovskite Solar Cells Employing CsPbI₃ and Cs₂TiBr₆ Absorbers a Numerical Study,Research Square,repository,2026-06-25,preprint,en,composition,,experimental,0.1,Bangladesh University Of Business And Technology,0,green,0
10.1007/s11082-026-08969-z,10.1007/s11082-026-08969-z,"Toward sustainable efficient photovoltaics: a first-principles, device engineering, and machine learning study of 30.38% efficient Rb2AgBiI6 solar cells",Optical and Quantum Electronics,journal,2026-06-25,article,en,composition,,theory,0.0,University Of Chittagong,0,closed,0
10.1016/j.physb.2026.418981,10.1016/j.physb.2026.418981,"First-principles investigation of K3InI6 for photovoltaic applications: Structural, electronic, optical, transport and solar cell efficiency analysis",Physica B Condensed Matter,journal,2026-06-25,article,en,composition,,theory,0.0,Shahjalal University Of Science And Technology,0,closed,0
10.1002/adma.73858,10.1002/adma.73858,Spacer Regulation of the Novel Pyrene‐Based Tetrapodal Self‐Assembled Monolayers for Efficient and Stable Inverted Perovskite Solar Cells and Modules,Advanced Materials,journal,2026-06-25,article,en,stability,,experimental,0.0455,Guangxi University,0,green,0
10.1038/s41560-026-02088-5,10.1038/s41560-026-02088-5,A cascade hole-transfer strategy towards stable hybrid perovskite solar cells,Nature Energy,journal,2026-06-25,article,en,composition,,experimental,0.0,,0,closed,0
10.1021/acssuschemeng.6c04516,10.1021/acssuschemeng.6c04516,Multifunctional In Situ Polymerizable Imidazolium Ionic Liquid for High-Performance Perovskite Solar Cells,ACS Sustainable Chemistry & Engineering,journal,2026-06-25,article,en,defects,,experimental,0.0455,,0,closed,0
10.1002/solr.70396,10.1002/solr.70396,Assessment of Additive Chemistry in FAPbI 3 Perovskite Solar Cells: Linking Molecular Design to Performance and Long‐Term Device Stability,Solar RRL,journal,2026-06-25,article,en,composition,stability,review,0.0333,National University Of Malaysia,0,closed,1
10.21203/rs.3.rs-9926562/v1,10.21203/rs.3.rs-9926562/v1,Physics-Informed Machine Learning for Structural Stability and Bandgap Engineering in Lead-Free Sn–Ge Perovskites for Photovoltaic Applications,Research Square,repository,2026-06-25,preprint,en,composition,,theory,0.1,Gla University,0,green,0
10.1002/adma.73828,10.1002/adma.73828,N‐Heterocycle‐Activated π‐Cooperative Coordination for Enhancing Structural Stability of Perovskite Solar Cells,Advanced Materials,journal,2026-06-25,article,en,interfaces,,experimental,0.16,Gannan Normal University,0,green,1
10.1016/j.tsf.2026.140992,10.1016/j.tsf.2026.140992,BaZrS3 perovskite thin films by H2S sulfurization of solution-processed precursors,Thin Solid Films,journal,2026-06-25,article,en,composition,,experimental,0.0333,Karlsruhe,0,hybrid,0
10.1021/acsami.6c06851,10.1021/acsami.6c06851,Unraveling the Impact of Interface Modification on Perovskite Microstructure and Photovoltaic Efficiency,ACS Applied Materials & Interfaces,journal,2026-06-25,article,en,interfaces,,experimental,0.08,Tokyo University Of The Arts,0,closed,0
10.48550/arxiv.2606.27592,10.48550/arxiv.2606.27592,Thermal Corrections and Analysis on the Phase Stability of CsPbCl3 and Cs2AgSbCl6 during In-Situ Thermal Treatment,arXiv (Cornell University),repository,2026-06-25,preprint,en,composition,,experimental,0.1,,0,green,1
|шулдан,,"СОЛЯРНІ ЕЛЕМЕНТИ В АРХІТЕКТУРІ ТА МІСТОБУДУВАННІ: ТЕОРЕТИЧНІ ОСНОВИ, ЕВОЛЮЦІЯ ТА НОРМАТИВНИЙ КОНТЕКСТ",Scientific periodicals of Ukraine,repository,2026-06-25,article,uk,composition,,experimental,0.0,,0,green,0
thermal corrections and analysis on the phase stability of cspbcl3 and cs2agsbcl6 during in situ thermal treatment|cronk,,Thermal Corrections and Analysis on the Phase Stability of CsPbCl3 and Cs2AgSbCl6 during In-Situ Thermal Treatment,arXiv (Cornell University),repository,2026-06-25,preprint,en,composition,,experimental,0.1,University Of Maine,0,green,0
10.32347/2519-8661.2026.35-36.154-163,10.32347/2519-8661.2026.35-36.154-163,"SOLAR ELEMENTS IN ARCHITECTURE AND URBAN PLANNING: THEORETICAL FOUNDATIONS, EVOLUTION, AND REGULATORY CONTEXT",Architectural Bulletin of KNUCA,journal,2026-06-25,article,en,composition,,experimental,0.0,,0,diamond,0
10.1016/j.mtchem.2026.103811,10.1016/j.mtchem.2026.103811,Lead-free LiSiI3 perovskite: Bridging photovoltaic efficiency and photocatalytic activity via DFT/SCAPS-1D analysis,Materials Today Chemistry,journal,2026-06-26,article,en,composition,,theory,0.1,Mohammed V University,1,closed,0
10.1016/j.micrna.2026.208823,10.1016/j.micrna.2026.208823,Engineering ZnO/Ag transparent electrodes by RF power and Ag-assisted annealing for high-performance MASnI3 solar cells,Micro and Nanostructures,journal,2026-06-26,article,en,composition,,experimental,0.0,University Of Batna 1,1,closed,0
10.21203/rs.3.rs-10010714/v1,10.21203/rs.3.rs-10010714/v1,Thermal Stability and Photovoltaic Enhancement of Double Perovskite (Cs₂InSbCl₆) Based Solar Cell (p-i-n) through Thickness and Bandgap Optimization,Research Square,repository,2026-06-26,preprint,en,architecture,stability,experimental,0.0645,University Frères Mentouri Constantine 1,0,green,0
10.1016/j.solmat.2026.114516,10.1016/j.solmat.2026.114516,High-efficiency HTL-free bifacial perovskite solar cells using graphene transparent electrodes and multi-shell plasmonic nanoparticles,Solar Energy Materials and Solar Cells,journal,2026-06-26,article,en,interfaces,,experimental,0.08,University Of Tabriz,0,closed,0
10.1016/j.cej.2026.178750,10.1016/j.cej.2026.178750,Synergistic surface engineering for highly stable and efficient wide-bandgap perovskite solar cells,Chemical Engineering Journal,journal,2026-06-26,article,en,composition,,experimental,0.0,,0,closed,0
10.1016/j.cej.2026.178857,10.1016/j.cej.2026.178857,Harnessing white-light-emitting metal-organic frameworks for efficient and UV-stable perovskite solar cells,Chemical Engineering Journal,journal,2026-06-26,article,en,composition,,experimental,0.0,Zhengzhou University Of Light Industry,0,closed,0
10.1016/j.micrna.2026.208825,10.1016/j.micrna.2026.208825,Design and optimization of stable lead-free K2TiI6 perovskite solar cells for next generation photovoltaics,Micro and Nanostructures,journal,2026-06-26,article,en,composition,,experimental,0.1,Jawaharlal Nehru University,0,closed,0
10.5281/zenodo.20922457,10.5281/zenodo.20922457,Digital Governance for Printed Perovskite Solar Cells,Zenodo (CERN European Organization for Nuclear Research),repository,2026-06-26,article,en,scale_up,,experimental,0.0303,Helmholtz-zentrum Berlin Für Materialien Und Energie,0,green,0
10.5281/zenodo.20922456,10.5281/zenodo.20922456,Digital Governance for Printed Perovskite Solar Cells,Zenodo (CERN European Organization for Nuclear Research),repository,2026-06-26,article,en,scale_up,,experimental,0.0303,Helmholtz-zentrum Berlin Für Materialien Und Energie,0,green,0
10.1016/j.matlet.2026.141173,10.1016/j.matlet.2026.141173,Enhancing perovskite solar cell efficiency with a Zn2SiO4 light-reflecting layer,Materials Letters,journal,2026-06-26,article,en,composition,,experimental,0.0,Wuhan University,0,closed,0
10.21203/rs.3.rs-9837443/v1,10.21203/rs.3.rs-9837443/v1,Thermal Stability and Photovoltaic Enhancement of Double Perovskite (Cs₂InSbCl₆) Based Solar Cell (p-i-n) through Thickness and Bandgap Optimization,Research Square,repository,2026-06-26,preprint,en,architecture,stability,experimental,0.0645,University Frères Mentouri Constantine 1,0,green,0
10.1038/s43246-026-01252-4,10.1038/s43246-026-01252-4,Resonance-induced electron delocalization for efficient lead-free perovskite solar cells,Communications Materials,journal,2026-06-26,article,en,composition,,experimental,0.15,Nanjing University Of Posts And Telecommunications,0,gold,1
10.1016/j.cej.2026.178861,10.1016/j.cej.2026.178861,Stress-homogenization tailoring via 2D-seed-mediated template growth for high-efficiency perovskite solar cells,Chemical Engineering Journal,journal,2026-06-26,article,en,composition,,experimental,0.0,Northwestern Polytechnical University,0,closed,0
10.1016/j.jallcom.2026.189434,10.1016/j.jallcom.2026.189434,High-efficiency and stable all-inorganic perovskite solar cells enabled by synergistic regulation of anions and cations,Journal of Alloys and Compounds,journal,2026-06-26,article,en,composition,,experimental,0.0,Mongolian University Of Science And Technology,0,closed,0
10.1007/s12596-026-03069-3,10.1007/s12596-026-03069-3,Numerical investigation of lead-free dual-absorber perovskite solar cells through material and structural optimization,Journal of Optics,journal,2026-06-26,article,en,composition,,experimental,0.1,,0,closed,0
10.1016/j.jechem.2026.06.048,10.1016/j.jechem.2026.06.048,Pre-assembly-co-anchoring strategy enabling high-coverage SAMs and buried interface passivation for inverted perovskite solar cells,Journal of Energy Chemistry,journal,2026-06-27,article,en,interfaces,,experimental,0.2,Beihang University,0,closed,0
10.1016/j.mtadv.2026.100872,10.1016/j.mtadv.2026.100872,"Sustainable lead-free Na2AgSbX6 (X = Cl, F) double perovskites with tunable optoelectronic and thermoelectric properties: A first-principles study",Materials Today Advances,journal,2026-06-27,article,en,,,,,University Ferhat Abbas Of Setif,0,gold,0
10.1007/s11665-026-14432-7,10.1007/s11665-026-14432-7,Performance Optimization of Perovskite Solar Cells Using a 1D Photonic Crystal for Broadband Light Harvesting,Journal of Materials Engineering and Performance,journal,2026-06-27,article,en,composition,,experimental,0.0,University Of Rajasthan,0,closed,0
10.1080/00084433.2026.2689872,10.1080/00084433.2026.2689872,Fabrication and comprehensive classification of Perovskite-based solar materials methodologies for sustainable energy applications,Canadian Metallurgical Quarterly,journal,2026-06-27,article,en,scale_up,,review,0.0758,,0,closed,0
10.1016/j.matlet.2026.141158,10.1016/j.matlet.2026.141158,Dual interfacial passivation via ionic liquid for enhanced performance of inverted CsPbI2Br perovskite solar cells,Materials Letters,journal,2026-06-27,article,en,defects,,experimental,0.1364,Chengdu University Of Information Technology,0,closed,0
10.3390/nano16130795,10.3390/nano16130795,Asymmetric Dual-Interface Passivation with Functionalized Ammonium Halides for High-Performance Inverted CsPbI2Br Perovskite Solar Cells,Nanomaterials,journal,2026-06-27,article,en,defects,,experimental,0.1818,Chengdu University Of Information Technology,0,gold,1
10.63163/jpehss.v4i2.1474,10.63163/jpehss.v4i2.1474,"Artificial Intelligence in Renewable Energy Systems: A Comprehensive Review of Applications, Challenges, and Future Directions",Physical Education Health and Social Sciences,journal,2026-06-27,article,en,composition,,review,0.0,University Of Agriculture Faisalabad,0,diamond,0
10.5281/zenodo.21007064,10.5281/zenodo.21007064,Sovereign Project Genesis: THE THERMODYNAMIC SCAVENGER PARADIGM: Bypassing the Tsiolkovsky Limit via Closed-Loop Maximum Entropy Energy Harvesting,Zenodo (CERN European Organization for Nuclear Research),repository,2026-06-28,article,en,composition,,experimental,0.0,,0,green,0
10.1016/j.cossms.2026.101282,10.1016/j.cossms.2026.101282,Energy band engineering and stability challenges in perovskite/silicon tandem solar cells,Current Opinion in Solid State and Materials Science,journal,2026-06-28,article,en,architecture,,experimental,0.0968,Sungkyunkwan University,0,closed,0
10.63015/kotnala.2026.3.1,10.63015/kotnala.2026.3.1,"Future Generation & Storage of Green Energy: A Big Challenge? Hydroelectric Cells, Perovskite Solar Cells, and Supercapacitors: A Rescue for Earth's Sustainability!",Current Natural Sciences & Engineering.,journal,2026-06-28,article,en,composition,,experimental,0.0,Canadian Journal Of Communication (canada),0,closed,0
10.63015/1her-2502.3.1,10.63015/1her-2502.3.1,Optimization of Lead-Free CsSnCl3 Perovskite Solar Cells by Electron and Hole Transport Layer Property Modulation Utilizing SCAPS-1D,Current Natural Sciences & Engineering.,journal,2026-06-28,article,en,composition,,theory,0.1,International,0,closed,0
10.5281/zenodo.21007065,10.5281/zenodo.21007065,Sovereign Project Genesis: THE THERMODYNAMIC SCAVENGER PARADIGM: Bypassing the Tsiolkovsky Limit via Closed-Loop Maximum Entropy Energy Harvesting,Zenodo (CERN European Organization for Nuclear Research),repository,2026-06-28,article,en,composition,,experimental,0.0,,0,green,0
10.1002/solr.70363,10.1002/solr.70363,Solvent‐Additive Synergy Optimizes the Performance of Methylamine‐Based Printable Mesoscopic Perovskite Solar Cells,Solar RRL,journal,2026-06-28,article,en,composition,defects,experimental,0.0333,Guilin University Of Electronic Technology,0,closed,1
10.1002/solr.70410,10.1002/solr.70410,Chloride‐Substituted Perovskite Enables Thick Middle Cell for Perovskite/Perovskite/Silicon Triple‐Junction Solar Cells,Solar RRL,journal,2026-06-28,article,en,composition,,experimental,0.0833,University Of Freiburg,0,hybrid,1
10.1002/solr.70406,10.1002/solr.70406,Improved Solar Cell Performance of 1.68 eV Perovskite Absorber Through Scaffold and Solvent Engineering for Scalable Two‐Step Hybrid Deposition,Solar RRL,journal,2026-06-28,article,en,scale_up,,experimental,0.1061,Directorate-general For Energy,0,green,1
10.5488/cmp.29.23701,10.5488/cmp.29.23701,"Halide substitution effects on the photovoltaic properties of Ca3PX3 (X = F, Cl, Br, I) perovskites: advancing solar cell efficiency",Condensed Matter Physics,journal,2026-06-29,article,en,composition,,theory,0.0,Shri Venkateshwara University,2,diamond,0
10.1021/acsenergylett.6c00703,10.1021/acsenergylett.6c00703,In Situ Polymerizable Lead-Chelating Crown Ether for Lead Leakage Inhibition in Perovskite Solar Cells,ACS Energy Letters,journal,2026-06-29,article,en,interfaces,,experimental,0.04,Southern University Of Science And Technology,2,closed,1
10.1002/adma.73833,10.1002/adma.73833,Molecular Chelating‐Clamp Strategy Using Dithiol Antidotes Enables Efficient and Stable Inorganic Perovskite Solar Cells,Advanced Materials,journal,2026-06-29,article,en,defects,,experimental,0.2955,,1,green,1
10.1021/acs.jpclett.6c01903,10.1021/acs.jpclett.6c01903,Solvent Engineering of Quasi-2D Dion–Jacobson Perovskites Reveals Narrow Composition Tolerance for Indoor Photovoltaics,The Journal of Physical Chemistry Letters,journal,2026-06-29,article,en,composition,,experimental,0.0167,Dankook University,1,closed,1
10.1002/adfm.76728,10.1002/adfm.76728,An n‐Type Polythiophene Derivative as Electron Transport Layer for Stable and Efficient Dion–Jacobson Perovskite Solar Cells,Advanced Functional Materials,journal,2026-06-29,article,en,interfaces,defects,experimental,0.12,Tianjin University,0,closed,0
10.1016/j.rinma.2026.101000,10.1016/j.rinma.2026.101000,High-efficiency stable Ba3PBr3-based lead-free perovskite solar cells: Insights from DFT and SCAPS-1D modeling,Results in Materials,journal,2026-06-29,article,en,composition,,theory,0.1167,Chittagong University Of Engineering & Technology,0,gold,0
10.1063/5.0338967,10.1063/5.0338967,Fully automated electrodeposition of perovskite thin films for efficient solar cells,Applied Physics Letters,journal,2026-06-29,article,en,composition,,experimental,0.0167,Shaoxing University,0,closed,0
10.5281/zenodo.21024815,10.5281/zenodo.21024815,Why Flexible? Advancing Existing Photovoltaic Technologies with Flexible Perovskite Modules,Zenodo (CERN European Organization for Nuclear Research),repository,2026-06-29,article,en,architecture,,experimental,0.0484,University Of Rome Tor Vergata,0,green,0
10.5281/zenodo.21024814,10.5281/zenodo.21024814,Why Flexible? Advancing Existing Photovoltaic Technologies with Flexible Perovskite Modules,Zenodo (CERN European Organization for Nuclear Research),repository,2026-06-29,article,en,architecture,,experimental,0.0484,University Of Rome Tor Vergata,0,green,0
10.1002/adma.73850,10.1002/adma.73850,Conjugated Polymer Semiconductors Enabled Multifunctional Interfacial Engineering for High‐Performance Inverted Perovskite Solar Cells,Advanced Materials,journal,2026-06-29,article,en,interfaces,,experimental,0.12,Beijing National Laboratory For Molecular Sciences,0,green,0
10.1021/acs.jpclett.6c01600,10.1021/acs.jpclett.6c01600,Regulating Electron-Density Distribution of Pyridine Derivative Passivators for Efficient Carbon-Based CsPbI 3-x Br x Perovskite Solar Cells,The Journal of Physical Chemistry Letters,journal,2026-06-29,article,en,defects,,experimental,0.1818,Guangdong University Of Technology,0,closed,1
10.1021/acsanm.6c01424,10.1021/acsanm.6c01424,Ligand Engineering of SnO 2 Nanocrystal Ink for Low-Cost Inverted Flexible Perovskite Solar Cells,ACS Applied Nano Materials,journal,2026-06-29,article,en,defects,,experimental,0.0682,,0,closed,0
10.1016/j.solener.2026.114802,10.1016/j.solener.2026.114802,Solar cells of CsPbBr3 perovskite quantum dots from green solvent processing,Solar Energy,journal,2026-06-29,article,en,composition,,experimental,0.0,International Iberian Nanotechnology Laboratory,0,closed,0
10.1557/s43577-026-01118-7,10.1557/s43577-026-01118-7,Electrochemical deposition of compact thin films of NiO on ITO and FTO suitable for photoelectrochemical devices,MRS Bulletin,journal,2026-06-29,article,en,composition,,experimental,0.0,Universidad De Playa Ancha De Ciencias De La Educación,0,closed,0
10.1088/2632-959x/ae83d3,10.1088/2632-959x/ae83d3,Recent advances in semi-transparent perovskite solar cells for the possibility of agrivoltaics for smart farming: a review,Nano Express,journal,2026-06-29,article,en,composition,,review,0.0,University Of Engineering And Technology Peshawar,0,gold,0
10.1038/s41598-026-58427-9,10.1038/s41598-026-58427-9,"First-principles study of band gap engineering and thermoelectric performance in K2AgSbX6 (X = Cl, F, I) double perovskites",Scientific Reports,journal,2026-06-29,article,en,,,,,University Ferhat Abbas Of Setif,0,gold,0
10.69889/fdesfj16,10.69889/fdesfj16,Next-Generation Tandem Photovoltaics: Role of Multinary Compound Semiconductors in Efficiency Enhancement,Economic Sciences.,journal,2026-06-29,article,en,architecture,,theory,0.1452,Barkatullah University,0,diamond,0
10.1002/asia.70857,10.1002/asia.70857,"Mechanical Stability of Flexible Perovskite Solar Cells: Research Progress, Characterization, Challenges, and Future Perspectives",Chemistry - An Asian Journal,journal,2026-06-29,article,en,scale_up,,review,0.0455,Shandong University Of Science And Technology,0,closed,0
10.1016/j.matlet.2026.141190,10.1016/j.matlet.2026.141190,Zero-dimensional perovskite-inspired Cs3Sb2I9 dimers: ambient synthesis and potential photovoltaic applications,Materials Letters,journal,2026-06-29,article,en,composition,,experimental,0.0,,0,closed,0
10.1002/adfm.76756,10.1002/adfm.76756,Regulating the Crystallization‐Defect‐Strain Improves the Stability and Scalability of FACs Perovskite Photovoltaics,Advanced Functional Materials,journal,2026-06-29,article,en,stability,,scale_up,0.1364,South China University Of Technology,0,closed,1
10.5281/zenodo.21188067,10.5281/zenodo.21188067,Renewable Energy for Sustainable Growth: Perovskite Photovoltaics as an Emerging Technology,Zenodo (CERN European Organization for Nuclear Research),repository,2026-06-29,article,en,composition,,experimental,0.05,,0,green,0
10.5281/zenodo.21188066,10.5281/zenodo.21188066,Renewable Energy for Sustainable Growth: Perovskite Photovoltaics as an Emerging Technology,Zenodo (CERN European Organization for Nuclear Research),repository,2026-06-29,article,en,composition,,experimental,0.05,,0,green,0
10.1002/qua.70259,10.1002/qua.70259,Modeling of Ba 2 SrCrO 6 Double Perovskite Oxide for Solar Cells With High Energy Conversion Efficiency Using DFT and SCAPS ‐ 1D Simulation,International Journal of Quantum Chemistry,journal,2026-06-30,article,en,interfaces,,theory,0.04,Université Ibn-tofail,3,closed,0
10.1016/j.physb.2026.418987,10.1016/j.physb.2026.418987,"Chalcogenide perovskites AHfX3 (A=Ca, Sr; and X=S, Se): Structural stability and applicability in photovoltaic and thermoelectric devices",Physica B Condensed Matter,journal,2026-06-30,article,en,composition,,experimental,0.0,Dehradun,1,closed,0
10.1038/s41598-026-59752-9,10.1038/s41598-026-59752-9,Design and performance analysis of Cs2AgBiBr6-based double perovskite solar cells with different inorganic charge transport layers: a numerical modeling study,Scientific Reports,journal,2026-06-30,article,en,composition,interfaces,theory,0.0667,Manipal Academy Of Higher Education,1,gold,0
10.1002/cssc.70859,10.1002/cssc.70859,Axisymmetric Crystallization‐Guiding Agent Directs Perovskite Films Toward Densification for High‐Performance Solar Cells,ChemSusChem,journal,2026-06-30,article,en,defects,,experimental,0.1136,China University Of Mining And Technology,1,closed,0
10.1002/anie.2974414,10.1002/anie.2974414,A Diammonium‐Based Non‐Dion‐Jacobson Phase 2D Perovskite With High Durability for Efficient and Stable 2D/3D Perovskite Solar Modules,Angewandte Chemie International Edition,journal,2026-06-30,article,en,composition,,experimental,0.1333,Ningbo University,1,green,1
10.1002/ange.2974414,10.1002/ange.2974414,A Diammonium‐Based Non‐Dion‐Jacobson Phase 2D Perovskite With High Durability for Efficient and Stable 2D/3D Perovskite Solar Modules,Angewandte Chemie,journal,2026-06-30,article,en,composition,,experimental,0.1333,Ningbo University,1,closed,0
10.1016/j.mssp.2026.110941,10.1016/j.mssp.2026.110941,Amino-functionalized metal-organic frameworks for high-performance and stable perovskite solar cells,Materials Science in Semiconductor Processing,journal,2026-06-30,article,en,composition,,experimental,0.0,Fujian Normal University,0,closed,0
10.1002/inf2.70163,10.1002/inf2.70163,Rhodopsin‐mimetic adaptive photodetectors for intelligent and secure vision systems,InfoMat,journal,2026-06-30,article,en,composition,scale_up,experimental,0.0333,Sun Yat-sen University,0,gold,1
10.1002/aenm.71174,10.1002/aenm.71174,Accelerated Formation of CsPbI 3 through Controlled Amidation of Intermediate Phases,Advanced Energy Materials,journal,2026-06-30,article,en,stability,,experimental,0.0909,Leibniz Institute For Solid State And Materials Research,0,hybrid,1
10.1016/j.commatsci.2026.114888,10.1016/j.commatsci.2026.114888,"Comparative first-principles and machine-learned force field investigation of MAPbBrxI3−x and SbH4PbBrxI3−x perovskites: Electronic, structural, and dynamic properties",Computational Materials Science,journal,2026-06-30,article,en,composition,,theory,0.0,Siirt Üniversitesi,0,closed,0
10.3126/sw.v19i19.95723,10.3126/sw.v19i19.95723,"A review of phases, defects and machine learning in hybrid organic-inorganic perovskite solar cells",Scientific World,journal,2026-06-30,article,en,defects,composition,theory,0.1136,Tribhuvan University,0,diamond,0
10.1016/j.jechem.2026.06.054,10.1016/j.jechem.2026.06.054,Thermal/plasma ALD-grown bilayer SnOx enhances charge extraction and ion blocking in perovskite/Si tandem solar cells,Journal of Energy Chemistry,journal,2026-06-30,article,en,architecture,,experimental,0.0968,Yangzhou Vocational University,0,closed,0
10.5281/zenodo.21074811,10.5281/zenodo.21074811,"Rethinking ""Raw Urine"" as the Water of Life in Survival Situations for Cosmopolitans: A Narrative on Converting ""Raw Urine into Beverage"" as a Sound Circular Resource",Zenodo (CERN European Organization for Nuclear Research),repository,2026-06-30,preprint,en,composition,,experimental,0.0,Brattleboro Memorial Hospital,0,green,1
10.3390/en19133109,10.3390/en19133109,The Influence of the Solar Cell Structure and Material Composition on Its Quantum Efficiency,Energies,journal,2026-06-30,article,en,defects,,experimental,0.0682,Silesian University Of Technology,0,gold,0
10.1016/j.cocom.2026.e01380,10.1016/j.cocom.2026.e01380,Toward high-efficiency lead-free perovskite photovoltaics: HSE06-DFT and tandem device engineering of BaZrS3 solar cells,Computational Condensed Matter,journal,2026-06-30,article,en,composition,architecture,theory,0.1,Indian,0,closed,0
10.1002/adfm.76690,10.1002/adfm.76690,Dual Potassium Salts Modulation of Perovskite Quality for Efficient Perovskite Photovoltaics,Advanced Functional Materials,journal,2026-06-30,article,en,defects,architecture,experimental,0.0682,Wuhan National Laboratory For Optoelectronics,0,closed,0
10.1016/j.physb.2026.419001,10.1016/j.physb.2026.419001,MXene-integrated 2D Ruddlesden–Popper perovskite heterostructures for enhanced optical and electrical performance,Physica B Condensed Matter,journal,2026-06-30,article,en,composition,,experimental,0.0,Kpr,0,closed,0
10.1002/adfm.76758,10.1002/adfm.76758,Symmetry‐Driven Band Gap Engineering in Lead Halide Perovskites,Advanced Functional Materials,journal,2026-06-30,article,en,composition,,theory,0.0,Moscow,0,closed,0
10.1007/s12596-026-03200-4,10.1007/s12596-026-03200-4,Hybrid machine learning and SCAPS-1D simulation for the design and performance optimization of Cs2HgPdI6-based perovskite solar cells,Journal of Optics,journal,2026-06-30,article,en,composition,,theory,0.0,University Mohamed El Bachir El Ibrahimi Of Bordj Bou Arreridj,0,closed,0
10.1002/ente.70553,10.1002/ente.70553,Engineering Solar Cell Interfaces With Transition‐Metal Dichalcogenides: Insights From SCAPS‐1D Simulations,Energy Technology,journal,2026-06-30,article,en,defects,interfaces,theory,0.0455,Madan Mohan Malaviya University Of Technology,0,closed,1
10.1002/adma.73855,10.1002/adma.73855,Molecularly Engineered Self‐Healing Scaffold With Customized Dynamic Bonds Enable Stable and Scalable Flexible Perovskite Solar Cells and Modules,Advanced Materials,journal,2026-06-30,article,en,scale_up,,experimental,0.0606,,0,green,1
10.1021/acsenergylett.6c01257,10.1021/acsenergylett.6c01257,Kinetic Enhancement of Self-Assembled Molecular Deposition via Catalytic Additive for Inverted Perovskite Solar Cells,ACS Energy Letters,journal,2026-06-30,article,en,interfaces,,experimental,0.1,,0,closed,1
10.65554/brj.v4i1.08,10.65554/brj.v4i1.08,Insights into the Elastic Anisotropy of Orthorhombic Perovskite CH3NH3SnI3,Bundelkhand Research Journal,journal,2026-06-30,article,en,composition,,experimental,0.0,Vardhaman Mahaveer Open University,0,closed,0
10.1021/acsami.6c05093,10.1021/acsami.6c05093,Robot-Assisted Study of a Near-Infrared Dye in Perovskite Solar Cells,ACS Applied Materials & Interfaces,journal,2026-06-30,article,en,composition,,theory,0.0167,Applied Physical Sciences (united States),0,hybrid,0
10.1021/acs.chemrev.5c00980,10.1021/acs.chemrev.5c00980,Ink Design for Printing Perovskite Solar Cells and Modules,Chemical Reviews,journal,2026-06-30,article,en,scale_up,,review,0.0758,,0,closed,1
10.1088/1674-1056/ae843d,10.1088/1674-1056/ae843d,High defect tolerance and strain-tunable band gap of R3c Phase NaGeI 3 perovskite: A first-principles study,Chinese Physics B,journal,2026-06-30,article,en,defects,,theory,0.0909,Jiangxi Normal University,0,hybrid,0
10.5281/zenodo.21074810,10.5281/zenodo.21074810,"Rethinking ""Raw Urine"" as the Water of Life in Survival Situations for Cosmopolitans: A Narrative on Converting ""Raw Urine into Beverage"" as a Sound Circular Resource",Zenodo (CERN European Organization for Nuclear Research),repository,2026-06-30,preprint,en,composition,,experimental,0.0,Brattleboro Memorial Hospital,0,green,1
10.1016/j.nxmate.2026.102666,10.1016/j.nxmate.2026.102666,Reassessing tandem photovoltaics: The case for perovskite/CIGS a multi-criteria evaluation beyond peak efficiency,Next Materials,journal,2026-06-30,article,en,architecture,,review,0.0968,Primary Source,0,gold,0
10.1002/aesr.70229,10.1002/aesr.70229,Design and Multiphysics Modeling of Robust SWCNT/NiO Core–Shell Hole Transport Layers in All‐Perovskite Tandem Solar Cells,Advanced Energy and Sustainability Research,journal,2026-06-30,article,en,interfaces,architecture,experimental,0.12,Tarbiat Modares University,0,gold,0
10.5281/zenodo.21106779,10.5281/zenodo.21106779,DFT Investigation of Electronic and Optical Properties of Double Perovskite Semiconductors,Zenodo (CERN European Organization for Nuclear Research),repository,2026-06-30,article,en,composition,,theory,0.05,,0,green,0
10.1002/pip.70128,10.1002/pip.70128,"Identifying Suitable Front Contacts for High‐Efficiency Cd(Se,Te) Solar Cells on Space‐Qualified Cover Glass",Progress in Photovoltaics Research and Applications,journal,2026-06-30,article,en,interfaces,scale_up,experimental,0.04,National Laboratory Of The Rockies,0,hybrid,0
10.25125/ijoear-jun-2026-9,10.25125/ijoear-jun-2026-9,Detection of Cs-137 in Electronic Waste and Its Concealment in Concretes: Challenges for Safe Controlled Market Transition,International Journal of Environmental and Agriculture Research,journal,2026-06-30,article,en,composition,,review,0.0333,Rumah Sakit Umum Pusat Nasional Dr. Cipto Mangunkusumo,0,diamond,0
10.5281/zenodo.21106778,10.5281/zenodo.21106778,DFT Investigation of Electronic and Optical Properties of Double Perovskite Semiconductors,Zenodo (CERN European Organization for Nuclear Research),repository,2026-06-30,article,en,composition,,theory,0.05,,0,green,0
10.5281/zenodo.21233077,10.5281/zenodo.21233077,Fabricating Lead-Free CH₃NH₃SnI₃ Perovskite Absorber Layer from Powders to High-Quality Thin Film,Zenodo (CERN European Organization for Nuclear Research),repository,2026-06-30,article,en,composition,,experimental,0.1,,0,green,0
10.5281/zenodo.21233076,10.5281/zenodo.21233076,Fabricating Lead-Free CH₃NH₃SnI₃ Perovskite Absorber Layer from Powders to High-Quality Thin Film,Zenodo (CERN European Organization for Nuclear Research),repository,2026-06-30,article,en,composition,,experimental,0.1,,0,green,0
10.57067/ir.v3.i6.607,10.57067/ir.v3.i6.607,Thin Film Photovoltaics: Toward High Efficiency and Low-Cost Solar Cells,Integral Research,journal,2026-06-30,article,en,architecture,,experimental,0.0484,Institute For Postgraduate Medical Education,0,hybrid,0
10.18280/jesa.590619,10.18280/jesa.590619,Physics-Guided Surrogate Modeling for Cross-Architecture Normalized Power-Density Optimization in Perovskite Solar Cells,Journal Européen des Systèmes Automatisés,journal,2026-06-30,article,en,composition,,experimental,0.0,,0,hybrid,0
10.5281/zenodo.21879780,10.5281/zenodo.21879780,"Rethinking ""Raw Urine"" as the Water of Life in Survival Situations for Cosmopolitans: A Narrative on Converting ""Raw Urine into Beverage"" as a Sound Circular Resource",Zenodo (CERN European Organization for Nuclear Research),repository,2026-06-30,preprint,en,composition,,experimental,0.0,Brattleboro Memorial Hospital,0,green,1
10.33003/fjs-2026-10(anb-k)-5787,10.33003/fjs-2026-10(anb-k)-5787,Organic Encapsulation: Effect of Incorporating Pod Extract (Cola nitida) in CdS as Electron Transport Layer (ETL) in Perovskite Solar Cells,FUDMA Journal of Sciences,journal,2026-06-30,article,en,interfaces,,experimental,0.16,Federal University Dutsin-ma,0,diamond,0
