work_key,doi,venue,axis,lens,device_class,architecture,field,value,unit,source_quotation,text_basis
10.1002/adma.202519138,10.1002/adma.202519138,Advanced Materials,defects,experimental,single_junction,p-i-n,pce_champion,26.35,%,the PSCs based on this layer achieve a champion power conversion efficiency (PCE) of 26.35%,abstract
10.1002/adma.202519138,10.1002/adma.202519138,Advanced Materials,defects,experimental,single_junction,p-i-n,t80_h,1392,h,manifesting in 80% initial PCE retention under heat stress of 85°C for 1392 h,abstract
10.1002/aenm.202506140,10.1002/aenm.202506140,Advanced Energy Materials,defects,experimental,single_junction,unknown,pce_champion,22.19,%,the CsPbI 3‐x Br x device achieves a power conversion efficiency of 22.19%,abstract
10.1038/s41467-025-68125-1,10.1038/s41467-025-68125-1,Nature Communications,defects,experimental,all_perovskite_tandem,tandem_2T,pce_champion,20.4,%,the single-junction 1.83 eV-WBG perovskite solar cells demonstrate a champion power conversion efficiency (PCE) of 20.4%,abstract
10.1007/s40820-025-01959-y,10.1007/s40820-025-01959-y,Nano-Micro Letters,interfaces,theory,perovskite_silicon_tandem,tandem_4T,pce_champion,30.97,%,a mechanically stacked four-terminal perovskite/silicon tandem solar cell reaching 30.97% efficiency,abstract
10.1007/s40820-025-01959-y,10.1007/s40820-025-01959-y,Nano-Micro Letters,interfaces,theory,perovskite_silicon_tandem,tandem_4T,pce_certified,23.42,%,leading to a certified efficiency of 23.42%,abstract
10.1021/acsenergylett.5c03470,10.1021/acsenergylett.5c03470,ACS Energy Letters,defects,experimental,single_junction,unknown,pce_champion,25.46,%,pMeO-treated PSCs achieve a power conversion efficiency of 25.46%,abstract
10.1007/s40820-025-02006-6,10.1007/s40820-025-02006-6,Nano-Micro Letters,architecture,experimental,all_perovskite_tandem,tandem_2T,pce_champion,28.49,%,The champion all-perovskite tandem PSCs with GSH achieve a PCE of 28.49%,abstract
10.1002/adfm.202529837,10.1002/adfm.202529837,Advanced Functional Materials,defects,experimental,single_junction,p-i-n,pce_champion,25.53,%,The resulting devices achieve a champion power conversion efficiency of 25.53%,abstract
10.1002/adma.202523338,10.1002/adma.202523338,Advanced Materials,interfaces,experimental,all_perovskite_tandem,tandem_2T,pce_champion,29.35,%,we fabricated all‐perovskite tandem devices that deliver maximum power conversion efficiencies of 29.35% (certified 28.98%) on 0.05 cm 2 and 28.83% (certified 28.49%) on 1,abstract
10.1002/adma.202523338,10.1002/adma.202523338,Advanced Materials,interfaces,experimental,all_perovskite_tandem,tandem_2T,pce_certified,28.98,%,we fabricated all‐perovskite tandem devices that deliver maximum power conversion efficiencies of 29.35% (certified 28.98%) on 0.05 cm 2 and 28.83% (certified 28.49%) on 1,abstract
10.1002/adma.202523338,10.1002/adma.202523338,Advanced Materials,interfaces,experimental,all_perovskite_tandem,tandem_2T,active_area_cm2,0.05,cm2,maximum power conversion efficiencies of 29.35% (certified 28.98%) on 0.05 cm 2,abstract
10.1002/adfm.202531784,10.1002/adfm.202531784,Advanced Functional Materials,defects,experimental,single_junction,unknown,pce_champion,25.05,%,the S‐P‐F‐MBAI passivation process yielded a device with a PCE of 25.05% (23.67% for the flexible device),abstract
10.1002/adfm.202531784,10.1002/adfm.202531784,Advanced Functional Materials,defects,experimental,single_junction,unknown,t80_h,1000,h,"keeping more than 95% and 80% of its original PCE after 1000 h under environmental conditions and MPP tracking conditions with continuous illumination, respectively",abstract
10.1038/s41467-025-68213-2,10.1038/s41467-025-68213-2,Nature Communications,architecture,experimental,all_perovskite_tandem,tandem_2T,pce_champion,29.2,%,We fabricated monolithic all-perovskite tandem solar cell with a high PCE of 29.2% (certified PCE of 29.2%),abstract
10.1038/s41467-025-68213-2,10.1038/s41467-025-68213-2,Nature Communications,architecture,experimental,all_perovskite_tandem,tandem_2T,pce_certified,29.2,%,"We fabricated monolithic all-perovskite tandem solar cell with a high PCE of 29.2% (certified PCE of 29.2%), which is the highest certified PCE for MA-free",abstract
10.1038/s41467-025-68213-2,10.1038/s41467-025-68213-2,Nature Communications,architecture,experimental,all_perovskite_tandem,tandem_2T,t80_h,800,h,The unencapsulated FACs-based mixed Pb-Sn perovskite solar cell remained over 80% of its initial PCE after 800 h of aging at 85 °C.,abstract
10.1002/adma.202519934,10.1002/adma.202519934,Advanced Materials,defects,experimental,single_junction,unknown,pce_champion,16.29,%,BCTB‐BSD‐COF‐based TPSCs achieve a champion power conversion efficiency of 16.29% (certified 15.88%) with an open‐circuit voltage of 0.95 V and a fill factor of 79.47%.,abstract
10.1002/adma.202519934,10.1002/adma.202519934,Advanced Materials,defects,experimental,single_junction,unknown,pce_certified,15.88,%,BCTB‐BSD‐COF‐based TPSCs achieve a champion power conversion efficiency of 16.29% (certified 15.88%) with an open‐circuit voltage of 0.95 V and a fill factor of 79.47%.,abstract
10.1002/smll.202512469,10.1002/smll.202512469,Small,defects,experimental,single_junction,unknown,pce_champion,23.25,%,the L12‐CMCNa‐modified devices deliver a champion power conversion efficiency (PCE) of 23.25% with a fill factor (FF) of 83.80%.,abstract
10.1016/j.decarb.2026.100147,10.1016/j.decarb.2026.100147,DeCarbon,interfaces,experimental,single_junction,p-i-n,pce_champion,24.75,%,PSCs processed by BILAYER exhibit high power conversion efficiencies (PCEs) of 24.75% (lab-scale area: 0.039 cm 2 ) and 20.47% (large area: 1 cm 2,abstract
10.1016/j.decarb.2026.100147,10.1016/j.decarb.2026.100147,DeCarbon,interfaces,experimental,single_junction,p-i-n,active_area_cm2,0.039,cm2,PSCs processed by BILAYER exhibit high power conversion efficiencies (PCEs) of 24.75% (lab-scale area: 0.039 cm 2 ) and 20.47% (large area: 1 cm 2,abstract
10.1002/adfm.202524231,10.1002/adfm.202524231,Advanced Functional Materials,interfaces,experimental,single_junction,p-i-n,pce_champion,26.08,%,the PEACl‐treated PSCs demonstrate an impressive power conversion efficiency of 26.08%.,abstract
10.1002/smll.202508334,10.1002/smll.202508334,Small,defects,experimental,single_junction,unknown,pce_champion,21.82,%,the optimized CsPbI 3 PSCs deliver a power conversion efficiency of 21.82% and retain 94.7% of their initial efficiency after 500 h in ambient air,abstract
10.1038/s41467-025-68207-0,10.1038/s41467-025-68207-0,Nature Communications,interfaces,experimental,single_junction,p-i-n,pce_champion,26.2,%,the PSCs with a p-i-n architecture achieve a power conversion efficiency (PCE) of 26.20% (0.072 cm²).,abstract
10.1038/s41467-025-68207-0,10.1038/s41467-025-68207-0,Nature Communications,interfaces,experimental,single_junction,p-i-n,active_area_cm2,0.072,cm2,the PSCs with a p-i-n architecture achieve a power conversion efficiency (PCE) of 26.20% (0.072 cm²).,abstract
10.1038/s41467-026-68904-4,10.1038/s41467-026-68904-4,Nature Communications,interfaces,experimental,all_perovskite_tandem,tandem_2T,pce_champion,27.11,%,also demonstrate high-efficiency monolithic tandem solar cells by integrating the optimized wide-bandgap perovskite solar cell with an organic subcell to achieve a PCE of 27.11%,abstract
10.1038/s41467-026-68904-4,10.1038/s41467-026-68904-4,Nature Communications,interfaces,experimental,all_perovskite_tandem,tandem_2T,pce_certified,26.3,%,high-efficiency monolithic tandem solar cells by integrating the optimized wide-bandgap perovskite solar cell with an organic subcell to achieve a PCE of 27.11% (certified 26.3%).,abstract
10.1007/s40820-025-02010-w,10.1007/s40820-025-02010-w,Nano-Micro Letters,architecture,experimental,single_junction,p-i-n,pce_champion,25.6,%,the optimized NiO x -based TSP p-i-n PSCs achieve a notable PCE of 25.6% with superior operational stability.,abstract
10.1021/acsenergylett.5c03328,10.1021/acsenergylett.5c03328,ACS Energy Letters,interfaces,experimental,single_junction,p-i-n,pce_champion,26.39,%,"Consequently, a champion PCE of 26.39% has been achieved by TZCl-CN modification with improved operational stability after maximum power point tracking over 1000 h at",abstract
10.1002/aenm.202505931,10.1002/aenm.202505931,Advanced Energy Materials,defects,scale_up,module,module,pce_champion,13.78,%,"the champion ST‐PSC delivers 13.78% power conversion efficiency (PCE), 31.1% average visible transmittance (AVT), and a high light utilization efficiency (LUE) of 4.29%",abstract
10.1002/aenm.202505931,10.1002/aenm.202505931,Advanced Energy Materials,defects,scale_up,module,module,t80_h,268,h,The unencapsulated ST‐PSCs retain 79.6% of initial PCE after 268 h of continuous standard light soaking,abstract
10.1002/aenm.202506630,10.1002/aenm.202506630,Advanced Energy Materials,stability,experimental,single_junction,p-i-n,pce_champion,21.67,%,the power conversion efficiency (PCE) of inverted inorganic perovskite solar cells (IPSCs) with CBSA is increased from 18.88% to 21.67%,abstract
10.1002/adma.202521878,10.1002/adma.202521878,Advanced Materials,interfaces,experimental,single_junction,p-i-n,pce_champion,26.07,%,2Py ETL enables an efficiency of 26.07% for inverted PSCs based on a 1.55‐eV bandgap,abstract
10.1002/adma.202522652,10.1002/adma.202522652,Advanced Materials,interfaces,experimental,single_junction,n-i-p,pce_champion,25.23,%,"oxetane-functionalized ETL endowed n-i-p structured PSCs with a champion power conversion efficiency of 25.23%, among the highest values reported for organic ETL-based devices",abstract
10.1007/s40820-025-02037-z,10.1007/s40820-025-02037-z,Nano-Micro Letters,architecture,experimental,all_perovskite_tandem,tandem_2T,pce_champion,26.49,%,a remarkable PCE of 26.49% (certified 25.56%) with a high open-circuit voltage of 2.214 V has been achieved for the perovskite/organic tandem device,abstract
10.1007/s40820-025-02037-z,10.1007/s40820-025-02037-z,Nano-Micro Letters,architecture,experimental,all_perovskite_tandem,tandem_2T,pce_certified,25.56,%,a remarkable PCE of 26.49% (certified 25.56%),abstract
10.1007/s40820-025-01962-3,10.1007/s40820-025-01962-3,Nano-Micro Letters,architecture,experimental,perovskite_silicon_tandem,tandem_2T,pce_champion,29.73,%,"n–i–p perovskite/silicon TSCs featuring ultrathin spiro-OMeTAD exhibit remarkable efficiencies of 29.73% (0.135 cm 2 ) and 28.77% (28.25% certified efficiency, 1.012 cm 2 )",abstract
10.1007/s40820-025-01962-3,10.1007/s40820-025-01962-3,Nano-Micro Letters,architecture,experimental,perovskite_silicon_tandem,tandem_2T,pce_certified,28.25,%,"28.77% (28.25% certified efficiency, 1.012 cm 2 )",abstract
10.1007/s40820-025-01962-3,10.1007/s40820-025-01962-3,Nano-Micro Letters,architecture,experimental,perovskite_silicon_tandem,tandem_2T,active_area_cm2,0.135,cm2,29.73% (0.135 cm 2 ),abstract
10.1038/s41467-025-68219-w,10.1038/s41467-025-68219-w,Nature Communications,stability,experimental,single_junction,unknown,pce_champion,24.31,%,WBG PSCs (~1.68 eV) with a champion power conversion efficiency (PCE) of 24.31%,abstract
10.1126/science.aea0656,10.1126/science.aea0656,Science,defects,experimental,module,p-i-n,pce_champion,25.4,%,"inverted 3D/2D-amidinium perovskite solar cells deliver 25.4% power conversion efficiency (1.1 square centimeters, steady-state certified)",abstract
10.1126/science.aea0656,10.1126/science.aea0656,Science,defects,experimental,module,p-i-n,pce_certified,25.4,%,"25.4% power conversion efficiency (1.1 square centimeters, steady-state certified)",abstract
10.1126/science.aea0656,10.1126/science.aea0656,Science,defects,experimental,module,p-i-n,pce_stabilised,25.4,%,"25.4% power conversion efficiency (1.1 square centimeters, steady-state certified)",abstract
10.1126/science.aea0656,10.1126/science.aea0656,Science,defects,experimental,module,p-i-n,active_area_cm2,1.1,cm2,1.1 square centimeters,abstract
10.1002/adma.202518582,10.1002/adma.202518582,Advanced Materials,scale_up,scale_up,module,module,pce_champion,26.61,%,the optimized PSCs deliver a high power conversion efficiency (PCE) of 26.61%,abstract
10.1002/flm2.70033,10.1002/flm2.70033,FlexMat.,interfaces,experimental,single_junction,unknown,pce_champion,20.77,%,The device prepared using DMAFo as an additive achieved the best device efficiency of 20.77%,abstract
10.1126/science.aea8228,10.1126/science.aea8228,Science,stability,experimental,single_junction,n-i-p,pce_champion,26.6,%,This strategy enabled n-i-p perovskite solar cells to achieve a PCE of 26.6% (certified 26.5%),abstract
10.1126/science.aea8228,10.1126/science.aea8228,Science,stability,experimental,single_junction,n-i-p,pce_certified,26.5,%,This strategy enabled n-i-p perovskite solar cells to achieve a PCE of 26.6% (certified 26.5%),abstract
10.1038/s41467-025-68231-0,10.1038/s41467-025-68231-0,Nature Communications,stability,experimental,module,n-i-p,pce_certified,25.62,%,the n-i-p perovskite solar cells achieve a certified power conversion efficiency of 25.62%,abstract
10.1038/s41467-025-68231-0,10.1038/s41467-025-68231-0,Nature Communications,stability,experimental,module,n-i-p,active_area_cm2,22.8,cm2,with perovskite solar modules achieving PCE of 22.03% (active area: 22.8 cm2),abstract
10.1038/s41467-026-68439-8,10.1038/s41467-026-68439-8,Nature Communications,scale_up,experimental,single_junction,unknown,pce_champion,26.5,%,the blade-coated devices deliver power conversion efficiencies (PCEs) of 26.5% (0.0665 cm2) and 22.9% (728.0 cm2),abstract
10.1038/s41467-026-68439-8,10.1038/s41467-026-68439-8,Nature Communications,scale_up,experimental,single_junction,unknown,active_area_cm2,0.0665,cm2,power conversion efficiencies (PCEs) of 26.5% (0.0665 cm2),abstract
10.1002/anie.202513535,10.1002/anie.202513535,Angewandte Chemie International Edition,interfaces,experimental,single_junction,p-i-n,pce_champion,26.29,%,MTBH‐incorporated devices achieve a champion power conversion efficiency (PCE) of 26.29% (versus 23.62% for control),abstract
10.1002/adma.202517596,10.1002/adma.202517596,Advanced Materials,stability,experimental,single_junction,p-i-n,pce_certified,27.1,%,This synergistic regulation yields air‐processed inverted PSCs with a certified steady‐state efficiency of 27.10%,abstract
10.1002/adfm.202526993,10.1002/adfm.202526993,Advanced Functional Materials,interfaces,experimental,single_junction,p-i-n,pce_champion,26.18,%,"The best power conversion efficiency (PCE) of 26.18% is achieved, which is among the highest values reported for hybrid SAMs‐modified NiO x ‐based IPSCs.",abstract
10.1002/smll.202514524,10.1002/smll.202514524,Small,defects,experimental,single_junction,p-i-n,pce_champion,25.17,%,the MSB‐based PSCs achieved a champion PCE of 25.17% with over 1000 h T90 operational stability,abstract
10.1021/acs.jpclett.5c03815,10.1021/acs.jpclett.5c03815,The Journal of Physical Chemistry Letters,interfaces,experimental,single_junction,p-i-n,pce_champion,23.19,%,"The PSCs based on the mNiO x HTL achieve a power conversion efficiency (PCE) of 23.19%, along with markedly improved operation and storage stability.",abstract
10.1002/adfm.202531852,10.1002/adfm.202531852,Advanced Functional Materials,composition,experimental,single_junction,n-i-p,pce_champion,25.32,%,The optimized n‐i‐p planar PSCs achieved a champion power conversion efficiency (PCE) of 25.32 %.,abstract
10.1002/aenm.202506619,10.1002/aenm.202506619,Advanced Energy Materials,architecture,experimental,perovskite_silicon_tandem,tandem_2T,pce_champion,31.85,%,"when integrated into two‐terminal (2T) mechanically stacked and monolithic perovskite/silicon tandem architectures, the optimized devices achieved efficiencies of 31.85% and 30.17% with enhanced stability",abstract
10.1002/aenm.202506634,10.1002/aenm.202506634,Advanced Energy Materials,architecture,experimental,all_perovskite_tandem,tandem_2T,pce_champion,28.41,%,"is successfully extended to monolithic all‐perovskite tandem cells, where Li─T maintains high efficiency of 28.41% while significantly improving device stability",abstract
10.1021/acsenergylett.5c03901,10.1021/acsenergylett.5c03901,ACS Energy Letters,defects,experimental,single_junction,unknown,pce_champion,26.01,%,PSCs with polymerized PFPA achieve a champion power conversion efficiency (PCE) of 26.01%,abstract
10.1021/acsenergylett.5c03901,10.1021/acsenergylett.5c03901,ACS Energy Letters,defects,experimental,single_junction,unknown,active_area_cm2,14,cm2,minimodules with an active area of 14 cm 2 deliver a PCE of 21.66%,abstract
10.1021/jacs.5c16976,10.1021/jacs.5c16976,Journal of the American Chemical Society,defects,experimental,single_junction,unknown,pce_champion,26.66,%,a champion efficiency of 26.66% (26.35% certified) was achieved by a new FREA additive,abstract
10.1021/jacs.5c16976,10.1021/jacs.5c16976,Journal of the American Chemical Society,defects,experimental,single_junction,unknown,pce_certified,26.35,%,a champion efficiency of 26.66% (26.35% certified) was achieved by a new FREA additive,abstract
10.1021/acs.nanolett.5c05593,10.1021/acs.nanolett.5c05593,Nano Letters,defects,experimental,single_junction,p-i-n,pce_champion,26.1,%,The resulting inverted PSCs incorporating SHMS achieve a power conversion efficiency of 26.10% (certified value of 25.66%) with a fill factor of 87%,abstract
10.1021/acs.nanolett.5c05593,10.1021/acs.nanolett.5c05593,Nano Letters,defects,experimental,single_junction,p-i-n,pce_certified,25.66,%,The resulting inverted PSCs incorporating SHMS achieve a power conversion efficiency of 26.10% (certified value of 25.66%) with a fill factor of 87%,abstract
10.1002/adfm.202521919,10.1002/adfm.202521919,Advanced Functional Materials,interfaces,experimental,single_junction,unknown,pce_champion,22.5,%,FASn 0.5 Pb 0.5 I 3 PSCs utilizing MXene‐NiO x HTLs achieved a remarkable power conversion efficiency (PCE) of 22.50% (20.04% certified),abstract
10.1002/adfm.202521919,10.1002/adfm.202521919,Advanced Functional Materials,interfaces,experimental,single_junction,unknown,pce_certified,20.04,%,FASn 0.5 Pb 0.5 I 3 PSCs utilizing MXene‐NiO x HTLs achieved a remarkable power conversion efficiency (PCE) of 22.50% (20.04% certified),abstract
10.1002/adfm.202521919,10.1002/adfm.202521919,Advanced Functional Materials,interfaces,experimental,single_junction,unknown,t80_h,600,h,"unencapsulated devices show improved stability, retaining approximately 80% of their initial PCE after 600 h of continuous operation at maximum power point",abstract
10.1021/acsami.5c18622,10.1021/acsami.5c18622,ACS Applied Materials & Interfaces,interfaces,experimental,single_junction,unknown,pce_champion,20.9,%,The optimized device achieves a power conversion efficiency (PCE) of 20.9% with a high open-circuit voltage ( V OC ) of 1.36 V,abstract
10.1021/acsami.5c18622,10.1021/acsami.5c18622,ACS Applied Materials & Interfaces,interfaces,experimental,single_junction,unknown,t80_h,460,h,the device retains 80% of the initial PCE after 460 h of maximum power point tracking,abstract
10.1021/acsaem.5c03125,10.1021/acsaem.5c03125,ACS Applied Energy Materials,interfaces,experimental,single_junction,p-i-n,pce_champion,20.21,%,"The optimized devices achieve an average power conversion efficiency (PCE) of 20.21%, representing a 16.8% enhancement compared to the control device (PCE = 17.31%)",abstract
10.1002/smll.202512942,10.1002/smll.202512942,Small,defects,experimental,single_junction,p-i-n,pce_champion,26.12,%,the corresponding 1.55 eV bandgap PSCs achieved the highest power conversion efficiency (PCE) of 26.12% and excellent air stability,abstract
10.1002/adfm.202531831,10.1002/adfm.202531831,Advanced Functional Materials,defects,experimental,single_junction,p-i-n,pce_champion,25.24,%,The high‐power conversion efficiency (PCE) of 25.24% is achieved with this strategy,abstract
10.1021/acsami.5c12441,10.1021/acsami.5c12441,ACS Applied Materials & Interfaces,defects,experimental,single_junction,unknown,pce_champion,6.17,%,"The dual passivation mechanism involving both Pb defects and halide vacancies enables a record PCE of 6.17% for air-processed low-cost PSCs, achieving absolute efficiency enhancement",abstract
10.1021/acsami.5c22927,10.1021/acsami.5c22927,ACS Applied Materials & Interfaces,defects,theory,single_junction,unknown,pce_champion,24.09,%,The BTDA-modified PSC yields a boosted power conversion efficiency (PCE) from 21.91% to 24.09%,abstract
10.1002/advs.202522461,10.1002/advs.202522461,Advanced Science,defects,experimental,single_junction,n-i-p,pce_champion,23.14,%,"Devices treated with [12]‐C‐4POR delivered a champion PCE of 23.14%, surpassing the control device (21.6%)",abstract
10.1186/s43074-025-00219-x,10.1186/s43074-025-00219-x,PhotoniX,stability,experimental,single_junction,n-i-p,active_area_cm2,0.1,cm2,thereby enabling a PCE of 22.5% and 18.8% for 0.1-cm 2 and 57.33-cm 2 devices,abstract
10.1002/rar2.70162,10.1002/rar2.70162,Rare Metals,composition,experimental,single_junction,unknown,pce_champion,16.0,%,Devices optimized with CF3BTD achieved a champion power conversion efficiency of 16.00%,abstract
10.1002/rar2.70162,10.1002/rar2.70162,Rare Metals,composition,experimental,single_junction,unknown,pce_certified,15.06,%,"with a certified efficiency of 15.06%, ranking them among the highest‐performing Sn‐PSCs reported to date",abstract
10.1002/smll.202510652,10.1002/smll.202510652,Small,architecture,experimental,all_perovskite_tandem,tandem_2T,pce_champion,28.63,%,"two-terminal all-perovskite tandem solar cells were fabricated, which demonstrated an impressive PCE of 28.63%",abstract
10.1002/smll.202513842,10.1002/smll.202513842,Small,interfaces,experimental,single_junction,p-i-n,pce_champion,22.97,%,"for a 1.67 eV wide-bandgap perovskite device, demonstrating one of the lowest reported open-circuit voltage deficits (0.40 V), achieving a power conversion efficiency of 22.97%.",abstract
10.1002/anie.202523665,10.1002/anie.202523665,Angewandte Chemie International Edition,stability,experimental,single_junction,p-i-n,pce_champion,26.6,%,WH13-based inverted PSCs achieve a champion PCE of 26.6% (certified 26.24%),abstract
10.1002/anie.202523665,10.1002/anie.202523665,Angewandte Chemie International Edition,stability,experimental,single_junction,p-i-n,pce_certified,26.24,%,WH13-based inverted PSCs achieve a champion PCE of 26.6% (certified 26.24%),abstract
10.1002/anie.202523665,10.1002/anie.202523665,Angewandte Chemie International Edition,stability,experimental,single_junction,p-i-n,stability_protocol,ISOS-L-1,label,,abstract
10.1021/acsaem.5c03260,10.1021/acsaem.5c03260,ACS Applied Energy Materials,defects,experimental,single_junction,unknown,pce_champion,14.6,%,"Devices using PM7 reach a PCE of 14.6%, a 53.8% improvement over the control.",abstract
10.3390/nano16030188,10.3390/nano16030188,Nanomaterials,defects,experimental,single_junction,p-i-n,pce_champion,17.93,%,incorporating 2 vol% CM NCs into PSCs achieved a power conversion efficiency (PCE) of 17.93%,abstract
10.1021/acsami.5c23126,10.1021/acsami.5c23126,ACS Applied Materials & Interfaces,defects,experimental,single_junction,unknown,pce_champion,22.67,%,the efficiency of PSCs increased from 21.22% to 22.67% on a 4 cm 2 area,abstract
10.1021/acsami.5c23126,10.1021/acsami.5c23126,ACS Applied Materials & Interfaces,defects,experimental,single_junction,unknown,active_area_cm2,4,cm2,on a 4 cm 2 area,abstract
10.1002/pip.70070,10.1002/pip.70070,Progress in Photovoltaics Research and Applications,interfaces,experimental,single_junction,p-i-n,pce_champion,22.93,%,"the optimized flexible triple‐cation and FAPbI 3 composition PSCs yield a power conversion efficiency (PCE) of 21.64% and 22.93%, respectively",abstract
10.1021/acsami.5c22974,10.1021/acsami.5c22974,ACS Applied Materials & Interfaces,defects,experimental,single_junction,unknown,pce_champion,20.41,%,the optimized 1.68 eV PSCs achieve a notable PCE of 20.41% with a V OC of 1.262 V under standard AM 1.5G illumination,abstract
10.1021/acsaem.5c03964,10.1021/acsaem.5c03964,ACS Applied Energy Materials,defects,experimental,single_junction,p-i-n,pce_champion,0.955,%,"As a result, inverted Cs 2 AgBiBr 6 solar cells show an efficiency of 0.955% with a high V oc of >1.0 V, which is",abstract
10.1002/adfm.202530978,10.1002/adfm.202530978,Advanced Functional Materials,scale_up,experimental,single_junction,unknown,pce_champion,23.27,%,"Ultra‐thin perovskite photovoltaics fabricated on this platform achieve a champion efficiency of 23.27% and a specific power of 35 W/g, ranking among the highest values",abstract
10.1002/smll.202513111,10.1002/smll.202513111,Small,composition,review,single_junction,unknown,pce_champion,20.55,%,"As a result, the TTA‐modified device achieves a remarkable power conversion efficiency (PCE) of 20.55% with an open‐circuit voltage ( V OC ) of 1.339",abstract
10.1016/j.matre.2026.100406,10.1016/j.matre.2026.100406,Materials Reports Energy,scale_up,scale_up,single_junction,unknown,pce_champion,20.62,%,"Ultimately, the optimized PSCs exhibited a remarkable power conversion efficiency of 20.62%, with excellent light, thermal, and long-term stability.",abstract
10.26434/chemrxiv.10001581/v1,10.26434/chemrxiv.10001581/v1,ChemRxiv,interfaces,experimental,single_junction,n-i-p,pce_champion,12.16,%,"the optimized device (5 mg/mL IDA) delivers a champion power conversion efficiency (PCE) of 12.16%, representing a significant absolute enhancement of 3.38% over the unmodified",abstract
10.48550/arxiv.2601.23191,10.48550/arxiv.2601.23191,arXiv (Cornell University),scale_up,theory,single_junction,unknown,pce_champion,24.2,%,"The optimized HNW structure achieved a notable power conversion efficiency of 24.2%, highlighting a strong connection between optical confinement and effective carrier transport.",abstract
10.1002/aenm.202505854,10.1002/aenm.202505854,Advanced Energy Materials,defects,experimental,single_junction,unknown,pce_champion,22.53,%,achieve a power conversion efficiency (PCE) of 22.53% (certified 21.95%),abstract
10.1002/aenm.202505854,10.1002/aenm.202505854,Advanced Energy Materials,defects,experimental,single_junction,unknown,pce_certified,21.95,%,achieve a power conversion efficiency (PCE) of 22.53% (certified 21.95%),abstract
10.1002/anie.202516537,10.1002/anie.202516537,Angewandte Chemie International Edition,interfaces,experimental,single_junction,p-i-n,pce_champion,26.41,%,"As a result, the PCE of PSCs increased to 26.41%, with perovskite modules achieving 20.88% efficiency over a 64.68 cm 2 active area.",abstract
10.1002/anie.202516537,10.1002/anie.202516537,Angewandte Chemie International Edition,interfaces,experimental,single_junction,p-i-n,active_area_cm2,64.68,cm2,perovskite modules achieving 20.88% efficiency over a 64.68 cm 2 active area,abstract
10.1002/adma.202519267,10.1002/adma.202519267,Advanced Materials,interfaces,theory,single_junction,p-i-n,pce_champion,26.45,%,"As a result, voltage loss is reduced to 31 mV, enabling power conversion efficiencies of 25.56% in n-i-p and 26.45% in p-i-n architectures with negligible",abstract
10.1126/science.aea3339,10.1126/science.aea3339,Science,interfaces,experimental,single_junction,p-i-n,pce_champion,27.1,%,Devices achieved a power conversion efficiency of 27.1% (26.6% certified) and retained more than 90% of their initial efficiency for ~5000 hours under 1-sun equivalent,abstract
10.1126/science.aea3339,10.1126/science.aea3339,Science,interfaces,experimental,single_junction,p-i-n,pce_certified,26.6,%,Devices achieved a power conversion efficiency of 27.1% (26.6% certified),abstract
10.1038/s41560-026-01993-z,10.1038/s41560-026-01993-z,Nature Energy,defects,experimental,single_junction,unknown,pce_champion,27.2,%,deliver a power conversion efficiency of 27.2% (certified as 26.9%),abstract
10.1038/s41560-026-01993-z,10.1038/s41560-026-01993-z,Nature Energy,defects,experimental,single_junction,unknown,pce_certified,26.9,%,deliver a power conversion efficiency of 27.2% (certified as 26.9%),abstract
10.1002/aenm.202506610,10.1002/aenm.202506610,Advanced Energy Materials,defects,experimental,single_junction,unknown,pce_champion,22.2,%,These advantages enable the fabrication of opaque and semi‐transparent solar cells based on the wide bandgap perovskite with efficiencies of 22.2% and 20.0% (stabilized power,abstract
10.1002/aenm.202506610,10.1002/aenm.202506610,Advanced Energy Materials,defects,experimental,single_junction,unknown,pce_stabilised,21.4,%,"with efficiencies of 22.2% and 20.0% (stabilized power output of 21.4% and 19.5%), respectively",abstract
10.1021/acsami.5c20363,10.1021/acsami.5c20363,ACS Applied Materials & Interfaces,defects,theory,single_junction,unknown,pce_champion,20.2,%,Devices fabricated with optimized AMPS content achieve a champion power conversion efficiency of 20.2%,abstract
10.1021/acsenergylett.5c04127,10.1021/acsenergylett.5c04127,ACS Energy Letters,interfaces,experimental,perovskite_silicon_tandem,tandem_2T,pce_champion,32.73,%,deliver improved efficiency of 32.73% (certified 32.46%),abstract
10.1021/acsenergylett.5c04127,10.1021/acsenergylett.5c04127,ACS Energy Letters,interfaces,experimental,perovskite_silicon_tandem,tandem_2T,pce_certified,32.46,%,deliver improved efficiency of 32.73% (certified 32.46%),abstract
10.1002/anie.202525815,10.1002/anie.202525815,Angewandte Chemie International Edition,defects,experimental,module,unknown,pce_champion,26.9,%,"As a result, the optimized device yields a champion power conversion efficiency (PCE) of 26.90% (certified 26.75%)",abstract
10.1002/anie.202525815,10.1002/anie.202525815,Angewandte Chemie International Edition,defects,experimental,module,unknown,pce_certified,26.75,%,the optimized device yields a champion power conversion efficiency (PCE) of 26.90% (certified 26.75%),abstract
10.1002/anie.202525815,10.1002/anie.202525815,Angewandte Chemie International Edition,defects,experimental,module,unknown,active_area_cm2,10.24,cm2,a minimodule with an aperture area of 10.24 cm 2 also achieves a remarkable PCE of 23.0%,abstract
10.1002/solr.202500840,10.1002/solr.202500840,Solar RRL,defects,experimental,single_junction,p-i-n,pce_champion,21.3,%,This resulted in a power conversion efficiency of 21.3% with a high open‐circuit voltage of 1.14 V.,abstract
10.1002/solr.202500840,10.1002/solr.202500840,Solar RRL,defects,experimental,single_junction,p-i-n,t80_h,700,h,TPA‐Py modification extended the T80 lifetime to ≈700 h compared to only 200 h for the reference under harsh heating stress in ambient conditions.,abstract
10.1002/smll.202512729,10.1002/smll.202512729,Small,interfaces,experimental,single_junction,n-i-p,pce_champion,24.79,%,the PCE of the ingeniously designed PSCs upgraded from 22.91% to 24.79%,abstract
10.1002/adma.202522942,10.1002/adma.202522942,Advanced Materials,architecture,experimental,all_perovskite_tandem,tandem_2T,pce_champion,29.03,%,"This strategy halts the redox-driven degradation, yielding a power conversion efficiency of 29.03% and more than 30-fold enhancement in reverse-bias endurance.",abstract
10.1002/adma.72622,10.1002/adma.72622,Advanced Materials,stability,experimental,single_junction,p-i-n,pce_champion,26.9,%,"Ultimately, PSCs based on Poly‐4PADCB achieve a power conversion efficiency (PCE) of 26.90% (certified 26.50%) and a large‐area (1 cm 2 ) PCE of 25.54%",abstract
10.1002/adma.72622,10.1002/adma.72622,Advanced Materials,stability,experimental,single_junction,p-i-n,pce_certified,26.5,%,PSCs based on Poly‐4PADCB achieve a power conversion efficiency (PCE) of 26.90% (certified 26.50%),abstract
10.1002/adma.72622,10.1002/adma.72622,Advanced Materials,stability,experimental,single_junction,p-i-n,active_area_cm2,1,cm2,and a large‐area (1 cm 2 ) PCE of 25.54% (certified 25.19%),abstract
10.1007/s40820-026-02112-z,10.1007/s40820-026-02112-z,Nano-Micro Letters,interfaces,theory,single_junction,unknown,pce_stabilised,21.56,%,"the optimized p-MPSCs exhibit an average open-circuit voltage enhancement of over 50 mV, a steady-state power conversion efficiency of 21.56% and operational stability exceeding 1500",abstract
10.1002/smll.202512151,10.1002/smll.202512151,Small,defects,experimental,single_junction,unknown,pce_champion,20.41,%,yielding a PCE of 20.41% with an FF of 83.2% under AM 1.5G,abstract
10.1002/adfm.202529457,10.1002/adfm.202529457,Advanced Functional Materials,defects,experimental,single_junction,unknown,pce_champion,25.5,%,"Consequently, VPD‐modified PSCs achieve a power conversion efficiency of 25.50% and retain 95% of their initial performance after 500 h of continuous operation.",abstract
10.1002/aenm.70755,10.1002/aenm.70755,Advanced Energy Materials,defects,experimental,all_perovskite_tandem,tandem_2T,pce_champion,28.34,%,"Notably, the fabricated 2‐terminal AP‐TSC device attains a PCE of 28.34%, highlighting its considerable potential for AP‐TSC applications.",abstract
10.1002/aenm.70755,10.1002/aenm.70755,Advanced Energy Materials,defects,experimental,all_perovskite_tandem,tandem_2T,pce_certified,20.02,%,single‐junction gas‐quenched MA‐free WBG (∼1.76 eV) PSCs achieve a power conversion efficiency (PCE) of 20.80% (with a certified value of 20.02%),abstract
10.1007/s40820-025-02058-8,10.1007/s40820-025-02058-8,Nano-Micro Letters,composition,experimental,single_junction,p-i-n,pce_champion,26.22,%,"The fabricated inverted PSCs with 1.55 eV bandgap achieved a maximum PCE of 26.22% for small area and 24.6% for 1cm 2 devices, as well",abstract
10.1007/s40820-025-02058-8,10.1007/s40820-025-02058-8,Nano-Micro Letters,composition,experimental,single_junction,p-i-n,active_area_cm2,6.8,cm2,as well as 21.1% for mini-modules (6.8 cm 2 ),abstract
10.1007/s40820-025-02058-8,10.1007/s40820-025-02058-8,Nano-Micro Letters,composition,experimental,single_junction,p-i-n,t80_h,1050,h,the PSCs with in situ formed 2D/3D perovskite heterojunctions retained 90% and 80% of their initial PCE after 1200 h photothermal stability and 1050 h,abstract
10.1002/anie.202523799,10.1002/anie.202523799,Angewandte Chemie International Edition,interfaces,experimental,single_junction,n-i-p,pce_champion,25.79,%,on dopant‐free WD03 with surface modification attains a remarkable efficiency of 23.66% and the PSC based on doped WD03 reaches an exceptional efficiency of 25.79%.,abstract
10.1002/adfm.74503,10.1002/adfm.74503,Advanced Functional Materials,interfaces,experimental,single_junction,p-i-n,pce_champion,23.3,%,elevating the power conversion efficiency from 21.90% to 23.30%,abstract
10.1002/adfm.202532066,10.1002/adfm.202532066,Advanced Functional Materials,defects,experimental,single_junction,p-i-n,pce_champion,21.13,%,boost the device power conversion efficiency (PCE) to 21.13%,abstract
10.1002/adma.202522508,10.1002/adma.202522508,Advanced Materials,scale_up,scale_up,single_junction,unknown,pce_champion,26.5,%,a champion PSC with a power conversion efficiency (PCE) of 26.50% (certified 26.22%),abstract
10.1002/adma.202522508,10.1002/adma.202522508,Advanced Materials,scale_up,scale_up,single_junction,unknown,pce_certified,26.22,%,a champion PSC with a power conversion efficiency (PCE) of 26.50% (certified 26.22%),abstract
10.1002/adma.202522508,10.1002/adma.202522508,Advanced Materials,scale_up,scale_up,single_junction,unknown,active_area_cm2,0.06,cm2,was obtained at a laboratory scale (0.06 cm 2 ),abstract
10.1002/adma.202520776,10.1002/adma.202520776,Advanced Materials,scale_up,scale_up,single_junction,unknown,pce_champion,24.3,%,PSCs achieved PCEs of 24.30% (1 cm 2 ),abstract
10.1002/adma.202520776,10.1002/adma.202520776,Advanced Materials,scale_up,scale_up,single_junction,unknown,active_area_cm2,1,cm2,PSCs achieved PCEs of 24.30% (1 cm 2 ),abstract
10.1002/adma.202519339,10.1002/adma.202519339,Advanced Materials,stability,experimental,single_junction,p-i-n,pce_champion,28.01,%,This synergistic strategy endows p-i-n devices that achieve a record efficiency of 28.01% at 228 K (certified 25.94% at 298 K),abstract
10.1002/adma.202519339,10.1002/adma.202519339,Advanced Materials,stability,experimental,single_junction,p-i-n,pce_certified,25.94,%,This synergistic strategy endows p-i-n devices that achieve a record efficiency of 28.01% at 228 K (certified 25.94% at 298 K),abstract
10.1002/adma.202519339,10.1002/adma.202519339,Advanced Materials,stability,experimental,single_junction,p-i-n,stability_protocol,ISOS,label,,abstract
10.1002/smll.202511627,10.1002/smll.202511627,Small,interfaces,experimental,single_junction,unknown,pce_champion,22.21,%,the champion Sn–Pb PSC achieved a power‑conversion efficiency (PCE) of 22.21%,abstract
10.1002/aenm.202503291,10.1002/aenm.202503291,Advanced Energy Materials,interfaces,experimental,single_junction,n-i-p,pce_champion,23.45,%,we report champion power conversion efficiencies of 23.45% (mean ≈22.2%) on rigid glass substrates,abstract
10.1038/s41467-026-69198-2,10.1038/s41467-026-69198-2,Nature Communications,architecture,experimental,single_junction,n-i-p,pce_champion,26.18,%,a power conversion efficiency of 26.18% (certified 26.23%) is achieved in normal-structure devices,abstract
10.1038/s41467-026-69198-2,10.1038/s41467-026-69198-2,Nature Communications,architecture,experimental,single_junction,n-i-p,pce_certified,26.23,%,a power conversion efficiency of 26.18% (certified 26.23%) is achieved in normal-structure devices,abstract
10.1038/s41563-026-02494-w,10.1038/s41563-026-02494-w,Nature Materials,architecture,experimental,single_junction,unknown,pce_champion,19.3,%,deliver a certified all-vacuum-deposited solar cell with 18.35% efficiency (19.3% in the laboratory) for 0.25-cm 2 devices,abstract
10.1038/s41563-026-02494-w,10.1038/s41563-026-02494-w,Nature Materials,architecture,experimental,single_junction,unknown,pce_certified,18.35,%,deliver a certified all-vacuum-deposited solar cell with 18.35% efficiency (19.3% in the laboratory) for 0.25-cm 2 devices,abstract
10.1038/s41563-026-02494-w,10.1038/s41563-026-02494-w,Nature Materials,architecture,experimental,single_junction,unknown,active_area_cm2,0.25,cm2,for 0.25-cm 2 devices (18.5% for 1-cm 2 cells),abstract
10.1038/s41563-026-02494-w,10.1038/s41563-026-02494-w,Nature Materials,architecture,experimental,single_junction,unknown,stability_protocol,ISOS-L-2,label,,abstract
10.1007/s40820-026-02098-8,10.1007/s40820-026-02098-8,Nano-Micro Letters,composition,experimental,single_junction,unknown,pce_champion,26.13,%,The ZL1-modified device achieves a power conversion efficiency of 26.13%,abstract
10.1002/adma.202521129,10.1002/adma.202521129,Advanced Materials,architecture,experimental,perovskite_silicon_tandem,tandem_2T,pce_champion,32.19,%,the resulting two-terminal monolithic perovskite/silicon tandem devices exhibited a power conversion efficiency of 32.19%,abstract
10.1002/adma.202521129,10.1002/adma.202521129,Advanced Materials,architecture,experimental,perovskite_silicon_tandem,tandem_2T,pce_certified,23.48,%,The resultant 1.68 eV single-junction devices delivered an independently certified power conversion efficiency of 23.48%,abstract
10.1038/s41467-026-69264-9,10.1038/s41467-026-69264-9,Nature Communications,scale_up,scale_up,module,module,pce_champion,22.03,%,Methylammonium-free wide-bandgap small-area (0.04 cm2) devices achieve efficiencies up to 22.03%,abstract
10.1038/s41467-026-69264-9,10.1038/s41467-026-69264-9,Nature Communications,scale_up,scale_up,module,module,active_area_cm2,10.13,cm2,while a 10.13 cm2 module delivers 20.32% efficiency with excellent operational stability,abstract
10.1186/s40580-026-00541-5,10.1186/s40580-026-00541-5,Nano Convergence,composition,experimental,single_junction,unknown,pce_champion,16.88,%,the power conversion efficiency of the devices improved dramatically—from 8.89% to 16.88%,abstract
10.1021/acsaem.5c04086,10.1021/acsaem.5c04086,ACS Applied Energy Materials,defects,experimental,single_junction,n-i-p,pce_champion,6.92,%,"the FMT ETL-based DPSC achieves a champion PCE of 6.92% ( V OC = 0.98 V, J SC = 16.19 mA cm –2, FF =",abstract
10.1021/acs.jpclett.5c04038,10.1021/acs.jpclett.5c04038,The Journal of Physical Chemistry Letters,defects,experimental,single_junction,unknown,pce_champion,25.72,%,"This strategy achieves a power conversion efficiency (PCE) of 25.72% and a fill factor (FF) of 86.27%, the highest reported values for conventional two-step method-based",abstract
10.1021/acsaem.5c03966,10.1021/acsaem.5c03966,ACS Applied Energy Materials,defects,experimental,single_junction,unknown,pce_champion,14.81,%,"The resulting champion device delivers a PCE of 14.81% (versus 12.46% for the control), with negligible hysteresis and exceptional operational stability.",abstract
10.1002/adfm.202524302,10.1002/adfm.202524302,Advanced Functional Materials,composition,experimental,single_junction,unknown,pce_champion,25.82,%,"The optimized device achieves a champion PCE of 25.82%, while large‐area device (1 cm 2 ) maintains a high PCE of 24.68%.",abstract
10.1002/adfm.202524302,10.1002/adfm.202524302,Advanced Functional Materials,composition,experimental,single_junction,unknown,active_area_cm2,1,cm2,while large‐area device (1 cm 2 ) maintains a high PCE of 24.68%,abstract
10.1002/pip.70076,10.1002/pip.70076,Progress in Photovoltaics Research and Applications,interfaces,theory,single_junction,n-i-p,pce_champion,25.77,%,"we achieved a record‐high power conversion efficiency (PCE) of 25.77%, with V oc = 1.154 V, J sc = 25.60 mA/cm 2 , and FF",abstract
10.1002/aenm.202504928,10.1002/aenm.202504928,Advanced Energy Materials,stability,experimental,module,module,pce_champion,22.3,%,Devices fabricated using Iodo‐based ink achieved an efficiency of up to 22.3%,abstract
10.1002/aenm.202504928,10.1002/aenm.202504928,Advanced Energy Materials,stability,experimental,module,module,active_area_cm2,31.5,cm2,"achieving efficiencies of 21% and 19.5% for 2.7 and 31.50 cm 2 modules, respectively",abstract
10.1016/j.egyr.2026.109131,10.1016/j.egyr.2026.109131,Energy Reports,composition,theory,single_junction,n-i-p,pce_champion,32.39,%,"This device with optimized parameters showed a PCE of 32.39 %, a short circuit current density (J SC ) of 35.31 mA/cm 2 , an",abstract
10.1021/acs.jpclett.5c03830,10.1021/acs.jpclett.5c03830,The Journal of Physical Chemistry Letters,interfaces,experimental,single_junction,unknown,pce_champion,24.9,%,the TB-CZ-modified PSCs achieve a power conversion efficiency (PCE) of 24.9% at an active area of 0.055 cm 2 and maintain a commendable PCE of,abstract
10.1021/acs.jpclett.5c03830,10.1021/acs.jpclett.5c03830,The Journal of Physical Chemistry Letters,interfaces,experimental,single_junction,unknown,active_area_cm2,0.055,cm2,the TB-CZ-modified PSCs achieve a power conversion efficiency (PCE) of 24.9% at an active area of 0.055 cm 2 and maintain a commendable PCE of,abstract
10.1002/smll.202514211,10.1002/smll.202514211,Small,interfaces,experimental,single_junction,p-i-n,pce_champion,25.02,%,"The Me4+LYS-F-based device demonstrates superior interfacial energy level alignment and reduced interface defects, ultimately achieving a power conversion efficiency of 25.02% and a high fill",abstract
10.1021/acs.jpclett.6c00022,10.1021/acs.jpclett.6c00022,The Journal of Physical Chemistry Letters,defects,experimental,single_junction,p-i-n,pce_champion,19.35,%,"The PA-modified devices achieved a champion power conversion efficiency (PCE) of 19.35%, representing a 23.01% enhancement over the control.",abstract
10.1038/s41467-026-69391-3,10.1038/s41467-026-69391-3,Nature Communications,stability,experimental,single_junction,unknown,pce_champion,26.62,%,"The champion devices achieve a power conversion efficiency of 26.62% (certified 26.07%) with an open-circuit voltage-fill factor product of 1.05 V, reaching 90.3% of the",abstract
10.1038/s41467-026-69391-3,10.1038/s41467-026-69391-3,Nature Communications,stability,experimental,single_junction,unknown,pce_certified,26.07,%,"The champion devices achieve a power conversion efficiency of 26.62% (certified 26.07%) with an open-circuit voltage-fill factor product of 1.05 V, reaching 90.3% of the",abstract
10.1021/acsenergylett.5c04203,10.1021/acsenergylett.5c04203,ACS Energy Letters,architecture,experimental,all_perovskite_tandem,tandem_2T,pce_certified,24.5,%,A certified power conversion efficiency of 24.5% (1 cm 2 aperture area) is achieved from the resulting monolithic perovskite–CIGS tandems.,abstract
10.1021/acsenergylett.5c04203,10.1021/acsenergylett.5c04203,ACS Energy Letters,architecture,experimental,all_perovskite_tandem,tandem_2T,active_area_cm2,1,cm2,A certified power conversion efficiency of 24.5% (1 cm 2 aperture area) is achieved from the resulting monolithic perovskite–CIGS tandems.,abstract
10.1021/acsenergylett.5c04010,10.1021/acsenergylett.5c04010,ACS Energy Letters,architecture,experimental,perovskite_silicon_tandem,tandem_2T,active_area_cm2,1,cm2,Proof-of-concept 1 cm 2 fully textured perovskite/silicon tandem cells are demonstrated with the rapid PLD scaffolds converted with an organohalide solution to perovskite absorbers and,abstract
10.1021/jacs.5c18303,10.1021/jacs.5c18303,Journal of the American Chemical Society,stability,experimental,single_junction,p-i-n,pce_certified,26.4,%,"Leveraging these findings, we fabricated inverted (p-i-n) perovskite solar cells achieving certified quasi-steady-state efficiencies of 26.4% and 24.5% at device areas of 0.05 and 1",abstract
10.1021/jacs.5c18303,10.1021/jacs.5c18303,Journal of the American Chemical Society,stability,experimental,single_junction,p-i-n,active_area_cm2,0.05,cm2,"Leveraging these findings, we fabricated inverted (p-i-n) perovskite solar cells achieving certified quasi-steady-state efficiencies of 26.4% and 24.5% at device areas of 0.05 and 1",abstract
10.1016/j.solener.2026.114393,10.1016/j.solener.2026.114393,Solar Energy,interfaces,experimental,single_junction,n-i-p,pce_champion,24.64,%,"This suppresses halide ion migration and photoinduced phase segregation, boosting the PCE to 24.64%.",abstract
10.1002/adfm.74659,10.1002/adfm.74659,Advanced Functional Materials,architecture,experimental,all_perovskite_tandem,tandem_2T,pce_champion,28.58,%,"Applied in APTSCs, this approach delivers an outstanding V OC of 2.13 V and a power‐conversion efficiency (PCE) of 28.58%, with unencapsulated devices maintaining 85%",abstract
10.1002/smll.72953,10.1002/smll.72953,Small,interfaces,experimental,single_junction,p-i-n,pce_champion,25.54,%,"As a result, TPA‐CN ‐modified devices achieve a peak power conversion efficiency (PCE) of 25.54%, compared to 21.80% for unmodified control devices.",abstract
10.1002/adfm.202526679,10.1002/adfm.202526679,Advanced Functional Materials,composition,experimental,single_junction,p-i-n,pce_champion,26,%,"The corresponding devices achieved the highest performance, with the optimized inverted PSCs delivering a champion power conversion efficiency (PCE) of nearly 26% along with a",abstract
10.1038/s41467-025-68236-9,10.1038/s41467-025-68236-9,Nature Communications,stability,experimental,single_junction,n-i-p,pce_champion,25,%,"As an added benefit, photovoltaic performance achieved a photoconversion efficiency of 25%.",abstract
10.1038/s41467-026-69685-6,10.1038/s41467-026-69685-6,Nature Communications,stability,review,module,module,pce_champion,24.7,%,"As a result, PSMs with aperture areas of 25 cm² and 100 cm² achieve impressive efficiencies of 24.70% and 23.89%, respectively.",abstract
10.1038/s41467-026-69685-6,10.1038/s41467-026-69685-6,Nature Communications,stability,review,module,module,pce_certified,23.55,%,"Notably, the 100 cm² PSM attains a certified record efficiency of 23.55%.",abstract
10.1038/s41467-026-69685-6,10.1038/s41467-026-69685-6,Nature Communications,stability,review,module,module,active_area_cm2,100,cm2,"Notably, the 100 cm² PSM attains a certified record efficiency of 23.55%.",abstract
10.1038/s41467-026-69685-6,10.1038/s41467-026-69685-6,Nature Communications,stability,review,module,module,stability_protocol,ISOS-D-1,label,,abstract
10.1021/acsaem.5c03794,10.1021/acsaem.5c03794,ACS Applied Energy Materials,interfaces,experimental,single_junction,p-i-n,pce_champion,8.0,%,"PEAI and MeO-2PACz/Al 2 O 3 yielded the highest PCE (8.00%, compared to 6.78% for the control)",abstract
10.1021/acsami.5c24295,10.1021/acsami.5c24295,ACS Applied Materials & Interfaces,interfaces,theory,single_junction,n-i-p,pce_champion,11.0,%,"SnO 2 enhances electronic coupling and charge extraction, delivering a champion PCE of 11.0% (active area: 0.5 cm 2 )",abstract
10.1021/acsami.5c24295,10.1021/acsami.5c24295,ACS Applied Materials & Interfaces,interfaces,theory,single_junction,n-i-p,active_area_cm2,0.5,cm2,delivering a champion PCE of 11.0% (active area: 0.5 cm 2 ),abstract
10.1126/sciadv.aea7629,10.1126/sciadv.aea7629,Science Advances,interfaces,experimental,single_junction,unknown,pce_champion,26.3,%,The resultant devices achieve a champion power conversion efficiency (PCE) of 26.3% (certified at 25.8%) for a 0.07-square centimeter device,abstract
10.1126/sciadv.aea7629,10.1126/sciadv.aea7629,Science Advances,interfaces,experimental,single_junction,unknown,pce_certified,25.8,%,The resultant devices achieve a champion power conversion efficiency (PCE) of 26.3% (certified at 25.8%) for a 0.07-square centimeter device,abstract
10.1126/sciadv.aea7629,10.1126/sciadv.aea7629,Science Advances,interfaces,experimental,single_junction,unknown,active_area_cm2,0.07,cm2,a champion power conversion efficiency (PCE) of 26.3% (certified at 25.8%) for a 0.07-square centimeter device,abstract
10.1016/j.solmat.2026.114223,10.1016/j.solmat.2026.114223,Solar Energy Materials and Solar Cells,architecture,experimental,perovskite_silicon_tandem,tandem_2T,pce_champion,22.1,%,"proof-of-concept, fully screen-printed 16-cm 2 planar PST solar cells reaching 22.1%",abstract
10.1016/j.solmat.2026.114223,10.1016/j.solmat.2026.114223,Solar Energy Materials and Solar Cells,architecture,experimental,perovskite_silicon_tandem,tandem_2T,active_area_cm2,16,cm2,fully screen-printed 16-cm 2 planar PST solar cells reaching 22.1%,abstract
10.1021/acsnano.5c18423,10.1021/acsnano.5c18423,ACS Nano,architecture,experimental,single_junction,unknown,pce_champion,22.51,%,PSCs fabricated by the optimized precursors achieve a power conversion efficiency (PCE) of 22.51% (@0.16 cm 2 ) and 20.02% (@10 cm 2 ),abstract
10.1021/acsnano.5c18423,10.1021/acsnano.5c18423,ACS Nano,architecture,experimental,single_junction,unknown,active_area_cm2,0.16,cm2,a power conversion efficiency (PCE) of 22.51% (@0.16 cm 2 ) and 20.02% (@10 cm 2 ),abstract
10.1021/acsnano.5c21709,10.1021/acsnano.5c21709,ACS Nano,stability,experimental,module,p-i-n,pce_champion,25.61,%,the PCE improves from 23.69% to 25.61% (certified 25.11%) in small-area PSCs,abstract
10.1021/acsnano.5c21709,10.1021/acsnano.5c21709,ACS Nano,stability,experimental,module,p-i-n,pce_certified,25.11,%,the PCE improves from 23.69% to 25.61% (certified 25.11%) in small-area PSCs,abstract
10.1002/adfm.202532100,10.1002/adfm.202532100,Advanced Functional Materials,stability,experimental,single_junction,p-i-n,pce_champion,25.24,%,"With an optimized interlayer, PSCs reach 25.24% PCE with negligible hysteresis.",abstract
10.1002/adfm.202532100,10.1002/adfm.202532100,Advanced Functional Materials,stability,experimental,single_junction,p-i-n,t80_h,500,h,maintain 80% after 500 h continuous illumination,abstract
10.1002/solr.202500859,10.1002/solr.202500859,Solar RRL,composition,experimental,single_junction,none,pce_champion,15.52,%,ultimately achieving additive‐free and passivator‐free PEA 2 Cs 3 Pb 4 I 13 PSCs with a power conversion efficiency (PCE) of 15.52% (5.33% efficiency of,abstract
10.1021/acsami.5c23217,10.1021/acsami.5c23217,ACS Applied Materials & Interfaces,defects,theory,single_junction,p-i-n,pce_champion,21.22,%,"The optimized 3D/2D PSCs demonstrate a champion PCE of 21.22% (0.06 cm 2 ), 20.58% (0.175 cm 2 ), and 18.72% (0.805 cm 2 ),",abstract
10.1021/acsami.5c23217,10.1021/acsami.5c23217,ACS Applied Materials & Interfaces,defects,theory,single_junction,p-i-n,active_area_cm2,0.06,cm2,"The optimized 3D/2D PSCs demonstrate a champion PCE of 21.22% (0.06 cm 2 ), 20.58% (0.175 cm 2 ), and 18.72% (0.805 cm 2 ),",abstract
10.1021/acsaem.6c00408,10.1021/acsaem.6c00408,ACS Applied Energy Materials,architecture,experimental,all_perovskite_tandem,tandem_4T,pce_champion,25.13,%,"The optimized devices achieve a record power conversion efficiency (PCE) of 25.13%, with 16.48% from the CsPbI 2 Br top cell and 8.65% from the",abstract
10.1002/smll.202513958,10.1002/smll.202513958,Small,architecture,experimental,perovskite_silicon_tandem,tandem_2T,pce_champion,29,%,"When exemplarily applied to a high‐efficiency perovskite/silicon tandem device with a power conversion efficiency PCE of 29%, the method reveals that approximately 1.9% absolute efficiency",abstract
10.1002/solr.202500906,10.1002/solr.202500906,Solar RRL,composition,experimental,single_junction,unknown,pce_champion,19.61,%,"This dual function yields an optimized perovskite solar cell with a champion PCE of 19.61%, demonstrating the strategy's efficacy in enhancing both film quality and",abstract
10.1016/j.scib.2026.02.050,10.1016/j.scib.2026.02.050,中国科学通报：英文版,stability,experimental,single_junction,p-i-n,pce_champion,26.54,%,The resulting IPSCs achieve a champion PCE of 26.54% with a fill factor of 86.4% and retain 90% of their initial efficiency after 1000 h,abstract
10.1016/j.scib.2026.02.050,10.1016/j.scib.2026.02.050,中国科学通报：英文版,stability,experimental,single_junction,p-i-n,stability_protocol,ISOS-L-1,label,,abstract
10.26599/nre.2026.9120218,10.26599/nre.2026.9120218,Nano Research Energy,defects,experimental,single_junction,unknown,pce_champion,25.06,%,"Thus, the efficiency of devices increases from 22.41% to 25.06% after 2-HPMA modification.",abstract
10.1016/j.solmat.2026.114233,10.1016/j.solmat.2026.114233,Solar Energy Materials and Solar Cells,scale_up,experimental,single_junction,n-i-p,pce_champion,20,%,"SnO X SALD -based n-i-p PSCs achieve a power conversion efficiency (PCE) exceeding 20%, matching reference SnO X NP -based PSCs",abstract
10.1002/ente.202502217,10.1002/ente.202502217,Energy Technology,composition,experimental,single_junction,unknown,pce_champion,17.79,%,The optimized device achieves a champion power conversion efficiency of 17.79%.,abstract
10.1021/acsaem.5c03517,10.1021/acsaem.5c03517,ACS Applied Energy Materials,interfaces,experimental,single_junction,p-i-n,pce_champion,20.2,%,The efficiency improved from 18.4% to 20.2%.,abstract
10.1021/acsaem.5c03517,10.1021/acsaem.5c03517,ACS Applied Energy Materials,interfaces,experimental,single_junction,p-i-n,t80_h,1347,h,phthalocyanine (DMPO4) molecule synthesized for this work also enhanced device stability under ISOS-D1 tests with the average T 80 increasing from 1134 h to 1347,abstract
10.1021/acsaem.5c03517,10.1021/acsaem.5c03517,ACS Applied Energy Materials,interfaces,experimental,single_junction,p-i-n,stability_protocol,ISOS-D1,label,,abstract
10.1002/advs.202524013,10.1002/advs.202524013,Advanced Science,interfaces,experimental,single_junction,unknown,pce_champion,17.58,%,"As a result, TTC‐F‐based CsPbI 2 Br PSCs achieved a power conversion efficiency (PCE) of 17.58%, significantly outperforming the 2TC‐F‐based device (14.54%), along with excellent",abstract
10.1021/acsami.5c21997,10.1021/acsami.5c21997,ACS Applied Materials & Interfaces,interfaces,experimental,single_junction,unknown,pce_champion,22.4,%,1.68 eV WBG PSCs achieve a champion power conversion efficiency (PCE) of 22.40% while maintaining >90% of initial efficiency after 1440 h of ambient storage.,abstract
10.1021/acsami.5c21487,10.1021/acsami.5c21487,ACS Applied Materials & Interfaces,interfaces,experimental,single_junction,p-i-n,pce_champion,23.27,%,"As a result, devices utilizing SD to modify buried interfaces have achieved a power conversion efficiency (PCE) of 23.27%.",abstract
10.1002/pip.70083,10.1002/pip.70083,Progress in Photovoltaics Research and Applications,interfaces,experimental,single_junction,p-i-n,pce_champion,21.12,%,"Ultimately, we achieved an efficiency of 21.12% in inverted Sn–Pb NBG PSCs.",abstract
10.1002/solr.202500698,10.1002/solr.202500698,Solar RRL,architecture,review,single_junction,unknown,pce_champion,20.3,%,"reach an efficiency of 20.3%, ranking among the highest reported efficiencies for wide‐bandgap hybrid two‐step processed PSCs",abstract
10.1002/solr.202500951,10.1002/solr.202500951,Solar RRL,defects,experimental,single_junction,n-i-p,pce_champion,22.14,%,"The PCE of PSCs (ITO/SnO 2 /perovskite/Spiro‐OMETAD/Ag) is increased from 20.16% to 22.14%, demonstrating the universality of this doping method.",abstract
10.1016/j.solmat.2026.114173,10.1016/j.solmat.2026.114173,Solar Energy Materials and Solar Cells,stability,experimental,single_junction,unknown,pce_champion,20.28,%,"The MD30 devices, processed with a 30-s dipping duration, achieved a remarkable PCE of 20.28 %, attributed to optimized crystal orientation, improved surface morphology, enhanced",abstract
10.1021/acsami.5c22032,10.1021/acsami.5c22032,ACS Applied Materials & Interfaces,scale_up,scale_up,single_junction,unknown,pce_champion,20.8,%,The optimized and nonpassivated FAPI solar cells deliver a champion power conversion efficiency (PCE) of 20.8% in small-area device.,abstract
10.1021/acsami.5c22032,10.1021/acsami.5c22032,ACS Applied Materials & Interfaces,scale_up,scale_up,single_junction,unknown,active_area_cm2,59.5,cm2,"series-connected minimodules achieve PCEs of 19.1% and 14.8% for active areas of 8.4 cm 2 and 59.5 cm 2, respectively",abstract
10.1016/j.matdes.2026.115695,10.1016/j.matdes.2026.115695,Materials & Design,scale_up,theory,single_junction,unknown,pce_champion,30,%,"At an optimized radius of ≈34.6 nm and across the three interparticle distances, the power conversion efficiency exceeds 30%.",abstract
10.48550/arxiv.2602.15759,10.48550/arxiv.2602.15759,arXiv (Cornell University),interfaces,theory,single_junction,n-i-p,pce_champion,31.76,%,"Under optimized parameters, the simulated device achieves a PCE of 31.76%, representing the theoretical upper bound predicted by the model.",abstract
10.48550/arxiv.2602.04914,10.48550/arxiv.2602.04914,arXiv (Cornell University),defects,experimental,single_junction,unknown,pce_champion,26.0,%,"This AI-designed recipe effectively achieves a champion PCE value of over 26.0 %, approaching world records achieved through extensive expert trial-and-error.",abstract
10.1002/anie.4012708,10.1002/anie.4012708,Angewandte Chemie International Edition,interfaces,scale_up,single_junction,p-i-n,pce_champion,26.48,%,"the optimized NiO x /CsOA/SAM HTL enables inverted PSCs with efficiencies of 22.89% (1.67 eV) and 26.48% (1.54 eV), retaining 85.7% of the initial efficiency",abstract
10.1002/anie.4012708,10.1002/anie.4012708,Angewandte Chemie International Edition,interfaces,scale_up,single_junction,p-i-n,active_area_cm2,11.0,cm2,A scalable mini‐module (an active area of 11.0 cm 2 ) achieves an efficiency of 23.45%,abstract
10.1002/adma.72755,10.1002/adma.72755,Advanced Materials,defects,experimental,all_perovskite_tandem,tandem_2T,pce_champion,29.67,%,All‐perovskite TSC obtains 29.67% efficiency and retains 90% of its initial efficiency after approximately 1000 h maximum power point tracking.,abstract
10.1002/adma.72823,10.1002/adma.72823,Advanced Materials,defects,experimental,single_junction,unknown,pce_champion,26.95,%,this integrated strategy yields a champion power conversion efficiency (PCE) of 26.95% (certified 26.69%),abstract
10.1002/adma.72823,10.1002/adma.72823,Advanced Materials,defects,experimental,single_junction,unknown,pce_certified,26.69,%,this integrated strategy yields a champion power conversion efficiency (PCE) of 26.95% (certified 26.69%),abstract
10.1002/adma.72823,10.1002/adma.72823,Advanced Materials,defects,experimental,single_junction,unknown,stability_protocol,ISOS-L-2I,label,,abstract
10.1002/solr.70318,10.1002/solr.70318,Solar RRL,defects,experimental,single_junction,p-i-n,pce_champion,22,%,"a highest power conversion efficiency (PCE) of 22% is achieved using the Pc‐BF 4 derivative, along with improved operational stability.",abstract
10.1002/adfm.75040,10.1002/adfm.75040,Advanced Functional Materials,defects,experimental,single_junction,p-i-n,pce_champion,25.31,%,"inverted PSCs incorporating TBA achieve a champion power conversion efficiency (PCE) of 25.31%, accompanied by an enhanced open‐circuit voltage and negligible J–V hysteresis.",abstract
10.1002/adma.72738,10.1002/adma.72738,Advanced Materials,interfaces,experimental,perovskite_silicon_tandem,tandem_2T,pce_champion,32.43,%,while integration into textured silicon tandem device yields a champion PCE of 32.43% with 93% retention after 1000 h.,abstract
10.1002/adma.72738,10.1002/adma.72738,Advanced Materials,interfaces,experimental,perovskite_silicon_tandem,tandem_2T,pce_stabilised,24.43,%,The optimized 1.66‐eV PSC achieves a steady‐state power conversion efficiency (PCE) of 24.43%,abstract
10.1002/adma.72936,10.1002/adma.72936,Advanced Materials,stability,experimental,all_perovskite_tandem,tandem_2T,pce_champion,29.01,%,the encapsulated WBG and all-perovskite tandem (with a maximum steady-state PCE of 29.01%) devices maintained 90% of their initial efficiencies after 2000 and 750 h,abstract
10.1002/adma.72936,10.1002/adma.72936,Advanced Materials,stability,experimental,all_perovskite_tandem,tandem_2T,pce_stabilised,29.01,%,the encapsulated WBG and all-perovskite tandem (with a maximum steady-state PCE of 29.01%) devices maintained 90% of their initial efficiencies after 2000 and 750 h,abstract
10.1002/adma.72936,10.1002/adma.72936,Advanced Materials,stability,experimental,all_perovskite_tandem,tandem_2T,stability_protocol,ISOS-L-1,label,,abstract
10.1002/anie.202519239,10.1002/anie.202519239,Angewandte Chemie International Edition,defects,experimental,single_junction,unknown,pce_champion,25.53,%,this cluster into ((FA 0.95 Cs 0.05 )PbI 3 ) 0.975 (MAPbBr 3 ) 0.025 perovskite films boosted the device PCE from 23.55% to 25.53%,abstract
10.1002/adma.72756,10.1002/adma.72756,Advanced Materials,defects,experimental,single_junction,unknown,pce_champion,22.76,%,"the optimized quasi‐2D PSCs achieve a champion power conversion efficiency of 22.76% (certified 21.69%), representing a record among reported quasi‐2D PSCs.",abstract
10.1002/adma.72756,10.1002/adma.72756,Advanced Materials,defects,experimental,single_junction,unknown,pce_certified,21.69,%,"the optimized quasi‐2D PSCs achieve a champion power conversion efficiency of 22.76% (certified 21.69%), representing a record among reported quasi‐2D PSCs.",abstract
10.1002/adma.202523249,10.1002/adma.202523249,Advanced Materials,defects,experimental,single_junction,p-i-n,pce_champion,26.58,%,"inverted PSCs based on p‐Cl‐Ph‐4PACz achieve a PCE of 26.58% (certified at 26.13%) and exhibit excellent operational stability, retaining 95.9% of their initial efficiency after",abstract
10.1002/adma.202523249,10.1002/adma.202523249,Advanced Materials,defects,experimental,single_junction,p-i-n,pce_certified,26.13,%,inverted PSCs based on p‐Cl‐Ph‐4PACz achieve a PCE of 26.58% (certified at 26.13%),abstract
10.1007/s40820-026-02150-7,10.1007/s40820-026-02150-7,Nano-Micro Letters,defects,experimental,single_junction,p-i-n,pce_champion,26.12,%,the effective reduction in interfacial losses facilitates the ACHCl-modified devices to achieve a power conversion efficiency of 26.12% and improved stability.,abstract
10.1002/inf2.70132,10.1002/inf2.70132,InfoMat,defects,experimental,all_perovskite_tandem,tandem_2T,pce_champion,22.44,%,"our WBG perovskite solar cells and perovskite/organic TSCs on flexible substrates achieve power conversion efficiencies of 18.13% and 22.44%, respectively",abstract
10.1002/aenm.70806,10.1002/aenm.70806,Advanced Energy Materials,defects,experimental,single_junction,p-i-n,pce_certified,26.35,%,The resulting PSCs deliver a certified power conversion efficiency of 26.35%,abstract
10.1038/s41467-026-70002-4,10.1038/s41467-026-70002-4,Nature Communications,architecture,experimental,perovskite_silicon_tandem,tandem_4T,pce_champion,19.45,%,These were integrated into a four terminal tandem panel (0.2 m 2 ) with a power conversion efficiency of 19.45%,abstract
10.1038/s41467-026-70002-4,10.1038/s41467-026-70002-4,Nature Communications,architecture,experimental,perovskite_silicon_tandem,tandem_4T,active_area_cm2,60,cm2,semi-transparent perovskite modules with efficiencies surpassing 16% on 60 cm² active area,abstract
10.1021/acsenergylett.6c00156,10.1021/acsenergylett.6c00156,ACS Energy Letters,architecture,experimental,perovskite_silicon_tandem,unknown,pce_champion,29,%,These absorbers are integrated into perovskite-silicon tandem solar cells with stabilized efficiencies of >29%.,abstract
10.1021/acsenergylett.6c00156,10.1021/acsenergylett.6c00156,ACS Energy Letters,architecture,experimental,perovskite_silicon_tandem,unknown,pce_stabilised,29,%,These absorbers are integrated into perovskite-silicon tandem solar cells with stabilized efficiencies of >29%.,abstract
10.1021/acsami.6c00026,10.1021/acsami.6c00026,ACS Applied Materials & Interfaces,interfaces,experimental,single_junction,p-i-n,pce_champion,21.83,%,thereby boosting the efficiency of WBG perovskite solar cells (PSCs) from 20.30% to 21.83%,abstract
10.1021/acsami.6c00026,10.1021/acsami.6c00026,ACS Applied Materials & Interfaces,interfaces,experimental,single_junction,p-i-n,t80_h,560,h,retaining 80% of their initial efficiency after continuous thermal aging at 85 °C for 560 h,abstract
10.1002/anie.5319815,10.1002/anie.5319815,Angewandte Chemie International Edition,interfaces,experimental,single_junction,p-i-n,pce_champion,26.52,%,"inverted PSCs based on SMe-TPA-ThPA and SMe-TPA-PA achieve significantly improved power conversion efficiencies (PCEs) of 26.52% and 25.40%, respectively",abstract
10.1002/adfm.74817,10.1002/adfm.74817,Advanced Functional Materials,interfaces,experimental,single_junction,p-i-n,pce_champion,25,%,"the modified devices achieved a significant boost in PCE from 23% to over 25%, along with improved V oc and J sc",abstract
10.1002/adfm.75104,10.1002/adfm.75104,Advanced Functional Materials,interfaces,experimental,single_junction,n-i-p,pce_champion,25.82,%,The 5‐A2F4PCA‐optimized device achieves a champion power conversion efficiency of 25.82%,abstract
10.1021/acs.jpclett.6c00286,10.1021/acs.jpclett.6c00286,The Journal of Physical Chemistry Letters,interfaces,experimental,single_junction,n-i-p,pce_champion,24.13,%,PTABS-modified PSCs achieve an increased power conversion efficiency (PCE) of 24.13% compared to 22.37% for the control,abstract
10.1002/aenm.202506494,10.1002/aenm.202506494,Advanced Energy Materials,defects,experimental,single_junction,n-i-p,pce_champion,22.2,%,"PSCs achieve power conversion efficiencies of 22.2% (≈0.12 cm 2 minicells) and 21.7% (≈1.6 cm 2 minimodules, active area: 1.41 cm 2 ), respectively",abstract
10.1002/aenm.202506494,10.1002/aenm.202506494,Advanced Energy Materials,defects,experimental,single_junction,n-i-p,active_area_cm2,0.12,cm2,PSCs achieve power conversion efficiencies of 22.2% (≈0.12 cm 2 minicells),abstract
10.1002/smll.202514519,10.1002/smll.202514519,Small,defects,theory,single_junction,n-i-p,pce_champion,2.11,%,"With this buried interface treatment, planar devices reach a champion power conversion efficiency of 2.11%.",abstract
10.1002/smll.202600050,10.1002/smll.202600050,Small,defects,experimental,single_junction,p-i-n,pce_champion,23.3,%,"the Target devices demonstrate a power conversion efficiency (PCE) of 23.30% (0.09 cm 2 ), with an enhanced open‐circuit voltage of 0.877 V and a",abstract
10.1002/smll.202600050,10.1002/smll.202600050,Small,defects,experimental,single_junction,p-i-n,active_area_cm2,0.09,cm2,the Target devices demonstrate a power conversion efficiency (PCE) of 23.30% (0.09 cm 2 ),abstract
10.1021/acsaem.5c03696,10.1021/acsaem.5c03696,ACS Applied Energy Materials,defects,experimental,single_junction,p-i-n,pce_champion,19.16,%,"achieving a champion power conversion efficiency of 19.16% ( V OC = 1.31 V, J SC = 18.19 mA cm –2, and FF = 80.19%)",abstract
10.1002/solr.70317,10.1002/solr.70317,Solar RRL,defects,experimental,single_junction,n-i-p,pce_champion,23.81,%,the SPy3SA‐modified PSC yields a boosted power conversion efficiency (PCE) from 21.84% to 23.81%,abstract
10.1002/adma.202520432,10.1002/adma.202520432,Advanced Materials,stability,experimental,single_junction,unknown,pce_champion,26.84,%,the incorporation of 5-MH enabled a power conversion efficiency (PCE) of 26.84% (certified at 26.78%),abstract
10.1002/adma.202520432,10.1002/adma.202520432,Advanced Materials,stability,experimental,single_junction,unknown,pce_certified,26.78,%,the incorporation of 5-MH enabled a power conversion efficiency (PCE) of 26.84% (certified at 26.78%),abstract
10.1002/adma.202520432,10.1002/adma.202520432,Advanced Materials,stability,experimental,single_junction,unknown,stability_protocol,ISOS-L2,label,,abstract
10.1016/j.joule.2025.102310,10.1016/j.joule.2025.102310,Joule,scale_up,scale_up,single_junction,n-i-p,pce_champion,26.13,%,"achieving device and module efficiencies of 26.13% and 22.21%, respectively, with ultra-low dopant loadings.",abstract
10.1021/acsenergylett.5c04243,10.1021/acsenergylett.5c04243,ACS Energy Letters,composition,theory,all_perovskite_tandem,tandem_2T,pce_champion,28.43,%,while all-perovskite tandem cells deliver a efficiency of 28.43% with 2.079 V V OC,abstract
10.1021/acsenergylett.5c04243,10.1021/acsenergylett.5c04243,ACS Energy Letters,composition,theory,all_perovskite_tandem,tandem_2T,t80_h,1000,h,the tandem devices maintain 80% initial efficiency after 1000 h of continuous operation,abstract
10.1016/j.chempr.2026.102941,10.1016/j.chempr.2026.102941,Chem,interfaces,scale_up,single_junction,p-i-n,pce_champion,23.67,%,while also setting an impressive PCE of 23.67% for eSAM-based devices with solution-processed perovskites,abstract
10.1016/j.chempr.2026.102941,10.1016/j.chempr.2026.102941,Chem,interfaces,scale_up,single_junction,p-i-n,active_area_cm2,0.108,cm2,"delivering impressive power conversion efficiencies (PCEs) of 21.46% (small-area, 0.108 cm2) and 19.38% (large-area module, 15.52 cm2) for fully vacuum-evaporated devices",abstract
10.1002/adfm.202531734,10.1002/adfm.202531734,Advanced Functional Materials,interfaces,experimental,single_junction,n-i-p,pce_champion,26.2,%,"a champion (average) power conversion efficiency (PCE) of 26.2% (25.2 ± 0.46%) in n‐i‐p PSCs and, notably, 21.2% (20.4 ± 0.42%) in p‐i‐n PSCs without",abstract
10.1002/adfm.202531060,10.1002/adfm.202531060,Advanced Functional Materials,interfaces,experimental,single_junction,p-i-n,pce_champion,25.27,%,the champion device delivers an efficiency of 25.27% with an ultralow voltage loss of 0.356 V,abstract
10.1002/adfm.202531060,10.1002/adfm.202531060,Advanced Functional Materials,interfaces,experimental,single_junction,p-i-n,t80_h,1300,h,retains 80% of its initial efficiency after over 1300 h of continuous 1‐sun operation,abstract
10.1002/adfm.74893,10.1002/adfm.74893,Advanced Functional Materials,interfaces,experimental,single_junction,n-i-p,pce_champion,25.81,%,optimized co‐deposition devices achieved a champion power conversion efficiency of 25.81%,abstract
10.1002/adfm.74893,10.1002/adfm.74893,Advanced Functional Materials,interfaces,experimental,single_junction,n-i-p,t80_h,4000,h,a T 80 lifetime exceeding 4000 h under ISOS‐L‐1I protocol,abstract
10.1021/acs.jpclett.6c00054,10.1021/acs.jpclett.6c00054,The Journal of Physical Chemistry Letters,defects,experimental,single_junction,unknown,pce_champion,10.24,%,The defect modulation achieves an efficiency of 10.24% with an ultrahigh fill factor of 87.63% for carbon-based CsPbBr 3 perovskite solar cells and 24.05% for,abstract
10.1016/j.esci.2026.100563,10.1016/j.esci.2026.100563,eScience,architecture,experimental,perovskite_silicon_tandem,tandem_2T,pce_champion,32.17,%,"The monolithic perovskite/silicon tandem device with the efficient perovskite sub-cells demonstrates a PCE of 32.17%, with a certified efficiency of 31.93% (1.00 cm 2 ).",abstract
10.1016/j.esci.2026.100563,10.1016/j.esci.2026.100563,eScience,architecture,experimental,perovskite_silicon_tandem,tandem_2T,pce_certified,31.93,%,"The monolithic perovskite/silicon tandem device with the efficient perovskite sub-cells demonstrates a PCE of 32.17%, with a certified efficiency of 31.93% (1.00 cm 2 ).",abstract
10.1016/j.esci.2026.100563,10.1016/j.esci.2026.100563,eScience,architecture,experimental,perovskite_silicon_tandem,tandem_2T,active_area_cm2,1.0,cm2,with a certified efficiency of 31.93% (1.00 cm 2 ),abstract
10.1002/aenm.202506760,10.1002/aenm.202506760,Advanced Energy Materials,stability,experimental,single_junction,unknown,pce_champion,25.92,%,"Consequently, PSCs incorporating TFMP achieve a champion power conversion efficiency of 25.92% and exhibit markedly improved operational durability.",abstract
10.1021/jacs.6c02548,10.1021/jacs.6c02548,Journal of the American Chemical Society,stability,experimental,single_junction,unknown,pce_champion,26.56,%,PSCs incorporating TPA-FCA deliver a champion efficiency of 26.56% (26.37% certified) together with remarkable operational stability.,abstract
10.1021/jacs.6c02548,10.1021/jacs.6c02548,Journal of the American Chemical Society,stability,experimental,single_junction,unknown,pce_certified,26.37,%,PSCs incorporating TPA-FCA deliver a champion efficiency of 26.56% (26.37% certified) together with remarkable operational stability.,abstract
10.1021/jacs.6c02548,10.1021/jacs.6c02548,Journal of the American Chemical Society,stability,experimental,single_junction,unknown,stability_protocol,ISOS-L-2,label,,abstract
10.1002/adma.202521898,10.1002/adma.202521898,Advanced Materials,architecture,experimental,all_perovskite_tandem,tandem_2T,pce_champion,28.59,%,"we achieve a certified power conversion efficiency (PCE) of 19.95% (champion 20.81%) for the WBG subcell (1.77 eV, 0.0396 cm 2 ), and 28.59% for",abstract
10.1002/adma.202521898,10.1002/adma.202521898,Advanced Materials,architecture,experimental,all_perovskite_tandem,tandem_2T,pce_certified,19.95,%,"we achieve a certified power conversion efficiency (PCE) of 19.95% (champion 20.81%) for the WBG subcell (1.77 eV, 0.0396 cm 2 ), and 28.59% for",abstract
10.1002/adma.202521898,10.1002/adma.202521898,Advanced Materials,architecture,experimental,all_perovskite_tandem,tandem_2T,active_area_cm2,0.0396,cm2,"for the WBG subcell (1.77 eV, 0.0396 cm 2 )",abstract
10.1002/adma.202522790,10.1002/adma.202522790,Advanced Materials,architecture,experimental,all_perovskite_tandem,tandem_2T,pce_champion,29.58,%,"Consequently, we achieve a 24.20% power conversion efficiency (PCE) for single‐junction Sn‐Pb devices and a 29.58% PCE for all‐perovskite TSCs.",abstract
10.1007/s40820-026-02145-4,10.1007/s40820-026-02145-4,Nano-Micro Letters,interfaces,experimental,single_junction,unknown,pce_champion,26.13,%,"Ultimately, the resultant 2D/3D PSCs employing P-TPEAI achieve an outstanding efficiency of 26.13%, which, to the best of our knowledge, is the highest value reported",abstract
10.1007/s40820-026-02145-4,10.1007/s40820-026-02145-4,Nano-Micro Letters,interfaces,experimental,single_junction,unknown,stability_protocol,ISOS-L-2,label,,abstract
10.1021/acsami.6c00054,10.1021/acsami.6c00054,ACS Applied Materials & Interfaces,interfaces,experimental,single_junction,p-i-n,pce_champion,26.09,%,"As a result, the Co-SAMs-based PSCs achieve a power conversion efficiency (PCE) of 26.09%, and unencapsulated devices retain over 95% of their initial performance after",abstract
10.1002/ente.202502035,10.1002/ente.202502035,Energy Technology,defects,experimental,single_junction,n-i-p,pce_champion,15.63,%,The optimized device (FTO/SnO 2 /CsPb(Ba)IBr 2 /HTL/Au) achieves a power conversion efficiency of 15.63% by suppressing interface trap density to 1 × 10 9,abstract
10.1002/adfm.202530037,10.1002/adfm.202530037,Advanced Functional Materials,stability,experimental,single_junction,n-i-p,pce_champion,26.1,%,"Consequently, the optimized n‐i‐p PSCs incorporating this RP interlayer achieve a champion power conversion efficiency (PCE) of 26.10% with notably reduced hysteresis.",abstract
10.1002/adfm.75159,10.1002/adfm.75159,Advanced Functional Materials,stability,experimental,single_junction,p-i-n,pce_champion,25,%,"As a result, inverted perovskite solar cells based on Py‐4PACz achieve over 25% efficiency and exceptional operational stability, retaining >91.2% efficiency after 700 h of",abstract
10.1002/aenm.70814,10.1002/aenm.70814,Advanced Energy Materials,interfaces,experimental,single_junction,p-i-n,pce_champion,26.73,%,"Consequently, the MeS‐BPADCP based device achieved a remarkable power conversion efficiency (PCE) of 26.73% and exhibited excellent long‐term stability, while sustaining 94.2% of its initial",abstract
10.1021/acsenergylett.5c04174,10.1021/acsenergylett.5c04174,ACS Energy Letters,composition,experimental,single_junction,unknown,pce_champion,16.36,%,The resulting IPV devices achieve a power conversion efficiency (PCE) of 16.36% under 1000 lx illumination and a stability for over 3000 h under N,abstract
10.1021/acsenergylett.6c00328,10.1021/acsenergylett.6c00328,ACS Energy Letters,composition,experimental,single_junction,unknown,pce_champion,21.5,%,"Consequently, 1.77 eV perovskite solar cells achieve an average PCE increase from 18.4% to 21.2%, with a champion device reaching 21.5% and retaining >95% of",abstract
10.1038/s41467-026-69687-4,10.1038/s41467-026-69687-4,Nature Communications,stability,experimental,single_junction,unknown,pce_champion,22.6,%,Higher PCEs of 21.85% and 22.60% (certified 22.02%) were achieved for devices fabricated at a lower RH of 25% and for films spin-coated under an,abstract
10.1038/s41467-026-69687-4,10.1038/s41467-026-69687-4,Nature Communications,stability,experimental,single_junction,unknown,pce_certified,22.02,%,Higher PCEs of 21.85% and 22.60% (certified 22.02%) were achieved for devices fabricated at a lower RH of 25% and for films spin-coated under an,abstract
10.1002/pip.70101,10.1002/pip.70101,Progress in Photovoltaics Research and Applications,defects,experimental,single_junction,unknown,pce_champion,20.54,%,"Consequently, APT‐treated devices achieve significantly enhanced performance and stability, with a V OC of 1.041 V, FF of 77.78%, PCE of 20.54%, and retention of",abstract
10.1038/s41560-026-02027-4,10.1038/s41560-026-02027-4,Nature Energy,composition,experimental,single_junction,unknown,pce_champion,26.25,%,"Devices using CCI-driven FAPbI3 achieve 26.25% efficiency (25.61% certified) and retain a projected operational lifetime exceeding 20,000 h.",abstract
10.1038/s41560-026-02027-4,10.1038/s41560-026-02027-4,Nature Energy,composition,experimental,single_junction,unknown,pce_certified,25.61,%,"Devices using CCI-driven FAPbI3 achieve 26.25% efficiency (25.61% certified) and retain a projected operational lifetime exceeding 20,000 h.",abstract
10.1002/anie.3450174,10.1002/anie.3450174,Angewandte Chemie International Edition,stability,experimental,single_junction,unknown,pce_champion,26.22,%,achieving a top‐performing device with a PCE of 26.22%,abstract
10.1021/acsenergylett.5c03999,10.1021/acsenergylett.5c03999,ACS Energy Letters,stability,experimental,single_junction,unknown,pce_champion,26.06,%,These synergies enable planar PSCs to achieve 26.06% efficiency,abstract
10.1021/acsenergylett.5c03999,10.1021/acsenergylett.5c03999,ACS Energy Letters,stability,experimental,single_junction,unknown,stability_protocol,ISOS-L-3,label,,abstract
10.1021/acsnano.5c18895,10.1021/acsnano.5c18895,ACS Nano,interfaces,experimental,single_junction,p-i-n,pce_champion,26.3,%,Corresponding PSCs achieve an efficiency of 26.3%,abstract
10.1002/anie.202520159,10.1002/anie.202520159,Angewandte Chemie International Edition,defects,experimental,single_junction,unknown,pce_champion,25.57,%,ambient‐printed devices achieve champion power conversion efficiencies of 25.57% for 0.09 cm 2,abstract
10.1002/anie.202520159,10.1002/anie.202520159,Angewandte Chemie International Edition,defects,experimental,single_junction,unknown,active_area_cm2,0.09,cm2,champion power conversion efficiencies of 25.57% for 0.09 cm 2,abstract
10.1002/anie.8890696,10.1002/anie.8890696,Angewandte Chemie International Edition,defects,experimental,single_junction,p-i-n,pce_champion,26.49,%,the HTA‐treated device achieves a champion power conversion efficiency (PCE) of 26.49%,abstract
10.1002/anie.8890696,10.1002/anie.8890696,Angewandte Chemie International Edition,defects,experimental,single_junction,p-i-n,pce_certified,26.2,%,certified 26.20%,abstract
10.1021/acsaem.5c04004,10.1021/acsaem.5c04004,ACS Applied Energy Materials,interfaces,experimental,single_junction,n-i-p,pce_champion,17.13,%,demonstrates a promising power conversion efficiency (PCE) of 17.13% with minimal hysteresis,abstract
10.1002/aenm.202506762,10.1002/aenm.202506762,Advanced Energy Materials,interfaces,experimental,single_junction,unknown,pce_champion,23.5,%,achieving a champion power conversion efficiency of 23.5%,abstract
10.1002/lpor.202501531,10.1002/lpor.202501531,Laser & Photonics Review,defects,experimental,single_junction,unknown,pce_champion,24.71,%,This results in a significant power conversion efficiency (PCE) enhancement from 21.53% to 24.71%,abstract
10.1021/acsenergylett.5c04082,10.1021/acsenergylett.5c04082,ACS Energy Letters,architecture,experimental,perovskite_silicon_tandem,tandem_2T,pce_champion,31.7,%,an efficiency of 31.70% is finally achieved in tandem solar cells,abstract
10.1021/acs.jpclett.6c00402,10.1021/acs.jpclett.6c00402,The Journal of Physical Chemistry Letters,composition,experimental,single_junction,unknown,pce_champion,11.81,%,the DICY device achieved a power conversion efficiency (PCE) of 11.81%,abstract
10.1021/acsenergylett.6c00385,10.1021/acsenergylett.6c00385,ACS Energy Letters,stability,experimental,single_junction,unknown,pce_champion,15.69,%,CFB5-based devices achieve a champion efficiency of 15.69%,abstract
10.1021/acsenergylett.6c00385,10.1021/acsenergylett.6c00385,ACS Energy Letters,stability,experimental,single_junction,unknown,stability_protocol,ISOS-L-1,label,,abstract
10.1021/acsami.5c20743,10.1021/acsami.5c20743,ACS Applied Materials & Interfaces,interfaces,experimental,single_junction,p-i-n,pce_champion,25.47,%,The devices modified with D-CSA achieved a power conversion efficiency of 25.47%,abstract
10.1021/acs.nanolett.5c06029,10.1021/acs.nanolett.5c06029,Nano Letters,interfaces,experimental,single_junction,p-i-n,pce_champion,25.75,%,AC-modified devices achieve an efficiency of 25.75%,abstract
10.1021/acs.nanolett.5c06029,10.1021/acs.nanolett.5c06029,Nano Letters,interfaces,experimental,single_junction,p-i-n,t80_h,1400,h,retaining over 80% of their initial performance after 1400 h under both ambient conditions and 85 °C thermal stress in nitrogen,abstract
10.1002/adfm.202526009,10.1002/adfm.202526009,Advanced Functional Materials,architecture,experimental,all_perovskite_tandem,tandem_2T,pce_champion,31.43,%,"while monolithic perovskite/TOPCon tandems achieve 31.43%, both with markedly improved ISOS‐L‐1 and ISOS‐L‐2 stability",abstract
10.1002/adfm.202532203,10.1002/adfm.202532203,Advanced Functional Materials,architecture,scale_up,module,module,pce_champion,19.89,%,the resulting perovskite‐organic tandem module achieves a PCE of 19.89% at 16.41 cm 2 active area,abstract
10.1002/adfm.202532203,10.1002/adfm.202532203,Advanced Functional Materials,architecture,scale_up,module,module,active_area_cm2,16.41,cm2,the resulting perovskite‐organic tandem module achieves a PCE of 19.89% at 16.41 cm 2 active area,abstract
10.1038/s41467-026-70022-0,10.1038/s41467-026-70022-0,Nature Communications,stability,experimental,single_junction,p-i-n,pce_champion,26.55,%,IPSCs incorporating cross-linked fullerene composite (CFC) demonstrate an impressive efficiency of 26.55%,abstract
10.1021/acsenergylett.5c04210,10.1021/acsenergylett.5c04210,ACS Energy Letters,composition,experimental,single_junction,p-i-n,pce_champion,10.6,%,"results in a power conversion efficiency (PCE) of 10.6%, which is to date the highest for n = 2 layered perovskite solar cells",abstract
10.1002/smll.202514249,10.1002/smll.202514249,Small,interfaces,experimental,single_junction,n-i-p,pce_champion,25.38,%,the devices based on IDT‐R deliver a high power conversion efficiency (PCE) of 25.38% along with enhanced thermal stability,abstract
10.1021/acsaem.6c00562,10.1021/acsaem.6c00562,ACS Applied Energy Materials,defects,experimental,single_junction,p-i-n,pce_champion,26.41,%,the suppression of nonradiative recombination remarkably yields a device efficiency of 26.41%,abstract
10.1002/solr.70324,10.1002/solr.70324,Solar RRL,defects,experimental,single_junction,unknown,pce_champion,22.5,%,"The optimized device achieved a maximum PCE of 22.5% (0.105 cm 2 ), representing a 2.2% improvement over the best‐performing untreated device.",abstract
10.1002/solr.70324,10.1002/solr.70324,Solar RRL,defects,experimental,single_junction,unknown,active_area_cm2,0.105,cm2,The optimized device achieved a maximum PCE of 22.5% (0.105 cm 2 ),abstract
10.1002/solr.70324,10.1002/solr.70324,Solar RRL,defects,experimental,single_junction,unknown,t80_h,1200,h,retaining 80% of the initial PCE after 1200 h,abstract
10.1002/inf2.70140,10.1002/inf2.70140,InfoMat,interfaces,experimental,single_junction,p-i-n,pce_champion,26.34,%,PSCs incorporating 2DPh‐4PACz achieved a power conversion efficiency (PCE) of 26.34% (certified 25.9%),abstract
10.1002/inf2.70140,10.1002/inf2.70140,InfoMat,interfaces,experimental,single_junction,p-i-n,pce_certified,25.9,%,PSCs incorporating 2DPh‐4PACz achieved a power conversion efficiency (PCE) of 26.34% (certified 25.9%),abstract
10.1002/adma.202523630,10.1002/adma.202523630,Advanced Materials,composition,experimental,single_junction,n-i-p,pce_champion,26.52,%,the optimized FAPbI 3 ‐based PSCs achieve a record power conversion efficiency (PCE) of 26.52%—the highest value for air‐processed n‐i‐p PSCs reported so far,abstract
10.1002/solr.70310,10.1002/solr.70310,Solar RRL,interfaces,experimental,single_junction,p-i-n,pce_champion,21.04,%,PCE rises from 17.86% to 21.04% and hysteresis decreases.,abstract
10.1002/solr.70322,10.1002/solr.70322,Solar RRL,interfaces,experimental,single_junction,unknown,pce_champion,22.04,%,"of FA x MA 1‐ x PbI 3 ‐based and Cs 0.05 MA 0.1 FA 0.85 PbI 3 ‐based PSC devices reaches 20.70% and 22.04%,",abstract
10.1021/acsaem.6c00059,10.1021/acsaem.6c00059,ACS Applied Energy Materials,interfaces,experimental,single_junction,p-i-n,active_area_cm2,0.09,cm2,Various SnO 2:Nb compositions were screened on small-area devices (0.09 cm 2 ),abstract
10.1021/acsaem.6c00059,10.1021/acsaem.6c00059,ACS Applied Energy Materials,interfaces,experimental,single_junction,p-i-n,stability_protocol,ISOS-L3,label,,abstract
10.1002/aenm.202506423,10.1002/aenm.202506423,Advanced Energy Materials,interfaces,experimental,single_junction,n-i-p,pce_champion,25.29,%,PSCs incorporating 1 set a new benchmark with an efficiency of 25.29%.,abstract
10.1038/s41467-026-70848-8,10.1038/s41467-026-70848-8,Nature Communications,architecture,experimental,all_perovskite_tandem,tandem_2T,pce_champion,28.16,%,"even at 64.64 cm 2 scale, the antimony oxide-based encapsulated large-area tandem solar cell retains an efficiency of 28.16% (with a certified value of 27.70%)",abstract
10.1038/s41467-026-70848-8,10.1038/s41467-026-70848-8,Nature Communications,architecture,experimental,all_perovskite_tandem,tandem_2T,pce_certified,27.7,%,"even at 64.64 cm 2 scale, the antimony oxide-based encapsulated large-area tandem solar cell retains an efficiency of 28.16% (with a certified value of 27.70%)",abstract
10.1038/s41467-026-70848-8,10.1038/s41467-026-70848-8,Nature Communications,architecture,experimental,all_perovskite_tandem,tandem_2T,active_area_cm2,64.64,cm2,"even at 64.64 cm 2 scale, the antimony oxide-based encapsulated large-area tandem solar cell retains an efficiency of 28.16%",abstract
10.1002/smll.202514478,10.1002/smll.202514478,Small,defects,experimental,single_junction,p-i-n,pce_champion,25.63,%,the champion perovskite solar cells (PSCs) based on PzI achieve an excellent power conversion efficiency (PCE) of 25.63%,abstract
10.1002/smll.202514478,10.1002/smll.202514478,Small,defects,experimental,single_junction,p-i-n,active_area_cm2,20.25,cm2,"this strategy is successfully scaled to minimodules, delivering an efficiency of 21.51% for an active area of 20.25 cm 2",abstract
10.1002/smll.202513845,10.1002/smll.202513845,Small,defects,theory,single_junction,unknown,pce_champion,22.4,%,the device based on DHF dual interface modification achieved a photoelectric conversion efficiency (PCE) of 22.40%,abstract
10.1002/solr.202600005,10.1002/solr.202600005,Solar RRL,defects,experimental,single_junction,unknown,pce_champion,24.96,%,"This dual passivation strategy yields perovskite solar cells with a champion power conversion efficiency (PCE) of 24.96% and exceptional stability, retaining 91.5% of initial efficiency",abstract
10.1016/j.jcis.2026.140227,10.1016/j.jcis.2026.140227,Journal of Colloid and Interface Science,interfaces,experimental,single_junction,unknown,pce_champion,25.44,%,"As a result, PSCs based on this 0D-2D composite ETL achieved a champion power conversion efficiency of 25.44% with improved stability.",abstract
10.1002/advs.202524338,10.1002/advs.202524338,Advanced Science,interfaces,experimental,single_junction,p-i-n,pce_champion,21.65,%,"The superior performance of MQPPO-incorporated devices was reflected in their power conversion efficiency (PCE), achieving 21.65% under 1 sun illumination.",abstract
10.1002/advs.202524338,10.1002/advs.202524338,Advanced Science,interfaces,experimental,single_junction,p-i-n,t80_h,1440,h,"MQPPO-based PSCs demonstrated exceptional long-term stability, maintaining over 80% of their initial efficiency after 1440 h.",abstract
10.1002/adfm.202532205,10.1002/adfm.202532205,Advanced Functional Materials,scale_up,experimental,module,module,active_area_cm2,900,cm2,"A 5 × 5 perovskite platform reaches a decimeter‐scale footprint (∼900 cm 2 ), conformally deploys on dome‐like surfaces, and preserves photovoltaic I – V",abstract
10.1038/s41467-026-70293-7,10.1038/s41467-026-70293-7,Nature Communications,interfaces,experimental,single_junction,unknown,pce_stabilised,26,%,"This dual reinforcement improves robustness and performance, achieving stabilized efficiencies of 26% under standard solar illumination.",abstract
10.1021/acsaem.6c00375,10.1021/acsaem.6c00375,ACS Applied Energy Materials,interfaces,experimental,single_junction,p-i-n,pce_champion,20.69,%,"The resultant p-i-n devices deliver champion power conversion efficiencies (PCEs) of 20.69% for 0.148 cm 2 and 19.70% for 1 cm 2, with excellent uniformity",abstract
10.1021/acsaem.6c00375,10.1021/acsaem.6c00375,ACS Applied Energy Materials,interfaces,experimental,single_junction,p-i-n,active_area_cm2,0.148,cm2,"The resultant p-i-n devices deliver champion power conversion efficiencies (PCEs) of 20.69% for 0.148 cm 2 and 19.70% for 1 cm 2, with excellent uniformity",abstract
10.1002/anie.5296449,10.1002/anie.5296449,Angewandte Chemie International Edition,architecture,experimental,single_junction,unknown,pce_champion,15.42,%,"Consequently, a champion efficiency of 15.42% for all‐air‐processed carbon‐based all‐inorganic CsPbI 2 Br cell is achieved, one cutting‐edge value among congeneric devices, with excellent reproducibility",abstract
10.1002/pip.70077,10.1002/pip.70077,Progress in Photovoltaics Research and Applications,stability,experimental,all_perovskite_tandem,tandem_4T,pce_champion,21.87,%,The resulting ST‐PSCs achieved a record power conversion efficiency (PCE) of 21.87%.,abstract
10.1002/pip.70077,10.1002/pip.70077,Progress in Photovoltaics Research and Applications,stability,experimental,all_perovskite_tandem,tandem_4T,t80_h,1600,h,achieving a T 80 of 1600 h during continuous light soaking (ISOS‐L‐1) and maintaining performance for over 4000 h in outdoor conditions (ISOS‐O‐3) through an,abstract
10.1002/anie.8473744,10.1002/anie.8473744,Angewandte Chemie International Edition,interfaces,experimental,single_junction,p-i-n,pce_champion,26.88,%,"we achieved high power conversion efficiency (PCE) of 26.88% and 21.87% for PSCs based on 1.53 and 1.72 eV perovskites, respectively",abstract
10.1038/s41467-026-70697-5,10.1038/s41467-026-70697-5,Nature Communications,composition,experimental,single_junction,p-i-n,pce_champion,26.5,%,"Resulting devices show high efficiency of 26.5% with good cycling stability, retaining 95.7% of initial efficiency after MPP tracking for 1,800 h under day-night cycling",abstract
10.1002/anie.2660254,10.1002/anie.2660254,Angewandte Chemie International Edition,composition,experimental,single_junction,n-i-p,pce_champion,25.47,%,"PyTPA-10C, featuring an even-carbon decyl chain as a dopant-free HTMs in n-i-p structured PSCs, achieves a champion power conversion efficiency (PCE) of 25.47%",abstract
10.1002/solr.202600009,10.1002/solr.202600009,Solar RRL,interfaces,theory,single_junction,none,pce_champion,18.11,%,peak power conversion efficiency (PCE) of 18.11% achieved at a hole transport layer (HTL) thickness of 205 nm,abstract
10.1002/eem2.70329,10.1002/eem2.70329,Energy & environment materials,defects,experimental,single_junction,unknown,pce_champion,20.8,%,The resulting wide‐bandgap perovskite solar cells with a 1.79 eV bandgap delivered a power conversion efficiency of 20.80%,abstract
10.1002/eem2.70329,10.1002/eem2.70329,Energy & environment materials,defects,experimental,single_junction,unknown,t80_h,800,h,maintaining 80% of their initial efficiency after 800 hours of continuous operation,abstract
10.1002/eem2.70329,10.1002/eem2.70329,Energy & environment materials,defects,experimental,single_junction,unknown,stability_protocol,continuous operation,label,,abstract
10.1002/flm2.70045,10.1002/flm2.70045,FlexMat.,architecture,experimental,module,module,pce_champion,27.5,%,they achieve a 27.5% PCE in flexible all‐perovskite tandem cells (active area of 0.049 cm 2 ),abstract
10.1002/flm2.70045,10.1002/flm2.70045,FlexMat.,architecture,experimental,module,module,pce_certified,23.0,%,a certified 23.0% efficiency in large‐area modules (aperture area of 20.26 cm 2 ),abstract
10.1002/flm2.70045,10.1002/flm2.70045,FlexMat.,architecture,experimental,module,module,active_area_cm2,0.049,cm2,flexible all‐perovskite tandem cells (active area of 0.049 cm 2 ),abstract
10.1002/smll.202512864,10.1002/smll.202512864,Small,defects,experimental,single_junction,unknown,pce_champion,19.5,%,"achieving champion power conversion efficiencies of ∼19.5%, outperforming both undoped devices (17.75%) and pyrene‐free COF controls",abstract
10.1021/acsami.6c00384,10.1021/acsami.6c00384,ACS Applied Materials & Interfaces,defects,experimental,single_junction,p-i-n,pce_champion,20.7,%,inverted-structure perovskite solar cells show a notable efficiency boost from 18.17% to 20.70% (0.148 cm 2 ),abstract
10.1021/acsami.6c00384,10.1021/acsami.6c00384,ACS Applied Materials & Interfaces,defects,experimental,single_junction,p-i-n,active_area_cm2,0.148,cm2,inverted-structure perovskite solar cells show a notable efficiency boost from 18.17% to 20.70% (0.148 cm 2 ),abstract
10.1002/advs.202524311,10.1002/advs.202524311,Advanced Science,defects,experimental,single_junction,unknown,pce_champion,25.54,%,the resulting TFBZ‐based 1D/3D hybrid PSCs achieve a power conversion efficiency of 25.54%,abstract
10.1021/acsami.5c24915,10.1021/acsami.5c24915,ACS Applied Materials & Interfaces,composition,experimental,single_junction,unknown,pce_champion,25.04,%,the optimized devices achieve a power conversion efficiency of 25.04%,abstract
10.1021/acsaem.5c04098,10.1021/acsaem.5c04098,ACS Applied Energy Materials,composition,experimental,single_junction,unknown,pce_champion,17.07,%,ES post-treatment yields a champion PCE of 17.07% for carbon-based CsPbI 3 solar cells,abstract
10.1021/acsaem.5c04098,10.1021/acsaem.5c04098,ACS Applied Energy Materials,composition,experimental,single_junction,unknown,t80_h,1360,h,which retains 80% of the initial PCE after 1360 h at 20% RH,abstract
10.1002/solr.202600003,10.1002/solr.202600003,Solar RRL,scale_up,experimental,single_junction,unknown,pce_champion,16.5,%,PSCs utilizing these giant‐domain films achieved a power conversion efficiency of 16.5%,abstract
10.1016/j.mtsust.2026.101347,10.1016/j.mtsust.2026.101347,Materials Today Sustainability,scale_up,scale_up,single_junction,unknown,pce_champion,21.64,%,The spray-based-1D/3D devices achieved an impressive PCE of 21.64%,abstract
10.1002/adom.202503341,10.1002/adom.202503341,Advanced Optical Materials,scale_up,review,perovskite_silicon_tandem,tandem_2T,pce_certified,34.85,%,with certified power conversion efficiencies (PCEs) reaching 34.85%,abstract
10.1063/5.0297564,10.1063/5.0297564,Applied Physics Letters,scale_up,scale_up,module,unknown,pce_champion,23.43,%,enhancing power conversion efficiency (PCE) from 20.18% to 23.43%,abstract
10.48550/arxiv.2603.21657,10.48550/arxiv.2603.21657,arXiv (Cornell University),interfaces,scale_up,single_junction,unknown,pce_champion,23.67,%,setting an impressive PCE of 23.67% for eSAM-based devices with solution-processed perovskites,abstract
10.48550/arxiv.2603.21657,10.48550/arxiv.2603.21657,arXiv (Cornell University),interfaces,scale_up,single_junction,unknown,active_area_cm2,0.108,cm2,"delivering impressive power conversion efficiencies (PCEs) of 21.46% (small-area, 0.108 cm2) and 19.38% (large-area module, 15.52 cm2) for fully vacuum-evaporated devices",abstract
10.1002/adma.202520577,10.1002/adma.202520577,Advanced Materials,interfaces,review,single_junction,n-i-p,pce_champion,26.2,%,the BTBACl‐modified n‐i‐p PSCs achieve a champion power conversion efficiency (PCE) of 26.20%,abstract
10.1002/aenm.202505717,10.1002/aenm.202505717,Advanced Energy Materials,interfaces,experimental,single_junction,n-i-p,pce_champion,19.81,%,the optimized 3‐ATP‐modified device achieves a PCE of 19.81%,abstract
10.1002/aenm.70910,10.1002/aenm.70910,Advanced Energy Materials,interfaces,experimental,all_perovskite_tandem,tandem_2T,pce_champion,28.67,%,This strategy also enables a two‐terminal all‐perovskite tandem solar cell with a remarkable PCE of 28.67%,abstract
10.1002/smll.73319,10.1002/smll.73319,Small,defects,experimental,single_junction,n-i-p,pce_champion,25.32,%,the target NTANa‐modified PSCs deliver a markedly increased power conversion efficiency (PCE) of 25.32% with a high fill factor of 0.84,abstract
10.1002/smll.73404,10.1002/smll.73404,Small,defects,theory,all_perovskite_tandem,tandem_4T,pce_champion,23.69,%,inverted‐structure 1.68 eV WBG perovskite solar cells achieved a champion power conversion efficiency (PCE) of 23.69% with an exceptional fill factor of 84.98%,abstract
10.1002/advs.202524360,10.1002/advs.202524360,Advanced Science,defects,experimental,single_junction,n-i-p,pce_champion,25.13,%,PSCs incorporating F‐doped TiO 2 achieve PCEs of 25.13% under one‐sun illumination,abstract
10.1002/advs.202524360,10.1002/advs.202524360,Advanced Science,defects,experimental,single_junction,n-i-p,t80_h,2000,h,Unencapsulated devices retain 80% of their initial efficiency after 2000 h of ambient storage,abstract
10.1038/s41467-026-72099-z,10.1038/s41467-026-72099-z,Nature Communications,stability,experimental,all_perovskite_tandem,tandem_4T,pce_certified,21.54,%,"a certified efficiency of 21.54% was obtained, which is the highest reported for this type of tandem cells",abstract
10.1038/s41467-026-72099-z,10.1038/s41467-026-72099-z,Nature Communications,stability,experimental,all_perovskite_tandem,tandem_4T,t80_h,1210,h,maintaining 80% of the initial PCE (T80) after operating for 1210 hours at 65 °C and 650 hours at 85 °C (ISOS-L-2),abstract
10.1038/s41467-026-72099-z,10.1038/s41467-026-72099-z,Nature Communications,stability,experimental,all_perovskite_tandem,tandem_4T,stability_protocol,ISOS-L-2,label,,abstract
10.1002/aenm.70966,10.1002/aenm.70966,Advanced Energy Materials,interfaces,experimental,single_junction,p-i-n,pce_champion,26.78,%,the A‐Ti 3 C 2 T x ‐based IPSC demonstrates an outstanding efficiency of up to 26.78% (certified 26.44%) for 0.08 cm 2,abstract
10.1002/aenm.70966,10.1002/aenm.70966,Advanced Energy Materials,interfaces,experimental,single_junction,p-i-n,pce_certified,26.44,%,an outstanding efficiency of up to 26.78% (certified 26.44%) for 0.08 cm 2,abstract
10.1002/aenm.70966,10.1002/aenm.70966,Advanced Energy Materials,interfaces,experimental,single_junction,p-i-n,active_area_cm2,0.08,cm2,demonstrates an outstanding efficiency of up to 26.78% (certified 26.44%) for 0.08 cm 2,abstract
10.1021/acsenergylett.5c03637,10.1021/acsenergylett.5c03637,ACS Energy Letters,interfaces,experimental,single_junction,p-i-n,pce_champion,25.65,%,"power conversion efficiencies (PCEs) of 24.48%, 25.65%, and 22.60% for triple cation PSCs with bandgaps of 1.61, 1.58, and 1.68 eV",abstract
10.1021/acsami.6c02481,10.1021/acsami.6c02481,ACS Applied Materials & Interfaces,defects,experimental,single_junction,unknown,pce_champion,15.23,%,the optimized CsPbI 3 perovskite solar cells achieve a power conversion efficiency of 15.23%,abstract
10.1002/anie.7579788,10.1002/anie.7579788,Angewandte Chemie International Edition,defects,experimental,single_junction,p-i-n,pce_champion,26.12,%,The resulting inverted perovskite solar cells achieved a high efficiency of 26.12%,abstract
10.1002/adma.73038,10.1002/adma.73038,Advanced Materials,defects,experimental,all_perovskite_tandem,tandem_2T,pce_champion,29.36,%,we demonstrated a champion efficiency of 29.36% (certified 28.57%) for APTSCs,abstract
10.1002/adma.73038,10.1002/adma.73038,Advanced Materials,defects,experimental,all_perovskite_tandem,tandem_2T,pce_certified,28.57,%,we demonstrated a champion efficiency of 29.36% (certified 28.57%) for APTSCs,abstract
10.1002/aenm.70902,10.1002/aenm.70902,Advanced Energy Materials,defects,experimental,perovskite_silicon_tandem,tandem_2T,pce_champion,31.66,%,a two‐terminal perovskite‐silicon tandem solar cell delivers an efficiency of 31.66%,abstract
10.1038/s41467-026-72160-x,10.1038/s41467-026-72160-x,Nature Communications,architecture,experimental,perovskite_silicon_tandem,tandem_2T,pce_champion,33.4,%,"The corresponding perovskite-silicon tandem solar cells achieve a champion PCE of 33.40% (certified 32.45% at National Renewable Energy Laboratory, NREL)",abstract
10.1038/s41467-026-72160-x,10.1038/s41467-026-72160-x,Nature Communications,architecture,experimental,perovskite_silicon_tandem,tandem_2T,pce_certified,32.45,%,"The corresponding perovskite-silicon tandem solar cells achieve a champion PCE of 33.40% (certified 32.45% at National Renewable Energy Laboratory, NREL)",abstract
10.1002/aenm.71005,10.1002/aenm.71005,Advanced Energy Materials,interfaces,experimental,single_junction,p-i-n,pce_champion,26.62,%,we report a laboratory‐measured power conversion efficiency (PCE) of 26.62%,abstract
10.1002/adfm.75412,10.1002/adfm.75412,Advanced Functional Materials,defects,experimental,single_junction,n-i-p,pce_champion,26.02,%,"the 2OBCz‐controlled device achieved a champion power conversion efficiency (PCE) of 26.02%, compared to 24.00% for the control device",abstract
10.20517/energymater.2025.183,10.20517/energymater.2025.183,Energy Materials,interfaces,experimental,single_junction,n-i-p,pce_champion,24.18,%,the DBA-modified device achieves a champion PCE of 24.18%,abstract
10.1002/adma.202522668,10.1002/adma.202522668,Advanced Materials,defects,experimental,all_perovskite_tandem,tandem_2T,pce_champion,29.3,%,"the treated cells yield remarkable PCEs of 29.2% (Cl‐salt) and 29.3% (F‐salt), and maintain 87% of the initial PCE after maximum power point tracking (MPP)",abstract
10.1002/smll.73436,10.1002/smll.73436,Small,defects,experimental,single_junction,p-i-n,pce_champion,26.47,%,champion PCEs of 25.47% (n‐i‐p) and 26.47% (p‐i‐n),abstract
10.1002/adma.73036,10.1002/adma.73036,Advanced Materials,stability,experimental,single_junction,p-i-n,pce_champion,26.17,%,the small‐area cell (4 mm 2 ) achieved a high efficiency of 26.17%,abstract
10.1002/adma.73036,10.1002/adma.73036,Advanced Materials,stability,experimental,single_junction,p-i-n,active_area_cm2,4,cm2,the small‐area cell (4 mm 2 ) achieved a high efficiency of 26.17%,abstract
10.1002/aenm.70922,10.1002/aenm.70922,Advanced Energy Materials,interfaces,experimental,single_junction,p-i-n,pce_champion,24.08,%,The devices fabricated based on this synergistic strategy achieved a power conversion efficiency (PCE) of 24.08%.,abstract
10.1002/adma.73011,10.1002/adma.73011,Advanced Materials,architecture,experimental,all_perovskite_tandem,tandem_2T,pce_champion,28.76,%,"When integrated into APTSCs, a champion PCE of 28.76% (certified 27.99%) is attained.",abstract
10.1002/adma.73011,10.1002/adma.73011,Advanced Materials,architecture,experimental,all_perovskite_tandem,tandem_2T,pce_certified,27.99,%,"When integrated into APTSCs, a champion PCE of 28.76% (certified 27.99%) is attained.",abstract
10.1002/adma.202520251,10.1002/adma.202520251,Advanced Materials,interfaces,experimental,single_junction,p-i-n,pce_champion,26.61,%,the inverted PSCs modified with TzTzI achieved an exceptional power conversion efficiency (PCE) of 26.61% with a high open‐circuit voltage ( V oc ) of,abstract
10.1002/adma.202520251,10.1002/adma.202520251,Advanced Materials,interfaces,experimental,single_junction,p-i-n,stability_protocol,ISOS,label,,abstract
10.1002/adfm.202529123,10.1002/adfm.202529123,Advanced Functional Materials,defects,scale_up,single_junction,unknown,pce_champion,25.56,%,delivers a remarkable power conversion efficiency (PCE) of 25.56% for a small‐area device (0.09 cm 2 ),abstract
10.1002/adfm.202529123,10.1002/adfm.202529123,Advanced Functional Materials,defects,scale_up,single_junction,unknown,active_area_cm2,0.09,cm2,delivers a remarkable power conversion efficiency (PCE) of 25.56% for a small‐area device (0.09 cm 2 ),abstract
10.1002/adfm.75370,10.1002/adfm.75370,Advanced Functional Materials,defects,experimental,single_junction,n-i-p,pce_champion,26.25,%,"the rigid and flexible n‐i‐p perovskite solar cells fabricated based on this strategy achieved power conversion efficiencies (PCE) of 26.25% and 24.80%, respectively",abstract
10.1002/adfm.202530317,10.1002/adfm.202530317,Advanced Functional Materials,defects,experimental,single_junction,p-i-n,pce_champion,26.44,%,Implementation of the MV interlayer yields a champion PCE of 26.44% with a V OC of 1.167 V and a fill factor of 85%,abstract
10.1002/adfm.202527584,10.1002/adfm.202527584,Advanced Functional Materials,defects,experimental,single_junction,p-i-n,pce_champion,25.7,%,p‐i‐n type PSCs achieved a power conversion efficiency (PCE) of 25.7% (steady‐state output of 25.5%),abstract
10.1002/adfm.202527584,10.1002/adfm.202527584,Advanced Functional Materials,defects,experimental,single_junction,p-i-n,pce_stabilised,25.5,%,p‐i‐n type PSCs achieved a power conversion efficiency (PCE) of 25.7% (steady‐state output of 25.5%),abstract
10.1002/adfm.202527584,10.1002/adfm.202527584,Advanced Functional Materials,defects,experimental,single_junction,p-i-n,t80_h,2000,h,"the photovoltaic devices still maintained more than 85% of their initial efficiency for 1200 h, and 80% for over 2000 h",abstract
10.1002/adfm.202527584,10.1002/adfm.202527584,Advanced Functional Materials,defects,experimental,single_junction,p-i-n,stability_protocol,85°C/85% relative humidity (R.H.),label,,abstract
10.1002/adma.202523276,10.1002/adma.202523276,Advanced Materials,defects,theory,single_junction,unknown,pce_champion,18.68,%,"Under AM 1.5G conditions, it achieves 18.68% PCE, making it suitable for hybrid lighting environments",abstract
10.1002/solr.70344,10.1002/solr.70344,Solar RRL,defects,experimental,single_junction,n-i-p,pce_champion,22.45,%,"the PSCs modified with 2PACz exhibit a notable efficiency enhancement, rising from 19.17% to 22.45%",abstract
10.1002/solr.70351,10.1002/solr.70351,Solar RRL,defects,experimental,single_junction,unknown,pce_champion,23.75,%,"the champion device incorporated with 7‐DCCA achieved a power conversion efficiency (PCE) of 23.75%, outperforming the control device (21.84%)",abstract
10.1002/smll.73566,10.1002/smll.73566,Small,defects,experimental,single_junction,n-i-p,pce_champion,11.55,%,"achieving a power conversion efficiency of 11.55% and an open‐circuit voltage of 1.04 V, compared to 9.41% for pristine MAPI",abstract
10.1007/s40820-026-02190-z,10.1007/s40820-026-02190-z,Nano-Micro Letters,defects,experimental,single_junction,p-i-n,pce_champion,25.8,%,The resulting inverted PSCs achieved a champion power conversion efficiency of 25.8% and retained 85% of the initial performance after 1000 h of maximum power,abstract
10.1002/aenm.70991,10.1002/aenm.70991,Advanced Energy Materials,interfaces,experimental,single_junction,n-i-p,pce_champion,26.1,%,"the champion power conversion efficiency (PCE) increases from 24.44% to 26.10%, with an improved open‐circuit ( V OC ) from 1.156 to 1.196 V and",abstract
10.1021/acsenergylett.6c00507,10.1021/acsenergylett.6c00507,ACS Energy Letters,interfaces,review,single_junction,n-i-p,pce_champion,24.1,%,The resulting KBrO 3 -treated device achieved a power conversion efficiency (PCE) of 24.10% with respect to 21.21% of that of the control sample,abstract
10.1021/acsenergylett.6c00507,10.1021/acsenergylett.6c00507,ACS Energy Letters,interfaces,review,single_junction,n-i-p,stability_protocol,ISOS-L-1,label,,abstract
10.1002/adfm.75395,10.1002/adfm.75395,Advanced Functional Materials,stability,experimental,all_perovskite_tandem,tandem_2T,pce_champion,28.24,%,monolithic all‐perovskite tandems reach a PCE of 28.24%,abstract
10.1002/adma.73106,10.1002/adma.73106,Advanced Materials,stability,experimental,perovskite_silicon_tandem,tandem_2T,pce_champion,34.02,%,ZF6-based double-junction perovskite/silicon TSCs achieve a reverse-scan power conversion efficiency (PCE) of 34.02%,abstract
10.1002/adma.73106,10.1002/adma.73106,Advanced Materials,stability,experimental,perovskite_silicon_tandem,tandem_2T,pce_certified,32.81,%,ZF6-based double-junction perovskite/silicon TSCs achieve a reverse-scan power conversion efficiency (PCE) of 34.02% (certified 32.81% at NREL),abstract
10.1002/anie.5905435,10.1002/anie.5905435,Angewandte Chemie International Edition,interfaces,experimental,all_perovskite_tandem,tandem_2T,pce_champion,26.63,%,the resulting device delivers an exceptional PCE of 26.63% (certified at 26.09%),abstract
10.1002/anie.5905435,10.1002/anie.5905435,Angewandte Chemie International Edition,interfaces,experimental,all_perovskite_tandem,tandem_2T,pce_certified,26.09,%,the resulting device delivers an exceptional PCE of 26.63% (certified at 26.09%),abstract
10.1002/adfm.75548,10.1002/adfm.75548,Advanced Functional Materials,interfaces,experimental,single_junction,none,pce_champion,21.5,%,SA and SG improve the device power conversion efficiencies to 19.84% and 21.50% from 18.02%.,abstract
10.1038/s41467-026-72115-2,10.1038/s41467-026-72115-2,Nature Communications,stability,experimental,single_junction,p-i-n,pce_champion,26.84,%,These enhancements enable PSCs to achieve an efficiency of 26.84% (certified value of 26.79%) with a high fill factor of 86.61%.,abstract
10.1038/s41467-026-72115-2,10.1038/s41467-026-72115-2,Nature Communications,stability,experimental,single_junction,p-i-n,pce_certified,26.79,%,These enhancements enable PSCs to achieve an efficiency of 26.84% (certified value of 26.79%) with a high fill factor of 86.61%.,abstract
10.1038/s41467-026-72115-2,10.1038/s41467-026-72115-2,Nature Communications,stability,experimental,single_junction,p-i-n,stability_protocol,ISOS-L-1,label,,abstract
10.1002/smll.73517,10.1002/smll.73517,Small,interfaces,experimental,single_junction,p-i-n,pce_champion,25.39,%,the fabricated inverted devices achieved a power conversion efficiency of 25.39%,abstract
10.1002/adma.73056,10.1002/adma.73056,Advanced Materials,stability,scale_up,single_junction,unknown,pce_champion,25.63,%,This approach enhances device performance with an efficiency up to 25.63% and a module efficiency of 19.62%.,abstract
10.1021/acsami.6c00997,10.1021/acsami.6c00997,ACS Applied Materials & Interfaces,interfaces,experimental,single_junction,n-i-p,pce_champion,24.22,%,"the HOSA-modified devices achieve a champion PCE of 24.22%, surpassing the reference cells (22.34%)",abstract
10.1038/s41565-026-02165-6,10.1038/s41565-026-02165-6,Nature Nanotechnology,architecture,experimental,all_perovskite_tandem,tandem_2T,pce_champion,30.3,%,"Monolithic two-terminal tandems achieve an efficiency of 30.3% (certified, 30.3%)",abstract
10.1038/s41565-026-02165-6,10.1038/s41565-026-02165-6,Nature Nanotechnology,architecture,experimental,all_perovskite_tandem,tandem_2T,pce_certified,30.3,%,"Monolithic two-terminal tandems achieve an efficiency of 30.3% (certified, 30.3%)",abstract
10.1002/adfm.75311,10.1002/adfm.75311,Advanced Functional Materials,architecture,experimental,perovskite_silicon_tandem,tandem_2T,pce_champion,31.8,%,a power conversion efficiency of 31.80 % was achieved,abstract
10.1002/anie.202525625,10.1002/anie.202525625,Angewandte Chemie International Edition,interfaces,experimental,single_junction,p-i-n,pce_champion,25.54,%,yielding a champion efficiency of 25.54% (certified at 25.36%),abstract
10.1002/anie.202525625,10.1002/anie.202525625,Angewandte Chemie International Edition,interfaces,experimental,single_junction,p-i-n,pce_certified,25.36,%,certified at 25.36%,abstract
10.1002/anie.202525625,10.1002/anie.202525625,Angewandte Chemie International Edition,interfaces,experimental,single_junction,p-i-n,stability_protocol,ISOS‐L‐2,label,,abstract
10.1002/adma.72986,10.1002/adma.72986,Advanced Materials,architecture,experimental,all_perovskite_tandem,tandem_2T,pce_champion,26.75,%,an exceptional efficiency of 26.75% is achieved for POTSCs (0.09 cm 2 ) based on 1.85 eV perovskite sub‐cells,abstract
10.1002/adma.72986,10.1002/adma.72986,Advanced Materials,architecture,experimental,all_perovskite_tandem,tandem_2T,active_area_cm2,0.09,cm2,an exceptional efficiency of 26.75% is achieved for POTSCs (0.09 cm 2 ),abstract
10.1002/anie.9286497,10.1002/anie.9286497,Angewandte Chemie International Edition,stability,scale_up,module,p-i-n,pce_champion,26.87,%,NMePS‐modified devices achieve efficiencies of 26.87% (0.045 cm 2 ) and 25.06% (1.00 cm 2 ),abstract
10.1002/anie.9286497,10.1002/anie.9286497,Angewandte Chemie International Edition,stability,scale_up,module,p-i-n,active_area_cm2,0.045,cm2,NMePS‐modified devices achieve efficiencies of 26.87% (0.045 cm 2 ),abstract
10.1002/anie.9286497,10.1002/anie.9286497,Angewandte Chemie International Edition,stability,scale_up,module,p-i-n,t80_h,500,h,"thermal stability ( T 80 > 500 h, 85°C)",abstract
10.1021/acsami.6c03928,10.1021/acsami.6c03928,ACS Applied Materials & Interfaces,defects,experimental,single_junction,p-i-n,pce_champion,24.6,%,PSCs treated with PDAI/4TF deliver a champion PCE of 24.6%,abstract
10.1002/adma.73161,10.1002/adma.73161,Advanced Materials,stability,experimental,single_junction,n-i-p,pce_champion,26.33,%,"yield a record‐breaking power conversion efficiency (PCE) of 26.33%, certified at 26.29%",abstract
10.1002/adma.73161,10.1002/adma.73161,Advanced Materials,stability,experimental,single_junction,n-i-p,pce_certified,26.29,%,certified at 26.29%,abstract
10.1002/adma.73161,10.1002/adma.73161,Advanced Materials,stability,experimental,single_junction,n-i-p,stability_protocol,ISOS‐L‐3,label,,abstract
10.1038/s41467-026-72272-4,10.1038/s41467-026-72272-4,Nature Communications,defects,experimental,single_junction,unknown,pce_certified,11.22,%,achieve a certified power conversion efficiency of 11.22% and a short-circuit current of ~ 34 mA cm -2 under AM 1.5 G illumination (aperture area:,abstract
10.1038/s41467-026-72272-4,10.1038/s41467-026-72272-4,Nature Communications,defects,experimental,single_junction,unknown,active_area_cm2,0.022,cm2,under AM 1.5 G illumination (aperture area: 0.022 cm 2 ),abstract
10.1002/smll.73439,10.1002/smll.73439,Small,defects,experimental,single_junction,unknown,pce_stabilised,18.4,%,1.83‐eV WBG PSCs incorporating ILSCN achieve a significantly improved V OC of 1.35 V and a stabilized power conversion efficiency (PCE) of 18.4%,abstract
10.1002/solr.70342,10.1002/solr.70342,Solar RRL,defects,experimental,single_junction,n-i-p,pce_champion,25.79,%,"The modified devices, fabricated in air, achieve a champion efficiency of 25.79%.",abstract
10.1021/acs.jpclett.6c00826,10.1021/acs.jpclett.6c00826,The Journal of Physical Chemistry Letters,interfaces,experimental,single_junction,p-i-n,pce_champion,26.13,%,SPA-based inverted PSCs achieve a champion power conversion efficiency (PCE) of 26.13% alongside a remarkable fill factor of 85.87%,abstract
10.1021/acs.jpclett.6c00826,10.1021/acs.jpclett.6c00826,The Journal of Physical Chemistry Letters,interfaces,experimental,single_junction,p-i-n,t80_h,460,h,unencapsulated devices maintained over 80% of their initial PCE for ∼460 h under continuous AM 1.5G illumination at ∼65 °C under open-circuit conditions,abstract
10.1002/aenm.70945,10.1002/aenm.70945,Advanced Energy Materials,architecture,experimental,all_perovskite_tandem,tandem_2T,pce_champion,26.06,%,further enables a champion PCE of 26.06% for perovskite/organic TSCs,abstract
10.1002/aenm.70925,10.1002/aenm.70925,Advanced Energy Materials,stability,experimental,single_junction,p-i-n,pce_champion,26.87,%,the devices based on AAH‐mediated SAMs delivered a champion PCE of 26.87% (certified at 26.33%) on a 0.058 cm 2 area and 25.90% on a,abstract
10.1002/aenm.70925,10.1002/aenm.70925,Advanced Energy Materials,stability,experimental,single_junction,p-i-n,pce_certified,26.33,%,the devices based on AAH‐mediated SAMs delivered a champion PCE of 26.87% (certified at 26.33%) on a 0.058 cm 2 area and 25.90% on a,abstract
10.1002/aenm.70925,10.1002/aenm.70925,Advanced Energy Materials,stability,experimental,single_junction,p-i-n,active_area_cm2,0.058,cm2,the devices based on AAH‐mediated SAMs delivered a champion PCE of 26.87% (certified at 26.33%) on a 0.058 cm 2 area and 25.90% on a,abstract
10.1002/anie.3596437,10.1002/anie.3596437,Angewandte Chemie International Edition,interfaces,scale_up,single_junction,p-i-n,pce_champion,27.05,%,the champion device (aperture area: 0.09 cm 2 ) achieves a remarkable PCE of 27.05% with a high open‑circuit voltage of 1.186 V and a,abstract
10.1002/anie.3596437,10.1002/anie.3596437,Angewandte Chemie International Edition,interfaces,scale_up,single_junction,p-i-n,active_area_cm2,0.09,cm2,the champion device (aperture area: 0.09 cm 2 ) achieves a remarkable PCE of 27.05% with a high open‑circuit voltage of 1.186 V and a,abstract
10.1021/acssuschemeng.5c13860,10.1021/acssuschemeng.5c13860,ACS Sustainable Chemistry & Engineering,interfaces,experimental,single_junction,p-i-n,pce_champion,26.31,%,The optimized PSCs achieve a power conversion efficiency of 26.31% with a fill factor (FF) of 85.97%.,abstract
10.1002/adfm.75347,10.1002/adfm.75347,Advanced Functional Materials,interfaces,experimental,single_junction,n-i-p,pce_champion,26.13,%,"we achieve champion power conversion efficiency (PCE) of 26.13% (rigid) and 25.37% (flexible), along with significantly improved device stability (Active area: 0.048 cm 2 )",abstract
10.1002/adfm.75347,10.1002/adfm.75347,Advanced Functional Materials,interfaces,experimental,single_junction,n-i-p,active_area_cm2,0.048,cm2,"we achieve champion power conversion efficiency (PCE) of 26.13% (rigid) and 25.37% (flexible), along with significantly improved device stability (Active area: 0.048 cm 2 )",abstract
10.1002/adfm.75435,10.1002/adfm.75435,Advanced Functional Materials,interfaces,experimental,single_junction,p-i-n,pce_champion,26.32,%,p–i–n PSCs fabricated using this interface engineering approach achieved a power conversion efficiency (PCE) of 26.32% and demonstrated excellent stability under continuous maximum power point,abstract
10.1002/adma.73221,10.1002/adma.73221,Advanced Materials,stability,experimental,single_junction,unknown,pce_champion,22.06,%,achieving 22.06% PCE in 1-square-centimeter blade-coated devices and retaining 95% of initial efficiency after 2000 h of maximum-power point tracking and 91% after 1000 h,abstract
10.1002/adma.73221,10.1002/adma.73221,Advanced Materials,stability,experimental,single_junction,unknown,active_area_cm2,1,cm2,achieving 22.06% PCE in 1-square-centimeter blade-coated devices and retaining 95% of initial efficiency after 2000 h of maximum-power point tracking and 91% after 1000 h,abstract
10.1038/s41467-026-72094-4,10.1038/s41467-026-72094-4,Nature Communications,architecture,experimental,all_perovskite_tandem,tandem_4T,pce_champion,31.04,%,corresponding to a four-terminal perovskite/silicon tandem solar cells with an efficiency of 31.04% (1.0 cm2),abstract
10.1038/s41467-026-72094-4,10.1038/s41467-026-72094-4,Nature Communications,architecture,experimental,all_perovskite_tandem,tandem_4T,active_area_cm2,1.0,cm2,corresponding to a four-terminal perovskite/silicon tandem solar cells with an efficiency of 31.04% (1.0 cm2),abstract
10.1002/aenm.70939,10.1002/aenm.70939,Advanced Energy Materials,composition,experimental,single_junction,unknown,pce_champion,23.39,%,we fabricate perovskite solar cells that achieve a power conversion efficiency of 23.39% and a high open‐circuit voltage ( V OC ) of 1.14 V,abstract
10.1002/smll.202512808,10.1002/smll.202512808,Small,interfaces,theory,single_junction,unknown,pce_champion,35.54,%,achieving 35.54% under indoor LED illumination and 20.28% under standard one sun conditions,abstract
10.1038/s41467-026-71845-7,10.1038/s41467-026-71845-7,Nature Communications,stability,experimental,single_junction,unknown,pce_champion,27.21,%,This enables photovoltaic devices with a certified power conversion efficiency of 27.02% (laboratory 27.21%).,abstract
10.1038/s41467-026-71845-7,10.1038/s41467-026-71845-7,Nature Communications,stability,experimental,single_junction,unknown,pce_certified,27.02,%,This enables photovoltaic devices with a certified power conversion efficiency of 27.02% (laboratory 27.21%).,abstract
10.1038/s41467-026-71845-7,10.1038/s41467-026-71845-7,Nature Communications,stability,experimental,single_junction,unknown,stability_protocol,ISOS-L-2I,label,,abstract
10.1038/s41467-026-72097-1,10.1038/s41467-026-72097-1,Nature Communications,stability,experimental,single_junction,p-i-n,pce_certified,27.03,%,The optimized inverted devices based on this synergistic strategy achieved a certified power conversion efficiency (PCE) of 27.03% and retained over 96% of their initial,abstract
10.1038/s41467-026-72097-1,10.1038/s41467-026-72097-1,Nature Communications,stability,experimental,single_junction,p-i-n,stability_protocol,ISOS-L-2,label,,abstract
10.1021/acsami.6c02006,10.1021/acsami.6c02006,ACS Applied Materials & Interfaces,interfaces,theory,single_junction,p-i-n,pce_champion,22.83,%,"Devices incorporating the composite HTL achieve a champion power conversion efficiency (PCE) of 22.83% without additional surface passivation, surpassing the ∼21% achieved by reference devices",abstract
10.1021/acsenergylett.6c00166,10.1021/acsenergylett.6c00166,ACS Energy Letters,architecture,experimental,perovskite_silicon_tandem,tandem_2T,pce_champion,32.15,%,"Furthermore, when integrated into monolithic perovskite/silicon tandem solar cells, the strategy enables a promising efficiency of 32.15%.",abstract
10.1021/acsenergylett.6c00617,10.1021/acsenergylett.6c00617,ACS Energy Letters,architecture,experimental,all_perovskite_tandem,tandem_2T,pce_champion,28.77,%,Integrating this into monolithic APTSCs realizes a PCE of 28.77% (TÜV-certified 28.53%).,abstract
10.1021/acsenergylett.6c00617,10.1021/acsenergylett.6c00617,ACS Energy Letters,architecture,experimental,all_perovskite_tandem,tandem_2T,pce_certified,28.53,%,Integrating this into monolithic APTSCs realizes a PCE of 28.77% (TÜV-certified 28.53%).,abstract
10.1021/jacs.6c02024,10.1021/jacs.6c02024,Journal of the American Chemical Society,architecture,experimental,single_junction,unknown,pce_champion,26.9,%,"Based on this molecular design strategy, the corresponding single-junction and all-perovskite tandem devices achieved champion power conversion efficiencies of 26.9% and 29.6%, respectively.",abstract
10.1002/adfm.75295,10.1002/adfm.75295,Advanced Functional Materials,interfaces,experimental,single_junction,p-i-n,pce_champion,26.47,%,This metric accurately reflects the superior V OC (1.18 V versus 1.13 V) and efficiency (26.47% versus 25.45%) of optimized SAM‐based devices,abstract
10.1002/anie.9708831,10.1002/anie.9708831,Angewandte Chemie International Edition,architecture,experimental,single_junction,unknown,pce_champion,26.76,%,"this strategy delivers an impressive PCE of 26.76% with an open‐circuit voltage ( V OC ) of 2.216 V, among the highest reported for perovskite/organic",abstract
10.1002/anie.9551164,10.1002/anie.9551164,Angewandte Chemie International Edition,stability,experimental,single_junction,n-i-p,pce_champion,26.53,%,The device doped with DpyDS achieves an unprecedented power conversion efficiency (PCE) of 26.53% (certified 26.37%).,abstract
10.1002/anie.9551164,10.1002/anie.9551164,Angewandte Chemie International Edition,stability,experimental,single_junction,n-i-p,pce_certified,26.37,%,The device doped with DpyDS achieves an unprecedented power conversion efficiency (PCE) of 26.53% (certified 26.37%).,abstract
10.1002/smll.73568,10.1002/smll.73568,Small,interfaces,experimental,single_junction,n-i-p,pce_champion,21.7,%,"the optimized device attained a power conversion efficiency of 21.7%, representing an approximate 5% improvement compared to the control group",abstract
10.1021/acsami.6c03372,10.1021/acsami.6c03372,ACS Applied Materials & Interfaces,interfaces,scale_up,single_junction,p-i-n,pce_champion,26.63,%,composite hole-selective structure enables the p-i-n structured PSCs (0.09 cm 2 ) and mini-module (aperture area of 14.40 cm 2 ) achieving efficiency of 26.63%,abstract
10.1021/acsami.6c03372,10.1021/acsami.6c03372,ACS Applied Materials & Interfaces,interfaces,scale_up,single_junction,p-i-n,active_area_cm2,0.09,cm2,the p-i-n structured PSCs (0.09 cm 2 ),abstract
10.1021/acsami.6c03372,10.1021/acsami.6c03372,ACS Applied Materials & Interfaces,interfaces,scale_up,single_junction,p-i-n,stability_protocol,ISOS-L-2,label,,abstract
10.1038/s41467-026-71301-6,10.1038/s41467-026-71301-6,Nature Communications,defects,experimental,single_junction,p-i-n,pce_champion,26.95,%,devices achieve an efficiency of 26.95% (certified 26.57%) on 0.0717 cm 2 and 25.61% on 1 cm 2,abstract
10.1038/s41467-026-71301-6,10.1038/s41467-026-71301-6,Nature Communications,defects,experimental,single_junction,p-i-n,pce_certified,26.57,%,devices achieve an efficiency of 26.95% (certified 26.57%) on 0.0717 cm 2 and 25.61% on 1 cm 2,abstract
10.1038/s41467-026-71301-6,10.1038/s41467-026-71301-6,Nature Communications,defects,experimental,single_junction,p-i-n,active_area_cm2,0.0717,cm2,an efficiency of 26.95% (certified 26.57%) on 0.0717 cm 2,abstract
10.1002/anie.202525646,10.1002/anie.202525646,Angewandte Chemie International Edition,stability,experimental,single_junction,p-i-n,pce_champion,26.19,%,"ABT-based devices achieve a champion power conversion efficiency (PCE) of 26.19%, surpassing the reference BT-based devices (24.92%)",abstract
10.1016/j.cej.2026.176242,10.1016/j.cej.2026.176242,Chemical Engineering Journal,interfaces,scale_up,single_junction,n-i-p,pce_champion,7.78,%,The optimized device achieved a 7.78% power conversion efficiency (PCE) and maintained an average transmittance (AVT) of 52.63%,abstract
10.1016/j.cej.2026.176242,10.1016/j.cej.2026.176242,Chemical Engineering Journal,interfaces,scale_up,single_junction,n-i-p,active_area_cm2,64,cm2,The corresponding 10 cm × 10 cm module (with an active area of 64 cm 2 ) delivers a respectable PCE of 3.92%.,abstract
10.1126/sciadv.aed2200,10.1126/sciadv.aed2200,Science Advances,architecture,experimental,all_perovskite_tandem,tandem_2T,pce_champion,26.3,%,"a perovskite-organic tandem solar cell was fabricated, achieving a high efficiency of 26.3% (certified as 25.6%)",abstract
10.1126/sciadv.aed2200,10.1126/sciadv.aed2200,Science Advances,architecture,experimental,all_perovskite_tandem,tandem_2T,pce_certified,25.6,%,achieving a high efficiency of 26.3% (certified as 25.6%),abstract
10.1021/acs.jpclett.6c00211,10.1021/acs.jpclett.6c00211,The Journal of Physical Chemistry Letters,interfaces,experimental,single_junction,unknown,pce_champion,23.5,%,The PSCs modified with PPZ-TYA achieved a power conversion efficiency (PCE) of 23.5% and retained 79.3% of the initial efficiency after 1000 h of aging,abstract
10.1002/ente.202502317,10.1002/ente.202502317,Energy Technology,interfaces,experimental,single_junction,n-i-p,pce_champion,27.61,%,"The findings demonstrate a significant enhancement in power conversion efficiency of 27.61%, stemming from remarkable photovoltaic metrics.",abstract
10.1002/smll.73353,10.1002/smll.73353,Small,interfaces,experimental,single_junction,unknown,pce_champion,26.1,%,yielding a champion active‐area efficiency of 26.10% for small‐area cells (0.09 cm 2 ) and 23.10% for mini‐modules (14 cm 2 ),abstract
10.1002/smll.73353,10.1002/smll.73353,Small,interfaces,experimental,single_junction,unknown,active_area_cm2,0.09,cm2,yielding a champion active‐area efficiency of 26.10% for small‐area cells (0.09 cm 2 ),abstract
10.1002/adfm.75386,10.1002/adfm.75386,Advanced Functional Materials,composition,experimental,single_junction,unknown,pce_champion,25.4,%,"Besides, power conversion efficiency (PCE) is increased from 23.8% to 25.4%, due to the mitigation of surface iodide ion vacancies and nonradiative recombination.",abstract
10.1002/smll.73348,10.1002/smll.73348,Small,defects,experimental,single_junction,p-i-n,pce_champion,25.24,%,"Consequently, the resulting inverted PSCs achieve a champion power conversion efficiency of 25.24%, substantially exceeding the 21.08% of control devices, along with enhanced operational stability.",abstract
10.1002/aenm.70901,10.1002/aenm.70901,Advanced Energy Materials,scale_up,experimental,single_junction,unknown,pce_stabilised,18,%,"Consequently, thin FAPbI 3 solar cells achieve stabilized efficiencies exceeding 18%, similar to those of devices fabricated via co‐evaporation and sequential evaporation processes.",abstract
10.1021/acsenergylett.6c00044,10.1021/acsenergylett.6c00044,ACS Energy Letters,architecture,experimental,single_junction,unknown,pce_champion,16.33,%,"This approach achieves a record power conversion efficiency (PCE) of 16.33% for CsPbI 3 solar cells processed at temperatures below 100 °C, and retains 91%",abstract
10.1021/acsenergylett.6c00983,10.1021/acsenergylett.6c00983,ACS Energy Letters,stability,experimental,single_junction,unknown,pce_champion,25.1,%,"achieving efficiencies of 23.0% and 25.1%, respectively",abstract
10.1021/acsenergylett.6c00983,10.1021/acsenergylett.6c00983,ACS Energy Letters,stability,experimental,single_junction,unknown,t80_h,1380,h,T 80 > 1380 h,abstract
10.1002/smll.73351,10.1002/smll.73351,Small,composition,experimental,single_junction,p-i-n,pce_champion,23.1,%,power conversion efficiency (PCE) from 21.1% to 23.1%,abstract
10.1002/solr.70354,10.1002/solr.70354,Solar RRL,composition,experimental,single_junction,unknown,pce_champion,13.84,%,the power conversion efficiency (PCE) has also risen from 11.04% to 13.84%,abstract
10.1038/s41467-026-72159-4,10.1038/s41467-026-72159-4,Nature Communications,stability,experimental,single_junction,p-i-n,pce_certified,26.48,%,a certified power conversion efficiency (PCE) of 26.48% with a fill factor of up to 85.00% for the 1.54-eV cell,abstract
10.1021/acsami.6c00645,10.1021/acsami.6c00645,ACS Applied Materials & Interfaces,defects,experimental,single_junction,unknown,pce_champion,14.51,%,the treated PSCs achieved a power conversion efficiency (PCE) of 14.51%,abstract
10.1002/advs.202523042,10.1002/advs.202523042,Advanced Science,defects,experimental,single_junction,unknown,pce_champion,22.2,%,improved the average power conversion efficiency from 19.3% to 22.2%,abstract
10.1002/ente.70483,10.1002/ente.70483,Energy Technology,defects,theory,single_junction,unknown,pce_champion,13.41,%,The optimized device achieves a power conversion efficiency of 13.41%,abstract
10.1002/smll.73482,10.1002/smll.73482,Small,stability,experimental,single_junction,unknown,pce_champion,22.56,%,achieve a record power conversion efficiency (PCE) of 22.56%,abstract
10.1002/smll.73539,10.1002/smll.73539,Small,stability,experimental,single_junction,p-i-n,pce_champion,25.37,%,the anti-solvent-free inverted PSCs with AGPA achieve an impressive efficiency of 25.37%,abstract
10.1002/smll.73539,10.1002/smll.73539,Small,stability,experimental,single_junction,p-i-n,stability_protocol,ISOS-L-2I,label,,abstract
10.1002/solr.70353,10.1002/solr.70353,Solar RRL,stability,experimental,module,module,pce_champion,23.3,%,"the PSMs achieved PCEs of 23.3% (11.2 cm 2 , aperture area) and 21.2% (694.5 cm 2 , aperture area)",abstract
10.1002/solr.70353,10.1002/solr.70353,Solar RRL,stability,experimental,module,module,active_area_cm2,694.5,cm2,"21.2% (694.5 cm 2 , aperture area)",abstract
10.1126/sciadv.aec3238,10.1126/sciadv.aec3238,Science Advances,composition,experimental,single_junction,unknown,pce_champion,26.59,%,we achieve champion power conversion efficiencies of 26.59% for rigid and 25.88% (certified 25.55%) for flexible PVSCs,abstract
10.1126/sciadv.aec3238,10.1126/sciadv.aec3238,Science Advances,composition,experimental,single_junction,unknown,pce_certified,25.55,%,25.88% (certified 25.55%) for flexible PVSCs,abstract
10.1126/sciadv.aec3238,10.1126/sciadv.aec3238,Science Advances,composition,experimental,single_junction,unknown,active_area_cm2,100,cm2,large-area flexible modules obtain impressive efficiencies of 21.77% (25 square centimeters) and 19.23% (100 square centimeters),abstract
10.1126/sciadv.aec3238,10.1126/sciadv.aec3238,Science Advances,composition,experimental,single_junction,unknown,stability_protocol,ISOS-L-1,label,,abstract
10.1021/acs.jpclett.6c00345,10.1021/acs.jpclett.6c00345,The Journal of Physical Chemistry Letters,interfaces,experimental,single_junction,unknown,pce_champion,25.8,%,"the resulting perovskite solar cell achieves a power conversion efficiency (PCE) of 25.8%, surpassing that of the TBP-based reference device (23.8%)",abstract
10.1002/solr.70323,10.1002/solr.70323,Solar RRL,interfaces,experimental,single_junction,unknown,pce_champion,22.17,%,the power conversion efficiency increased from 20.5% to 22.17%,abstract
10.1021/acsaem.6c00280,10.1021/acsaem.6c00280,ACS Applied Energy Materials,interfaces,experimental,single_junction,p-i-n,pce_champion,17.45,%,deliver a champion power conversion efficiency (PCE) of ∼17.45% with an average PCE of 16.27%,abstract
10.1002/solr.70358,10.1002/solr.70358,Solar RRL,interfaces,experimental,single_junction,n-i-p,pce_champion,17.61,%,"which greatly boosts the efficiency of CsPbI 3 C‐IPSC up to 17.61%, accompanied by enhanced humidity, thermal, and long‐term stability",abstract
10.1021/acsami.5c26214,10.1021/acsami.5c26214,ACS Applied Materials & Interfaces,interfaces,experimental,single_junction,p-i-n,pce_champion,25.46,%,"Consequently, the final PSCs present a champion efficiency of 25.46%, along with a significantly enhanced lifetime.",abstract
10.1002/ente.202502597,10.1002/ente.202502597,Energy Technology,stability,experimental,single_junction,p-i-n,pce_champion,15.5,%,The addition of FFI increases the champion power conversion efficiency (PCE) from 14.6% to 15.5% and raises the water contact angle from 77° to 108°.,abstract
10.1021/acsami.6c04956,10.1021/acsami.6c04956,ACS Applied Materials & Interfaces,defects,experimental,single_junction,unknown,pce_champion,26.06,%,"As a result, the champion device with DMCHAI modification achieves a PCE of 26.06% with V oc of 1.20 V and retains over 98% of",abstract
10.1016/j.rineng.2026.110377,10.1016/j.rineng.2026.110377,Results in Engineering,interfaces,experimental,single_junction,none,pce_champion,12.53,%,"The fully striped-down structure surprisingly achieves an efficiency of 12.53% under 1,000 lux, sufficient to be a battery replacement for indoor energy frugal IoTs, while",abstract
10.1088/2752-5724/ae628f,10.1088/2752-5724/ae628f,Materials Futures,defects,experimental,single_junction,unknown,stability_protocol,UV exposure,label,,abstract
10.1002/cey2.70236,10.1002/cey2.70236,Carbon Energy,composition,experimental,single_junction,unknown,pce_champion,25.4,%,Devices incorporating the optimized sequential films deliver a champion power conversion efficiency of 25.4%.,abstract
10.1021/acsaem.6c00491,10.1021/acsaem.6c00491,ACS Applied Energy Materials,defects,theory,single_junction,n-i-p,pce_champion,25.06,%,"As a result, SnO 2 –NDI-BOCF 3 devices achieve a power conversion efficiency (PCE) of 25.06%, compared to 23.96% for a device with pristine SnO",abstract
10.1021/acsami.6c03670,10.1021/acsami.6c03670,ACS Applied Materials & Interfaces,scale_up,scale_up,single_junction,p-i-n,pce_champion,23.64,%,"As a result, the power conversion efficiency (PCE) of small-area inverted wide-bandgap PSCs (1.65 eV) is significantly improved from 21.97% to 23.64%, accompanied by concurrent",abstract
10.1002/smtd.70654,10.1002/smtd.70654,Small Methods,scale_up,scale_up,module,module,pce_champion,41.6,%,"Consequently, the optimized fully evaporated PSCs deliver record indoor power conversion efficiencies of 41.60% at 900 lux and 41.22% at 300 lux under TL84 illumination.",abstract
10.1002/smtd.70654,10.1002/smtd.70654,Small Methods,scale_up,scale_up,module,module,active_area_cm2,3.9,cm2,"Importantly, the devices exhibit markedly enhanced operational stability and enable a perovskite mini module (3.9 cm 2 ), achieving over 38% efficiency at 900 lux",abstract
10.22541/au.177516296.69014470/v1,10.22541/au.177516296.69014470/v1,,defects,experimental,single_junction,n-i-p,pce_champion,24.32,%,"The EDTA-2K modified devices, employing PTAA as the hole transport layer, deliver a champion power conversion efficiency (PCE) of 24.32%.",abstract
10.26434/chemrxiv.15001694/v1,10.26434/chemrxiv.15001694/v1,ChemRxiv,architecture,theory,all_perovskite_tandem,tandem_2T,pce_champion,32.1,%,"Finally Drift-diffusion simulation of our 2T silicon-perovskite tandem solar cell showed an efficiency of 32.10% and impressive Voc of 2.05V obtained through careful current matching,",abstract
10.48550/arxiv.2604.11264,10.48550/arxiv.2604.11264,arXiv (Cornell University),interfaces,theory,single_junction,unknown,pce_champion,23.62,%,"planar structure, the hyperuniform architecture increased the short-circuit current density from 21.57 to 23.92 mAcm$^{-2}$ and improved the power conversion efficiency from 21.03% to 23.62%,",abstract
10.1002/adma.73358,10.1002/adma.73358,Advanced Materials,interfaces,experimental,single_junction,p-i-n,pce_champion,26.89,%,"the antisolvent-free processed PSCs on rigid and flexible substrates demonstrate champion PCEs of 26.89% (certified 26.64%) and 25.29%, respectively.",abstract
10.1002/adma.73358,10.1002/adma.73358,Advanced Materials,interfaces,experimental,single_junction,p-i-n,pce_certified,26.64,%,"the antisolvent-free processed PSCs on rigid and flexible substrates demonstrate champion PCEs of 26.89% (certified 26.64%) and 25.29%, respectively.",abstract
10.1007/s40820-026-02244-2,10.1007/s40820-026-02244-2,Nano-Micro Letters,interfaces,experimental,single_junction,p-i-n,pce_champion,26.1,%,"Consequently, the champion devices achieve a high power conversion efficiency (PCE) of 26.10% and markedly enhanced stability, retaining 91.58% of their initial PCE after 200",abstract
10.1002/adfm.202532110,10.1002/adfm.202532110,Advanced Functional Materials,defects,experimental,single_junction,p-i-n,pce_champion,26.15,%,The champion device with the synergistic passivation achieves an efficiency of 26.15 % with long‐term stability (maintained the initial efficiency of 90 % after 1000,abstract
10.1002/adma.73382,10.1002/adma.73382,Advanced Materials,defects,experimental,single_junction,p-i-n,pce_champion,26.31,%,"PSCs incorporating BAA‐NiO x achieve a champion power conversion efficiency (PCE) of 26.31% along with a certified PCE of 26.07%, while the larger‐area PSCs (1",abstract
10.1002/adma.73382,10.1002/adma.73382,Advanced Materials,defects,experimental,single_junction,p-i-n,pce_certified,26.07,%,"PSCs incorporating BAA‐NiO x achieve a champion power conversion efficiency (PCE) of 26.31% along with a certified PCE of 26.07%, while the larger‐area PSCs (1",abstract
10.1002/adma.73306,10.1002/adma.73306,Advanced Materials,interfaces,experimental,single_junction,p-i-n,pce_champion,26.77,%,"achieving very high efficiencies of 26.77% (certified at 26.71%), 26.08%, and 24.17% for small-area (normal bandgap), centimeter-scale (normal bandgap), and wide-bandgap PSCs, respectively.",abstract
10.1002/adma.73306,10.1002/adma.73306,Advanced Materials,interfaces,experimental,single_junction,p-i-n,pce_certified,26.71,%,"achieving very high efficiencies of 26.77% (certified at 26.71%), 26.08%, and 24.17% for small-area (normal bandgap), centimeter-scale (normal bandgap), and wide-bandgap PSCs, respectively.",abstract
10.1002/adma.73502,10.1002/adma.73502,Advanced Materials,interfaces,scale_up,module,unknown,pce_champion,21.56,%,"As a result, the fabricated C‐PSCs achieved a champion efficiency of 21.56%, as well as an efficiency of 18.12% for the carbon‐based mini‐module (10.08 cm",abstract
10.1002/adma.73502,10.1002/adma.73502,Advanced Materials,interfaces,scale_up,module,unknown,active_area_cm2,10.08,cm2,an efficiency of 18.12% for the carbon‐based mini‐module (10.08 cm 2 ),abstract
10.1038/s41467-026-73269-9,10.1038/s41467-026-73269-9,Nature Communications,stability,scale_up,single_junction,n-i-p,t80_h,1000,h,"We demonstrate an outstanding operational stability after the reverse-bias precondition (T80 = ~ 1000 h, ISOS-L-3), and more encouragingly, deliver a superior cyclic lifetime under",abstract
10.1038/s41467-026-73269-9,10.1038/s41467-026-73269-9,Nature Communications,stability,scale_up,single_junction,n-i-p,stability_protocol,ISOS-L-3,label,,abstract
10.1002/adfm.75664,10.1002/adfm.75664,Advanced Functional Materials,defects,experimental,single_junction,unknown,pce_champion,14.34,%,"Combined with vacuum‐assisted annealing, the 0.95 eV PbS QD devices achieve a record efficiency of 14.34% and a silicon‐filtered efficiency of 1.56%, with excellent near‐infrared",abstract
10.1002/adfm.76110,10.1002/adfm.76110,Advanced Functional Materials,defects,experimental,single_junction,unknown,pce_champion,25.05,%,"The target perovskite solar cells show a power conversion efficiency of 25.05% and exhibit markedly improved stability, with the extrapolated T 80 exceeding 4100 h",abstract
10.1002/adfm.76110,10.1002/adfm.76110,Advanced Functional Materials,defects,experimental,single_junction,unknown,t80_h,4100,h,with the extrapolated T 80 exceeding 4100 h under the ISOS‐D‐1I protocol,abstract
10.1002/adma.73286,10.1002/adma.73286,Advanced Materials,interfaces,experimental,single_junction,n-i-p,pce_champion,26.7,%,we achieved champion efficiencies of 26.70% (certified 26.64%) for small‐area cells,abstract
10.1002/adma.73286,10.1002/adma.73286,Advanced Materials,interfaces,experimental,single_junction,n-i-p,pce_certified,26.64,%,we achieved champion efficiencies of 26.70% (certified 26.64%) for small‐area cells,abstract
10.1002/adma.73286,10.1002/adma.73286,Advanced Materials,interfaces,experimental,single_junction,n-i-p,active_area_cm2,21.5,cm2,24.56% (certified 24.22%) for mini‐modules (21.50 cm 2 ),abstract
10.1038/s41467-026-72790-1,10.1038/s41467-026-72790-1,Nature Communications,defects,experimental,single_junction,p-i-n,pce_champion,26.71,%,we achieve a champion power conversion efficiency of 26.71% (certified 26.15%) and a record FF = 89.13% for small area device,abstract
10.1038/s41467-026-72790-1,10.1038/s41467-026-72790-1,Nature Communications,defects,experimental,single_junction,p-i-n,pce_certified,26.15,%,we achieve a champion power conversion efficiency of 26.71% (certified 26.15%) and a record FF = 89.13% for small area device,abstract
10.1038/s41467-026-72790-1,10.1038/s41467-026-72790-1,Nature Communications,defects,experimental,single_junction,p-i-n,active_area_cm2,1,cm2,while attaining a PCE of 25.32% for 1 cm2 device,abstract
10.1002/ece2.70082,10.1002/ece2.70082,EcoEnergy,interfaces,experimental,single_junction,n-i-p,pce_champion,25.37,%,the champion device (active area of 0.09 cm 2 ) achieves a power conversion efficiency (PCE) of 25.37%,abstract
10.1002/ece2.70082,10.1002/ece2.70082,EcoEnergy,interfaces,experimental,single_junction,n-i-p,active_area_cm2,0.09,cm2,the champion device (active area of 0.09 cm 2 ) achieves a power conversion efficiency (PCE) of 25.37%,abstract
10.1002/adfm.75843,10.1002/adfm.75843,Advanced Functional Materials,interfaces,experimental,single_junction,n-i-p,pce_champion,26.15,%,LiBOB‐based PSCs achieved a champion efficiency of 26.15%,abstract
10.1038/s41467-026-71017-7,10.1038/s41467-026-71017-7,Nature Communications,architecture,experimental,all_perovskite_tandem,tandem_2T,pce_champion,29.8,%,"achieve efficiencies of 23.47% (certified) and 29.80%, respectively",abstract
10.1038/s41467-026-71017-7,10.1038/s41467-026-71017-7,Nature Communications,architecture,experimental,all_perovskite_tandem,tandem_2T,pce_certified,23.47,%,"achieve efficiencies of 23.47% (certified) and 29.80%, respectively",abstract
10.1038/s41467-026-73210-0,10.1038/s41467-026-73210-0,Nature Communications,architecture,experimental,all_perovskite_tandem,tandem_2T,pce_champion,29.95,%,enabling a remarkable 29.95% (certified 29.44%) efficiency in monolithic all-perovskite tandems,abstract
10.1038/s41467-026-73210-0,10.1038/s41467-026-73210-0,Nature Communications,architecture,experimental,all_perovskite_tandem,tandem_2T,pce_certified,29.44,%,enabling a remarkable 29.95% (certified 29.44%) efficiency in monolithic all-perovskite tandems,abstract
10.1021/acsenergylett.6c00227,10.1021/acsenergylett.6c00227,ACS Energy Letters,architecture,experimental,all_perovskite_tandem,tandem_2T,pce_champion,28.43,%,two-terminal all-perovskite tandem solar cells with a champion PCE of 28.43% (certified 28.34%),abstract
10.1021/acsenergylett.6c00227,10.1021/acsenergylett.6c00227,ACS Energy Letters,architecture,experimental,all_perovskite_tandem,tandem_2T,pce_certified,28.34,%,two-terminal all-perovskite tandem solar cells with a champion PCE of 28.43% (certified 28.34%),abstract
10.1021/acsenergylett.6c00227,10.1021/acsenergylett.6c00227,ACS Energy Letters,architecture,experimental,all_perovskite_tandem,tandem_2T,t80_h,1000,h,unencapsulated devices retained over 80% of their initial PCE after 1000 h of thermal stress at 55 °C,abstract
10.1002/adma.73373,10.1002/adma.73373,Advanced Materials,interfaces,experimental,single_junction,p-i-n,pce_champion,26.31,%,yields a record power conversion efficiency (PCE) of 26.31% (certified 25.85%),abstract
10.1002/adma.73373,10.1002/adma.73373,Advanced Materials,interfaces,experimental,single_junction,p-i-n,pce_certified,25.85,%,yields a record power conversion efficiency (PCE) of 26.31% (certified 25.85%),abstract
10.1002/adma.73373,10.1002/adma.73373,Advanced Materials,interfaces,experimental,single_junction,p-i-n,active_area_cm2,13.04,cm2,achieving a champion PCE of 22.3% in 13.04 cm 2 mini‐modules,abstract
10.1002/adfm.75697,10.1002/adfm.75697,Advanced Functional Materials,interfaces,experimental,single_junction,p-i-n,pce_champion,27.1,%,The devices based on the PTPP HTL achieve a PCE of 27.1% (certified 26.4%),abstract
10.1002/adfm.75697,10.1002/adfm.75697,Advanced Functional Materials,interfaces,experimental,single_junction,p-i-n,pce_certified,26.4,%,The devices based on the PTPP HTL achieve a PCE of 27.1% (certified 26.4%),abstract
10.1002/adfm.76198,10.1002/adfm.76198,Advanced Functional Materials,interfaces,experimental,single_junction,p-i-n,pce_champion,26.55,%,the HTL‐free BCM PSC achieves a champion power conversion efficiency of 26.55%,abstract
10.1038/s41467-026-72794-x,10.1038/s41467-026-72794-x,Nature Communications,interfaces,experimental,perovskite_silicon_tandem,tandem_2T,pce_champion,33.84,%,we achieve a record efficiency of 33.84% (certified at 33.50%),abstract
10.1038/s41467-026-72794-x,10.1038/s41467-026-72794-x,Nature Communications,interfaces,experimental,perovskite_silicon_tandem,tandem_2T,pce_certified,33.5,%,we achieve a record efficiency of 33.84% (certified at 33.50%),abstract
10.1038/s41467-026-72794-x,10.1038/s41467-026-72794-x,Nature Communications,interfaces,experimental,perovskite_silicon_tandem,tandem_2T,active_area_cm2,1,cm2,After integration into perovskite/tunnel oxide passivating contact (TOPCon) tandems (~1 cm2),abstract
10.1038/s41467-026-72794-x,10.1038/s41467-026-72794-x,Nature Communications,interfaces,experimental,perovskite_silicon_tandem,tandem_2T,t80_h,800,h,retaining 80% of its initial efficiency after 800 h,abstract
10.1038/s41467-026-73426-0,10.1038/s41467-026-73426-0,Nature Communications,interfaces,theory,single_junction,unknown,pce_champion,27.1,%,The champion device achieved a power conversion efficiency of 27.10% (certified 26.90%).,abstract
10.1038/s41467-026-73426-0,10.1038/s41467-026-73426-0,Nature Communications,interfaces,theory,single_junction,unknown,pce_certified,26.9,%,The champion device achieved a power conversion efficiency of 27.10% (certified 26.90%).,abstract
10.1038/s41467-026-73426-0,10.1038/s41467-026-73426-0,Nature Communications,interfaces,theory,single_junction,unknown,stability_protocol,ISOS-L-2,label,,abstract
10.1007/s40820-026-02225-5,10.1007/s40820-026-02225-5,Nano-Micro Letters,interfaces,experimental,single_junction,unknown,pce_champion,44.36,%,wide-band gap (WBG)-PIPVs achieve a PCE(i) of 44.36% (a power output of 127.94 µW cm−2) with a high Voc of 1.091 V and FF of,abstract
10.1002/adma.202519143,10.1002/adma.202519143,Advanced Materials,stability,experimental,single_junction,unknown,pce_champion,15.27,%,the optimized CsSnI 3 ‐based PSCs deliver a champion power conversion efficiency (PCE) of 15.27% with a high open‐circuit voltage of 0.90 V.,abstract
10.1021/acsenergylett.6c00737,10.1021/acsenergylett.6c00737,ACS Energy Letters,defects,experimental,single_junction,unknown,pce_champion,26.2,%,"PEGA + -modified perovskite solar cells (1.55 eV) achieved a power conversion efficiency (PCE) exceeding 26.2%, retaining over 96% of their maximum power after 1100",abstract
10.1002/smll.73891,10.1002/smll.73891,Small,interfaces,scale_up,single_junction,p-i-n,pce_champion,26.41,%,"The resulting devices achieved power conversion efficiencies (PCEs) of 25.41% (0.096 cm 2 n‐i‐p), with p‐i‐n devices reaching 26.41% (0.096 cm 2 ) and 22.18%",abstract
10.1002/smll.73891,10.1002/smll.73891,Small,interfaces,scale_up,single_junction,p-i-n,active_area_cm2,0.096,cm2,with p‐i‐n devices reaching 26.41% (0.096 cm 2 ) and 22.18% (10.04 cm 2 module),abstract
10.1002/anie.3920745,10.1002/anie.3920745,Angewandte Chemie International Edition,defects,experimental,single_junction,unknown,pce_champion,26.33,%,PSCs incorporating COF Rad achieved a remarkable power conversion efficiency (PCE) of 26.33% (certified 25.98%).,abstract
10.1002/anie.3920745,10.1002/anie.3920745,Angewandte Chemie International Edition,defects,experimental,single_junction,unknown,pce_certified,25.98,%,PSCs incorporating COF Rad achieved a remarkable power conversion efficiency (PCE) of 26.33% (certified 25.98%).,abstract
10.1002/adfm.75743,10.1002/adfm.75743,Advanced Functional Materials,defects,experimental,single_junction,unknown,pce_champion,26.07,%,"TMZ‐treated PSCs achieve a champion power conversion efficiency of 26.07%, and retain over 90% of their initial efficiency after 1400 h of continuous operation.",abstract
10.1002/aenm.71068,10.1002/aenm.71068,Advanced Energy Materials,interfaces,experimental,single_junction,p-i-n,pce_champion,26.87,%,"PSCs using Me‐4PACz (LA) achieve a PCE of 26.87% (certified 26.31%), maintain 98.8% of their initial output after 1000 h MPP tracking, and retain 90%",abstract
10.1002/aenm.71068,10.1002/aenm.71068,Advanced Energy Materials,interfaces,experimental,single_junction,p-i-n,pce_certified,26.31,%,"PSCs using Me‐4PACz (LA) achieve a PCE of 26.87% (certified 26.31%), maintain 98.8% of their initial output after 1000 h MPP tracking, and retain 90%",abstract
10.1002/aenm.71068,10.1002/aenm.71068,Advanced Energy Materials,interfaces,experimental,single_junction,p-i-n,active_area_cm2,47.84,cm2,"Large‐area (47.84 cm 2 ) modules reach 23.18%, demonstrating the broad applicability of rotationally restricted, molecular‐interlocked SAMs for robust and efficient perovskite photovoltaics.",abstract
10.1021/acsenergylett.6c00820,10.1021/acsenergylett.6c00820,ACS Energy Letters,interfaces,experimental,single_junction,p-i-n,pce_champion,21.1,%,inverted CsPbI 3 PSCs achieve an efficiency of 21.10% (certified 20.62%).,abstract
10.1021/acsenergylett.6c00820,10.1021/acsenergylett.6c00820,ACS Energy Letters,interfaces,experimental,single_junction,p-i-n,pce_certified,20.62,%,inverted CsPbI 3 PSCs achieve an efficiency of 21.10% (certified 20.62%).,abstract
10.1021/acsenergylett.6c00820,10.1021/acsenergylett.6c00820,ACS Energy Letters,interfaces,experimental,single_junction,p-i-n,active_area_cm2,1,cm2,enables 1 cm 2 devices to deliver a record-high efficiency of 19.69%,abstract
10.1021/acsenergylett.6c00867,10.1021/acsenergylett.6c00867,ACS Energy Letters,interfaces,experimental,single_junction,p-i-n,pce_champion,26.06,%,"achieve a power conversion efficiency of 23.71% with an open-circuit voltage of 1.268 V and markedly enhanced operational stability, while 1.54 eV devices reach 26.06%",abstract
10.1002/aenm.71111,10.1002/aenm.71111,Advanced Energy Materials,stability,experimental,single_junction,p-i-n,pce_champion,26.62,%,the optimized inverted PVSCs achieve a power conversion efficiency (PCE) of 26.62% and exhibit excellent operational stability,abstract
10.1002/aenm.71111,10.1002/aenm.71111,Advanced Energy Materials,stability,experimental,single_junction,p-i-n,active_area_cm2,651,cm2,"the NiO x ‐RbF nanocomposite facilitates the scalable fabrication of large‐area perovskite modules, achieving a PCE of 20.55% (active area = 651 cm 2 )",abstract
10.1002/aenm.71111,10.1002/aenm.71111,Advanced Energy Materials,stability,experimental,single_junction,p-i-n,stability_protocol,ISOS‐L‐1,label,,abstract
10.1002/adma.73529,10.1002/adma.73529,Advanced Materials,stability,experimental,single_junction,p-i-n,pce_champion,27.07,%,the optimized BAE‐Phen‐based devices achieve a champion PCE of 27.07% (certified 26.85%),abstract
10.1002/adma.73529,10.1002/adma.73529,Advanced Materials,stability,experimental,single_junction,p-i-n,pce_certified,26.85,%,the optimized BAE‐Phen‐based devices achieve a champion PCE of 27.07% (certified 26.85%),abstract
10.1038/s41586-026-10626-0,10.1038/s41586-026-10626-0,Nature,defects,scale_up,single_junction,unknown,pce_champion,27.41,%,"The optimized interfacial architecture achieves a stabilized power output of 26.85%, with certificated reverse-scan and forward-scan efficiencies of 27.41% and 26.35%, respectively.",abstract
10.1038/s41586-026-10626-0,10.1038/s41586-026-10626-0,Nature,defects,scale_up,single_junction,unknown,pce_certified,27.41,%,"The optimized interfacial architecture achieves a stabilized power output of 26.85%, with certificated reverse-scan and forward-scan efficiencies of 27.41% and 26.35%, respectively.",abstract
10.1038/s41586-026-10626-0,10.1038/s41586-026-10626-0,Nature,defects,scale_up,single_junction,unknown,pce_stabilised,26.85,%,"The optimized interfacial architecture achieves a stabilized power output of 26.85%, with certificated reverse-scan and forward-scan efficiencies of 27.41% and 26.35%, respectively.",abstract
10.1038/s41467-026-73656-2,10.1038/s41467-026-73656-2,Nature Communications,architecture,experimental,perovskite_silicon_tandem,tandem_2T,pce_champion,24.05,%,the optimized wide-bandgap perovskite solar cells (PSCs) incorporating MeO-BADCz as the HSL deliver a power conversion efficiency (PCE) of 24.05% with negligible hysteresis,abstract
10.1038/s41467-026-73656-2,10.1038/s41467-026-73656-2,Nature Communications,architecture,experimental,perovskite_silicon_tandem,tandem_2T,pce_certified,33.04,%,MeO-BADCz further enables P/S-TSCs with a certified PCE of 33.04% and robust stability under damp-heat-light conditions,abstract
10.1038/s41467-026-73656-2,10.1038/s41467-026-73656-2,Nature Communications,architecture,experimental,perovskite_silicon_tandem,tandem_2T,stability_protocol,ISOS-L-1,label,,abstract
10.1021/acsenergylett.6c00952,10.1021/acsenergylett.6c00952,ACS Energy Letters,composition,experimental,single_junction,p-i-n,pce_champion,9.1,%,"TPSC employing PBDP-Ph fabricated via a two-step approach delivers a power conversion efficiency of 9.1%, outperforming conventional PEDOT:PSS-based and other BDP-derived devices",abstract
10.1038/s41467-026-72793-y,10.1038/s41467-026-72793-y,Nature Communications,interfaces,scale_up,single_junction,n-i-p,pce_champion,26.34,%,n-i-p devices achieve a power conversion efficiency (PCE) of 26.34% with a fill factor (FF) of 85.84% (certified: 26.27%),abstract
10.1038/s41467-026-72793-y,10.1038/s41467-026-72793-y,Nature Communications,interfaces,scale_up,single_junction,n-i-p,pce_certified,26.27,%,n-i-p devices achieve a power conversion efficiency (PCE) of 26.34% with a fill factor (FF) of 85.84% (certified: 26.27%),abstract
10.1038/s41467-026-72793-y,10.1038/s41467-026-72793-y,Nature Communications,interfaces,scale_up,single_junction,n-i-p,active_area_cm2,14,cm2,while a 25 cm2 module (active area: 14 cm2) attains 22.03% PCE (FF > 80%),abstract
10.1126/sciadv.aec4431,10.1126/sciadv.aec4431,Science Advances,defects,experimental,all_perovskite_tandem,tandem_2T,pce_champion,33.63,%,We thereby demonstrate a champion PCE of 33.63% in 1-square centimeter two-terminal monolithic perovskite/silicon tandem (certified 33.48%),abstract
10.1126/sciadv.aec4431,10.1126/sciadv.aec4431,Science Advances,defects,experimental,all_perovskite_tandem,tandem_2T,pce_certified,33.48,%,We thereby demonstrate a champion PCE of 33.63% in 1-square centimeter two-terminal monolithic perovskite/silicon tandem (certified 33.48%),abstract
10.1126/sciadv.aec4431,10.1126/sciadv.aec4431,Science Advances,defects,experimental,all_perovskite_tandem,tandem_2T,active_area_cm2,1,cm2,champion PCE of 33.63% in 1-square centimeter two-terminal monolithic perovskite/silicon tandem,abstract
10.1038/s41560-026-02068-9,10.1038/s41560-026-02068-9,Nature Energy,architecture,experimental,perovskite_silicon_tandem,tandem_2T,pce_champion,24.3,%,"The resulting perovskite/silicon tandem solar cells reach PCEs up to 24.3%, with minimal variation across the different bottom cells.",abstract
10.1002/adma.73390,10.1002/adma.73390,Advanced Materials,stability,experimental,single_junction,unknown,pce_champion,25.41,%,"Therefore, the optimized FPSCs achieved a power conversion efficiency (PCE) of 25.41%.",abstract
10.1002/smll.73595,10.1002/smll.73595,Small,interfaces,experimental,all_perovskite_tandem,tandem_2T,pce_champion,29.05,%,integrating the NBP‐modified WBG sub cell with 1.25 eV NBG sub cell obtains a two‐terminal (2T) TSCs with an impressive PCE of 29.05%.,abstract
10.1021/acs.jpclett.6c00745,10.1021/acs.jpclett.6c00745,The Journal of Physical Chemistry Letters,interfaces,experimental,single_junction,n-i-p,pce_champion,25.31,%,the optimized PSCs exhibited a champion power conversion efficiency (PCE) of 25.31% and an impressive open-circuit voltage of 1.213 V,abstract
10.1007/s40243-026-00371-9,10.1007/s40243-026-00371-9,Materials for Renewable and Sustainable Energy,interfaces,theory,single_junction,n-i-p,pce_champion,32.41,%,"the device structure ITO/ZnO/CsSnGeI₃/NiO/Au achieves the highest simulated PCE of 32.41%, with J SC of 28.38 mA/cm², V OC of 1.35 V, and FF of",abstract
10.1002/anie.3088935,10.1002/anie.3088935,Angewandte Chemie International Edition,interfaces,experimental,single_junction,unknown,pce_champion,26.07,%,delivering a champion PCE of 26.07% with a high open‐circuit voltage of 1.199 V,abstract
10.1002/aenm.71107,10.1002/aenm.71107,Advanced Energy Materials,stability,experimental,perovskite_silicon_tandem,tandem_2T,pce_champion,33.74,%,monolithic perovskite/silicon tandem cells deliver a champion power conversion efficiency (PCE) of 33.74% (certified 33.37%),abstract
10.1002/aenm.71107,10.1002/aenm.71107,Advanced Energy Materials,stability,experimental,perovskite_silicon_tandem,tandem_2T,pce_certified,33.37,%,monolithic perovskite/silicon tandem cells deliver a champion power conversion efficiency (PCE) of 33.74% (certified 33.37%),abstract
10.1002/adma.73539,10.1002/adma.73539,Advanced Materials,stability,experimental,single_junction,unknown,pce_champion,26.41,%,Devices fabricated via this strategy achieve a power conversion efficiency of 26.41% and exhibit negligible degradation after 1300 h maximum power point tracking,abstract
10.1002/cey2.70260,10.1002/cey2.70260,Carbon Energy,defects,experimental,single_junction,unknown,pce_champion,23.48,%,"the 2,4‐DABSA‐modified device achieved a champion PCE of 23.48% and significantly enhanced operational stability",abstract
10.1002/adfm.75673,10.1002/adfm.75673,Advanced Functional Materials,composition,experimental,single_junction,unknown,pce_champion,21.36,%,"The resulting rigid devices achieve a champion power conversion efficiency (PCE) of 21.36%, while the flexible devices yield PCE of 19.67%.",abstract
10.1016/j.esci.2026.100601,10.1016/j.esci.2026.100601,eScience,stability,experimental,module,module,pce_certified,18.48,%,"this strategy delivers a certified front-side efficiency of 18.48% in 30 × 30 cm 2 submodules, together with exceptional UV resilience and sustained outdoor operational",abstract
10.1002/solr.202600004,10.1002/solr.202600004,Solar RRL,defects,experimental,single_junction,p-i-n,pce_champion,22.4,%,"delivers a power conversion efficiency of 22.4%, a fill factor of 82%",abstract
10.1002/smll.73854,10.1002/smll.73854,Small,defects,experimental,single_junction,unknown,pce_champion,18.52,%,yielding a maximum power conversion efficiency (PCE) of 18.52% with a high fill factor of 84.35%,abstract
10.1002/smll.73886,10.1002/smll.73886,Small,defects,experimental,single_junction,p-i-n,pce_champion,26.1,%,the optimally passivated device delivers a champion power conversion efficiency (PCE) of 26.1%,abstract
10.1002/smll.202513734,10.1002/smll.202513734,Small,defects,experimental,single_junction,unknown,pce_champion,20.01,%,The PSC device fabricated with PS and MXene (PSMX) passivation achieved a power conversion efficiency (PCE) of 20.01%,abstract
10.1021/acsaem.6c01139,10.1021/acsaem.6c01139,ACS Applied Energy Materials,defects,experimental,single_junction,unknown,pce_champion,23.25,%,perovskite solar cells incorporating SFBA achieve a champion power conversion efficiency (PCE) of 23.25%,abstract
10.1002/aenm.71036,10.1002/aenm.71036,Advanced Energy Materials,architecture,experimental,perovskite_silicon_tandem,tandem_4T,pce_champion,31.25,%,"Integrated in four‐terminal perovskite/silicon tandems, a PCE of 31.25% is achieved on 1 cm 2 devices",abstract
10.1002/aenm.71036,10.1002/aenm.71036,Advanced Energy Materials,architecture,experimental,perovskite_silicon_tandem,tandem_4T,active_area_cm2,1,cm2,a PCE of 31.25% is achieved on 1 cm 2 devices,abstract
10.1002/aenm.71077,10.1002/aenm.71077,Advanced Energy Materials,architecture,experimental,perovskite_silicon_tandem,unknown,pce_champion,32.74,%,a champion efficiency of 32.74% is achieved (certified 31.52%),abstract
10.1002/aenm.71077,10.1002/aenm.71077,Advanced Energy Materials,architecture,experimental,perovskite_silicon_tandem,unknown,pce_certified,31.52,%,a champion efficiency of 32.74% is achieved (certified 31.52%),abstract
10.1002/aenm.71102,10.1002/aenm.71102,Advanced Energy Materials,architecture,experimental,single_junction,unknown,pce_champion,25.02,%,"the INCCl‐modified flexible perovskite/Cu(In, Ga)Se 2 (CIGS) TSCs delivered a champion PCE of 25.02%",abstract
10.1002/aenm.71115,10.1002/aenm.71115,Advanced Energy Materials,architecture,experimental,single_junction,unknown,pce_champion,25.91,%,Integration of the WBG subcells into perovskite/organic tandem devices yields a champion efficiency of 25.91%,abstract
10.1002/adfm.75640,10.1002/adfm.75640,Advanced Functional Materials,composition,experimental,perovskite_silicon_tandem,tandem_2T,pce_champion,31,%,the integrated perovskite/silicon tandem solar cell attains a PCE surpassing 31%,abstract
10.1021/acsami.6c06303,10.1021/acsami.6c06303,ACS Applied Materials & Interfaces,defects,experimental,single_junction,unknown,pce_champion,15,%,the device efficiency is enhanced from 13.1 to 15%,abstract
10.1038/s41467-026-73743-4,10.1038/s41467-026-73743-4,Nature Communications,architecture,experimental,all_perovskite_tandem,tandem_2T,pce_champion,26.5,%,the constructed perovskite-organic TSCs achieve a surprising PCE of 26.5% (certified as 25.8%),abstract
10.1038/s41467-026-73743-4,10.1038/s41467-026-73743-4,Nature Communications,architecture,experimental,all_perovskite_tandem,tandem_2T,pce_certified,25.8,%,certified as 25.8%,abstract
10.1002/solr.70388,10.1002/solr.70388,Solar RRL,composition,experimental,single_junction,p-i-n,pce_champion,9.07,%,"the optimized devices achieve a PCE of 9.07%, compared to 6.60% for the control",abstract
10.1021/acsnano.6c04740,10.1021/acsnano.6c04740,ACS Nano,architecture,experimental,all_perovskite_tandem,tandem_2T,pce_champion,29.1,%,this strategy enables monolithic all-perovskite tandem solar cells that deliver ∼29.10% efficiency with >80% retention over 400 h of maximum-power-point tracking,abstract
10.1021/acsenergylett.6c00771,10.1021/acsenergylett.6c00771,ACS Energy Letters,interfaces,experimental,single_junction,p-i-n,pce_champion,23.48,%,catechin-Q-modified perovskite solar cells achieve a power conversion efficiency of 23.48% with a high open-circuit voltage of 873 mV,abstract
10.1021/acsenergylett.6c00771,10.1021/acsenergylett.6c00771,ACS Energy Letters,interfaces,experimental,single_junction,p-i-n,stability_protocol,ISOS-D-1I,label,,abstract
10.1002/cey2.70227,10.1002/cey2.70227,Carbon Energy,defects,experimental,single_junction,unknown,pce_champion,20.14,%,the PCE of HTL‐free wide‐bandgap C‐PSCs is improved to a record value of 20.14% with enhanced device stability,abstract
10.1021/acsenergylett.6c00879,10.1021/acsenergylett.6c00879,ACS Energy Letters,architecture,experimental,perovskite_silicon_tandem,tandem_2T,pce_champion,21.4,%,achieving a power conversion efficiency of 21.4% (steady state at 21.1%) and an open-circuit voltage of 4.01 V,abstract
10.1021/acsenergylett.6c00879,10.1021/acsenergylett.6c00879,ACS Energy Letters,architecture,experimental,perovskite_silicon_tandem,tandem_2T,pce_stabilised,21.1,%,steady state at 21.1%,abstract
10.1021/acs.jpclett.6c01042,10.1021/acs.jpclett.6c01042,The Journal of Physical Chemistry Letters,interfaces,experimental,single_junction,p-i-n,pce_champion,26.8,%,achieving a power conversion efficiency of 26.8% and maintaining over 99% of their initial efficiency after 2000 h of continuous operating at 45 °C,abstract
10.1002/smll.73761,10.1002/smll.73761,Small,interfaces,experimental,single_junction,n-i-p,pce_champion,25.81,%,"The resulting device shows a power conversion efficiency of 25.81%, combined with good operational stability",abstract
10.1002/advs.75864,10.1002/advs.75864,Advanced Science,interfaces,experimental,single_junction,n-i-p,pce_champion,25.48,%,"Ultimately, the optimized perovskite solar cell achieved a champion efficiency of 25.48%, with an open‐circuit voltage of 1.213 V and a fill factor of 82.57%,",abstract
10.1002/smll.73621,10.1002/smll.73621,Small,defects,experimental,single_junction,n-i-p,pce_champion,25.95,%,"Consequently, the target PSCs achieve a champion power conversion efficiency (PCE) of 25.95%.",abstract
10.1038/s41467-026-73620-0,10.1038/s41467-026-73620-0,Nature Communications,composition,experimental,single_junction,unknown,pce_champion,26.35,%,achieving a champion device fabricated from 22 days aging perovskite precursor solution (PPS) with a power conversion efficiency of 26.35% and retaining 94.75% of its,abstract
10.1002/anie.5162616,10.1002/anie.5162616,Angewandte Chemie International Edition,architecture,experimental,all_perovskite_tandem,tandem_2T,pce_champion,32.26,%,"Furthermore, the Co‐SAM strategy demonstrates excellent generality, boosting the efficiency of 1 cm 2 TSCs to 32.26% (certified 32.10%).",abstract
10.1002/anie.5162616,10.1002/anie.5162616,Angewandte Chemie International Edition,architecture,experimental,all_perovskite_tandem,tandem_2T,pce_certified,32.1,%,"Furthermore, the Co‐SAM strategy demonstrates excellent generality, boosting the efficiency of 1 cm 2 TSCs to 32.26% (certified 32.10%).",abstract
10.1002/anie.5162616,10.1002/anie.5162616,Angewandte Chemie International Edition,architecture,experimental,all_perovskite_tandem,tandem_2T,active_area_cm2,1,cm2,"Furthermore, the Co‐SAM strategy demonstrates excellent generality, boosting the efficiency of 1 cm 2 TSCs to 32.26% (certified 32.10%).",abstract
10.1002/anie.5162616,10.1002/anie.5162616,Angewandte Chemie International Edition,architecture,experimental,all_perovskite_tandem,tandem_2T,t80_h,1000,h,"As a result, inverted 1.68 eV WBG PSCs achieve a champion efficiency of 23.52%, along with impressive stability, retaining over 80% after 1000 h of",abstract
10.1021/acsami.6c01711,10.1021/acsami.6c01711,ACS Applied Materials & Interfaces,defects,experimental,perovskite_silicon_tandem,tandem_2T,pce_champion,32.03,%,"This coordinated defect management substantially reduces nonradiative recombination loss, yielding monolithic PSTSCs with a champion power conversion efficiency of 32.03% and a high open-circuit voltage",abstract
10.1021/acsami.6c04007,10.1021/acsami.6c04007,ACS Applied Materials & Interfaces,interfaces,experimental,single_junction,p-i-n,pce_champion,21.58,%,"As a result, the C22 SAM with the Pb-based triple cation perovskite in the inverted PSC exhibited a champion power conversion efficiency (PCE) of 21.58%.",abstract
10.1021/acsami.6c06052,10.1021/acsami.6c06052,ACS Applied Materials & Interfaces,interfaces,experimental,single_junction,n-i-p,pce_champion,25.82,%,"As a result, NSA-modified n-i-p PSCs reach a champion efficiency of 25.82%, with improved charge extraction and suppressed nonradiative recombination.",abstract
10.1002/smll.74000,10.1002/smll.74000,Small,interfaces,experimental,module,p-i-n,pce_champion,21.2,%,"By slot‐die coating the mixture of BFC‐2PACz and [4‐(3,6‐dimethyl‐9H‐carbazol‐9‐yl)butyl]phosphonic acid (Me‐4PACz) as HTLs, we have achieved efficiencies of 21.2% and 16.8% based on a wide",abstract
10.1002/smll.74000,10.1002/smll.74000,Small,interfaces,experimental,module,p-i-n,active_area_cm2,10.0,cm2,larger‐area solar modules (10.0 cm 2 ),abstract
10.1126/science.aeb9953,10.1126/science.aeb9953,Science,stability,experimental,single_junction,unknown,pce_certified,27.6,%,We achieved a certified power conversion efficiency (PCE) of 27.6% in FAPbI 3 -based PSCs.,abstract
10.1002/smll.73673,10.1002/smll.73673,Small,defects,experimental,single_junction,p-i-n,pce_champion,26.6,%,The small‐area (0.09 cm 2 ) perovskite solar cell device fabricated with the 3‐HF passivation strategy achieved a champion power conversion efficiency (PCE) of 26.6%.,abstract
10.1002/smll.73673,10.1002/smll.73673,Small,defects,experimental,single_junction,p-i-n,active_area_cm2,0.09,cm2,The small‐area (0.09 cm 2 ) perovskite solar cell device fabricated with the 3‐HF passivation strategy achieved a champion power conversion efficiency (PCE) of 26.6%.,abstract
10.1002/aenm.71105,10.1002/aenm.71105,Advanced Energy Materials,composition,experimental,single_junction,unknown,pce_champion,26.61,%,"Consequently, devices incorporating Cl‐PPS achieve a power conversion efficiency of 26.61%.",abstract
10.1002/anie.7292679,10.1002/anie.7292679,Angewandte Chemie International Edition,defects,experimental,module,module,pce_champion,15.7,%,"In addition, improved film uniformity and interfacial contact enable power conversion efficiencies of 15.7% for R2R‐printed cells and 12.1% for modules (20.25 cm 2 ),",abstract
10.1002/anie.7292679,10.1002/anie.7292679,Angewandte Chemie International Edition,defects,experimental,module,module,active_area_cm2,20.25,cm2,12.1% for modules (20.25 cm 2 ),abstract
10.1002/solr.70302,10.1002/solr.70302,Solar RRL,interfaces,review,single_junction,unknown,pce_champion,30.5,%,"open‐circuit voltage ( V oc ) from 1.90 to 2.37 V, the fill factor from 0.76 to 0.84, and the power conversion efficiency approaching 30.5%.",abstract
10.1038/s41467-026-73709-6,10.1038/s41467-026-73709-6,Nature Communications,stability,experimental,single_junction,unknown,pce_champion,20.72,%,"This strategy enables carbon-based, hole-transport-layer-free CsPbI3 PSCs to achieve a record 20.72% efficiency (certified as 20.35%).",abstract
10.1038/s41467-026-73709-6,10.1038/s41467-026-73709-6,Nature Communications,stability,experimental,single_junction,unknown,pce_certified,20.35,%,"This strategy enables carbon-based, hole-transport-layer-free CsPbI3 PSCs to achieve a record 20.72% efficiency (certified as 20.35%).",abstract
10.1002/solr.70374,10.1002/solr.70374,Solar RRL,defects,experimental,single_junction,unknown,pce_champion,20.96,%,"Consequently, small‐area devices treated with GASCN achieved a peak power conversion efficiency of 20.96%.",abstract
10.1021/acsenergylett.6c00863,10.1021/acsenergylett.6c00863,ACS Energy Letters,scale_up,scale_up,single_junction,p-i-n,stability_protocol,IEC aluminum-foil testing protocol,label,,abstract
10.1021/acsenergylett.6c00476,10.1021/acsenergylett.6c00476,ACS Energy Letters,scale_up,scale_up,module,unknown,pce_champion,26.47,%,"The resulting perovskite solar cells (active area 0.0727 cm2) achieve a power conversion efficiency of 26.47% (26.03% certified) with a remarkable fill factor of 85.6%,",abstract
10.1021/acsenergylett.6c00476,10.1021/acsenergylett.6c00476,ACS Energy Letters,scale_up,scale_up,module,unknown,pce_certified,26.03,%,"The resulting perovskite solar cells (active area 0.0727 cm2) achieve a power conversion efficiency of 26.47% (26.03% certified) with a remarkable fill factor of 85.6%,",abstract
10.1021/acsenergylett.6c00476,10.1021/acsenergylett.6c00476,ACS Energy Letters,scale_up,scale_up,module,unknown,active_area_cm2,0.0727,cm2,"The resulting perovskite solar cells (active area 0.0727 cm2) achieve a power conversion efficiency of 26.47% (26.03% certified) with a remarkable fill factor of 85.6%,",abstract
10.1126/sciadv.aea7043,10.1126/sciadv.aea7043,Science Advances,interfaces,experimental,single_junction,unknown,pce_champion,22.03,%,"As a result, devices incorporating SA achieve a champion power conversion efficiency of 22.03% (certified 21.42%) along with outstanding operational stability.",abstract
10.1126/sciadv.aea7043,10.1126/sciadv.aea7043,Science Advances,interfaces,experimental,single_junction,unknown,pce_certified,21.42,%,"As a result, devices incorporating SA achieve a champion power conversion efficiency of 22.03% (certified 21.42%) along with outstanding operational stability.",abstract
10.1002/adfm.76197,10.1002/adfm.76197,Advanced Functional Materials,composition,experimental,single_junction,p-i-n,pce_champion,26.11,%,"Consequently, p‐i‐n perovskite solar cells achieve a champion efficiency of 26.11% with enhanced stability, retaining 95.2% of their initial efficiency after 500 h of thermal",abstract
10.1002/adfm.76197,10.1002/adfm.76197,Advanced Functional Materials,composition,experimental,single_junction,p-i-n,t80_h,1200,h,retaining 95.2% of their initial efficiency after 500 h of thermal aging at 65°C and 80% after 1200 h of maximum power point tracking under,abstract
10.1021/acsaem.6c00285,10.1021/acsaem.6c00285,ACS Applied Energy Materials,composition,experimental,single_junction,unknown,pce_champion,18.4,%,The optimized 3D/2D hybrid device achieves PCEs of 18.40% under 1 sun and 34.54% under indoor LED illumination (1000 lux).,abstract
10.1021/acsami.6c02555,10.1021/acsami.6c02555,ACS Applied Materials & Interfaces,defects,experimental,single_junction,unknown,pce_champion,18.22,%,"As a result, the open-circuit voltage increases from 1.031 to 1.126 V, and the power conversion efficiency improves from 14.71 to 18.22%.",abstract
10.1002/smtd.70748,10.1002/smtd.70748,Small Methods,defects,experimental,single_junction,n-i-p,pce_champion,25.12,%,"Consequently, the optimized devices achieve a champion power conversion efficiency of 25.12%, significantly higher than the control (23.42%), along with excellent operational stability, retaining 98%",abstract
10.1002/solr.70387,10.1002/solr.70387,Solar RRL,architecture,experimental,all_perovskite_tandem,tandem_2T,pce_champion,27.26,%,"Furthermore, the optimized monolithic all‐perovskite tandem cells deliver a remarkable PCE of 27.26%.",abstract
10.1002/solr.70387,10.1002/solr.70387,Solar RRL,architecture,experimental,all_perovskite_tandem,tandem_2T,t80_h,300,h,"Under continuous 1‐sun illumination in a nitrogen atmosphere, both the single‐junction and tandem devices retain approximately 80% of their initial efficiencies after 1000 and 300",abstract
10.1002/inf2.70153,10.1002/inf2.70153,InfoMat,stability,experimental,single_junction,unknown,pce_champion,19.37,%,CPG‐based devices achieve power conversion efficiencies (PCEs) of 19.37% at the unit‐cell level,abstract
10.1002/inf2.70153,10.1002/inf2.70153,InfoMat,stability,experimental,single_junction,unknown,active_area_cm2,64,cm2,and 17.03% for 64 cm 2 aperture area modules,abstract
10.1038/s43246-026-01213-x,10.1038/s43246-026-01213-x,Communications Materials,architecture,experimental,all_perovskite_tandem,tandem_4T,pce_champion,22,%,"yielding efficiencies exceeding 22% and 20% for rigid and flexible 4T tandem devices, respectively.",abstract
10.1002/ente.70525,10.1002/ente.70525,Energy Technology,interfaces,experimental,single_junction,none,pce_champion,4.26,%,"The solar cells with Cs 2 SnX 6 HTM achieved a maximum power conversion efficiency (PCE) of 4.26% under AM 1.5 G illumination, with high",abstract
10.1021/acsami.6c04287,10.1021/acsami.6c04287,ACS Applied Materials & Interfaces,defects,experimental,single_junction,unknown,pce_champion,22.5,%,The champion power conversion efficiency (PCE) was increased from 21.43 to 22.50%,abstract
10.1021/acs.jpclett.6c00952,10.1021/acs.jpclett.6c00952,The Journal of Physical Chemistry Letters,interfaces,experimental,single_junction,p-i-n,pce_champion,25.79,%,inverted PSCs based on the EDG-substituted SAM (TP-Me) achieves a power conversion efficiency (PCE) of 25.79% with superior operational stability,abstract
10.1002/anie.4293157,10.1002/anie.4293157,Angewandte Chemie International Edition,composition,experimental,single_junction,unknown,pce_champion,22.41,%,"ThCH‐based RP perovskite (nominal n = 4) devices achieve record efficiencies of 22.41% (certified 21.74%, 0.074 cm 2 ) for small‐area devices",abstract
10.1002/anie.4293157,10.1002/anie.4293157,Angewandte Chemie International Edition,composition,experimental,single_junction,unknown,pce_certified,21.74,%,"record efficiencies of 22.41% (certified 21.74%, 0.074 cm 2 ) for small‐area devices",abstract
10.1002/anie.4293157,10.1002/anie.4293157,Angewandte Chemie International Edition,composition,experimental,single_junction,unknown,active_area_cm2,0.074,cm2,"certified 21.74%, 0.074 cm 2",abstract
10.1002/solr.202500960,10.1002/solr.202500960,Solar RRL,composition,experimental,single_junction,unknown,pce_champion,15.27,%,3D/LD PSCs based on PEA 2 MA 9 Pb 10 I 31 ( n = 10) exhibited the highest power conversion efficiency (PCE) of 15.27%,abstract
10.1016/j.solener.2026.114672,10.1016/j.solener.2026.114672,Solar Energy,scale_up,theory,single_junction,n-i-p,pce_champion,17.53,%,"simulated cell achieved performance metrics as V OC = 0.995 V, J SC = 23.37 mA.cm −2 , FF = 75.38%, and PCE = 17.53%",abstract
10.26434/chemrxiv.15003250/v2,10.26434/chemrxiv.15003250/v2,ChemRxiv,interfaces,experimental,single_junction,unknown,pce_champion,20.6,%,"Perovskite solar cells that contain CBBC‑TIC as the electron-transport layer achieved a power conversion efficiency of 20.6%, which is comparable to that obtained with the",abstract
10.48550/arxiv.2605.03673,10.48550/arxiv.2605.03673,arXiv (Cornell University),composition,theory,single_junction,n-i-p,pce_champion,3.56,%,"In its first, BMCO-based FTO/SnO2/BMCO/Spiro-OMeTAD/Ag solar cell produced a maximum 3.56% conversion efficiency.",abstract
10.48550/arxiv.2605.20242,10.48550/arxiv.2605.20242,arXiv (Cornell University),composition,review,single_junction,unknown,pce_champion,21.32,%,"PCEs of 20.13% and 20.87% for the later-round 6-CDQ- and 2-CNA-treated devices, respectively, compared with 19.25% for the control, with a champion PCE of 21.32%.",abstract
10.1002/adma.73833,10.1002/adma.73833,Advanced Materials,defects,experimental,single_junction,unknown,pce_champion,22.28,%,solar cells incorporating DPS achieve a champion power conversion efficiency of 22.28%,abstract
10.1002/adma.73567,10.1002/adma.73567,Advanced Materials,interfaces,experimental,single_junction,p-i-n,pce_champion,23.33,%,the optimized devices achieve a champion efficiency of 23.33%,abstract
10.1021/acs.jpclett.6c01458,10.1021/acs.jpclett.6c01458,The Journal of Physical Chemistry Letters,defects,experimental,single_junction,p-i-n,pce_champion,22.14,%,inverted WBG perovskite solar cells achieve a champion power conversion efficiency of 22.14%,abstract
10.1002/adfm.76291,10.1002/adfm.76291,Advanced Functional Materials,interfaces,experimental,single_junction,p-i-n,pce_champion,26.52,%,The resulting PSCs achieve a champion PCE of 26.52% with enhanced stability,abstract
10.1002/smll.74328,10.1002/smll.74328,Small,defects,experimental,single_junction,unknown,pce_champion,25.94,%,the PIT‐modified PSCs achieve a champion PCE of 25.94%,abstract
10.1126/science.aef5355,10.1126/science.aef5355,Science,architecture,experimental,perovskite_silicon_tandem,tandem_2T,pce_champion,33.2,%,delivered a champion power conversion efficiency of 33.2% (1 square centimeter),abstract
10.1126/science.aef5355,10.1126/science.aef5355,Science,architecture,experimental,perovskite_silicon_tandem,tandem_2T,pce_certified,33.6,%,"For RPD-SnO x as the recombination layer, we achieved a certified efficiency of 33.6%",abstract
10.1126/science.aef5355,10.1126/science.aef5355,Science,architecture,experimental,perovskite_silicon_tandem,tandem_2T,active_area_cm2,1,cm2,champion power conversion efficiency of 33.2% (1 square centimeter),abstract
10.1021/acsami.6c06698,10.1021/acsami.6c06698,ACS Applied Materials & Interfaces,defects,experimental,single_junction,n-i-p,pce_champion,24.42,%,the optimized devices achieve a champion power conversion efficiency of 24.42%,abstract
10.1002/adma.73713,10.1002/adma.73713,Advanced Materials,defects,experimental,all_perovskite_tandem,tandem_2T,pce_champion,33.59,%,"When integrated into silicon‐based tandem cells, the device delivers an efficiency of 33.59%",abstract
10.1021/acsami.6c02373,10.1021/acsami.6c02373,ACS Applied Materials & Interfaces,interfaces,experimental,single_junction,p-i-n,pce_champion,25.16,%,yielding a power conversion efficiency (PCE) of 25.16% and enhanced thermal and light stability,abstract
10.1002/adfm.76643,10.1002/adfm.76643,Advanced Functional Materials,defects,experimental,single_junction,p-i-n,pce_champion,21.46,%,"the NPBA‐incorporated wide‐bandgap perovskite solar cells, featuring a bandgap of 1.7 eV, achieve a high power conversion efficiency (PCE) of 21.46%",abstract
10.1002/aenm.71181,10.1002/aenm.71181,Advanced Energy Materials,defects,experimental,single_junction,unknown,pce_champion,25.18,%,the optimized target PSCs achieve a champion power conversion efficiency (PCE) of 25.18% (vs. 23.07% for control device),abstract
10.1002/adma.73828,10.1002/adma.73828,Advanced Materials,interfaces,experimental,single_junction,p-i-n,pce_champion,26.83,%,Devices based on this molecularly regulated interface achieve a power conversion efficiency of 26.83%,abstract
10.1002/smll.202514809,10.1002/smll.202514809,Small,defects,experimental,single_junction,unknown,pce_champion,23,%,resulting in devices with a champion PCE exceeding 23%,abstract
10.1002/smll.202514809,10.1002/smll.202514809,Small,defects,experimental,single_junction,unknown,pce_stabilised,21.7,%,SP‐07‐based PSCs achieve a stabilized power conversion efficiency (PCE) of 21.7%,abstract
10.1002/adfm.76418,10.1002/adfm.76418,Advanced Functional Materials,interfaces,experimental,single_junction,p-i-n,pce_champion,26.08,%,LS‐6‐based PSCs achieve an impressive power conversion efficiency (PCE) of 26.08%,abstract
10.1002/adma.73535,10.1002/adma.73535,Advanced Materials,interfaces,experimental,single_junction,n-i-p,pce_champion,26.13,%,"the resulting champion n‐i‐p PSC achieves a remarkable power conversion efficiency of 26.13%, with a high open‐circuit voltage of 1.184 V and a fill factor",abstract
10.1002/adma.202522825,10.1002/adma.202522825,Advanced Materials,defects,experimental,single_junction,p-i-n,pce_champion,26.54,%,we achieved a PCE of 26.54% (certified as 26.24%),abstract
10.1002/adma.202522825,10.1002/adma.202522825,Advanced Materials,defects,experimental,single_junction,p-i-n,pce_certified,26.24,%,we achieved a PCE of 26.54% (certified as 26.24%),abstract
10.1002/smll.74279,10.1002/smll.74279,Small,defects,experimental,single_junction,unknown,pce_champion,24.63,%,"Corresponding solar cells deliver a champion power conversion efficiency of 24.63%, significantly outperforming control devices (22.89%)",abstract
10.1002/adfm.75637,10.1002/adfm.75637,Advanced Functional Materials,defects,scale_up,single_junction,p-i-n,pce_champion,20.59,%,vacuum‐processed p‐i‐n PSCs achieve a champion power conversion efficiency of 20.59%,abstract
10.1002/adfm.76623,10.1002/adfm.76623,Advanced Functional Materials,defects,experimental,single_junction,p-i-n,pce_champion,26.62,%,yield peak power conversion efficiencies of 25.28% in the n‐i‐p configuration and 26.62% in the p‐i‐n configuration,abstract
10.1002/adfm.76562,10.1002/adfm.76562,Advanced Functional Materials,interfaces,experimental,single_junction,n-i-p,pce_champion,25.69,%,"The resultant regular PSCs achieve a promising power conversion efficiency (PCE) of 25.69%, among the highest PCEs reported for air‐processed PSCs.",abstract
10.1021/acsenergylett.6c00641,10.1021/acsenergylett.6c00641,ACS Energy Letters,interfaces,theory,single_junction,p-i-n,pce_champion,14.8,%,this approach delivers a substantial open-circuit voltage enhancement and a power conversion efficiency of 14.8%,abstract
10.1021/acsami.6c05326,10.1021/acsami.6c05326,ACS Applied Materials & Interfaces,defects,experimental,single_junction,unknown,pce_champion,17.73,%,delivering a power conversion efficiency of 17.73% compared to 14.46% for the untreated control,abstract
10.1002/solr.70394,10.1002/solr.70394,Solar RRL,defects,experimental,single_junction,unknown,pce_champion,20.05,%,the CPP treatment increased device efficiency from 12.01% to 20.05%,abstract
10.1021/acsenergylett.6c01505,10.1021/acsenergylett.6c01505,ACS Energy Letters,composition,theory,single_junction,unknown,pce_champion,10.45,%,the optimized TPSC achieved a record power conversion efficiency (PCE) of 10.45%,abstract
10.1002/adfm.76243,10.1002/adfm.76243,Advanced Functional Materials,interfaces,experimental,single_junction,p-i-n,pce_champion,23.3,%,The resulting inverted PSCs achieve a champion power conversion efficiency (PCE) of 23.30% with negligible hysteresis,abstract
10.1002/adfm.76264,10.1002/adfm.76264,Advanced Functional Materials,defects,experimental,single_junction,p-i-n,pce_champion,20.35,%,the champion power conversion efficiency (PCE) of 20.35% is obtained with an exceptional FF of 85.18% and an open‐circuit voltage ( V OC ) of,abstract
10.1002/adfm.76218,10.1002/adfm.76218,Advanced Functional Materials,defects,experimental,single_junction,unknown,pce_champion,24.85,%,the resulting PSCs achieve a PCE of 24.85%,abstract
10.1021/acssuschemeng.6c04546,10.1021/acssuschemeng.6c04546,ACS Sustainable Chemistry & Engineering,interfaces,experimental,single_junction,p-i-n,pce_champion,25.4,%,the inverted PSCs achieve a power conversion efficiency of 25.4%,abstract
10.1002/adma.73561,10.1002/adma.73561,Advanced Materials,stability,scale_up,single_junction,p-i-n,pce_champion,26.14,%,PSCs achieve a power conversion efficiency (PCE) of 26.14% for 0.05 cm 2 devices,abstract
10.1002/adma.73561,10.1002/adma.73561,Advanced Materials,stability,scale_up,single_junction,p-i-n,active_area_cm2,0.05,cm2,26.14% for 0.05 cm 2 devices,abstract
10.1002/aenm.71170,10.1002/aenm.71170,Advanced Energy Materials,interfaces,experimental,single_junction,n-i-p,pce_champion,26.1,%,Devices incorporating phosphate‐buffer‐synthesized SnO 2 deliver a peak power conversion efficiency (PCE) of 26.1%,abstract
10.1002/adma.73682,10.1002/adma.73682,Advanced Materials,architecture,experimental,all_perovskite_tandem,tandem_2T,pce_champion,29.44,%,we further fabricated APTSCs with a champion PCE of 29.44%,abstract
10.1002/adma.73682,10.1002/adma.73682,Advanced Materials,architecture,experimental,all_perovskite_tandem,tandem_2T,t80_h,1080,h,Both devices retain approximately 80% of their initial efficiency after 1080 h of continuous operation under one‐sun illumination.,abstract
10.1038/s41467-026-72581-8,10.1038/s41467-026-72581-8,Nature Communications,scale_up,experimental,single_junction,unknown,pce_certified,26.1,%,"The devices with air blade-coated SAMs, perovskite, and passivation layers achieve a certified efficiency of 26.1% with negligible decrease even fabricated at 80% relative humidity.",abstract
10.1021/acs.nanolett.6c00804,10.1021/acs.nanolett.6c00804,Nano Letters,defects,experimental,single_junction,unknown,pce_champion,25.22,%,"Consequently, our strategy enables the all-air fabrication of high-performance PSCs, achieving a champion power conversion efficiency of 25.22% alongside markedly improved operational stability.",abstract
10.1002/ente.70501,10.1002/ente.70501,Energy Technology,defects,experimental,perovskite_silicon_tandem,tandem_4T,pce_champion,26.75,%,"In the 4T configuration, the tandem achieves 26.75% efficiency under 1.3‐sun illumination.",abstract
10.1021/acsaem.6c00330,10.1021/acsaem.6c00330,ACS Applied Energy Materials,defects,experimental,single_junction,unknown,pce_champion,24,%,"Consequently, PSCs incorporating the RM82-modified interface achieve power conversion efficiencies (PCEs) exceeding 24% and exhibit enhanced environmental stability, retaining over 90% of their initial efficiency",abstract
10.1021/acs.jpclett.6c01600,10.1021/acs.jpclett.6c01600,The Journal of Physical Chemistry Letters,defects,experimental,single_junction,unknown,pce_champion,15.84,%,"As a result, ACA-treated C-IPSCs achieve a champion power conversion efficiency of 15.84% with an open-circuit voltage of 1.19 V, significantly outperforming the control devices",abstract
10.1002/anie.4500167,10.1002/anie.4500167,Angewandte Chemie International Edition,defects,experimental,single_junction,unknown,pce_champion,26.66,%,"Therefore, PCBM:TATPC‐based PSCs achieve an impressive efficiency of 26.66% (25.81% for devices with an area of 1.04 cm 2 ) with enhanced operational stability.",abstract
10.1002/anie.4500167,10.1002/anie.4500167,Angewandte Chemie International Edition,defects,experimental,single_junction,unknown,active_area_cm2,1.04,cm2,"Therefore, PCBM:TATPC‐based PSCs achieve an impressive efficiency of 26.66% (25.81% for devices with an area of 1.04 cm 2 ) with enhanced operational stability.",abstract
10.1002/adfm.76257,10.1002/adfm.76257,Advanced Functional Materials,stability,experimental,single_junction,n-i-p,pce_champion,26.09,%,The resulting PSCs achieve a champion power conversion efficiency (PCE) of 26.09% (0.04 cm 2 ).,abstract
10.1002/adfm.76257,10.1002/adfm.76257,Advanced Functional Materials,stability,experimental,single_junction,n-i-p,active_area_cm2,0.04,cm2,The resulting PSCs achieve a champion power conversion efficiency (PCE) of 26.09% (0.04 cm 2 ).,abstract
10.1002/adfm.76756,10.1002/adfm.76756,Advanced Functional Materials,stability,scale_up,single_junction,p-i-n,pce_champion,26.76,%,"The champion power conversion efficiency (PCE) of p–i–n PSCs and 12 cm 2 module reach 26.76% (certified 26.12%) and 22.77%, respectively.",abstract
10.1002/adfm.76756,10.1002/adfm.76756,Advanced Functional Materials,stability,scale_up,single_junction,p-i-n,pce_certified,26.12,%,"The champion power conversion efficiency (PCE) of p–i–n PSCs and 12 cm 2 module reach 26.76% (certified 26.12%) and 22.77%, respectively.",abstract
10.1002/adfm.76756,10.1002/adfm.76756,Advanced Functional Materials,stability,scale_up,single_junction,p-i-n,active_area_cm2,12,cm2,"The champion power conversion efficiency (PCE) of p–i–n PSCs and 12 cm 2 module reach 26.76% (certified 26.12%) and 22.77%, respectively.",abstract
10.1002/anie.2974414,10.1002/anie.2974414,Angewandte Chemie International Edition,composition,experimental,module,module,pce_champion,26.52,%,"into the 3D perovskite film to construct 2D/3D structures, resulting perovskite solar cells and modules (effective area: 50 cm 2 ) demonstrate efficiencies of 26.52%",abstract
10.1002/anie.2974414,10.1002/anie.2974414,Angewandte Chemie International Edition,composition,experimental,module,module,active_area_cm2,50,cm2,"When introducing it into the 3D perovskite film to construct 2D/3D structures, resulting perovskite solar cells and modules (effective area: 50 cm 2 ) demonstrate",abstract
10.1002/aenm.71159,10.1002/aenm.71159,Advanced Energy Materials,interfaces,scale_up,module,module,pce_certified,26.61,%,"Consequently, P‐SAMs exhibit a certified efficiency of 26.61% for small‐area PSCs (0.06734 cm 2 ) and 22.83% for large‐area modules (62.37 cm 2 ).",abstract
10.1002/aenm.71159,10.1002/aenm.71159,Advanced Energy Materials,interfaces,scale_up,module,module,active_area_cm2,0.06734,cm2,"Consequently, P‐SAMs exhibit a certified efficiency of 26.61% for small‐area PSCs (0.06734 cm 2 ) and 22.83% for large‐area modules (62.37 cm 2 ).",abstract
10.1002/eem2.70443,10.1002/eem2.70443,Energy & environment materials,defects,experimental,single_junction,p-i-n,pce_champion,26.33,%,"Assisted by the Co‐SAMs, the efficiency of the champion device reached 26.33%, and the unencapsulated device still maintained over 90% of its peak performance after",abstract
10.1038/s41467-026-74107-8,10.1038/s41467-026-74107-8,Nature Communications,stability,experimental,single_junction,unknown,pce_champion,27.29,%,"As a result, the resulting perovskite solar cells deliver an efficiency of 27.29% (certified 26.84%), with the minimodules reaching 24% (certified 23.54%).",abstract
10.1038/s41467-026-74107-8,10.1038/s41467-026-74107-8,Nature Communications,stability,experimental,single_junction,unknown,pce_certified,26.84,%,"As a result, the resulting perovskite solar cells deliver an efficiency of 27.29% (certified 26.84%), with the minimodules reaching 24% (certified 23.54%).",abstract
10.1002/aenm.71222,10.1002/aenm.71222,Advanced Energy Materials,defects,experimental,single_junction,unknown,pce_champion,26.13,%,"Consequently, R‐Pye‐treated devices achieve a remarkable power conversion efficiency (PCE) of 26.13% with an open‐circuit voltage ( V OC ) of 1.20 V.",abstract
10.1002/aenm.71174,10.1002/aenm.71174,Advanced Energy Materials,stability,experimental,single_junction,unknown,pce_champion,20.8,%,"Devices fabricated using this strategy deliver an open‐circuit voltage (V OC ) of 1.20 V and a champion efficiency of 20.8%, along with markedly improved",abstract
10.1002/adma.73656,10.1002/adma.73656,Advanced Materials,stability,experimental,single_junction,p-i-n,pce_champion,26.6,%,The resulting PSCs achieve a champion power conversion efficiency of 26.6% (certified at 26.2%) for a 0.0524 cm 2 device and 24.7% for a 1,abstract
10.1002/adma.73656,10.1002/adma.73656,Advanced Materials,stability,experimental,single_junction,p-i-n,pce_certified,26.2,%,The resulting PSCs achieve a champion power conversion efficiency of 26.6% (certified at 26.2%) for a 0.0524 cm 2 device and 24.7% for a 1,abstract
10.1002/adma.73656,10.1002/adma.73656,Advanced Materials,stability,experimental,single_junction,p-i-n,active_area_cm2,0.0524,cm2,The resulting PSCs achieve a champion power conversion efficiency of 26.6% (certified at 26.2%) for a 0.0524 cm 2 device and 24.7% for a 1,abstract
10.1002/adma.73679,10.1002/adma.73679,Advanced Materials,stability,experimental,single_junction,unknown,pce_certified,25.56,%,"In addition to achieving a certified efficiency of 25.56%, our devices demonstrate an extrapolated T 80 lifetime exceeding 10 years, as per the ISOS‐LC‐1 protocol.",abstract
10.1126/sciadv.aef6596,10.1126/sciadv.aef6596,Science Advances,stability,experimental,single_junction,unknown,pce_certified,27.28,%,Devices using this passivation strategy achieved certified power conversion efficiencies of 27.28% with exceptional operational stability.,abstract
10.1126/sciadv.aef6596,10.1126/sciadv.aef6596,Science Advances,stability,experimental,single_junction,unknown,t80_h,3566,h,while encapsulated devices maintained 80% of their initial efficiency after 3566 hours at 85°C under the ISOS-L-2 protocol,abstract
10.1002/cey2.70296,10.1002/cey2.70296,Carbon Energy,architecture,experimental,all_perovskite_tandem,tandem_4T,pce_champion,17.25,%,"The improved bifacial CIGS solar cells achieved 17.25% efficiency under front illumination, ranking second globally in the bifacial CIGS category, and 5.77% under rear illumination",abstract
10.1002/smll.74200,10.1002/smll.74200,Small,interfaces,experimental,single_junction,p-i-n,pce_champion,25.13,%,"Consequently, the optimized inverted PSCs yield a champion PCE of 25.13% with a fill factor of 82.6%, accompanied by negligible hysteresis and 73.8% PCE retention",abstract
10.1038/s41467-026-74288-2,10.1038/s41467-026-74288-2,Nature Communications,architecture,scale_up,single_junction,p-i-n,pce_champion,26.88,%,"This interfacial engineering enables 1.55 eV PSCs to achieve a champion power conversion efficiency (PCE) of 26.88% with a fill factor (FF) of 86.57%, alongside",abstract
10.1038/s41467-026-74288-2,10.1038/s41467-026-74288-2,Nature Communications,architecture,scale_up,single_junction,p-i-n,active_area_cm2,29.7,cm2,alongside a 23.32% PCE for a 29.7 cm2 module,abstract
10.1002/aenm.71216,10.1002/aenm.71216,Advanced Energy Materials,interfaces,experimental,single_junction,p-i-n,pce_champion,22.79,%,The synergistic strategies enable the preparation of efficient P‐i‐N C‐PSCs with a record efficiency of 22.79% (certified 21.34%).,abstract
10.1002/aenm.71216,10.1002/aenm.71216,Advanced Energy Materials,interfaces,experimental,single_junction,p-i-n,pce_certified,21.34,%,with a record efficiency of 22.79% (certified 21.34%),abstract
10.1021/acsenergylett.6c01291,10.1021/acsenergylett.6c01291,ACS Energy Letters,interfaces,experimental,single_junction,p-i-n,pce_champion,26.54,%,Inverted solar cells achieve power conversion efficiencies (PCEs) of 26.54% (0.1 cm2) and 24.83% (1 cm2).,abstract
10.1021/acsenergylett.6c01291,10.1021/acsenergylett.6c01291,ACS Energy Letters,interfaces,experimental,single_junction,p-i-n,active_area_cm2,0.1,cm2,Inverted solar cells achieve power conversion efficiencies (PCEs) of 26.54% (0.1 cm2) and 24.83% (1 cm2).,abstract
10.1021/acsenergylett.6c01291,10.1021/acsenergylett.6c01291,ACS Energy Letters,interfaces,experimental,single_junction,p-i-n,stability_protocol,ISOS-D-1,label,,abstract
10.1021/acsenergylett.6c01257,10.1021/acsenergylett.6c01257,ACS Energy Letters,interfaces,experimental,single_junction,p-i-n,pce_champion,26.93,%,"Consequently, the optimized pero-SCs achieve a power conversion efficiency of 26.93% (certified as 26.44%).",abstract
10.1021/acsenergylett.6c01257,10.1021/acsenergylett.6c01257,ACS Energy Letters,interfaces,experimental,single_junction,p-i-n,pce_certified,26.44,%,a power conversion efficiency of 26.93% (certified as 26.44%),abstract
10.1002/adma.73855,10.1002/adma.73855,Advanced Materials,scale_up,experimental,module,p-i-n,pce_champion,27.12,%,"As a result, champion devices deliver a power conversion efficiency (PCE) of 27.12% (certified 26.80%) for small‐area rigid PSCs and 20.00% for a flexible minimodule",abstract
10.1002/adma.73855,10.1002/adma.73855,Advanced Materials,scale_up,experimental,module,p-i-n,pce_certified,26.8,%,a power conversion efficiency (PCE) of 27.12% (certified 26.80%) for small‐area rigid PSCs,abstract
10.1002/adma.73855,10.1002/adma.73855,Advanced Materials,scale_up,experimental,module,p-i-n,active_area_cm2,655.2,cm2,while a large‐area inverted perovskite submodule with an active area of 655.2 cm 2 achieves a record‐breaking PCE of 21.60%,abstract
10.1021/acsaem.6c01434,10.1021/acsaem.6c01434,ACS Applied Energy Materials,composition,experimental,single_junction,p-i-n,pce_champion,7.66,%,"Inverted 4GBACl-interlayer-incorporated TPSCs achieved a champion power conversion efficiency of 7.66%, with an open-circuit voltage, fill factor, and ultralow hysteresis index of 0.619 V, 70.4%,",abstract
10.1002/aenm.71123,10.1002/aenm.71123,Advanced Energy Materials,defects,experimental,single_junction,p-i-n,pce_champion,21,%,"(PCSs) achieve a record V oc of 1.269 V, approaching 90% of the radiative limit for a 1.7 eV bandgap, and a PCE of 21%,",abstract
10.1002/aenm.71123,10.1002/aenm.71123,Advanced Energy Materials,defects,experimental,single_junction,p-i-n,active_area_cm2,1,cm2,"The performance is well maintained under low‐injection conditions and in 1 cm 2 large‐area devices, demonstrating the robustness and scalability of this strategy.",abstract
10.1038/s41467-026-73276-w,10.1038/s41467-026-73276-w,Nature Communications,interfaces,experimental,all_perovskite_tandem,tandem_2T,pce_champion,26.13,%,Flexible devices reach 26.13% champion power conversion efficiency,abstract
10.1038/s41467-026-73276-w,10.1038/s41467-026-73276-w,Nature Communications,interfaces,experimental,all_perovskite_tandem,tandem_2T,pce_certified,32.95,%,a certified 32.95% perovskite/Si tandem efficiency,abstract
10.1038/s41467-026-73276-w,10.1038/s41467-026-73276-w,Nature Communications,interfaces,experimental,all_perovskite_tandem,tandem_2T,pce_stabilised,27.12,%,Poly-3Ph-4PACz enables 27.18% rigid inverted perovskite solar cells (certified mean steady-state 27.12%),abstract
10.1038/s41467-026-73276-w,10.1038/s41467-026-73276-w,Nature Communications,interfaces,experimental,all_perovskite_tandem,tandem_2T,active_area_cm2,57.6,cm2,while 57.6 cm2 flexible modules deliver 22.22%,abstract
10.1002/anie.5595275,10.1002/anie.5595275,Angewandte Chemie International Edition,architecture,experimental,all_perovskite_tandem,tandem_2T,pce_champion,29.18,%,the two‐terminal all‐perovskite tandem device delivers a PCE of 29.18%,abstract
10.1002/anie.5595275,10.1002/anie.5595275,Angewandte Chemie International Edition,architecture,experimental,all_perovskite_tandem,tandem_2T,t80_h,500,h,retains 80% of its initial efficiency after 500 h of continuous maximum power point tracking under simulated sunlight,abstract
10.1002/anie.4918900,10.1002/anie.4918900,Angewandte Chemie International Edition,architecture,experimental,all_perovskite_tandem,tandem_2T,pce_champion,29.29,%,the optimized APTSCs achieve a champion efficiency of 29.29%,abstract
10.1002/anie.4918900,10.1002/anie.4918900,Angewandte Chemie International Edition,architecture,experimental,all_perovskite_tandem,tandem_2T,pce_certified,28.79,%,(certified 28.79%),abstract
10.1002/smll.202510785,10.1002/smll.202510785,Small,interfaces,experimental,single_junction,n-i-p,pce_champion,26.15,%,"The efficiency of PSC devices based on L‐lle exhibit a significantly higher efficiency than that of control devices (23.54%), reaching 26.15%.",abstract
10.1002/smll.74319,10.1002/smll.74319,Small,interfaces,experimental,perovskite_silicon_tandem,tandem_2T,pce_champion,30.18,%,the strategy was successfully extended to two-terminal monolithic perovskite/silicon tandem solar cells to afford impressive PCEs of 30.18%,abstract
10.1021/acsami.6c04650,10.1021/acsami.6c04650,ACS Applied Materials & Interfaces,defects,experimental,single_junction,unknown,pce_champion,23.74,%,the devices modified with 6-MCA achieved a champion power conversion efficiency (PCE) of 23.74%,abstract
10.1002/smll.74076,10.1002/smll.74076,Small,composition,experimental,single_junction,unknown,pce_champion,21.36,%,The fabricated PSCs (E g = 1.697 eV) achieved a PCE of 21.36%,abstract
10.1002/smll.74076,10.1002/smll.74076,Small,composition,experimental,single_junction,unknown,pce_stabilised,20.75,%,a stabilized power output (SPO) of 20.75%,abstract
10.1021/acsmaterialslett.5c01678,10.1021/acsmaterialslett.5c01678,ACS Materials Letters,defects,experimental,single_junction,unknown,pce_champion,26.58,%,The rigid PSCs yield a power conversion efficiency (PCE) of 26.58%,abstract
10.1038/s41467-026-73739-0,10.1038/s41467-026-73739-0,Nature Communications,composition,experimental,single_junction,unknown,pce_champion,25.61,%,"This strategy enables FA-based perovskite solar cells to achieve an efficiency of 25.61%, with unencapsulated devices maintaining 90% initial efficiency after 1,000 h at 70%",abstract
10.1021/acsaem.6c00778,10.1021/acsaem.6c00778,ACS Applied Energy Materials,stability,scale_up,single_junction,n-i-p,pce_champion,20.76,%,planar n−i−p PSCs employing PTAA:NiO (10 mg mL −1 ) achieve a champion power conversion efficiency (PCE) of 20.76%,abstract
10.1021/acsaem.6c00778,10.1021/acsaem.6c00778,ACS Applied Energy Materials,stability,scale_up,single_junction,n-i-p,stability_protocol,ISOS-D-1,label,,abstract
10.1002/advs.76010,10.1002/advs.76010,Advanced Science,interfaces,experimental,single_junction,n-i-p,pce_champion,26.02,%,leading to a 26.02% enhancement in power conversion efficiency and 86% retention of the initial efficiency after 762 h of operation,abstract
10.1002/smll.74086,10.1002/smll.74086,Small,defects,experimental,single_junction,unknown,pce_champion,15.85,%,"Solar cells fabricated with these films deliver a champion power conversion efficiency of 15.85%, representing the highest efficiency reported to date for thermally evaporated CsPbI",abstract
10.1002/solr.70406,10.1002/solr.70406,Solar RRL,scale_up,experimental,single_junction,unknown,pce_champion,20.7,%,"With interface improvement, a champion efficiency of 20.7%, a fill factor of 82.3%, and a V oc of 1.16 V are achieved.",abstract
10.1021/acsami.6c05001,10.1021/acsami.6c05001,ACS Applied Materials & Interfaces,architecture,experimental,all_perovskite_tandem,unknown,pce_champion,24.97,%,"As a result, flexible PTSCs achieve a power conversion efficiency of 24.97% and retain over 90% of their initial efficiency after 5000 bending cycles at",abstract
10.1021/acs.jpclett.6c01395,10.1021/acs.jpclett.6c01395,The Journal of Physical Chemistry Letters,composition,experimental,single_junction,unknown,pce_champion,21.84,%,The optimized FAAC-based CsPbI 3 perovskite solar cells (PSCs) achieve a power conversion efficiency (PCE) of 21.84%.,abstract
10.1002/smll.74278,10.1002/smll.74278,Small,interfaces,experimental,single_junction,p-i-n,pce_champion,26.47,%,PATDBAz-based IPSCs achieve a champion power conversion efficiency of 26.47% and retain 97.5% of their initial efficiency after 1000 h under International Summit on Organic,abstract
10.1002/smll.74278,10.1002/smll.74278,Small,interfaces,experimental,single_junction,p-i-n,stability_protocol,ISOS-L-1,label,,abstract
10.1088/2752-5724/ae7817,10.1088/2752-5724/ae7817,Materials Futures,defects,experimental,all_perovskite_tandem,tandem_4T,pce_champion,22.21,%,"The optimized WBG perovskite solar cells achieve a power conversion efficiency of 22.21% with an open-circuit voltage of 1.20 V, and retain over 91% of",abstract
10.1021/acsenergylett.6c00703,10.1021/acsenergylett.6c00703,ACS Energy Letters,interfaces,experimental,single_junction,unknown,pce_champion,26.78,%,"The champion device achieved a PCE of 26.78%, with a Pb 2+ sequestration efficiency (SQE) of 95.14%.",abstract
10.1002/solr.70405,10.1002/solr.70405,Solar RRL,stability,experimental,single_junction,p-i-n,pce_champion,26.6,%,"Inverted devices employing this engineered ETL achieve a power conversion efficiency of 26.6% with a fill factor of 85.1%, together with substantially enhanced operational stability",abstract
10.1002/anie.7010126,10.1002/anie.7010126,Angewandte Chemie International Edition,stability,experimental,single_junction,unknown,pce_champion,26.47,%,"Consequently, the target photovoltaic device attains a champion efficiency of 26.47%.",abstract
10.1021/acs.jpclett.6c01531,10.1021/acs.jpclett.6c01531,The Journal of Physical Chemistry Letters,composition,experimental,single_junction,unknown,pce_champion,22.4,%,"As a result, cytosine-based devices achieve a champion power conversion efficiency of 22.4% and demonstrate excellent thermal stability, with over 80% of the initial performance",abstract
10.1021/acs.jpclett.6c01531,10.1021/acs.jpclett.6c01531,The Journal of Physical Chemistry Letters,composition,experimental,single_junction,unknown,t80_h,3600,h,"cytosine-based devices achieve a champion power conversion efficiency of 22.4% and demonstrate excellent thermal stability, with over 80% of the initial performance retained after 3600",abstract
10.1021/acsaem.6c01329,10.1021/acsaem.6c01329,ACS Applied Energy Materials,composition,experimental,single_junction,unknown,pce_champion,23.3,%,"As a result, NH4SCN- and PEASCN-based devices achieve champion efficiencies of 23.3 and 22.9%, respectively, together with markedly improved stability.",abstract
10.1002/solr.70410,10.1002/solr.70410,Solar RRL,composition,experimental,perovskite_silicon_tandem,tandem_2T,pce_champion,23.4,%,"By integrating the ∼700 nm perovskite as middle cell in a perovskite/perovskite/silicon triple‐junction device, an efficiency of 23.4% with a short circuit current density of",abstract
10.1002/solr.70410,10.1002/solr.70410,Solar RRL,composition,experimental,perovskite_silicon_tandem,tandem_2T,active_area_cm2,1,cm2,Thick Cl‐substituted absorbers enhance performance up to 20% in 1 cm 2 semitransparent single‐junction devices.,abstract
10.1002/solr.70398,10.1002/solr.70398,Solar RRL,interfaces,experimental,single_junction,unknown,pce_stabilised,19.67,%,"After optimization, the final FASnI 3 device delivered a stabilized power conversion efficiency of 19.67%.",abstract
10.1002/anie.2535666,10.1002/anie.2535666,Angewandte Chemie International Edition,composition,experimental,single_junction,unknown,pce_champion,22.27,%,"Consequently, the champion perovskite photovoltaic devices present a power conversion efficiency (PCE) of 22.27% under AM 1.5G illumination and a promising indoor PCE of 42.64%",abstract
10.1016/j.cej.2026.177834,10.1016/j.cej.2026.177834,Chemical Engineering Journal,stability,experimental,single_junction,unknown,pce_champion,11,%,"the PSCs achieved power conversion efficiency (PCE) ~11% under STC (1 sun, 1000 W/m 2 AM 1.5).",abstract
10.1016/j.cej.2026.177834,10.1016/j.cej.2026.177834,Chemical Engineering Journal,stability,experimental,single_junction,unknown,t80_h,1000,h,Stability tests revealed a T80 > 1000 h for PME-based cells under ISOS-D shelf life test.,abstract
10.1016/j.cej.2026.177834,10.1016/j.cej.2026.177834,Chemical Engineering Journal,stability,experimental,single_junction,unknown,stability_protocol,ISOS-D,label,,abstract
10.1002/solr.70385,10.1002/solr.70385,Solar RRL,composition,experimental,single_junction,p-i-n,pce_champion,20.05,%,"record, maintaining 95% of its initial efficiency after 1680 h of continuous operation in maximum power point tracking, and achieved a photoconversion efficiency of 20.05%.",abstract
10.1038/s43246-026-01252-4,10.1038/s43246-026-01252-4,Communications Materials,composition,experimental,single_junction,unknown,pce_champion,12.1,%,"As a result, the best-performing device achieves a power conversion efficiency (PCE) of 12.1%, maintaining 86% of its initial efficiency after 1000 h aging in",abstract
10.1021/acsaem.6c01493,10.1021/acsaem.6c01493,ACS Applied Energy Materials,architecture,experimental,single_junction,p-i-n,pce_champion,12.09,%,Inverted PQDSCs fabricated using this strategy achieved a champion power conversion efficiency (PCE) of 12.09%.,abstract
10.1038/s41467-026-74285-5,10.1038/s41467-026-74285-5,Nature Communications,composition,experimental,single_junction,unknown,pce_champion,25.54,%,"Consequently, the optimized F-PSCs deliver a champion efficiency of 25.54%, versus 26.83% for their rigid counterparts.",abstract
10.1002/anie.2412282,10.1002/anie.2412282,Angewandte Chemie International Edition,composition,experimental,single_junction,unknown,pce_champion,22.61,%,of HN1 as an additive in the perovskite active layer significantly enhanced the power conversion efficiency (PCE) of perovskite solar cells from 20.60% to 22.61%.,abstract
10.1021/acsaem.6c01363,10.1021/acsaem.6c01363,ACS Applied Energy Materials,composition,experimental,single_junction,unknown,pce_champion,25.06,%,"Benefiting from this mechanically and electronically coupled optimization, the champion device achieves a power conversion efficiency (PCE) of 25.06% and retains 90% of its initial",abstract
10.1002/smll.74043,10.1002/smll.74043,Small,architecture,experimental,single_junction,unknown,pce_champion,21.57,%,"The champion device achieves a remarkable power conversion efficiency (PCE) of 21.57%, ranking among the highest for WBG-PSCs, and retains 94% of its initial efficiency",abstract
10.1002/smll.74320,10.1002/smll.74320,Small,defects,experimental,single_junction,unknown,pce_champion,24.08,%,the target device achieves a power conversion efficiency of 24.08%,abstract
10.1002/smll.74320,10.1002/smll.74320,Small,defects,experimental,single_junction,unknown,t80_h,2000,h,retaining 80.18% of its initial efficiency after 2000 h under N 2,abstract
10.1002/ente.70553,10.1002/ente.70553,Energy Technology,defects,theory,single_junction,n-i-p,pce_champion,31.92,%,the ITO/WS 2 /AgCdF 3 /MoO 3 /Au device achieved a maximum power conversion efficiency (PCE) of 31.92%,abstract
10.1002/solr.70363,10.1002/solr.70363,Solar RRL,composition,experimental,single_junction,unknown,pce_champion,18.48,%,achieve a power conversion efficiency (PCE) of 18.48%,abstract
10.1021/acsami.6c01472,10.1021/acsami.6c01472,ACS Applied Materials & Interfaces,defects,experimental,single_junction,p-i-n,pce_champion,19.9,%,"Br-2EPT demonstrated optimal energetic alignment with the perovskite valence band maximum (VBM = -5.68 eV), yielding the highest device power conversion efficiency (PCE of 19.9%)",abstract
10.1021/acsami.6c01472,10.1021/acsami.6c01472,ACS Applied Materials & Interfaces,defects,experimental,single_junction,p-i-n,stability_protocol,MPP tracking,label,,abstract
10.1016/j.chphi.2026.101092,10.1016/j.chphi.2026.101092,Chemical Physics Impact,interfaces,theory,single_junction,unknown,pce_champion,12.0,%,"to pristine SnO 2 with a power conversion efficiency (PCE) of ∼7.70 %, Ag-SnO 2 improves the photovoltaic performance, yielding an optimized efficiency of 12.00",abstract
10.1002/eem2.70453,10.1002/eem2.70453,Energy & environment materials,defects,experimental,all_perovskite_tandem,tandem_2T,pce_champion,29.08,%,"Additionally, the all‐perovskite TSCs attained a PCE of 29.08% after the introduction of phen.",abstract
10.1021/acsami.6c07582,10.1021/acsami.6c07582,ACS Applied Materials & Interfaces,architecture,experimental,perovskite_silicon_tandem,tandem_2T,pce_champion,28.4,%,"The best scaffold (a PbI 2 /CsBr/PbI 2 /CsBr/PbI 2 stack) achieved 28.4% in perovskite/silicon tandems without molecular additives, matching the coevaporated reference (28.3%).",abstract
10.3390/nano16130795,10.3390/nano16130795,Nanomaterials,defects,experimental,single_junction,p-i-n,pce_champion,15.44,%,"Consequently, the optimized PEAI/ThMI device achieves a champion power conversion efficiency (PCE) of 15.44%, with a Voc of 1.15 V, a Jsc of 16.34 mA/cm2,",abstract
10.1021/acsami.6c01787,10.1021/acsami.6c01787,ACS Applied Materials & Interfaces,stability,experimental,single_junction,unknown,pce_champion,23.16,%,"Consequently, the fPSCs achieve a power conversion efficiency of 23.16%.",abstract
10.1007/s40243-026-00382-6,10.1007/s40243-026-00382-6,Materials for Renewable and Sustainable Energy,composition,theory,single_junction,unknown,pce_champion,29.41,%,"The optimized configuration achieves a V OC of 1.13 V, J SC of 34.74 mA/cm², FF of 83.56%, and a PCE of 29.41%",abstract
10.1016/j.rineng.2026.111690,10.1016/j.rineng.2026.111690,Results in Engineering,scale_up,experimental,single_junction,unknown,pce_champion,19.93,%,"resulting in a power conversion efficiency of up to 19.93% for small-area devices, achieved specifically under the optimal MIA10 condition",abstract
10.1016/j.rineng.2026.111690,10.1016/j.rineng.2026.111690,Results in Engineering,scale_up,experimental,single_junction,unknown,active_area_cm2,2,cm2,delivering efficiencies of 17.09% (1 cm2 active area) and 15.18% (2 cm2 active area),abstract
10.48550/arxiv.2606.12083,10.48550/arxiv.2606.12083,arXiv (Cornell University),interfaces,theory,single_junction,n-i-p,pce_champion,28.85,%,the device FTO/TiO$_2$/Cs$_2$AgBiBr$_6$/NiO/Ag achieves a PCE of 28.85%,abstract
