work_key,doi,title,venue,venue_type,publication_date,type,lang,axis_primary,axis_secondary,lens,mechanism_centrality,first_author_institution,cited_by_count,oa_status,in_depth_tier
10.1016/j.physb.2026.419007,10.1016/j.physb.2026.419007,"Structural, optoelectronic, elastic, thermodynamic, and thermoelectric properties of lead-free K2AgAlX6 (X = F, Cl, Br, and I) halide double perovskites: A first-principles study",Physica B Condensed Matter,journal,2026-07-01,article,en,,,,,Shri Venkateshwara University,3,closed,0
10.1126/sciadv.aeg1456,10.1126/sciadv.aeg1456,Unlocking 27.3% perovskite photovoltaics by interface-locked dual-molecule contact,Science Advances,journal,2026-07-01,article,en,stability,,scale_up,0.1364,Hebei University Of Technology,2,gold,1
10.1007/s11082-026-08983-1,10.1007/s11082-026-08983-1,"Strain-engineered electronic, optical, and thermoelectric properties of CsInCl₃ and CsInBr₃ halide perovskites for enhanced optoelectronic and heat energy conversion applications",Optical and Quantum Electronics,journal,2026-07-01,article,en,,,,,Islamia College University,2,closed,0
10.1016/j.joule.2026.102575,10.1016/j.joule.2026.102575,Triple-junction all-perovskite solar cells with self-assembling hole contacts in all subcells,Joule,journal,2026-07-01,article,en,architecture,interfaces,experimental,0.0968,Helmholtz-zentrum Berlin Für Materialien Und Energie,2,hybrid,1
10.1126/sciadv.aee4175,10.1126/sciadv.aee4175,Tetraphosphorylated phthalocyanine–based self-assembled monolayer stabilizes perovskite photovoltaics,Science Advances,journal,2026-07-01,article,en,interfaces,,scale_up,0.22,Shanghai Jiao Tong University,1,gold,1
10.1016/j.joule.2026.102579,10.1016/j.joule.2026.102579,Thermally activated proton transfer enables air-processed perovskite solar cells approaching 27%,Joule,journal,2026-07-01,article,en,composition,,experimental,0.0,North China Electric Power University,1,closed,0
10.1007/s00170-026-18590-9,10.1007/s00170-026-18590-9,Modeling the impact of proton irradiation on photoluminescence spectra of perovskite solar cells,The International Journal of Advanced Manufacturing Technology,journal,2026-07-01,article,en,defects,,experimental,0.1136,Asia University,1,hybrid,0
10.1016/j.mtcomm.2026.115918,10.1016/j.mtcomm.2026.115918,Temporal feature enhancement and flow matching microenvironment modeling for PCE prediction and process optimization of perovskite solar cells,Materials Today Communications,journal,2026-07-01,article,en,composition,,experimental,0.0167,,0,hybrid,0
10.1002/solr.70375,10.1002/solr.70375,Quantitative Hyperspectral Luminescence Imaging Reveals Upscaling Losses in Perovskite Solar Modules,Solar RRL,journal,2026-07-01,article,en,scale_up,,scale_up,0.0455,Institut De France,0,closed,1
10.1016/j.solener.2026.114792,10.1016/j.solener.2026.114792,Targeted agrivoltaic applications of lead-free double perovskites and plant light responses,Solar Energy,journal,2026-07-01,article,en,composition,,experimental,0.1,Xi'an University Of Architecture And Technology,0,closed,0
10.1038/s41565-026-02207-z,10.1038/s41565-026-02207-z,Nanoscale amorphization of poly(triarylamine) for efficient and stable inverted perovskite photovoltaics,Nature Nanotechnology,journal,2026-07-01,article,en,composition,,experimental,0.0,King Abdullah University Of Science And Technology,0,closed,0
10.1002/crat.70119,10.1002/crat.70119,Tailoring the Structural and Optical Properties of Ce‐Doped ZnO Nanostructures for Potential Electron Transport Layer Application in Perovskite Solar Cells,Crystal Research and Technology,journal,2026-07-01,article,en,interfaces,,experimental,0.08,Sefako Makgatho Health Sciences University,0,hybrid,0
10.1016/j.poly.2026.118278,10.1016/j.poly.2026.118278,"Semiconducting and optical characteristics of KScO₂F, RbScO₂F and CsScO₂F for photovoltaic applications",Polyhedron,journal,2026-07-01,article,en,composition,,experimental,0.0,Aga Khan University,0,closed,0
10.1016/j.nxmate.2026.102676,10.1016/j.nxmate.2026.102676,Integrated SCAPS-1D modeling and ML approaches for performance enhancement of lead-free Ca₃AsI₃ PSCs,Next Materials,journal,2026-07-01,article,en,composition,,theory,0.1167,Islamic University,0,gold,0
10.1016/j.inoche.2026.117150,10.1016/j.inoche.2026.117150,Fluorescence properties of zinc ion-doped cesium lead bromide perovskite nanocrystals assisted by Pyr14BF4 ionic liquid,Inorganic Chemistry Communications,journal,2026-07-01,article,en,composition,,experimental,0.0,Suzhou University Of Science And Technology,0,closed,0
10.1002/smll.74356,10.1002/smll.74356,Interfacial Engineering via Polishing and Dipolar Synergy Toward Efficient Inverted CsPbI 3 Perovskite Solar Cells,Small,journal,2026-07-01,article,en,interfaces,,experimental,0.12,Hefei University,0,green,1
10.1007/s11664-026-13001-x,10.1007/s11664-026-13001-x,"Comparative Performance Optimization of MASnX3(X = I, Br)/CsSnI3 Double-Absorber Perovskite Solar Cells: A SCAPS Study Towards Eco-Friendly High-Efficiency Devices",Journal of Electronic Materials,journal,2026-07-01,article,en,composition,,theory,0.0,National,0,closed,0
10.1016/j.cej.2026.179015,10.1016/j.cej.2026.179015,Efficient perovskite solar cells enabled by carborane-based interfacial grain boundary passivation,Chemical Engineering Journal,journal,2026-07-01,article,en,defects,,experimental,0.2727,University Of Science And Technology Of China,0,closed,0
10.1063/5.0335168,10.1063/5.0335168,Quantitative analysis of grain boundary attributes and their impact on device performance in perovskite solar cells based on 3D modeling,Journal of Applied Physics,journal,2026-07-01,article,en,defects,,experimental,0.25,Tianjin University Of Technology,0,closed,0
10.1021/acsami.6c06418,10.1021/acsami.6c06418,Graph Neural Network-Assisted Machine Learning for High-Throughput Buried Interfacial Materials Screening in Antisolvent-Free Perovskite Solar Cells,ACS Applied Materials & Interfaces,journal,2026-07-01,article,en,interfaces,scale_up,theory,0.04,Wuhan University Of Technology,0,closed,0
10.1126/sciadv.aed6327,10.1126/sciadv.aed6327,A unified ligand-dimensional design to halt cation migration in perovskite photovoltaics,Science Advances,journal,2026-07-01,article,en,composition,stability,experimental,0.0833,Zhengzhou University,0,gold,1
10.1002/eom2.70086,10.1002/eom2.70086,Environmentally Friendly R2R Process for Flexible Perovskite Solar Cells via DMF ‐Free Cosolvent Ink,EcoMat,journal,2026-07-01,article,en,scale_up,,experimental,0.0303,Jeonju National University Of Education,0,gold,0
10.1002/aenm.202506753,10.1002/aenm.202506753,Dry‑Contact Trimming for All‑Perovskite Tandem Solar Cells via Solid‑Solution Homogenization,Advanced Energy Materials,journal,2026-07-01,article,en,architecture,,experimental,0.1452,Korea University,0,hybrid,1
10.1016/j.solmat.2026.114544,10.1016/j.solmat.2026.114544,From materials to devices: advances in vapor deposition technologies for perovskite solar cells,Solar Energy Materials and Solar Cells,journal,2026-07-01,article,en,composition,,experimental,0.0,Yangzhou University,0,closed,0
10.1002/chem.71338,10.1002/chem.71338,Application of Screen Printing in Perovskite Solar Devices,Chemistry - A European Journal,journal,2026-07-01,article,en,architecture,scale_up,review,0.0484,Nanjing University,0,closed,0
10.1016/j.cej.2026.178921,10.1016/j.cej.2026.178921,Indolenine-based heterocyclic cation for stable 3D/2D hybrid indoor bifacial perovskite solar cells,Chemical Engineering Journal,journal,2026-07-01,article,en,composition,,experimental,0.0667,Indian,0,closed,0
10.1557/s43580-026-01699-0,10.1557/s43580-026-01699-0,Numerical optimization of CsPbIxBr3−x-based perovskite photovoltaic solar cells performance using PTAA and C60/SnO2 charge transport layers,MRS Advances,journal,2026-07-01,article,en,composition,,experimental,0.0,University Of Biskra,0,closed,0
10.1002/adma.73886,10.1002/adma.73886,Co‐Assembled Hybrid Interlayer Engineering for Enhanced Upper Interface Stability in Inverted Perovskite Solar Cells,Advanced Materials,journal,2026-07-01,article,en,interfaces,stability,experimental,0.16,Beijing University Of Technology,0,green,1
10.3390/chemistry8070089,10.3390/chemistry8070089,"Interface Engineering in CsPbI2Br Perovskite Solar Cells: Strategies, Mechanisms and Future Perspectives",Chemistry,journal,2026-07-01,article,en,composition,defects,review,0.15,Chengdu University Of Information Technology,0,gold,0
10.9734/jenrr/2026/v18i6518,10.9734/jenrr/2026/v18i6518,"Advancements in Perovskite Solar Cell Stability: Mechanisms, Strategies, and Prospects for Commercialisation",Journal of Energy Research and Reviews,journal,2026-07-01,article,en,stability,composition,theory,0.1212,Ladoke Akintola University Of Technology,0,diamond,0
10.1016/j.jallcom.2026.189518,10.1016/j.jallcom.2026.189518,High white-light sensitivity of facile synthesized perovskite CaZrS3 semiconductor,Journal of Alloys and Compounds,journal,2026-07-01,article,en,composition,,experimental,0.0,Thapar,0,closed,0
10.1002/adfm.76873,10.1002/adfm.76873,Suppressing Interfacial Reactions in Perovskite/Silicon Tandem Solar Cells via an All‐ALD SnO x /AZO Bilayer,Advanced Functional Materials,journal,2026-07-01,article,en,architecture,,experimental,0.0968,Wuhan University Of Technology,0,closed,0
10.1016/j.cclet.2026.113176,10.1016/j.cclet.2026.113176,Chiral cations intercalation induced lead-free chiral-polar hybrid perovskites for long-term stable and high-temperature self-powered X-ray detection,Chinese Chemical Letters,journal,2026-07-01,article,en,composition,,experimental,0.1,Jiangxi Normal University,0,closed,0
10.1016/j.xcrp.2026.103428,10.1016/j.xcrp.2026.103428,Perovskite databases analysis using machine learning and large language models for prediction and reverse engineering,Cell Reports Physical Science,journal,2026-07-01,article,en,composition,,theory,0.0,École Polytechnique Fédérale De Lausanne,0,gold,1
10.1002/adfm.76785,10.1002/adfm.76785,Photo/Thermo‐Triggered Self‐Healing Mechanism Enabling Highly Efficient and Stable Perovskite Solar Cells,Advanced Functional Materials,journal,2026-07-01,article,en,defects,,experimental,0.1136,Ludong University,0,closed,0
10.1002/adma.73807,10.1002/adma.73807,Unlocking 27.3% Perovskite Solar Cells and Ultra‐Stable Flexible Modules via Multidentate Molecular‐Mediated Buried‐Interface Reconstruction,Advanced Materials,journal,2026-07-01,article,en,interfaces,,experimental,0.14,Hebei University Of Technology,0,green,1
10.1002/adts.70448,10.1002/adts.70448,Design and Optimization of Cs 3 Sb 2 I 9 /FASnI 3 Lead‐Free Perovskite Solar Cells: A Hybrid First‐Principles and Machine Learning Approach,Advanced Theory and Simulations,journal,2026-07-01,article,en,interfaces,,theory,0.08,Nanjing University Of Posts And Telecommunications,0,closed,0
10.1007/s12633-026-03730-3,10.1007/s12633-026-03730-3,Unravelling the Photovoltaic and Photocatalytic Potential of CaWN3 through First-Principles Calculations,Silicon,journal,2026-07-01,article,en,composition,,theory,0.0,Mohammed V University,0,closed,0
10.1007/s10854-026-17892-8,10.1007/s10854-026-17892-8,Dynamic interface reconstruction boosts hole transport in bilayer NiOx-based inverted perovskite solar cells,Journal of Materials Science Materials in Electronics,journal,2026-07-01,article,en,interfaces,,experimental,0.16,Xuchang University,0,closed,0
10.1088/0256-307x/43/7/070802,10.1088/0256-307x/43/7/070802,Decoupling Stress Relief from Electrical Compromise via Carboxylated PMMA Nanospheres for Flexible Perovskite Solar Cells,Chinese Physics Letters,journal,2026-07-01,article,en,interfaces,stability,experimental,0.1,,0,closed,0
10.1002/adpr.70226,10.1002/adpr.70226,"Exploring Ruddlesden–Popper Perovskite Solar Cells Performance Using First‐Principles Calculations, Processing Parameters Simulation, and Machine Learning",Advanced Photonics Research,journal,2026-07-01,article,en,defects,,theory,0.0455,Abdul Wali Khan University Mardan,0,gold,0
10.1002/smll.74289,10.1002/smll.74289,Eliminating Residue‐Induced Degradation: A Volatile Dopant Strategy for High Performance Perovskite Photovoltaics,Small,journal,2026-07-01,article,en,stability,,experimental,0.1061,Nanjing Tech University,0,green,1
10.1016/j.ijhydene.2026.156318,10.1016/j.ijhydene.2026.156318,"DFT and SCAPS-1D investigation of the structural, thermodynamic, optoelectronic, dynamic, and mechanical properties of a novel Rb3SCl anti-perovskite for photovoltaic and solar-driven water splitting applications",International Journal of Hydrogen Energy,journal,2026-07-01,article,en,composition,,theory,0.0,National,0,closed,0
10.1002/adfm.76848,10.1002/adfm.76848,In situ Induced 2D Perovskite Enhances Buried Interface Passivation for Ambient‐Processed Efficient Perovskite Solar Cells,Advanced Functional Materials,journal,2026-07-01,article,en,interfaces,,experimental,0.24,Zhejiang Sci-tech University,0,closed,1
10.1002/adfm.76731,10.1002/adfm.76731,Dual‐Function Molecular Modulator Enables High‐Density Nucleation and Ordered Crystal Growth for Efficient Tin Perovskite Solar Cells,Advanced Functional Materials,journal,2026-07-01,article,en,composition,,experimental,0.1167,Rex Medical (united States),0,closed,1
10.1002/adfm.76814,10.1002/adfm.76814,Covalent Organic Framework‐Enabled SAM Co‐Assembly for Efficient and Stable Inverted Perovskite Solar Cells,Advanced Functional Materials,journal,2026-07-01,article,en,interfaces,,experimental,0.2,Ludong University,0,closed,0
10.1002/adfm.202521421,10.1002/adfm.202521421,Quantum‐Cutting Yb 3+ ‐Doped CsPbCl 3 Perovskite Materials: From Synthesis and Mechanisms to Optoelectronic Applications,Advanced Functional Materials,journal,2026-07-01,article,en,defects,,review,0.0455,Zhejiang A & F University,0,closed,0
10.1002/agt2.70401,10.1002/agt2.70401,Interfacial Engineering for Perovskite Photovoltaics: Multimolecular Synergy Versus All‐In‐One Integration,Aggregate,journal,2026-07-01,article,en,defects,,review,0.1818,Ningbo University,0,gold,1
10.31349/revmexfis.72.041005,10.31349/revmexfis.72.041005,First-principles investigation of silicon-substituted hybrid halide perovskites for lead-free optoelectronic applications,Revista Mexicana de Física,journal,2026-07-01,article,en,composition,,theory,0.1,Laboratoire Montpelliérain D’economie Théorique Et Appliquée,0,diamond,0
10.31349/revmexfis.72.040501,10.31349/revmexfis.72.040501,"DFT-based analysis of structural, electronic, optical, mechanical, and thermodynamic characteristics of Rb2YAuX6 (X = Br, Cl) double perovskites for energy conversion applications",Revista Mexicana de Física,journal,2026-07-01,article,en,stability,,theory,0.0455,Hassiba Benbouali University Of Chlef,0,diamond,0
10.22271/allresearch.2026.v12.i7b.13861,10.22271/allresearch.2026.v12.i7b.13861,Next-generation technologies in solar power plants: Efficiency enhancement and future projections,International journal of applied research,journal,2026-07-01,article,en,architecture,,review,0.0484,,0,diamond,0
10.31349/revmexfis.72.041601,10.31349/revmexfis.72.041601,BaTi(O$_{1-x}$S$_x$)$_3$ chalcogenide perovskite thin films with band gap ideal for solar cell applications,Revista Mexicana de Física,journal,2026-07-01,article,en,composition,,experimental,0.0167,"Universidad Autónoma De Zacatecas ""francisco García Salinas""",0,diamond,0
10.1016/j.jclepro.2026.148924,10.1016/j.jclepro.2026.148924,Life cycle and economic assessment of inverted p-i-n perovskite solar cells,Journal of Cleaner Production,journal,2026-07-01,article,en,scale_up,,experimental,0.1061,Universidade Do Porto,0,hybrid,1
10.1002/ente.70574,10.1002/ente.70574,Strain‐Engineered Fluoro‐Perovskites CsGeF 3 and CsSnF 3 for Efficient and Sustainable Solar Energy Conversion,Energy Technology,journal,2026-07-01,article,en,composition,,experimental,0.0,Mohammed V University,0,closed,1
10.1016/j.joule.2026.102576,10.1016/j.joule.2026.102576,In situ growth and crystal monitoring for high-efficiency vacuum-deposited perovskite-based solar cells,Joule,journal,2026-07-01,article,en,composition,,experimental,0.0,Parc Científic De La Universitat De València,0,closed,0
10.1002/smtd.70688,10.1002/smtd.70688,A Defect‐Engineered Vacuum Evaporation Strategy for High‐Efficiency Indoor Perovskite Mini Solar Modules (Small Methods 13/2026),Small Methods,journal,2026-07-01,article,en,scale_up,defects,scale_up,0.0758,Ming Chi University Of Technology,0,closed,0
10.1002/cnl2.70189,10.1002/cnl2.70189,Phase Separation Suppression by Guanidine Phosphate Enables 21.54% Wide‐Bandgap Perovskite Cells for All‐Perovskite Tandem Solar Cells,Carbon Neutralization,journal,2026-07-01,article,en,defects,architecture,experimental,0.1364,Energy Storage Systems (united States),0,diamond,1
10.3724/jfmd.2605055,10.3724/jfmd.2605055,Polymer modification of the buried interface to build high-performance inorganic perovskite photovoltaic devices,Gongneng cailiao yu qijian xuebao,journal,2026-07-01,article,en,interfaces,,experimental,0.2,Electric Power University,0,diamond,0
10.1134/s1063783426601074,10.1134/s1063783426601074,Lead-Free ZnSe:Al/EuHfS3/CBTS/Au Chalcogenide Perovskite Solar Cells,Physics of the Solid State,journal,2026-07-01,article,en,composition,interfaces,theory,0.1167,Karunya University,0,diamond,0
10.1134/s1063782625604297,10.1134/s1063782625604297,"Shockley–Queisser Limit Analysis for Halide Perovskite Solar Cells: Efficiency, Bandgap Dependence, and Theoretical Insights",Semiconductors,journal,2026-07-01,article,en,architecture,,experimental,0.0484,Bandırma Onyedi Eylül University,0,closed,0
10.1016/j.jallcom.2026.189784,10.1016/j.jallcom.2026.189784,Aromatic imide small molecules for surface functionalization of inorganic perovskites,Journal of Alloys and Compounds,journal,2026-07-01,article,en,composition,,experimental,0.0,Shihezi University,0,closed,0
10.1016/j.joule.2026.102577,10.1016/j.joule.2026.102577,Electrochemical reactions under reverse bias create additional mobile ions that enable hole tunneling in metal halide perovskite diodes,Joule,journal,2026-07-01,article,en,stability,,experimental,0.0606,University Of Colorado Boulder,0,closed,0
10.1002/adsu.70570,10.1002/adsu.70570,From Perovskites to CuInS 2 : Why One Solution‐Processable Solar Cell Succeeded and the Other Still Struggles,Advanced Sustainable Systems,journal,2026-07-01,article,en,defects,,review,0.25,Anhui University,0,closed,0
10.1002/bio.70574,10.1002/bio.70574,Black Phosphorus Quantum Dots for Sensing and Optoelectronic Applications: From Fundamental Properties to Device Integration,Luminescence,journal,2026-07-01,article,en,composition,,review,0.0,Al-ahliyya Amman University,0,green,0
10.1002/ppsc.70116,10.1002/ppsc.70116,Green Sonochemical Synthesis and Thin‐Film Processing of Cs 3 Bi 2 I 9 Nanocrystals,Particle & Particle Systems Characterization,journal,2026-07-01,article,en,composition,,experimental,0.0333,International Iberian Nanotechnology Laboratory,0,closed,0
10.1002/slct.202506027,10.1002/slct.202506027,"First‐Principles Investigation of Li 2 AuSbZ 6 (Z = Cl, Br, I) Double Perovskites for Photovoltaic and Thermoelectric Applications",ChemistrySelect,journal,2026-07-01,article,en,composition,,experimental,0.0,Government College University Lahore,0,closed,0
10.1016/j.physo.2026.100451,10.1016/j.physo.2026.100451,Time-dependent crystallization dynamics in FAPbI3 thin films: Correlating thermal treatment with optoelectronic properties,Physics Open,journal,2026-07-01,article,en,composition,,experimental,0.0,University Of Carthage,0,gold,0
10.1063/5.0303779,10.1063/5.0303779,"Numerical simulation of hysteresis dynamics in all-perovskite tandem solar cells and thermal management strategies for Ge-, Pb-, and Sn-based devices",Journal of Renewable and Sustainable Energy,journal,2026-07-01,article,en,architecture,,theory,0.1935,Nanjing Tech University,0,closed,0
10.1016/j.joule.2026.102593,10.1016/j.joule.2026.102593,"Thermal evaporation routes for perovskite photovoltaics, from fundamentals to integration",Joule,journal,2026-07-01,article,en,composition,,experimental,0.0,,0,closed,0
10.1002/cnma.70339,10.1002/cnma.70339,Performance Optimization of Inorganic CsPbI 3 Perovskite Solar Cells Using ZnO and SnO 2 Electron Transport Layers on Indium Tin Oxide and Fluorine‐Doped Tin Oxide Substrates,ChemNanoMat,journal,2026-07-01,article,en,interfaces,,experimental,0.12,Sastra University,0,closed,0
10.1016/j.joule.2026.102589,10.1016/j.joule.2026.102589,Stress-relieving interface enabled by interlocking ionic polycarbolong for efficient and stable inverted perovskite solar cells,Joule,journal,2026-07-01,article,en,interfaces,,experimental,0.08,Northwestern Polytechnical University,0,closed,0
10.1007/s10854-026-18052-8,10.1007/s10854-026-18052-8,Carbon electrode-based integrated perovskite solar cell/supercapacitor for a sustainable energy conversion and storage pack,Journal of Materials Science Materials in Electronics,journal,2026-07-01,article,en,composition,,experimental,0.0,National Nuclear Energy Agency Of Indonesia,0,closed,0
10.1016/j.joule.2026.102588,10.1016/j.joule.2026.102588,In situ constructing mortise-and-tenon passivation on perovskite toward photothermally durable photovoltaic,Joule,journal,2026-07-01,article,en,defects,,experimental,0.1364,East China Normal University,0,closed,0
10.1016/s1872-5813(26)60655-x,10.1016/s1872-5813(26)60655-x,Machine learning-assisted discovery of Lewis base additives for defect passivation in perovskite solar cells,Journal of Fuel Chemistry and Technology,journal,2026-07-01,article,en,defects,,theory,0.2273,,0,closed,0
10.1002/ente.70590,10.1002/ente.70590,Temperature‐Dependent Performance Analysis of Formamidinium‐Based Perovskite Solar Cells: A Theoretical Study,Energy Technology,journal,2026-07-01,article,en,interfaces,,theory,0.08,Symbiosis International University,0,closed,1
10.1002/pssr.70228,10.1002/pssr.70228,Enhancing Cs 2 AgInBr 6 Perovskite Solar Cells: Impact of Energy Band Alignment Across 12 Structural Configurations,physica status solidi (RRL) - Rapid Research Letters,journal,2026-07-01,article,en,interfaces,,theory,0.16,Gulf University For Science & Technology,0,closed,0
10.1016/j.mtcomm.2026.115800,10.1016/j.mtcomm.2026.115800,M-site cation engineering in Cs₂MI₆ double perovskite solar cells: From band structure to Nyquist analysis of thickness-dependent performance,Materials Today Communications,journal,2026-07-01,article,en,composition,,theory,0.0667,University Of Maragheh,0,hybrid,0
10.1002/cnma.202500781,10.1002/cnma.202500781,Advanced Charge‐Transport Layers and Interface Engineering for High‐Efficiency and Stable Perovskite–Silicon Tandem Solar Cells,ChemNanoMat,journal,2026-07-01,article,en,defects,,theory,0.1818,Bahauddin Zakariya University,0,closed,0
10.1002/cptc.70222,10.1002/cptc.70222,Toward Circularity in Perovskite Solar Cells: Strategies for Sustainable Recycling,ChemPhotoChem,journal,2026-07-01,article,en,composition,,review,0.0,Huaqiao University,0,closed,0
10.1093/mam/ozag053.542,10.1093/mam/ozag053.542,Beyond Ideal Band Diagrams: Correlative 4D-STEM DPCI Reveals Electric Field Heterogeneity in High-Efficiency PV,Microscopy and Microanalysis,journal,2026-07-01,article,en,architecture,,experimental,0.0323,National Laboratory Of The Rockies,0,closed,0
10.1093/mam/ozag053.811,10.1093/mam/ozag053.811,Transmission Electron Microscopy of Novel Functional Multicomponent Layered Perovskite Oxides Designed by Tailoring The Chemistry of the Octahedral Network,Microscopy and Microanalysis,journal,2026-07-01,article,en,composition,defects,experimental,0.0833,Indian,0,closed,0
10.1093/mam/ozag053.892,10.1093/mam/ozag053.892,Electron-Beam-Induced Degradation of Halide Perovskites Revealed by Ultra-Low-Dose Microscopy,Microscopy and Microanalysis,journal,2026-07-01,article,en,defects,stability,experimental,0.0909,Pennsylvania State University,0,closed,0
10.1093/mam/ozag053.292,10.1093/mam/ozag053.292,Automated Photo-KPFM for High-Throughput Functional Screening of Quasi-2D Perovskite Libraries,Microscopy and Microanalysis,journal,2026-07-01,article,en,composition,,experimental,0.0833,Knoxville College,0,closed,0
10.1093/mam/ozag053.828,10.1093/mam/ozag053.828,"Correlating Emission, Absorption, and Composition in Perovskite Nanocrystals",Microscopy and Microanalysis,journal,2026-07-01,article,en,composition,,experimental,0.0,Imperial College London,0,closed,0
10.1093/mam/ozag053.219,10.1093/mam/ozag053.219,Direct Observation of Stimulus-Dependent Degradation Pathways in Metal Halide Perovskites via Light-Coupled Atmospheric In Situ Gas-Cell TEM,Microscopy and Microanalysis,journal,2026-07-01,article,en,stability,,experimental,0.0606,Northwestern University,0,closed,0
10.1016/j.jiec.2026.07.029,10.1016/j.jiec.2026.07.029,Next-generation metal–organic framework design and functionalization for high-performance perovskite solar cells,Journal of Industrial and Engineering Chemistry,journal,2026-07-01,article,en,composition,,experimental,0.0,,0,closed,0
10.1016/j.joule.2026.102591,10.1016/j.joule.2026.102591,Buried-interface crystallization limits the transferability of high-efficiency perovskite precursor compositions,Joule,journal,2026-07-01,article,en,interfaces,,experimental,0.08,University Of California San Diego,0,closed,0
10.1016/j.cclet.2026.113243,10.1016/j.cclet.2026.113243,Rational control of CsPbBr3 crystallization pathways toward efficient carbon-based perovskite solar cells,Chinese Chemical Letters,journal,2026-07-01,article,en,composition,,experimental,0.0,Shandong University Of Science And Technology,0,closed,0
10.1007/s10854-026-17909-2,10.1007/s10854-026-17909-2,Synergistic effect of crystalline tuning and charge transport modulation in La-doped MoO3 for high-performance perovskite solar cells,Journal of Materials Science Materials in Electronics,journal,2026-07-01,article,en,composition,,experimental,0.0,Technical University Of Malaysia Malacca,0,closed,0
10.1002/adfm.77105,10.1002/adfm.77105,Successive Hemispherical Protrusions‐Like P‐type Tin Oxide Enabling Stable High‐Efficiency Sn‐Pb Mixed Perovskite Solar Cells (Adv. Funct. Mater. 60/2026),Advanced Functional Materials,journal,2026-07-01,article,en,composition,,experimental,0.0,University Of Science And Technology Of China,0,closed,0
10.1016/j.matt.2026.102945,10.1016/j.matt.2026.102945,Indium-free tantalum oxynitride recombination layer for monolithic perovskite/silicon tandem solar cells,Matter,journal,2026-07-01,article,en,architecture,,experimental,0.1935,Soochow University,0,closed,0
10.26599/emd.2026.9370106,10.26599/emd.2026.9370106,Interfacial photophysics in perovskite–2D materials heterostructures,Energy Materials and Devices,journal,2026-07-01,article,en,interfaces,,review,0.04,University Town Of Shenzhen,0,diamond,0
10.1088/1674-4926/26040046,10.1088/1674-4926/26040046,Stable intermediate phase regulation for high-performance and scalable perovskite solar cells,Journal of Semiconductors,journal,2026-07-01,article,en,scale_up,,scale_up,0.1061,,0,bronze,0
10.1016/j.mtcomm.2026.115862,10.1016/j.mtcomm.2026.115862,"First-principles investigation of photovoltaic potential, photocatalytic, and thermoelectric performance in vanadium-based double perovskites Ba₂XVO₆ (X = Al, Ga, Sc)",Materials Today Communications,journal,2026-07-01,article,en,composition,,theory,0.0,,0,hybrid,0
10.1016/j.mtcomm.2026.115885,10.1016/j.mtcomm.2026.115885,"Ba3BiX3 (X = Br, Cl) perovskites for solar cells: A first-principles study and device level performance investigations",Materials Today Communications,journal,2026-07-01,article,en,composition,,theory,0.0,,0,hybrid,0
10.1016/j.mtcomm.2026.115916,10.1016/j.mtcomm.2026.115916,Enhanced charge transport and photovoltaic efficiency via CsSnCl₃ incorporation in titanium halide perovskite solar cells,Materials Today Communications,journal,2026-07-01,article,en,interfaces,,experimental,0.04,University Of Maragheh,0,hybrid,0
10.1063/5.0304135,10.1063/5.0304135,"Progress in semitransparent solar panels: Materials, efficiency, and applications",Journal of Renewable and Sustainable Energy,journal,2026-07-01,article,en,architecture,,review,0.0806,V. N. Karazin Kharkiv National University,0,closed,0
10.1021/acsenergylett.6c01417,10.1021/acsenergylett.6c01417,Quenching-Controlled Crystal Orientation in Inkjet-Printed Wide-Bandgap Perovskites,ACS Energy Letters,journal,2026-07-02,article,en,interfaces,architecture,experimental,0.06,Ulsan National,0,hybrid,0
10.1002/cssc.70851,10.1002/cssc.70851,Beyond Single‐Active Sites: The Emergence of High‐Entropy Perovskites in Energy and Environment Catalysis,ChemSusChem,journal,2026-07-02,article,en,composition,,review,0.05,National Sun Yat-sen University,0,hybrid,0
10.1021/acs.jpclett.6c01569,10.1021/acs.jpclett.6c01569,Partial Phase Remixing of Segregated Mixed Halide Perovskite Nanocrystals Induced by an Instant Change in an External Electric Field,The Journal of Physical Chemistry Letters,journal,2026-07-02,article,en,,,,,Collaborative Innovation Center Of Advanced Microstructures,0,closed,0
10.20517/energyz.2026.13,10.20517/energyz.2026.13,"Research progress, challenges and opportunities in all-inorganic perovskite photovoltaics",Energy Z,journal,2026-07-02,article,en,architecture,,review,0.0484,,0,hybrid,0
10.1021/acsami.6c07418,10.1021/acsami.6c07418,Vapor-phase Annealing toward Homogeneous Bottom-Up Crystallization in Perovskite Solar Cells,ACS Applied Materials & Interfaces,journal,2026-07-02,article,en,scale_up,,experimental,0.0303,Shanghai University,0,closed,1
10.1016/j.surfin.2026.110023,10.1016/j.surfin.2026.110023,Triple functional passivation of SnO2 surface defects for highly efficient and stable perovskite solar cells,Surfaces and Interfaces,journal,2026-07-02,article,en,defects,,experimental,0.1364,Henan University,0,closed,0
10.1186/s13065-026-01864-4,10.1186/s13065-026-01864-4,Real-world operational characteristics of perovskite photovoltaics,BMC Chemistry,journal,2026-07-02,article,en,architecture,,review,0.0484,Huaneng Clean Energy Research Institute,0,gold,0
10.1016/j.solmat.2026.114542,10.1016/j.solmat.2026.114542,Machine learning-accelerated prediction of the energy yield and identification of the governing loss feature for perovskite/silicon tandem solar cells under real solar spectra,Solar Energy Materials and Solar Cells,journal,2026-07-02,article,en,architecture,,theory,0.0968,Fujian Jiangxia University,0,closed,0
10.1038/s41598-026-60488-9,10.1038/s41598-026-60488-9,Synergistic nanophotonic and work-function engineering in HTL-free carbon-based perovskite solar cells employing a double electron transport layer,Scientific Reports,journal,2026-07-02,article,en,interfaces,,experimental,0.28,University Of Mohaghegh Ardabili,0,gold,0
10.1016/j.nanoen.2026.112177,10.1016/j.nanoen.2026.112177,Suppressing operational failure in perovskite solar cells via reinforced interface passivation,Nano Energy,journal,2026-07-02,article,en,defects,,experimental,0.1364,Hangzhou Dianzi University,0,closed,0
10.1021/acsami.6c08237,10.1021/acsami.6c08237,Investigating the Mechanism behind the Degradation of Cu-Based n-i-p-Type PSC Modules,ACS Applied Materials & Interfaces,journal,2026-07-02,article,en,architecture,stability,experimental,0.0806,University Of Science And Technology Of China,0,closed,0
10.1016/j.solmat.2026.114535,10.1016/j.solmat.2026.114535,Physics-informed machine learning guided optimisation of lead-free perovskite solar cell architectures,Solar Energy Materials and Solar Cells,journal,2026-07-02,article,en,composition,,theory,0.1,,0,closed,0
10.1038/s41586-026-10844-6,10.1038/s41586-026-10844-6,Electrodeposited self-assembled molecules for perovskite photovoltaics,Nature,journal,2026-07-02,article,en,composition,,experimental,0.0,South China University Of Technology,0,closed,0
10.38124/ijisrt/26jun1433,10.38124/ijisrt/26jun1433,Numerical Study Exploring of Inorganic KGeCI3-Based Perovskite Solar Cells Using SCAPS-1D Software,International Journal of Innovative Science and Research Technology (IJISRT),journal,2026-07-02,article,en,interfaces,,theory,0.16,,0,diamond,0
10.1021/acsenergylett.6c01161,10.1021/acsenergylett.6c01161,Thermally Co-Evaporated Wide-Bandgap Perovskite Photovoltaics via BaI2 Vapor Surface Treatment,ACS Energy Letters,journal,2026-07-02,article,en,defects,architecture,experimental,0.1591,Wuhan National Laboratory For Optoelectronics,0,closed,1
10.1177/01445987261467421,10.1177/01445987261467421,"Next-generation eco-energy systems for renewable energy, emerging technologies, and sustainable low-carbon pathways",Energy Exploration & Exploitation,journal,2026-07-02,article,en,composition,,review,0.0,Gitam University,0,gold,0
10.1021/acsami.6c08440,10.1021/acsami.6c08440,Synergistic Buried Interface Engineering via Ion Exchange and Passivation for High-Performance Inverted Perovskite Solar Cells,ACS Applied Materials & Interfaces,journal,2026-07-02,article,en,interfaces,,experimental,0.24,Zunyi Normal College,0,closed,1
10.1007/s11664-026-13009-3,10.1007/s11664-026-13009-3,"Synergistic DJ 2D/3D Perovskite Heterostructures for High-Efficiency Tandem Photovoltaics: A Comparative Study on Silicon, CIGS and Perovskite Bottom Cells",Journal of Electronic Materials,journal,2026-07-02,article,en,architecture,,experimental,0.0968,Madan Mohan Malaviya University Of Technology,0,closed,0
10.26434/chemrxiv.15005541/v1,10.26434/chemrxiv.15005541/v1,Phenomenological Prediction of Halide Perovskite Phase Stability Phenomenological Prediction of Halide Perovskite Phase Stability via Dielectric-Response Analysis: Equivalence to First-Principles Thermodynamics at Five Orders of Magnitude Reduced Computational Cost,ChemRxiv,repository,2026-07-02,preprint,en,composition,,theory,0.1833,,0,closed,1
10.1007/s11664-026-12983-y,10.1007/s11664-026-12983-y,Tuning Oxygen Functionalization in Graphene Oxide Hole Transport Layer to Enhance the Performance of Lead-Free CsSnBr3 Perovskite Solar Cells: A SCAPS-1D Simulation Study,Journal of Electronic Materials,journal,2026-07-02,article,en,composition,,theory,0.1,Universitas Gadjah Mada,0,closed,0
10.1016/j.mseb.2026.119668,10.1016/j.mseb.2026.119668,From exponential doping to layered design: a practical path toward high-performance lead-free Cs4CuSb2Cl12 solar cells,Materials Science and Engineering B,journal,2026-07-03,article,en,composition,,experimental,0.1,Chouaib Doukkali University,1,closed,0
10.1002/anie.2378897,10.1002/anie.2378897,Suppressing Multi‐Dimensional Defects in Cs 0.05 FA 0.95 PbI 3 Single Crystals Enables Efficient and Stable Back‐Contacted Perovskite Photovoltaics,Angewandte Chemie International Edition,journal,2026-07-03,article,en,composition,stability,experimental,0.0667,Crystal Research (united States),1,closed,0
10.1021/acsphotonics.6c00381,10.1021/acsphotonics.6c00381,Multiple Hydrogen-Bonding-Mediated Co-Assembled Monolayers for Efficient and Stable Wide-Bandgap Perovskite Solar Cells,ACS Photonics,journal,2026-07-03,article,en,architecture,interfaces,experimental,0.0968,Jilin University,1,closed,0
10.35429/jea.2026.13.34.2.1.8,10.35429/jea.2026.13.34.2.1.8,Predictive performance assessment of single and multi-junction solar cells: a machine learning approach,Revista de Aplicaciones de la Ingeniería,journal,2026-07-03,article,en,architecture,,theory,0.0484,Universidad Tecnológica De Tula-tepeji,0,diamond,0
10.1021/acsnano.5c21750,10.1021/acsnano.5c21750,Dual-Function Halide Exchange Strategy for Simultaneous Sn 4+ Elimination and Stability Enhancement in Pb–Sn Mixed Perovskite Solar Cells,ACS Nano,journal,2026-07-03,article,en,architecture,,experimental,0.0968,Northwestern Polytechnical University,0,closed,1
10.1002/adma.73851,10.1002/adma.73851,Perovskite Heterostructures for Optoelectronic Applications,Advanced Materials,journal,2026-07-03,article,en,defects,,review,0.1136,Tianjin Normal University,0,green,1
10.1021/acsaem.6c01637,10.1021/acsaem.6c01637,Protonated Cyclohexylamine as an Effective Passivation Layer for High-Performance Perovskite Solar Cells,ACS Applied Energy Materials,journal,2026-07-03,article,en,defects,,theory,0.2273,Jackson State University,0,closed,1
10.1002/anie.7827890,10.1002/anie.7827890,Interfacial Hydrogen Bonding for Efficient and Robust Flexible Tin Perovskite Solar Cells,Angewandte Chemie International Edition,journal,2026-07-03,article,en,composition,,experimental,0.1,Southwest Jiaotong University,0,closed,1
10.3390/solar6040039,10.3390/solar6040039,Structural and Optical Effects of Zinc Halide Doping and Br−/I− Substitution in CsPbBr3 Thin Films,Solar,journal,2026-07-03,article,en,defects,,theory,0.0455,Universidad Nacional De Colombia,0,gold,0
10.5281/zenodo.21158209,10.5281/zenodo.21158209,Lead-Free Double Perovskite Semiconductors for Advanced Solar Cells: Compositional Engineering Interface Physics and Photovoltaic Performance,Zenodo (CERN European Organization for Nuclear Research),repository,2026-07-03,article,en,composition,,theory,0.1,,0,green,0
10.1142/s0217979226502061,10.1142/s0217979226502061,Pressure-induced band gap engineering and boosted optoelectronic character of halide perovskite TlBaF 3 : A systematic DFT investigation,International Journal of Modern Physics B,journal,2026-07-03,article,en,composition,,theory,0.0,University Of Engineering And Technology Lahore,0,closed,0
10.1038/s43246-026-01224-8,10.1038/s43246-026-01224-8,Magnetic field induction and doping synergy enable efficient and stable perovskite solar cells,Communications Materials,journal,2026-07-03,article,en,stability,,theory,0.0909,Marmara University,0,gold,0
10.1021/acsaem.6c01764,10.1021/acsaem.6c01764,Sulfolane-Based Solvent Engineering for High-Performance MAPbI3 Perovskite Solar Cells,ACS Applied Energy Materials,journal,2026-07-03,article,en,composition,,experimental,0.0333,Jackson State University,0,closed,1
10.1021/acsenergylett.6c01560,10.1021/acsenergylett.6c01560,Precursor Diffusion-Controlled Scalable Synthesis of Monodisperse Iodide Perovskite Quantum Dots for Photovoltaics,ACS Energy Letters,journal,2026-07-03,article,en,scale_up,,experimental,0.0606,Kookmin University,0,closed,0
10.1021/acsami.6c10410,10.1021/acsami.6c10410,Synergistic Lattice Stabilization and Bandgap Tuning in Wide-Bandgap Perovskite Solar Cells,ACS Applied Materials & Interfaces,journal,2026-07-03,article,en,stability,,experimental,0.0909,Cas,0,closed,0
10.1007/s10853-026-13288-5,10.1007/s10853-026-13288-5,Defect regulation through materials processing in organic–inorganic hybrid perovskite photovoltaics,Journal of Materials Science,journal,2026-07-03,article,en,defects,,experimental,0.0909,Najran University,0,closed,0
10.1016/j.hybadv.2026.100700,10.1016/j.hybadv.2026.100700,Performance enhancement of triple-cation -based perovskite solar cells through defect management and energy band engineering: A SCAPS-1D investigation,Hybrid Advances,journal,2026-07-03,article,en,defects,,theory,0.1591,Universiti Sains Malaysia,0,gold,1
10.1016/j.cej.2026.179056,10.1016/j.cej.2026.179056,Multifunctional dipole molecules-stabilized buried interface for high-performance air-processed regular perovskite solar cells with minimized energy losses,Chemical Engineering Journal,journal,2026-07-03,article,en,interfaces,,experimental,0.2,Kunming University Of Science And Technology,0,closed,0
10.1002/ange.2378897,10.1002/ange.2378897,Suppressing Multi‐Dimensional Defects in Cs 0.05 FA 0.95 PbI 3 Single Crystals Enables Efficient and Stable Back‐Contacted Perovskite Photovoltaics,Angewandte Chemie,journal,2026-07-03,article,en,composition,stability,experimental,0.0667,Crystal Research (united States),0,closed,0
10.1002/smtd.70811,10.1002/smtd.70811,Bifacial Perovskite Solar Cells by Lamination Approach With a PEDOT:PSS/ d ‐Sorbitol Blended Adhesion Layer,Small Methods,journal,2026-07-03,article,en,architecture,,experimental,0.0161,Hanyang University,0,bronze,0
10.1021/jacs.6c05502,10.1021/jacs.6c05502,Solvent Esterification and Stoichiometric Control in Ambient-Grown FAPbI 3 Single-Crystal Solar Cells,Journal of the American Chemical Society,journal,2026-07-03,article,en,composition,,experimental,0.0,University Of Victoria,0,closed,1
10.1002/ange.7827890,10.1002/ange.7827890,Interfacial Hydrogen Bonding for Efficient and Robust Flexible Tin Perovskite Solar Cells,Angewandte Chemie,journal,2026-07-03,article,en,composition,,experimental,0.1,Southwest Jiaotong University,0,closed,0
10.5281/zenodo.21158210,10.5281/zenodo.21158210,Lead-Free Double Perovskite Semiconductors for Advanced Solar Cells: Compositional Engineering Interface Physics and Photovoltaic Performance,Zenodo (CERN European Organization for Nuclear Research),repository,2026-07-03,article,en,composition,,theory,0.1,,0,green,0
10.1051/epjpv/2026019/pdf,10.1051/epjpv/2026019/pdf,Environmental aging of CaZrO,Springer Link (Chiba Institute of Technology),repository,2026-07-03,article,en,composition,stability,experimental,0.05,Centre National De La Recherche Scientifique,0,green,0
10.1007/s12648-026-04112-6,10.1007/s12648-026-04112-6,"Computational study of lead-free double perovskites M2NdCuCl6 (M = K, Na, Rb) for photovoltaic applications",Indian Journal of Physics,journal,2026-07-04,article,en,composition,,experimental,0.1,Swami Vivekanand Subharti University,1,closed,0
10.1007/s11696-026-05264-9,10.1007/s11696-026-05264-9,"Exploring halide substitution effects in InSrX3 (X = F, Cl, Br, I) clusters: a DFT study of structural, electronic, and optical properties",Chemical Papers,journal,2026-07-04,article,en,composition,,theory,0.0,Chandigarh University,0,closed,0
10.5281/zenodo.21184123,10.5281/zenodo.21184123,A Unified Spin-Torsion Coupling Model for Predicting Anomalous Efficiency Plateau in Space Perovskite Photovoltaics,Zenodo (CERN European Organization for Nuclear Research),repository,2026-07-04,preprint,en,stability,,theory,0.0152,,0,green,1
10.1016/j.physb.2026.419006,10.1016/j.physb.2026.419006,"Assessing the optoelectronic, dynamic and mechanical properties of Na2LiTlX6 (X = Cl, Br) double perovskites",Physica B Condensed Matter,journal,2026-07-04,article,en,composition,,experimental,0.0,Linyi University,0,closed,0
10.1002/ece2.70099,10.1002/ece2.70099,Effect of Sequential and Combined Space‐Based Stressors on Perovskite Solar Cell Stability,EcoEnergy,journal,2026-07-04,article,en,interfaces,,experimental,0.08,Arizona State University,0,diamond,1
10.1002/pip.70131,10.1002/pip.70131,Pioneering High‐Performance in Next Generation Hybrid Tin Perovskite Solar Cells: A Novel Dual Absorber Paradigm With GA x (FA‐Cs) 1‐x SnI 2 Br,Progress in Photovoltaics Research and Applications,journal,2026-07-04,article,en,composition,interfaces,theory,0.1833,Vellore,0,closed,1
10.1016/j.cej.2026.178925,10.1016/j.cej.2026.178925,Melatonin breaks the superoxide-driven autocatalytic loop to achieve UV-stable SnPb perovskite solar cells,Chemical Engineering Journal,journal,2026-07-04,article,en,composition,,experimental,0.0,Qingdao University Of Science And Technology,0,closed,0
10.1016/j.mattod.2026.103446,10.1016/j.mattod.2026.103446,Polymeric-molecular dual ionic liquids synergy for record-performance perovskite solar cells,Materials Today,journal,2026-07-04,article,en,composition,,experimental,0.0,Henan University Of Technology,0,closed,0
10.5281/zenodo.21184124,10.5281/zenodo.21184124,A Unified Spin-Torsion Coupling Model for Predicting Anomalous Efficiency Plateau in Space Perovskite Photovoltaics,Zenodo (CERN European Organization for Nuclear Research),repository,2026-07-04,preprint,en,stability,,theory,0.0152,,0,green,1
10.1021/acsaem.6c01125,10.1021/acsaem.6c01125,Sb x Bi1− x SBr-Based Inorganic Solar Cells,ACS Applied Energy Materials,journal,2026-07-04,article,en,composition,,experimental,0.05,Nanjing University Of Aeronautics And Astronautics,0,closed,1
10.1002/inf2.70159,10.1002/inf2.70159,Flexible perovskite solar modules: Fabrication strategies and future prospects,InfoMat,journal,2026-07-04,article,en,stability,scale_up,review,0.0455,Tianjin University,0,gold,1
10.70382/bejsmsr.v12i9.026,10.70382/bejsmsr.v12i9.026,"THIN-FILM GRADED-BANDGAP CDTE SOLAR CELLS: MATERIALS, DEVICE ARCHITECTURES, CHALLENGES, AND FUTURE PROSPECTS FOR HIGH-EFFICIENCY PHOTOVOLTAICS",Journal of Systematic and Modern Science Research,journal,2026-07-04,article,en,architecture,,experimental,0.0484,Osun State University,0,diamond,0
10.5281/zenodo.21198850,10.5281/zenodo.21198850,Eleven Core Constitutive Equations of Six-Dimensional Global Spin-Torsion Unified Framework,Zenodo (CERN European Organization for Nuclear Research),repository,2026-07-05,article,en,composition,,experimental,0.0,,0,green,0
10.1016/j.jpcs.2026.113981,10.1016/j.jpcs.2026.113981,Optimizing performance of high-efficiency 2D/3D bilayer inverted perovskite solar cells: A comprehensive analysis,Journal of Physics and Chemistry of Solids,journal,2026-07-05,article,en,composition,,experimental,0.0,Indian,0,closed,0
10.5281/zenodo.21200811,10.5281/zenodo.21200811,A Unified Spin-Torsion Coupling Model for Predicting Anomalous Efficiency Plateau in Space Perovskite Photovoltaics,Zenodo (CERN European Organization for Nuclear Research),repository,2026-07-05,article,en,stability,,theory,0.0152,,0,green,0
10.1016/j.physb.2026.419033,10.1016/j.physb.2026.419033,Comprehensive material-to-device modelling investigation of novel K2CuBiCl6-based double perovskite for photovoltaics using DFT and SCAPS-1D,Physica B Condensed Matter,journal,2026-07-05,article,en,composition,,theory,0.0,University Of Chittagong,0,closed,0
10.5281/zenodo.21200810,10.5281/zenodo.21200810,A Unified Spin-Torsion Coupling Model for Predicting Anomalous Efficiency Plateau in Space Perovskite Photovoltaics,Zenodo (CERN European Organization for Nuclear Research),repository,2026-07-05,article,en,stability,,theory,0.0152,,0,green,0
10.1016/j.jechem.2026.06.067,10.1016/j.jechem.2026.06.067,"Perovskite solar cells: Past, present, and future",Journal of Energy Chemistry,journal,2026-07-06,article,en,composition,,experimental,0.0,Chongqing University,1,closed,0
10.24294/tse6665,10.24294/tse6665,Numerical design and simulation of an n-i-p type heterostructure lead-free perovskite solar cell using SCAPS,Thermal Science and Engineering,journal,2026-07-06,article,en,interfaces,composition,theory,0.16,University Of Lucknow,0,diamond,0
10.1360/csb-2026-0763,10.1360/csb-2026-0763,Molecular‑templated pre‑assembly strategy: addressing the reverse‑bias stability challenge of perovskite photovoltaics,Chinese Science Bulletin (Chinese Version),journal,2026-07-06,article,en,composition,,experimental,0.0,Shenzhen Institutes Of Advanced Technology,0,bronze,0
10.1016/j.materresbull.2026.114327,10.1016/j.materresbull.2026.114327,A binary solvent strategy regulated by the aqueous component: A simplified pathway to high-performance and stable CsPbBr₃ perovskite cells,Materials Research Bulletin,journal,2026-07-06,article,en,composition,,experimental,0.0,Guangdong University Of Technology,0,closed,0
10.54254/2753-8818/2026.dl35051,10.54254/2753-8818/2026.dl35051,Research Progress on Ultrafast Dynamics of Hot Carriers in Halide Perovskites: A Review,Theoretical and Natural Science,journal,2026-07-06,article,en,composition,,review,0.0667,Shanghai University Of Electric Power,0,hybrid,0
10.59953/paperasia.v42i3b.978,10.59953/paperasia.v42i3b.978,Simulation and Numerical Analysis Performance for Double Absorber Lead-Free Perovskite Solar Cell Using SCAPS-1D Software,PaperAsia,journal,2026-07-06,article,en,composition,interfaces,theory,0.1,Universiti Teknologi Mara System,0,diamond,0
10.3390/chemistry8070094,10.3390/chemistry8070094,A Comprehensive Review on Hydrothermally Tuning SrTiO3 for Efficient Photocatalytic Applications: Water Remediation and Water Splitting,Chemistry,journal,2026-07-06,article,en,,,,,Woxsen,0,gold,0
10.1002/smtd.70827,10.1002/smtd.70827,Dielectric‐Chemical Interfacial Engineering Toward Improved Efficiency and Reverse‐Bias Stability for Air‐Processed Perovskite Photovoltaics,Small Methods,journal,2026-07-06,article,en,stability,,experimental,0.1818,Wuhan University Of Technology,0,green,0
10.5445/ir/1000194996,10.5445/ir/1000194996,BaZrS$_3$ perovskite thin films by H$_2$S sulfurization of solution-processed precursors,KITopen,repository,2026-07-06,article,en,composition,,experimental,0.0,,0,green,0
10.1021/acsami.6c02800,10.1021/acsami.6c02800,Dual Additives toward High-Performance Wide-Bandgap Perovskite Solar Cells,ACS Applied Materials & Interfaces,journal,2026-07-06,article,en,defects,,experimental,0.1136,National,0,closed,0
10.1088/1402-4896/ae86c5,10.1088/1402-4896/ae86c5,Construction and crystallization regulation of an all-green solvent system based on DEF/DMSO,Physica Scripta,journal,2026-07-06,article,en,composition,,experimental,0.05,Beijing Information Science & Technology University,0,closed,0
10.1063/5.0321693,10.1063/5.0321693,Constructing 3D/2D perovskite heterostructures for boosting photodetection performance,Applied Physics Reviews,journal,2026-07-06,article,en,composition,,review,0.0667,The University Of Sydney,0,hybrid,1
10.1002/ange.7090517,10.1002/ange.7090517,Molecular Lubricant Mitigates Self‐Assembled Monolayer Aggregation in Perovskite Photovoltaics,Angewandte Chemie,journal,2026-07-06,article,en,interfaces,stability,experimental,0.06,Soochow University,0,closed,0
10.1002/anie.7090517,10.1002/anie.7090517,Molecular Lubricant Mitigates Self‐Assembled Monolayer Aggregation in Perovskite Photovoltaics,Angewandte Chemie International Edition,journal,2026-07-06,article,en,interfaces,stability,experimental,0.06,Soochow University,0,closed,1
10.1002/smll.74393,10.1002/smll.74393,Improved Charge Transport and Device Performance in p‐i‐n Carbon Electrode Perovskite Solar Cells Using SiC‐APTES Additive,Small,journal,2026-07-06,article,en,interfaces,,experimental,0.08,Xiamen University Malaysia,0,hybrid,0
10.1002/anie.2884874,10.1002/anie.2884874,Suppressing Interfacial‐Accelerated Degradation in Perovskite Solar Cells via Supramolecular Co‐Assembly,Angewandte Chemie International Edition,journal,2026-07-06,article,en,interfaces,stability,experimental,0.04,Yunnan University,0,closed,1
10.3390/coatings16070805,10.3390/coatings16070805,Optimization of Tin Fluoride Additive Concentration for High-Performance Sn–Pb Perovskite Solar Cells,Coatings,journal,2026-07-06,article,en,defects,,experimental,0.1136,Dongguan University Of Technology,0,gold,0
10.1016/j.solener.2026.114838,10.1016/j.solener.2026.114838,Rational band offset engineering in perovskite solar cells through HTL-side bandgap grading,Solar Energy,journal,2026-07-06,article,en,interfaces,,theory,0.16,Iran University Of Science And Technology,0,hybrid,1
10.1002/ange.4031162,10.1002/ange.4031162,Perylenocarbazole‐Based Polycyclic Aromatic Self‐Assembled Monolayers with Tailored Electrostatic Potentials for High‐Performance Organic and Perovskite Solar Cells,Angewandte Chemie,journal,2026-07-06,article,en,interfaces,,experimental,0.1,Jiangxi Normal University,0,closed,0
10.1016/j.solmat.2026.114548,10.1016/j.solmat.2026.114548,"Mo3C2Tx MXene mediated SnO2 engineering for simultaneous control of wettability, conductivity, and work function for efficient and stable perovskite solar cells",Solar Energy Materials and Solar Cells,journal,2026-07-06,article,en,composition,,experimental,0.0,,0,hybrid,0
10.1021/acsenergylett.6c01826,10.1021/acsenergylett.6c01826,Multidentate Phosphine Oxide Ligands for Regulating Surface Coordination and Electronic Coupling in CsPbI3 Quantum Dot Solar Cells,ACS Energy Letters,journal,2026-07-06,article,en,defects,,experimental,0.1818,Soochow University,0,closed,1
10.1007/s11664-026-12986-9,10.1007/s11664-026-12986-9,"Tuning Electronic and Optical Properties of InBeX3 (X = F, Cl, Br, I) Perovskites Through Halide Substitution: A First-Principles Study",Journal of Electronic Materials,journal,2026-07-06,article,en,composition,,theory,0.0,Chandigarh University,0,closed,0
10.3390/coatings16070807,10.3390/coatings16070807,Stepwise Optimization of Antisolvent Dripping and Annealing Times for High-Efficiency Inverted Perovskite Solar Cells,Coatings,journal,2026-07-06,article,en,defects,,experimental,0.0455,Guangdong University Of Technology,0,gold,0
10.1186/s41313-026-00081-9,10.1186/s41313-026-00081-9,"Composition-tuned multifunctionality in Rb₂AgXCl₆ (X = Ti, Sb, In) double perovskites: a first-principles study",Journal of Materials Science Materials Theory,journal,2026-07-06,article,en,composition,,theory,0.05,Swami Vivekanand Subharti University,0,hybrid,0
10.1016/j.solener.2026.114851,10.1016/j.solener.2026.114851,Functionalized reduced graphene oxide electrodes for stable lead-free tin perovskite solar cells,Solar Energy,journal,2026-07-06,article,en,composition,,experimental,0.2,,0,closed,0
10.1063/5.0317568,10.1063/5.0317568,Crystallinity-guided dual modification of wide bandgap perovskite for efficient four-terminal perovskite/silicon tandem solar cells,Applied Physics Letters,journal,2026-07-06,article,en,defects,architecture,experimental,0.1591,Central South University,0,closed,0
10.1021/acsami.6c02800.s001,10.1021/acsami.6c02800.s001,Dual Additives toward High-Performance Wide-Bandgap Perovskite Solar Cells,Figshare,repository,2026-07-06,article,en,defects,,experimental,0.1136,,0,green,0
10.1007/s40843-026-4137-3,10.1007/s40843-026-4137-3,A new strategy for buried 2D/3D heterojunctions in perovskite solar cells,Science China Materials,journal,2026-07-06,article,en,composition,,experimental,0.0,Southern University Of Science And Technology,0,closed,0
10.1016/j.nanoen.2026.112186,10.1016/j.nanoen.2026.112186,Intra- and inter-layer molecular bridging within SnO2 and across the buried interface for durable perovskite solar cells,Nano Energy,journal,2026-07-07,article,en,interfaces,,experimental,0.2,Southwest Jiaotong University,0,closed,0
10.1021/acsami.6c06661,10.1021/acsami.6c06661,Metallic Lead to Perfect Perovskite: A Bottom-Up Vapor-Assisted Colloidal Strategy for High-Performance Solar Cells,ACS Applied Materials & Interfaces,journal,2026-07-07,article,en,composition,,experimental,0.0,Tianjin University Of Technology,0,closed,0
10.1021/acsaem.6c01370,10.1021/acsaem.6c01370,Simultaneous Enhancement of Efficiency and Photostability in Wide-Bandgap Perovskite Solar Cells via Managing Residual PbI2 with a Phosphoramide Additive,ACS Applied Energy Materials,journal,2026-07-07,article,en,composition,,experimental,0.0667,East China University Of Science And Technology,0,closed,1
10.1021/acsenergylett.6c01113,10.1021/acsenergylett.6c01113,Preventing Triple Halide Intermediate Formation for Segregation-Resistant Wide Band Gap Perovskites,ACS Energy Letters,journal,2026-07-07,article,en,composition,,experimental,0.0833,Huazhong University Of Science And Technology,0,hybrid,1
10.1021/acsenergylett.6c01471,10.1021/acsenergylett.6c01471,Busting the Hot-Phonon Bottleneck and Other Myths in Perovskite Photovoltaics,ACS Energy Letters,journal,2026-07-07,article,en,composition,,experimental,0.0,King Abdullah University Of Science And Technology,0,hybrid,0
10.1002/ange.2884874,10.1002/ange.2884874,Suppressing Interfacial‐Accelerated Degradation in Perovskite Solar Cells via Supramolecular Co‐Assembly,Angewandte Chemie,journal,2026-07-07,article,en,interfaces,stability,experimental,0.04,Yunnan University,0,closed,0
10.1021/acsenergylett.6c01335,10.1021/acsenergylett.6c01335,Dual Role of Self-Assembled Monolayers: Interfacial Dipoles and Charge Tunneling in High-Efficiency Inverted Perovskite Solar Cells,ACS Energy Letters,journal,2026-07-07,article,en,defects,stability,experimental,0.0682,Beijing University Of Technology,0,closed,1
10.1016/j.surfin.2026.110063,10.1016/j.surfin.2026.110063,Potassium citrate-mediated buried interface passivation enhances the photoelectrical properties of all-inorganic CsPbIBr2 perovskite solar cells,Surfaces and Interfaces,journal,2026-07-07,article,en,interfaces,,experimental,0.2,South China Normal University,0,closed,0
10.1016/j.joule.2026.102546,10.1016/j.joule.2026.102546,In situ optical techniques for perovskite crystallization,Joule,journal,2026-07-07,article,en,composition,,experimental,0.0,City University Of Hong Kong,0,closed,0
10.21203/rs.3.rs-10135111/v1,10.21203/rs.3.rs-10135111/v1,Active Reverse Bias Protection for Perovskite Solar Cells Under Variable Illumination via Integrated Bypass Diodes,Research Square,repository,2026-07-07,preprint,en,stability,,experimental,0.0606,Shenzhen Technology University,0,green,0
10.1016/j.ssc.2026.116513,10.1016/j.ssc.2026.116513,Dual-absorber Cs2TiF6/Dion–Jacobson perovskite solar cells achieving 24.5 % efficiency for underwater applications: A SCAPS-1D study,Solid State Communications,journal,2026-07-07,article,en,composition,,theory,0.0,National,0,closed,0
10.1002/anie.4031162,10.1002/anie.4031162,Perylenocarbazole‐Based Polycyclic Aromatic Self‐Assembled Monolayers with Tailored Electrostatic Potentials for High‐Performance Organic and Perovskite Solar Cells,Angewandte Chemie International Edition,journal,2026-07-07,article,en,interfaces,,experimental,0.1,Jiangxi Normal University,0,closed,1
10.1021/acsami.6c06661.s001,10.1021/acsami.6c06661.s001,Metallic Lead to Perfect Perovskite: A Bottom-Up Vapor-Assisted Colloidal Strategy for High-Performance Solar Cells,Figshare,repository,2026-07-07,article,en,composition,,experimental,0.0,,0,green,0
10.1007/s40843-026-4106-8,10.1007/s40843-026-4106-8,Carrier regulation in monolithic perovskite/organic tandem solar cells,Science China Materials,journal,2026-07-07,article,en,architecture,,experimental,0.0968,Soochow University,0,closed,0
10.1016/j.colsurfa.2026.141272,10.1016/j.colsurfa.2026.141272,Aqueous-processed TiO2-SiO2 composite antireflective coating for durable and sustainable photovoltaics,Colloids and Surfaces A Physicochemical and Engineering Aspects,journal,2026-07-08,article,en,composition,,experimental,0.0,Wuhan University Of Technology,2,closed,0
10.1016/j.nxener.2026.100763,10.1016/j.nxener.2026.100763,Improving perovskite solar cell performance: Where we stand and what's next?,Next Energy,journal,2026-07-08,article,en,defects,stability,review,0.0682,Chongqing University Of Posts And Telecommunications,1,gold,0
10.1016/j.mseb.2026.119681,10.1016/j.mseb.2026.119681,Structural design and performance enhancement of lead-free double perovskite Cs2AuBiCl6 photodetector,Materials Science and Engineering B,journal,2026-07-08,article,en,composition,,experimental,0.1,Liaoning Technical University,0,closed,0
10.1021/acsami.6c07524,10.1021/acsami.6c07524,Aging-Tolerant Precursor Solution for Perovskite Solar Cells Enabled by Phosphite-Assisted Chemical Protection,ACS Applied Materials & Interfaces,journal,2026-07-08,article,en,stability,,experimental,0.0606,Soochow University,0,closed,0
10.1021/acsaem.6c01421,10.1021/acsaem.6c01421,Polymorphic Effects and Optoelectronic Excellence in Mixed-Pb/Sn Halide Perovskites for Next-Generation Solar Harvesting,ACS Applied Energy Materials,journal,2026-07-08,article,en,composition,,theory,0.0,Universidade Tecnológica Federal Do Paraná,0,hybrid,1
10.1002/aenm.71259,10.1002/aenm.71259,Electron‐Bridge Effect of Inorganic SnO 2 ‐GQDs Electron Transport Layer for Sn–Pb Perovskite Solar Cells and Tandems,Advanced Energy Materials,journal,2026-07-08,article,en,interfaces,,experimental,0.16,Ningbo University Of Technology,0,closed,1
10.1007/s10853-026-13310-w,10.1007/s10853-026-13310-w,Review: polymer-based strategies for processing and stability optimization of organic–inorganic perovskites,Journal of Materials Science,journal,2026-07-08,article,en,composition,,review,0.0,Najran University,0,closed,0
10.21203/rs.3.rs-10191941/v1,10.21203/rs.3.rs-10191941/v1,Ion-Confined Perovskite Solar Cells with High Thermal Durability for Space Application,Research Square,repository,2026-07-08,preprint,en,composition,,experimental,0.0,Fudan University,0,green,0
10.1007/s11082-026-09004-x,10.1007/s11082-026-09004-x,Study double-walled carbon nanotubes as efficient electron transport materials in organic perovskite solar cells,Optical and Quantum Electronics,journal,2026-07-08,article,en,interfaces,,experimental,0.08,Thi Qar University,0,closed,0
10.26599/pom.2026.9140147,10.26599/pom.2026.9140147,Suppression of SAM desorption by engineering polyoxometalate interface for inverted perovskite solar cells,Polyoxometalates,journal,2026-07-08,article,en,interfaces,,experimental,0.2,Northeast Normal University,0,diamond,1
10.1021/jacs.6c05316,10.1021/jacs.6c05316,Selective Bidentate Coordination Reconstructs Residual PbI 2 to Homogenize Interfacial Energetics in Perovskite Solar Cells,Journal of the American Chemical Society,journal,2026-07-08,article,en,composition,,experimental,0.0,Davidson College,0,hybrid,0
10.1016/j.pmatsci.2026.101781,10.1016/j.pmatsci.2026.101781,Design rules for key factors governing two-dimensional MXenes (Mn+1XnTx) in photovoltaic performance: from etching chemistry to programmable interfacial engineering,Progress in Materials Science,journal,2026-07-08,article,en,composition,,experimental,0.0,Hanyang University,0,closed,0
10.1002/smll.74515,10.1002/smll.74515,Enhancing the Buried Interfacial Interaction to Obtain Homogeneous Halogen‐Phase Distribution for Efficient Wide‐Bandgap Perovskite Solar Cells,Small,journal,2026-07-08,article,en,interfaces,,theory,0.1,Hebei University Of Science And Technology,0,closed,0
10.1002/ece2.70102,10.1002/ece2.70102,Modulating Growth Kinetics and Defect Passivation in Ambient‐Air Evaporation‐Spray Deposition Enables Efficient and Stable Rigid/Flexible Perovskite Solar Cells,EcoEnergy,journal,2026-07-08,article,en,defects,,scale_up,0.2727,Lanzhou University Of Technology,0,diamond,1
10.1021/acsenergylett.6c01361,10.1021/acsenergylett.6c01361,Buried-Interface Engineering Enables Record Flexible Semitransparent Perovskite Solar Cells and 27.7% Flexible Perovskite/Silicon Four-Terminal Tandems,ACS Energy Letters,journal,2026-07-08,article,en,interfaces,stability,experimental,0.14,École Polytechnique Fédérale De Lausanne,0,closed,1
10.5281/zenodo.21276186,10.5281/zenodo.21276186,Thickness-Controlled Transport–Reaction Regime Transition in Perovskite Solar Cells: A SCAPS-1D Dimensionless Flux–Kinetics Framework,Zenodo (CERN European Organization for Nuclear Research),repository,2026-07-08,article,en,stability,,theory,0.0455,Abia State University,0,green,0
10.5281/zenodo.21276185,10.5281/zenodo.21276185,Thickness-Controlled Transport–Reaction Regime Transition in Perovskite Solar Cells: A SCAPS-1D Dimensionless Flux–Kinetics Framework,Zenodo (CERN European Organization for Nuclear Research),repository,2026-07-08,article,en,stability,,theory,0.0455,Abia State University,0,green,0
10.48550/arxiv.2607.07221,10.48550/arxiv.2607.07221,Understanding surface potential dynamics of passivated perovskites via Kelvin Probe Force Microscopy,arXiv (Cornell University),repository,2026-07-08,preprint,en,composition,,experimental,0.0667,,0,green,1
10.1021/jacs.6c05316.s001,10.1021/jacs.6c05316.s001,Selective Bidentate Coordination Reconstructs Residual PbI2 to Homogenize Interfacial Energetics in Perovskite Solar Cells,Figshare,repository,2026-07-08,article,en,defects,stability,experimental,0.0682,,0,green,0
understanding surface potential dynamics of passivated perovskites via kelvin probe force microscopy|sood-goodwin,,Understanding surface potential dynamics of passivated perovskites via Kelvin Probe Force Microscopy,arXiv (Cornell University),repository,2026-07-08,preprint,en,composition,,experimental,0.0,Sheffield Hallam University,0,green,0
10.1007/s11426-025-3405-9,10.1007/s11426-025-3405-9,Vapor-phase ligand mediates intermediate phase stabilization and crystallization control for efficient perovskite solar cells,Science China Chemistry,journal,2026-07-08,article,en,composition,,experimental,0.0,Jiangxi Normal University,0,closed,0
10.33003/fjorae.2026.03si.82,10.33003/fjorae.2026.03si.82,Defect Engineering Strategies for High-Performance Tin-Based Perovskite Solar Cells: Interface Defect Analysis of Hole and Electron Transport Layers Using SCAPS-1D Simulation,FUDMA Journal of Renewable and Atomic Energy,journal,2026-07-08,article,en,interfaces,,theory,0.24,Federal University Dutsin-ma,0,closed,0
10.1016/j.cocom.2026.e01388,10.1016/j.cocom.2026.e01388,Tailoring electronic and energy-conversion properties of K2NbTaO6 double perovskites via chalcogen substitution: A first-principles study,Computational Condensed Matter,journal,2026-07-09,article,en,composition,,theory,0.0,Mohammed V University,2,closed,0
10.1002/adma.73950,10.1002/adma.73950,Synergistic Interfacial Dangling‐Bond Passivation for Enhanced Moisture Resistance in Perovskite Photovoltaics,Advanced Materials,journal,2026-07-09,article,en,defects,,experimental,0.1818,Of The People's Republic Of China,1,green,1
10.1016/j.ssc.2026.116509,10.1016/j.ssc.2026.116509,Transition to Pb-reduced MAPbI3 perovskite solar cells via bandgap grading using MASnI3 front and MAGeI3 back absorbers,Solid State Communications,journal,2026-07-09,article,en,composition,,experimental,0.0,Rayalaseema University,1,closed,0
10.1038/s44160-026-01111-7,10.1038/s44160-026-01111-7,Dynamic anionic sublattice engineering in perovskite heterostructures for perovskite–silicon tandem solar cells,Nature Synthesis,journal,2026-07-09,article,en,architecture,,experimental,0.0968,Jinan University,1,closed,0
10.1016/j.cej.2026.179288,10.1016/j.cej.2026.179288,Ionic doping of PEDOT:PSS enables buried interface optimization for efficient perovskite solar cells,Chemical Engineering Journal,journal,2026-07-09,article,en,interfaces,,experimental,0.2,,0,closed,0
10.1016/j.solmat.2026.114571,10.1016/j.solmat.2026.114571,Defect passivation and crystallization regulation by structurally related phosphoramide additives for high-performance perovskite solar cells,Solar Energy Materials and Solar Cells,journal,2026-07-09,article,en,defects,,experimental,0.2273,Lanzhou University Of Technology,0,closed,0
10.1016/j.cej.2026.179318,10.1016/j.cej.2026.179318,Stratified regulation strategy of oxygen vacancies for high-efficiency printable mesoscopic perovskite solar cells,Chemical Engineering Journal,journal,2026-07-09,article,en,composition,,experimental,0.0,Guilin University Of Electronic Technology,0,closed,0
10.1021/acsenergylett.6c01202,10.1021/acsenergylett.6c01202,Aromatic Molecules Control Perovskite Quantum Dot Ripening for Efficient Solar Cells,ACS Energy Letters,journal,2026-07-09,article,en,composition,,experimental,0.0,The University Of Queensland,0,hybrid,0
10.1002/adma.74033,10.1002/adma.74033,Dual‐Site‐Binding Ligand‐Driven (100) Orientation for Efficient and Stable Perovskite Solar Cells,Advanced Materials,journal,2026-07-09,article,en,defects,,experimental,0.1136,Nanjing University Of Aeronautics And Astronautics,0,green,1
10.1016/j.cej.2026.179274,10.1016/j.cej.2026.179274,Proton transfer-mediated interface dual electric fields for efficient and stable carbon-based perovskite solar cells,Chemical Engineering Journal,journal,2026-07-09,article,en,interfaces,,experimental,0.08,Ocean University Of China,0,closed,0
10.1016/j.nanoen.2026.112191,10.1016/j.nanoen.2026.112191,From disorder to order: Surface-guided crystallization enables highly homogenized perovskite films for efficient optoelectronics,Nano Energy,journal,2026-07-09,article,en,composition,,experimental,0.0,Westlake University,0,closed,0
10.1002/ange.5530609,10.1002/ange.5530609,Molecular‐Extrusion‐Driven Halogen Homogenization for Efficient Perovskite‐Silicon Tandem Solar Cells,Angewandte Chemie,journal,2026-07-09,article,en,architecture,defects,experimental,0.0968,Chengdu University Of Information Technology,0,closed,0
10.1002/anie.5530609,10.1002/anie.5530609,Molecular‐Extrusion‐Driven Halogen Homogenization for Efficient Perovskite‐Silicon Tandem Solar Cells,Angewandte Chemie International Edition,journal,2026-07-09,article,en,architecture,defects,experimental,0.0968,Chengdu University Of Information Technology,0,closed,1
10.1002/smll.74531,10.1002/smll.74531,Synergistic Interface and Band Engineering for Sn‐Pb Perovskites,Small,journal,2026-07-09,article,en,defects,interfaces,experimental,0.1136,University Of Science And Technology Of China,0,green,1
10.1016/j.mtener.2026.102358,10.1016/j.mtener.2026.102358,Micro-molecule modifier enables prolonged shelf-life of perovskite ink for efficient and scalable inkjet-printed solar cells,Materials Today Energy,journal,2026-07-09,article,en,scale_up,,experimental,0.0909,,0,closed,0
10.1016/j.solener.2026.114870,10.1016/j.solener.2026.114870,Improving the efficiency and stability of solar cells based on the perovskite material CH3NH3Pb(I1-yCly)3,Solar Energy,journal,2026-07-09,article,en,composition,,experimental,0.0,Ahmed Draia University,0,closed,0
10.1595/205651327x17835202097177,10.1595/205651327x17835202097177,Scalable Manufacturing of Various Types of Perovskites for Industrial Applications,Johnson Matthey Technology Review,journal,2026-07-09,article,en,scale_up,,review,0.1212,Piri Reis University,0,diamond,0
10.1002/smll.74470,10.1002/smll.74470,Selective Templating Growth of Wide‐Bandgap Perovskites via Vertical Additive Gradients for 26.51%‐Efficient Perovskite/Organic Tandem Solar Cells,Small,journal,2026-07-09,article,en,defects,architecture,experimental,0.1364,Nanjing University Of Posts And Telecommunications,0,green,1
10.1002/pssa.70428,10.1002/pssa.70428,Simulation Study of a Gradient‐Engineered 2D DJ–3D Hybrid Perovskite Solar Cell Architecture,physica status solidi (a),journal,2026-07-09,article,en,composition,,theory,0.05,National,0,closed,0
10.1016/j.jpowsour.2026.240923,10.1016/j.jpowsour.2026.240923,Cutting-edge Pb-free Germanium-based double perovskite solar cells with efficiency beyond 30 %: A numerical analysis,Journal of Power Sources,journal,2026-07-09,article,en,composition,,experimental,0.0,Princess Nourah Bint Abdulrahman University,0,closed,0
10.35848/1347-4065/ae88a1,10.35848/1347-4065/ae88a1,Efficient hole extraction suppresses photo-induced phase segregation in inorganic perovskite solar cells,Japanese Journal of Applied Physics,journal,2026-07-09,article,en,composition,interfaces,experimental,0.0333,Kyushu University,0,hybrid,0
10.1002/advs.76463,10.1002/advs.76463,Eco‐Friendly Solvent System for Inkjet Deposition of Wide Bandgap Perovskite Solar Cells Enabling Tandem Integration,Advanced Science,journal,2026-07-09,article,en,architecture,,experimental,0.0968,Karlsruhe,0,gold,1
10.26434/chemrxiv.15004204/v2,10.26434/chemrxiv.15004204/v2,Crystal symmetry engineering of one-dimensional helical perovskites for integrated circularly polarized light detection and bulk photovoltaic effect,ChemRxiv,repository,2026-07-09,preprint,en,composition,,experimental,0.0333,Waseda University,0,green,1
10.1016/j.commatsci.2026.114929,10.1016/j.commatsci.2026.114929,Mechanistic understanding of vacancy formation and water interaction mitigation in hybrid perovskites,Computational Materials Science,journal,2026-07-09,article,en,defects,,experimental,0.0909,Mohammed V University,0,closed,0
10.1016/j.susmat.2026.e02158,10.1016/j.susmat.2026.e02158,"PDI-derived electron-selective materials for inverted perovskite solar cells: Molecular design, interfacial reconstruction, and post-fullerene prospects",Sustainable materials and technologies,journal,2026-07-09,article,en,composition,,experimental,0.0,Beijing,0,closed,0
10.36347/sjet.2026.v14i07.002,10.36347/sjet.2026.v14i07.002,Artificial Intelligence and Machine Learning in the Design of Nanomaterials for Next-Generation Solar Cells,Scholars Journal of Engineering and Technology,journal,2026-07-09,article,en,composition,,theory,0.0,,0,diamond,0
10.1007/s11468-026-03396-y,10.1007/s11468-026-03396-y,"First-Principles Investigation of Optical and Plasmonic Response of Lead-Free Rb₂AgSbX₆ (X = Br, I) Double Perovskites",Plasmonics,journal,2026-07-10,article,en,composition,,theory,0.1,University Ferhat Abbas Of Setif,1,closed,0
10.1142/s021798492650185x,10.1142/s021798492650185x,Multiscale investigation of lead-free Ce-based perovskite: From DFT-derived optoelectronic properties to photovoltaic and photocatalytic performance,Modern Physics Letters B,journal,2026-07-10,article,en,composition,interfaces,theory,0.1,Begum Rokeya University,1,closed,0
10.3390/ijms27146186,10.3390/ijms27146186,"First-Principles Investigation of Structural, Mechanical, Electronic and Optical Properties of Ba2MReO6 (M = Li, Na, K, and Rb) Double Perovskites",International Journal of Molecular Sciences,journal,2026-07-10,article,en,composition,,theory,0.0,Nicolaus Copernicus University,1,gold,0
10.1126/sciadv.aeb8790,10.1126/sciadv.aeb8790,Enhancing Sn-Pb perovskite homogeneity via thioether coordination for efficient and stable all-perovskite tandem solar cells,Science Advances,journal,2026-07-10,article,en,architecture,,experimental,0.1935,Shenzhen Institutes Of Advanced Technology,1,gold,1
10.1016/j.physe.2026.116610,10.1016/j.physe.2026.116610,"Lattice and surface engineering in Zn1-x-yBxFeyO thin films (x=0, 0.01; y=0, 0.06): Insights into optical response, electronic energy levels and semiconducting dynamics",Physica E Low-dimensional Systems and Nanostructures,journal,2026-07-10,article,en,composition,,experimental,0.0,Istanbul University,1,closed,0
10.1016/j.solmat.2026.114557,10.1016/j.solmat.2026.114557,Unraveling the defect landscape of wide-bandgap perovskites from electrical and photoelectrical characterization of thin films and solar cells,Solar Energy Materials and Solar Cells,journal,2026-07-10,article,en,defects,,experimental,0.0909,,0,hybrid,0
10.1007/s12596-026-03197-w,10.1007/s12596-026-03197-w,Optimization of new inorganic BaZrSe3 based perovskite solar cell by numerical simulation using SCAPS-1D,Journal of Optics,journal,2026-07-10,article,en,composition,,theory,0.0,Chouaib Doukkali University,0,closed,0
10.1002/ange.5216345,10.1002/ange.5216345,Central Core Engineering of Aromatic Carbonyl Molecules Enables Highly Efficient and Stable Perovskite Solar Cells,Angewandte Chemie,journal,2026-07-10,article,en,stability,defects,experimental,0.0909,Qingdao University Of Science And Technology,0,closed,0
10.1021/acsaenm.6c00567,10.1021/acsaenm.6c00567,"Experimental and Density Functional Theory Study of the Structural, Optical, and Electronic Properties of La 2 NiMnO 6 and Nd 2 NiMnO 6 Double Perovskite Ceramics",ACS Applied Engineering Materials,journal,2026-07-10,article,en,defects,,theory,0.0909,Exact Sciences (united States),0,hybrid,0
10.1021/acsenergylett.6c01537,10.1021/acsenergylett.6c01537,Beyond Homogeneous Models: Intrinsic Halide Gradients Remodel Phase Segregation Pathways in Wide-Bandgap Perovskites,ACS Energy Letters,journal,2026-07-10,article,en,defects,architecture,experimental,0.0682,Zhejiang University,0,closed,1
10.1021/acs.jpclett.6c01910,10.1021/acs.jpclett.6c01910,Ultralong Carrier Lifetime in Lead-Free Perovskites Enabled by Elimination of Electron–Phonon Coupling in Target Layers,The Journal of Physical Chemistry Letters,journal,2026-07-10,article,en,composition,,experimental,0.1,University Of Electronic Science And Technology Of China,0,hybrid,0
10.1007/s11664-026-13010-w,10.1007/s11664-026-13010-w,Halide Perovskites for Solar-Driven Hydrogen Production and Beyond,Journal of Electronic Materials,journal,2026-07-10,article,en,composition,,experimental,0.0,Government Of Khyber Pakhtunkhwa,0,closed,0
10.1016/j.mtphys.2026.102163,10.1016/j.mtphys.2026.102163,Uncovering opto-electro-thermo-mechanical couplings for optoelectronic materials: From nonlinear statics to dynamics,Materials Today Physics,journal,2026-07-10,article,en,stability,,experimental,0.0152,Rmit University,0,hybrid,0
10.1021/acsnano.6c04084,10.1021/acsnano.6c04084,Homogenizing Cesium Distribution via Rubidium Incorporation Enables Pure-Iodide 1.67 eV Bandgap Perovskite Solar Cells with Efficiency Exceeding 22%,ACS Nano,journal,2026-07-10,article,en,stability,,experimental,0.1212,Science And Technology,0,closed,1
10.1021/acsphotonics.6c00963,10.1021/acsphotonics.6c00963,Holistic Defect Passivation by a Dual-Additive Strategy Enables Efficient and Stable Wide Bandgap Perovskite Solar Cells and Perovskite/CZTSSe Tandem Solar Cells,ACS Photonics,journal,2026-07-10,article,en,defects,,experimental,0.3409,Shenzhen University,0,closed,0
10.1002/cjce.70498,10.1002/cjce.70498,An overview on lead‐free caesium tin iodide perovskite solar cells with high efficiency and enhanced stability,The Canadian Journal of Chemical Engineering,journal,2026-07-10,article,en,architecture,,theory,0.0484,Kalasalingam Academy Of Research And Education,0,closed,0
10.1371/journal.pone.0351439,10.1371/journal.pone.0351439,Enhancing perovskite solar cells efficiency via dual surface passivation,PLoS ONE,journal,2026-07-10,article,en,defects,,experimental,0.1818,University Of Carthage,0,gold,0
10.1016/j.nxener.2026.100774,10.1016/j.nxener.2026.100774,Optimization of CsSnBr₃-based lead-free perovskite solar cells by numerical simulation using SCAPS-1D,Next Energy,journal,2026-07-10,article,en,composition,,theory,0.1,Kyushu,0,gold,0
10.1002/aenm.71282,10.1002/aenm.71282,Interfacial Regulation by a Multifunctional Self‐Assembled Material for High‐Performance Inverted Perovskite Solar Cells,Advanced Energy Materials,journal,2026-07-10,article,en,interfaces,,experimental,0.1,Tsinghua University,0,closed,1
10.1016/j.apsusc.2026.167814,10.1016/j.apsusc.2026.167814,Diagonal binding prevails over edge anchoring for surface passivation of perovskite solar cells: A theoretical study,Applied Surface Science,journal,2026-07-10,article,en,defects,,experimental,0.1364,Shanxi Datong University,0,closed,0
10.1016/j.physb.2026.419060,10.1016/j.physb.2026.419060,"Spray-deposited Cs2AgBiBr6 thin films: The impact of substrate temperature on structure, morphology and photovoltaic performance",Physica B Condensed Matter,journal,2026-07-10,article,en,composition,,experimental,0.0,Amrita Vishwa Vidyapeetham,0,closed,0
10.1021/acsapm.6c00485,10.1021/acsapm.6c00485,Numerical Analysis and Performance Enhancement of the Polymeric Hole Transport Layers Based on the CH 3 NH 3 PbI 3– x Cl x Mixed-Halide Perovskite Solar Cells,ACS Applied Polymer Materials,journal,2026-07-10,article,en,composition,interfaces,review,0.0667,Yancheng,0,closed,0
10.21203/rs.3.rs-10173307/v1,10.21203/rs.3.rs-10173307/v1,Clamp-like side-arm-functionalized calixarenes reinforce molecular cage confinement for damp-heat operationally durable perovskite photovoltaics,Research Square,repository,2026-07-10,preprint,en,composition,,experimental,0.0,Kunming University Of Science And Technology,0,green,0
10.1021/acs.chemrev.5c01014,10.1021/acs.chemrev.5c01014,"Materials and Device Engineering for Efficient, Stable, and Scalable Monolithic Perovskite/Silicon Tandem Photovoltaics",Chemical Reviews,journal,2026-07-10,article,en,architecture,,review,0.0968,Renewable Energy Systems (united States),0,closed,1
10.1007/s42452-026-09106-x,10.1007/s42452-026-09106-x,Numerical modeling and performance optimization of Rb2LiInBr6/MASnI3 double-absorber perovskite solar cells for next-generation photovoltaics,Discover Applied Sciences,journal,2026-07-10,article,en,composition,,theory,0.0667,National,0,diamond,0
10.1038/s41467-026-75305-0,10.1038/s41467-026-75305-0,Stabilizing 1.93-eV ultrawide-bandgap perovskites for efficient triple-junction solar cells,Nature Communications,journal,2026-07-10,article,en,stability,,experimental,0.0606,Suzhou University Of Technology,0,gold,1
10.21203/rs.3.rs-9502299/v1,10.21203/rs.3.rs-9502299/v1,Supervised Machine Learning for Predicting Power Conversion Efficiency in Perovskite Solar Cells: A Systematic Review and Quantitative Meta-Analysis,Research Square,repository,2026-07-10,preprint,en,composition,,theory,0.0,Integral University,0,green,0
10.1021/acsomega.6c01800,10.1021/acsomega.6c01800,Synthesis of BaZrS3 Perovskite Thin Films via Different Solid BaS x Intermediate Phases,ACS Omega,journal,2026-07-10,article,en,composition,,experimental,0.0,Uppsala University,0,gold,0
10.1002/anie.5216345,10.1002/anie.5216345,Central Core Engineering of Aromatic Carbonyl Molecules Enables Highly Efficient and Stable Perovskite Solar Cells,Angewandte Chemie International Edition,journal,2026-07-10,article,en,stability,defects,experimental,0.0909,Qingdao University Of Science And Technology,0,closed,1
10.1002/adfm.76715,10.1002/adfm.76715,Achieving 3.31 V in Triple‐Junction Perovskite–Organic Tandem Solar Cells via Lattice Distortion–Induced Phase Stability,Advanced Functional Materials,journal,2026-07-10,article,en,composition,,experimental,0.1833,King Abdullah University Of Science And Technology,0,closed,1
10.1021/acsapm.6c00485.s001,10.1021/acsapm.6c00485.s001,Numerical Analysis and Performance Enhancement of the Polymeric Hole Transport Layers Based on the CH3NH3PbI3–xClx Mixed-Halide Perovskite Solar Cells,Figshare,repository,2026-07-10,article,en,composition,interfaces,review,0.0667,,0,green,0
10.1021/acsnano.6c04084.s001,10.1021/acsnano.6c04084.s001,Homogenizing Cesium Distribution via Rubidium Incorporation Enables Pure-Iodide 1.67 eV Bandgap Perovskite Solar Cells with Efficiency Exceeding 22%,Figshare,repository,2026-07-10,article,en,stability,,experimental,0.1212,,0,green,0
10.1021/acsphotonics.6c00963.s001,10.1021/acsphotonics.6c00963.s001,Holistic Defect Passivation by a Dual-Additive Strategy Enables Efficient and Stable Wide Bandgap Perovskite Solar Cells and Perovskite/CZTSSe Tandem Solar Cells,Figshare,repository,2026-07-10,article,en,defects,,experimental,0.3409,,0,green,0
10.1021/acsaenm.6c00567.s001,10.1021/acsaenm.6c00567.s001,"Experimental and Density Functional Theory Study of the Structural, Optical, and Electronic Properties of La2NiMnO6 and Nd2NiMnO6 Double Perovskite Ceramics",Figshare,repository,2026-07-10,article,en,defects,,theory,0.0909,,0,green,0
10.1021/acs.jpclett.6c01910.s001,10.1021/acs.jpclett.6c01910.s001,Ultralong Carrier Lifetime in Lead-Free Perovskites Enabled by Elimination of Electron–Phonon Coupling in Target Layers,Figshare,repository,2026-07-10,article,en,composition,,experimental,0.1,,0,green,0
10.1021/acsomega.6c01800.s001,10.1021/acsomega.6c01800.s001,Synthesis of BaZrS3 Perovskite Thin Films via Different Solid BaSx Intermediate Phases,Figshare,repository,2026-07-10,article,en,composition,,experimental,0.0,,0,green,0
10.64388/irev9i12-1719695,10.64388/irev9i12-1719695,Perovskite and Perovskite/Silicon Tandem Solar Cells: A Short Communication on Vacuum-Based Deposition and Recent Progress (2020–2026),Iconic Research and Engineering Journals,journal,2026-07-10,article,en,architecture,scale_up,review,0.0968,Shobhit University,0,bronze,0
10.48550/arxiv.2607.09914,10.48550/arxiv.2607.09914,Improved Heat Dissipation in CsPbBr${_3}$-hBN Heterostructures,arXiv (Cornell University),repository,2026-07-10,preprint,en,composition,,experimental,0.0,,0,green,1
improved heat dissipation in cspbbr 3 hbn heterostructures|starodubtceva,,Improved Heat Dissipation in CsPbBr${_3}$-hBN Heterostructures,arXiv (Cornell University),repository,2026-07-10,preprint,en,composition,,experimental,0.0,Rwth Aachen University,0,green,0
10.1016/j.nanoen.2026.112209,10.1016/j.nanoen.2026.112209,Reducing non-radiative recombination in perovskite solar cells with a SiO2-graphene oxide buried interface layer,Nano Energy,journal,2026-07-11,article,en,interfaces,,experimental,0.2,,0,closed,0
10.1002/aenm.71267,10.1002/aenm.71267,Efficient Flexible Monolithic Perovskite/CIGS Tandem Solar Cell by Using Two‐Step Hybrid Deposition Approach,Advanced Energy Materials,journal,2026-07-11,article,en,architecture,,experimental,0.0968,Korea,0,hybrid,1
10.1038/s41467-026-74018-8,10.1038/s41467-026-74018-8,Soft supermolecule stabilized buried interface for high-performance inverted perovskite solar cells and modules,Nature Communications,journal,2026-07-11,article,en,interfaces,,experimental,0.3,Kunming University Of Science And Technology,0,gold,1
10.1016/j.apenergy.2026.128403,10.1016/j.apenergy.2026.128403,How does AI family drive the industrial chain upgrading of solar cells?,Applied Energy,journal,2026-07-11,article,en,composition,,experimental,0.0,South China Agricultural University,0,closed,0
10.1002/adfm.77018,10.1002/adfm.77018,Stabilizing Buried Contacts in Hybrid‐Deposited Perovskite Solar Cells via Amidinium‐Based Passivation,Advanced Functional Materials,journal,2026-07-11,article,en,defects,interfaces,experimental,0.1364,King Abdullah University Of Science And Technology,0,closed,0
10.1002/advs.76508,10.1002/advs.76508,In‐Situ Constructed Cations for 2D/3D Perovskite Heterostructure for Stable and Efficient Photovoltaics,Advanced Science,journal,2026-07-11,article,en,composition,,scale_up,0.1167,South China Normal University,0,gold,1
10.3390/ma19142996,10.3390/ma19142996,Sustainable and Circular Materials for Photovoltaic Power Plants: A Comparative Life Cycle Assessment of Mono-Crystalline Silicon and Perovskite Module Scenarios,Materials,journal,2026-07-11,article,en,scale_up,,scale_up,0.1818,Bydgoszcz University Of Science And Technology,0,gold,0
10.3390/coatings16070821,10.3390/coatings16070821,Homogeneous Self-Assembled Monolayers Fabricated in Ambient Conditions via Solvent Engineering for Inverted Perovskite Solar Cells,Coatings,journal,2026-07-11,article,en,interfaces,,experimental,0.22,Hebei University Of Technology,0,gold,0
10.1002/pssa.70436,10.1002/pssa.70436,Ultrabroadband Quantum‐Dot Photovoltaics Enabled by a Hybrid Quad‐Graded CsSn x Ge 1− x I 3 /CaZrS 3 ‐Based Perovskite Absorber Design,physica status solidi (a),journal,2026-07-12,article,en,composition,,theory,0.0167,,0,closed,0
10.1002/flm2.70116,10.1002/flm2.70116,Regulating secondary phase of Rb‐based aggregates for efficient and stable perovskite solar cells,FlexMat.,journal,2026-07-12,article,en,composition,,experimental,0.05,Northwestern Polytechnical University,0,diamond,0
10.1002/adma.202509056,10.1002/adma.202509056,Low‐Temperature Melting–Crystallization Transition in Perovskites With Self‐Trapped Excitons for Photovoltaic Downconversion,Advanced Materials,journal,2026-07-12,article,en,composition,,experimental,0.0,Nanjing Tech University,0,green,0
10.1002/adma.73995,10.1002/adma.73995,Breaking Interfacial Charge Transport Limitations Enabled by Heterojunction Dielectric Equilibrium in Perovskite Solar Cells,Advanced Materials,journal,2026-07-12,article,en,interfaces,,experimental,0.1,Nanchang University,0,green,0
10.1002/anie.1864800,10.1002/anie.1864800,Rational Tailoring of Hole‐Selective Self‐Assembly Monolayers Based on Sulfur‐Containing Heterocycles for High‐Performance Perovskite Solar Cells,Angewandte Chemie International Edition,journal,2026-07-13,article,en,defects,interfaces,experimental,0.1818,City University Of Hong Kong,1,closed,1
10.3390/en19143299,10.3390/en19143299,Current Status and Prospects for the Development of Emerging Photovoltaic Technologies,Energies,journal,2026-07-13,article,en,composition,,review,0.0,Lublin University Of Technology,1,gold,0
10.1016/j.solener.2026.114892,10.1016/j.solener.2026.114892,Eco-friendly CeO2-TiO2 electron transport layer for enhanced lead-based perovskite solar cells,Solar Energy,journal,2026-07-13,article,en,interfaces,,experimental,0.08,,1,closed,0
10.1007/s11837-026-08516-x,10.1007/s11837-026-08516-x,Theoretical Exploration of Triple-Cation Mixed-Halide Bilayer PSC: SCAPS-1D Insights for Optimizing Device Performance with Different ETLs and HTLs,JOM,journal,2026-07-13,article,en,composition,,theory,0.1333,Vignan's Foundation For Science Technology & Research,1,closed,0
10.1007/s00339-026-09919-y,10.1007/s00339-026-09919-y,Improved performance of perovskite solar cells via passivation of defects at the perovskite interfaces,Applied Physics A,journal,2026-07-13,article,en,defects,,experimental,0.1364,Council Of Scientific And Industrial Research,0,closed,0
10.5445/ir/1000195206,10.5445/ir/1000195206,Eco‐Friendly Solvent System for Inkjet Deposition of Wide Bandgap Perovskite Solar Cells Enabling Tandem Integration,Repository KITopen (Karlsruhe Institute of Technology),repository,2026-07-13,article,en,architecture,,experimental,0.0968,,0,green,0
10.1016/j.ssc.2026.116520,10.1016/j.ssc.2026.116520,Physics-informed design of lead-free Mg2YVO6 absorbers for future perovskite-inspired photovoltaics,Solid State Communications,journal,2026-07-13,article,en,composition,,experimental,0.1,Techno India University,0,closed,0
10.1002/ange.1864800,10.1002/ange.1864800,Rational Tailoring of Hole‐Selective Self‐Assembly Monolayers Based on Sulfur‐Containing Heterocycles for High‐Performance Perovskite Solar Cells,Angewandte Chemie,journal,2026-07-13,article,en,defects,interfaces,experimental,0.1818,City University Of Hong Kong,0,closed,0
10.1002/advs.76486,10.1002/advs.76486,Theretofore Highest Efficiency in Vacuum‐Deposited Organic Solar Cells Originating From Triarylamine‐Based Small‐Molecule Donors Containing Fused Heterocycle Units,Advanced Science,journal,2026-07-13,article,en,architecture,,experimental,0.0484,Collaborative Innovation Center Of Chemistry For Energy Materials,0,gold,0
10.1016/j.physb.2026.419082,10.1016/j.physb.2026.419082,Genetic algorithm of optimization of perovskite solar cells based on plasmonic grating modulation,Physica B Condensed Matter,journal,2026-07-13,article,en,composition,,experimental,0.0,Guangxi Normal University,0,closed,0
10.1021/acsami.6c08150,10.1021/acsami.6c08150,Fluorination-Driven Multi-Site Anchoring for Highly Efficient and Stable Perovskite Solar Cells,ACS Applied Materials & Interfaces,journal,2026-07-13,article,en,stability,,experimental,0.0909,Fujian,0,closed,0
10.1016/j.rineng.2026.111981,10.1016/j.rineng.2026.111981,An analytical compact modeling framework for perovskite solar cells using variable superposition in multiple-diode equivalent circuits,Results in Engineering,journal,2026-07-13,article,en,composition,,theory,0.0167,Guangdong University Of Technology,0,gold,0
10.1016/j.mtener.2026.102360,10.1016/j.mtener.2026.102360,Cobalt benzoate interfacial engineering for efficient and stable perovskite solar cells,Materials Today Energy,journal,2026-07-13,article,en,composition,,experimental,0.0,Huaqiao University,0,closed,0
10.1016/j.jpcs.2026.113987,10.1016/j.jpcs.2026.113987,Role of bulk defects and interfacial trap states on the performance and stability of lead-free MAGeI3 perovskite solar cell with dual hole blocking layers,Journal of Physics and Chemistry of Solids,journal,2026-07-13,article,en,composition,defects,experimental,0.1,,0,closed,0
10.1038/s41586-026-10869-x,10.1038/s41586-026-10869-x,Perovskite–organic tandem solar cells with a photo-transformable stabilizer,Nature,journal,2026-07-13,article,en,architecture,,experimental,0.0968,,0,closed,0
10.1002/solr.70421,10.1002/solr.70421,"Depth‐Resolved Photo‐Degradation of Perovskite Layer in Solar Cells Stressed Under ISOS Light‐Aging Protocol Conditions: The Role of Substrate, Electron‐Transport‐Layer and Perovskite Deposition Method",Solar RRL,journal,2026-07-13,article,en,stability,,review,0.1212,University Of Peloponnese,0,hybrid,1
10.1002/adfm.76919,10.1002/adfm.76919,A Multifunctional Organic Salt for Synergistic Crystallization Control and Defect Management in Efficient and Stable Perovskite Solar Cells,Advanced Functional Materials,journal,2026-07-13,article,en,defects,,experimental,0.1591,Southern University Of Science And Technology,0,closed,0
10.1002/smll.74604,10.1002/smll.74604,Eliminating Buried Interface Voids for High‐Efficiency and Stable Perovskite Solar Cells,Small,journal,2026-07-13,article,en,interfaces,,experimental,0.2,Wuhan National Laboratory For Optoelectronics,0,closed,1
10.1002/aelm.70484,10.1002/aelm.70484,"Stirred, Not Stacked: Co‐Evaporated C 60 :BCP Electron Transport Layers for Efficient and Robust Metal‐Halide Perovskite Solar Cells",Advanced Electronic Materials,journal,2026-07-13,article,en,interfaces,,experimental,0.16,Institut Für Solarenergieforschung,0,gold,0
10.1016/j.optmat.2026.118326,10.1016/j.optmat.2026.118326,Trade-off between transparency and efficiency in semi-transparent perovskite solar cells under outdoor and indoor environments,Optical Materials,journal,2026-07-13,article,en,composition,,experimental,0.0,Indian,0,closed,0
10.5281/zenodo.21333753,10.5281/zenodo.21333753,Eleven Core Constitutive Equations of Six-Dimensional Global Spin-Torsion Unified Framework,Zenodo (CERN European Organization for Nuclear Research),repository,2026-07-13,article,en,stability,,experimental,0.0152,,0,green,0
10.1016/j.nanoen.2026.112210,10.1016/j.nanoen.2026.112210,Buried-interface passivation of wide-bandgap perovskites with diammonium ligands for semitransparent and tandem solar cells,Nano Energy,journal,2026-07-13,article,en,defects,architecture,experimental,0.1364,Jinan University,0,closed,0
10.1016/j.mtener.2026.102359,10.1016/j.mtener.2026.102359,2T perovskite tandem solar cells in space: Failure mechanisms and design strategies,Materials Today Energy,journal,2026-07-13,article,en,architecture,,experimental,0.0968,Chang Gung University,0,closed,0
10.1016/j.physb.2026.419083,10.1016/j.physb.2026.419083,Interface engineering in perovskite solar cells using graphene quantum dot hole transport layers: Insights from DFT and SCAPS-1D simulations,Physica B Condensed Matter,journal,2026-07-13,article,en,interfaces,,theory,0.16,University Of Singaperbangsa Karawang,0,closed,0
10.1007/s00339-026-09936-x,10.1007/s00339-026-09936-x,Enhanced crystallinity and photovoltaic performance of FABr-modified CsPbIBr2 perovskite solar cells,Applied Physics A,journal,2026-07-14,article,en,composition,,experimental,0.0,University Of Bisha,1,closed,0
10.1016/j.egyr.2026.109542,10.1016/j.egyr.2026.109542,Numerical simulation of lead-free absorbers in 2D Dion–Jacobson phase perovskite solar cells using SCAPS-1D: Towards 41% efficiency,Energy Reports,journal,2026-07-14,article,en,composition,,theory,0.1,Khulna University Of Engineering And Technology,0,gold,1
10.1038/s41467-026-75053-1,10.1038/s41467-026-75053-1,Surface-confined protection stabilizes pre-annealing crystallization for ambient blade-coated perovskites,Nature Communications,journal,2026-07-14,article,en,scale_up,,experimental,0.0758,Dalian National Laboratory For Clean Energy,0,gold,1
10.1007/s11243-026-00757-8,10.1007/s11243-026-00757-8,"Toward sustainable energy conversion: DFT guided exploration of K3Ti2A9 (A = Cl, Br and I) perovskites for solar cells and photocatalytic feasibility",Transition Metal Chemistry,journal,2026-07-14,article,en,composition,,theory,0.0,University Of Malakand,0,closed,0
10.1021/acsaelm.6c00607,10.1021/acsaelm.6c00607,An Inverted Ferroelectric Photovoltaic Device with a Power Conversion Efficiency of 3.67%,ACS Applied Electronic Materials,journal,2026-07-14,article,en,composition,,experimental,0.0,Shaanxi Normal University,0,closed,0
10.1016/j.nxmate.2026.102795,10.1016/j.nxmate.2026.102795,"Halogen-tuned, non-toxic Cs-based cubic perovskites for high-efficiency photovoltaics: A first-principles study",Next Materials,journal,2026-07-14,article,en,composition,,theory,0.0833,Medical University Of Warsaw,0,gold,0
10.1021/acs.jpcc.6c01755,10.1021/acs.jpcc.6c01755,Donor-Side-Dependent Electronic Regulation in D1−π–D2 Hole Transport Molecules: Balancing Energy Alignment and Interfacial Charge Transfer in Perovskite Solar Cells,The Journal of Physical Chemistry C,journal,2026-07-14,article,en,interfaces,,experimental,0.12,Northeast Forestry University,0,closed,0
10.1088/1402-4896/ae8a8d,10.1088/1402-4896/ae8a8d,SCAPS-1D insights into the design of Cs 2 AgInBr 5 Cl/CsSnI 3 dual-absorber perovskite solar cells,Physica Scripta,journal,2026-07-14,article,en,composition,,theory,0.1,Nanjing University Of Information Science And Technology,0,hybrid,0
10.1002/adfm.77022,10.1002/adfm.77022,Gradient Eu 3+ /Mn 2+ Ion‐Pair Engineering: A Synergistic Bulk–Interface Optimization Strategy for High‐Performance Perovskite Solar Cells,Advanced Functional Materials,journal,2026-07-14,article,en,interfaces,,experimental,0.16,Shaanxi Normal University,0,closed,0
10.1016/j.rineng.2026.111976,10.1016/j.rineng.2026.111976,Autonomous AI-driven multi-objective design and thermal stability optimization of Graphene–MXene hybrid perovskite solar films,Results in Engineering,journal,2026-07-14,article,en,stability,,experimental,0.1212,Saveetha University,0,gold,0
10.3390/en19143320,10.3390/en19143320,Sustainable Innovation in Perovskite Solar Modules: Life Cycle Assessment and End-of-Life Management for Commercial Viability,Energies,journal,2026-07-14,article,en,scale_up,,review,0.1212,National Technical University Of Athens,0,gold,0
10.1002/adfm.76974,10.1002/adfm.76974,Thermodynamically Matched Molten‐Salt‐Assisted Phase Engineering of 2D/3D Perovskite Heterostructures for Efficient and Stable Solar Cells,Advanced Functional Materials,journal,2026-07-14,article,en,composition,,review,0.1,Nanjing University Of Posts And Telecommunications,0,closed,1
10.1016/j.solener.2026.114900,10.1016/j.solener.2026.114900,Machine learning prediction of perovskite solar cell efficiency across standardized experimental data,Solar Energy,journal,2026-07-14,article,en,interfaces,architecture,theory,0.08,Aarhus University,0,hybrid,0
10.1002/adom.71442,10.1002/adom.71442,Liquid Cleaning of Perovskite Single Crystal Surface for High Performance Semi‐Transparent Solar Cells,Advanced Optical Materials,journal,2026-07-14,article,en,architecture,,experimental,0.0484,East China University Of Science And Technology,0,closed,0
10.1016/j.surfin.2026.110089,10.1016/j.surfin.2026.110089,Density functional theory driven discovery of Sr3SbBr3 as a multifunctional candidate for energy applications,Surfaces and Interfaces,journal,2026-07-14,article,en,composition,,experimental,0.0,Sidi Mohamed Ben Abdellah University,0,closed,0
10.1021/acsami.6c08990,10.1021/acsami.6c08990,Energy Band Alignment and Interfaces in FAPbI3 Perovskite Solar Cells: A Hard X-ray Photoelectron Spectroscopy Investigation,ACS Applied Materials & Interfaces,journal,2026-07-14,article,en,interfaces,,experimental,0.26,Uppsala University,0,hybrid,1
10.1002/adfm.202526506,10.1002/adfm.202526506,Ultrafast Terahertz Tracking of Carrier Diffusion Across Thermally Induced Phase Transitions in Hybrid Perovskite MAPbBr 3,Advanced Functional Materials,journal,2026-07-14,article,en,composition,,experimental,0.0,Fudan University,0,closed,0
10.1007/s11082-026-09020-x,10.1007/s11082-026-09020-x,Experimental and 3D numerical insights into indium-doped CeO$$_2$$ electron transport layers for lead-free perovskite solar cells,Optical and Quantum Electronics,journal,2026-07-14,article,en,composition,,experimental,0.1,Université Ibn-tofail,0,closed,0
10.1038/s41560-026-02093-8,10.1038/s41560-026-02093-8,Controlled solid-state crystallization with formamidinium acetate for fully vacuum-deposited perovskite solar cells,Nature Energy,journal,2026-07-14,article,en,composition,,experimental,0.0,Nanjing Tech University,0,closed,0
10.1103/9bxn-3jsr,10.1103/9bxn-3jsr,Optical modeling and numerical optimization of antireflective coatings for back-contact perovskite solar cells,Physical Review Applied,journal,2026-07-14,article,en,composition,,experimental,0.0,Satbayev University,0,closed,0
10.1007/s40843-026-4157-8,10.1007/s40843-026-4157-8,Chemically stable buried interfaces in tin-lead perovskite solar cells with a thin polyacrylonitrile interlayer for all-perovskite tandems,Science China Materials,journal,2026-07-14,article,en,architecture,,experimental,0.0968,East China University Of Science And Technology,0,closed,0
10.1038/s41598-026-62295-8,10.1038/s41598-026-62295-8,Design of high-efficiency ultrathin perovskite solar cells using embedded plasmonic Au nanowires and SiO₂ antireflection nanoparticles,Scientific Reports,journal,2026-07-15,article,en,composition,,theory,0.0167,Shiraz University Of Technology,0,gold,0
10.1007/s10853-026-13326-2,10.1007/s10853-026-13326-2,Elucidating the potential of phenoxazine-based molecules as donors for organic and as hole transport materials for efficient perovskite solar cells,Journal of Materials Science,journal,2026-07-15,article,en,interfaces,,experimental,0.08,University Of Okara,0,closed,0
10.1002/adfm.77015,10.1002/adfm.77015,Enhancing Interfacial Stability of FAPbI 3 Perovskite Solar Cells by Introducing 2D/3D Heterojunction Based on Functional Imidazolium Cations,Advanced Functional Materials,journal,2026-07-15,article,en,defects,stability,experimental,0.2045,Beijing National Laboratory For Molecular Sciences,0,closed,1
10.46481/jnsps.2023.3366,10.46481/jnsps.2023.3366,Numerical simulation of Cs2TiBr6-based all-inorganic photovoltaic perovskite solar cell employing SCAPS-1D software,Journal of the Nigerian Society of Physical Sciences,journal,2026-07-15,article,en,interfaces,,theory,0.12,Federal University Of Technology Owerri,0,gold,0
10.46481/asr.2026.5.2.536,10.46481/asr.2026.5.2.536,High-performance and economically viable La2NiMnO6-based carrier transport layer-free perovskite solar cell with carbon-contact feasibility: a SCAPS-1D analysis,African Scientific Reports,journal,2026-07-15,article,en,defects,stability,theory,0.0455,Federal University Of Technology Owerri,0,diamond,0
10.1002/adma.74183,10.1002/adma.74183,Conductive Polymer Bridges Mediate High‐Performance Flexible Perovskite–Organic Tandem Solar Cells,Advanced Materials,journal,2026-07-15,article,en,architecture,,experimental,0.0968,Jiangxi Normal University,0,green,1
10.26434/chemrxiv.15006097/v1,10.26434/chemrxiv.15006097/v1,Photoluminescent and photoconductive BaZrS3 films grown at device-compatible temperatures from stable sulfide precursors,ChemRxiv,repository,2026-07-15,preprint,en,defects,,experimental,0.1136,Australian National Fabrication Facility,0,green,1
10.1007/s00339-026-09793-8,10.1007/s00339-026-09793-8,Lead-free 2D Cu-perovskites with halide-controlled band structure: from molecular units to functional solar cell devices,Applied Physics A,journal,2026-07-15,article,en,composition,,experimental,0.1,Heriot-watt University,0,closed,0
10.1038/s41467-026-75629-x,10.1038/s41467-026-75629-x,Low-temperature liquid-assisted vibrational stress-relief strategy enables stable and efficient perovskite solar cells,Nature Communications,journal,2026-07-15,article,en,defects,,experimental,0.0682,Nanjing University Of Posts And Telecommunications,0,gold,1
10.1002/adma.74060,10.1002/adma.74060,Data‐Driven Design of Self‐Assembled Monolayers for High‐Efficiency Perovskite Solar Cells,Advanced Materials,journal,2026-07-15,article,en,defects,interfaces,theory,0.1136,Chongqing University,0,green,1
10.1007/s12034-026-03658-9,10.1007/s12034-026-03658-9,Photoinduced halide exchange in MAPbBr3: Exploring the role of light in modifying reaction pathways,Bulletin of Materials Science,journal,2026-07-15,article,en,composition,,experimental,0.0,International University Of Business Agriculture And Technology,0,closed,0
10.1002/adfm.77056,10.1002/adfm.77056,Depth‐Dependent Carrier Transport During Light‐Induced Phase Segregation in Wide‐Bandgap Perovskites,Advanced Functional Materials,journal,2026-07-15,article,en,interfaces,,experimental,0.1,,0,closed,0
10.1002/adfm.76878,10.1002/adfm.76878,"Synergistic Interface Modulation of Hole Transport for Efficient, Stable Inverted Perovskite Solar Cells",Advanced Functional Materials,journal,2026-07-15,article,en,interfaces,stability,experimental,0.22,Shanghai Jiao Tong University,0,closed,1
10.22214/ijraset.2026.84275,10.22214/ijraset.2026.84275,"Next Generation Nanomaterials for Energy, Environment and Healthcare",International Journal for Research in Applied Science and Engineering Technology,journal,2026-07-15,article,en,composition,,review,0.0,,0,diamond,0
10.1002/adma.74078,10.1002/adma.74078,Homogenizing Sn–Pb Distribution Through A‐Site MA Cations for Efficient All‐Perovskite Tandem Solar Cells,Advanced Materials,journal,2026-07-15,article,en,architecture,,experimental,0.0968,Guangxi University,0,green,1
10.18321/ectj1692,10.18321/ectj1692,Optimization of Deposition and Properties of Printed Complex-Composition Perovskite Films for Flexible Solar Cells,Eurasian Chemico-Technological Journal,journal,2026-07-15,article,en,scale_up,composition,scale_up,0.0758,Nazarbayev University,0,diamond,0
10.52326/jes.utm.2026.33(2).03,10.52326/jes.utm.2026.33(2).03,ZnTe – BASED OF PEROVSKITE SOLAR CELLS WITH INVERTED PLANAR ARHITECTURE,Journal of Engineering Science,journal,2026-07-15,article,en,interfaces,,experimental,0.04,Technical University Of Moldova,0,diamond,0
study of the photoelectronic properties of organic semiconductors suitable for applications in phototransistors and photovoltaics|λεοντίδη,,Study of the photoelectronic properties of organic semiconductors suitable for applications in phototransistors and photovoltaics,Νημερτής,repository,2026-07-15,article,el,composition,,experimental,0.0,,0,closed,0
10.1016/j.physb.2026.418997,10.1016/j.physb.2026.418997,"First-principles and device-level study of lead-free Cs2GeSnX6 (X = Cl, Br, I) double perovskites for high-efficiency solar cells",Physica B Condensed Matter,journal,2026-07-16,article,en,composition,,theory,0.1,Khulna University Of Engineering And Technology,1,closed,0
10.1126/science.aef1969,10.1126/science.aef1969,Spatiotemporally homogeneous crystallization for ambient scalable perovskite photovoltaics,Science,journal,2026-07-16,article,en,stability,,experimental,0.0909,Nanchang University,1,closed,1
10.1016/j.solener.2026.114891,10.1016/j.solener.2026.114891,Exploring the outdoor stability mechanism of semitransparent perovskite solar cells,Solar Energy,journal,2026-07-16,article,en,composition,,experimental,0.0,Gdańsk University Of Technology,0,closed,0
10.51583/ijltemas.2026.150600139,10.51583/ijltemas.2026.150600139,Self-Assembled Monolayers as Hole Transport Layer in Inverted Perovskite Solar Cells,International Journal of Latest Technology in Engineering Management & Applied Science,journal,2026-07-16,article,en,interfaces,,review,0.14,Tangshan College,0,hybrid,0
10.1021/acsenergylett.6c01666,10.1021/acsenergylett.6c01666,Top-Interface Molecular Engineering with Carbazoles Mitigates Phase Segregation in Mixed-Halide Perovskite Solar Cells,ACS Energy Letters,journal,2026-07-16,article,en,interfaces,,experimental,0.18,University Of Notre Dame,0,closed,1
10.1038/s43246-026-01277-9,10.1038/s43246-026-01277-9,Improving the performance of lead-free perovskite solar cells,Communications Materials,journal,2026-07-16,article,en,composition,,review,0.1,China University Of Geosciences,0,gold,0
10.1038/s41598-026-62677-y,10.1038/s41598-026-62677-y,"Unveiling the structural, electronic, optical, and transport properties of Cs₂SeCl₆ double perovskite for clean energy",Scientific Reports,journal,2026-07-16,article,en,composition,,experimental,0.0667,University Ferhat Abbas Of Setif,0,gold,0
10.1016/j.enconman.2026.121904,10.1016/j.enconman.2026.121904,Numerical and experimental study of integrating heat pipe cooling in semi-transparent photovoltaic windows,Energy Conversion and Management,journal,2026-07-16,article,en,composition,,experimental,0.0,Sichuan University,0,closed,0
10.1016/j.flatc.2026.101092,10.1016/j.flatc.2026.101092,Nanoscale atomic CuTi coupling at TiO₂/N-graphene interfaces enabling efficient charge management in perovskite solar cells,FlatChem,journal,2026-07-16,article,en,composition,,experimental,0.0,University Of Diyala,0,closed,0
10.1016/j.nanoen.2026.112222,10.1016/j.nanoen.2026.112222,Zero-valent tin nanoparticles for reliability in Sn-containing perovskites,Nano Energy,journal,2026-07-16,article,en,architecture,,experimental,0.0968,Wuhan National Laboratory For Optoelectronics,0,hybrid,1
10.4028/p-npf14z,10.4028/p-npf14z,Trends in Functional Materials for Energy Conversion of Perovskites and Graphene: A Bibliometric Analysis since 2010-2025,Advanced materials research,journal,2026-07-16,article,en,composition,,experimental,0.0,Universidad Autónoma Del Perú,0,hybrid,0
10.1021/acsmaterialsau.6c00070,10.1021/acsmaterialsau.6c00070,Terminal Group Effects on Molecular Organization and Charge Extraction in Self-Assembled Monolayers/Perovskite Interfaces,ACS Materials Au,journal,2026-07-16,article,en,interfaces,,experimental,0.06,Universidade Estadual De Campinas (unicamp),0,gold,0
10.3390/cleantechnol8040111,10.3390/cleantechnol8040111,"Perovskite Solar Cells for Extreme Environments and Aerospace Applications: Degradation Mechanisms, Engineering Strategies, and AI Prediction",Clean Technologies,journal,2026-07-16,article,en,composition,,review,0.1167,Satbayev University,0,gold,0
10.1002/smll.74624,10.1002/smll.74624,The Ferrocene‐Based Complex Enables Defect‐Suppressed and Strain‐Relaxed Interfaces in Inverted Perovskite Solar Cells,Small,journal,2026-07-16,article,en,defects,interfaces,experimental,0.0909,Jilin University,0,closed,0
10.5281/zenodo.21391780,10.5281/zenodo.21391780,Experimental data on electron transport materials and perovskite solar cell devices,Zenodo (CERN European Organization for Nuclear Research),repository,2026-07-16,article,ca,interfaces,,experimental,0.08,City University Of Hong Kong,0,green,0
10.5281/zenodo.21391779,10.5281/zenodo.21391779,Experimental data on electron transport materials and perovskite solar cell devices,Zenodo (CERN European Organization for Nuclear Research),repository,2026-07-16,article,ca,interfaces,,experimental,0.08,City University Of Hong Kong,0,green,0
10.1021/acs.jpclett.6c01914,10.1021/acs.jpclett.6c01914,How Polarization Switch Influences Both Charge Separation and Carrier Recombination in Hybrid Perovskites,The Journal of Physical Chemistry Letters,journal,2026-07-16,article,en,composition,,experimental,0.0167,Beijing University Of Chemical Technology,0,closed,1
10.5281/zenodo.21390876,10.5281/zenodo.21390876,Experimental data on electron transport materials and perovskite solar cell devices,Zenodo (CERN European Organization for Nuclear Research),repository,2026-07-16,article,ca,interfaces,,experimental,0.08,City University Of Hong Kong,0,green,0
10.1021/jacs.6c06932,10.1021/jacs.6c06932,Bidirectional Chemo-Mechanical Interface Stabilization in Perovskite Solar Cells,Journal of the American Chemical Society,journal,2026-07-16,article,en,interfaces,,experimental,0.08,Hong Kong University Of Science And Technology,0,hybrid,1
10.1002/ange.8080769,10.1002/ange.8080769,A Multidentate Coordination Complex‐Based Self‐Assembled Monolayer Stabilizes Perovskite Interface,Angewandte Chemie,journal,2026-07-16,article,en,interfaces,,experimental,0.2,Lanzhou University Of Technology,0,closed,0
10.1002/cssc.70876,10.1002/cssc.70876,Dual‐Functional Formic Acid Directs α‐Phase Perovskite Microcrystals From Industrial Precursors for High‐Yield and High‐Efficiency (>25%) Solar Cells,ChemSusChem,journal,2026-07-16,article,en,defects,scale_up,experimental,0.0455,Changzhou,0,green,0
10.1002/ange.4177367,10.1002/ange.4177367,Endogenous Redox‐Sensitive UV Absorbers Enable Efficient and Stable Full Air‐Processed Perovskite Solar Cells,Angewandte Chemie,journal,2026-07-16,article,en,defects,,experimental,0.1136,Nantong University,0,closed,0
10.1002/eem2.70469,10.1002/eem2.70469,Three Birds with One Stone: High‐Performance 2D Lead‐Free Perovskite Solar Cells via Direct In Situ Generation of Organic‐Spacer Precursors,Energy & environment materials,journal,2026-07-16,article,en,composition,,experimental,0.0,Nanjing University Of Posts And Telecommunications,0,hybrid,0
10.1002/anie.8080769,10.1002/anie.8080769,A Multidentate Coordination Complex‐Based Self‐Assembled Monolayer Stabilizes Perovskite Interface,Angewandte Chemie International Edition,journal,2026-07-16,article,en,interfaces,,experimental,0.2,Lanzhou University Of Technology,0,closed,1
10.17654/0975044426004,10.17654/0975044426004,ELECTRONIC MATERIALS FOR FLEXIBLE AND SUSTAINABLE ELECTRONICS SYSTEMS: A REVIEW,International Journal of Materials Engineering and Technology,journal,2026-07-16,article,en,scale_up,,review,0.0303,University Of Calabar,0,hybrid,0
10.1007/s40820-026-02295-5,10.1007/s40820-026-02295-5,Air-Processed and Water-Stable Perovskite Solar Cells Enabled by a Fishing-Net-Inspired Interfacial Network,Nano-Micro Letters,journal,2026-07-17,article,en,stability,,experimental,0.0758,Korea,0,gold,1
10.1021/acsaem.6c01560,10.1021/acsaem.6c01560,Aniline-Fluoroalkyl Interfacial Passivation Enables Defect-Suppressed and Moisture-Resistant Perovskite Solar Cells,ACS Applied Energy Materials,journal,2026-07-17,article,en,defects,,experimental,0.2955,National Yunlin University Of Science And Technology,0,closed,1
10.1021/acsenergylett.6c00858,10.1021/acsenergylett.6c00858,Improved Pb-Sn Perovskite Solar Cells through Additive Engineering with Phenethylammonium Halides,ACS Energy Letters,journal,2026-07-17,article,en,architecture,,experimental,0.1613,King Abdullah University Of Science And Technology,0,closed,1
10.55606/jurrimipa.v5i2.9814,10.55606/jurrimipa.v5i2.9814,Peningkatan Efisiensi Sel Surya Perovskite melalui Optimasi Rasio Komposisi rGO dan Polimer Co-Additive,JURNAL RISET RUMPUN MATEMATIKA DAN ILMU PENGETAHUAN ALAM,journal,2026-07-17,article,en,composition,interfaces,experimental,0.0333,State University Of Padang,0,diamond,0
10.1002/adfm.77171,10.1002/adfm.77171,Aromatic Cage Mediated Surfacial Passivation for Photovoltaic Perovskites,Advanced Functional Materials,journal,2026-07-17,article,en,defects,,experimental,0.1818,Soochow University,0,closed,0
10.5281/zenodo.21404260,10.5281/zenodo.21404260,Experimental data on electron transport materials and perovskite solar cell devices,Zenodo (CERN European Organization for Nuclear Research),repository,2026-07-17,article,ca,interfaces,,experimental,0.08,City University Of Hong Kong,0,green,0
10.1002/adfm.77211,10.1002/adfm.77211,Stabilizing Precursor Solutions via Anion‐π Interaction for Robust Production of Perovskite Solar Cells,Advanced Functional Materials,journal,2026-07-17,article,en,scale_up,,experimental,0.0303,Wuhan National Laboratory For Optoelectronics,0,closed,1
10.1021/acsami.6c07759,10.1021/acsami.6c07759,Direct Deposition of C60-Free SnO x Electron Contact on Perovskite Enables Efficient and Outdoor-Stable Inverted Solar Modules,ACS Applied Materials & Interfaces,journal,2026-07-17,article,en,interfaces,,experimental,0.08,University Of Jinan,0,closed,0
10.5281/zenodo.21404261,10.5281/zenodo.21404261,Experimental data on electron transport materials and perovskite solar cell devices,Zenodo (CERN European Organization for Nuclear Research),repository,2026-07-17,article,ca,interfaces,,experimental,0.08,City University Of Hong Kong,0,green,0
10.1002/adfm.77204,10.1002/adfm.77204,Epoxy Click‐Linking of Hole‐Transport Self‐Assembled Monolayers for Robust Efficient Perovskite Solar Cells,Advanced Functional Materials,journal,2026-07-17,article,en,interfaces,,experimental,0.08,Xiamen University,0,closed,0
10.1016/j.inoche.2026.117211,10.1016/j.inoche.2026.117211,"Design and optimization of dual-function solar cells and photodetectors utilizing lead-free AlGeX3 perovskite via SCAPS-1D simulation, machine learning, and probabilistic monte carlo framework",Inorganic Chemistry Communications,journal,2026-07-17,article,en,composition,,theory,0.1,Gopalganj Science And Technology University,0,closed,0
10.1126/sciadv.aec6434,10.1126/sciadv.aec6434,Thermodynamic control of Cu-I nanotopologies enables solar-driven CO 2 -to-multicarbon conversion,Science Advances,journal,2026-07-17,article,en,architecture,,experimental,0.0484,Nankai University,0,gold,1
10.1016/j.mtchem.2026.103851,10.1016/j.mtchem.2026.103851,Synergistic approach using DFT insights and SCAPS-1D simulations to unlock the photovoltaic potential of Cs2SnBr6-Based solar cell,Materials Today Chemistry,journal,2026-07-17,article,en,composition,,theory,0.0,University Of Okara,0,closed,0
10.1002/anie.4177367,10.1002/anie.4177367,Endogenous Redox‐Sensitive UV Absorbers Enable Efficient and Stable Full Air‐Processed Perovskite Solar Cells,Angewandte Chemie International Edition,journal,2026-07-17,article,en,defects,,experimental,0.1136,Nantong University,0,closed,1
10.1016/j.ecoenv.2026.120518,10.1016/j.ecoenv.2026.120518,Interfacial coronas of green-energy nanomaterials: A life-cycle eco-to-protein corona framework and molecular fingerprints,Ecotoxicology and Environmental Safety,journal,2026-07-17,article,en,interfaces,,experimental,0.04,China Medical University,0,gold,0
10.1007/s11082-026-09001-0,10.1007/s11082-026-09001-0,"Pressure-induced tuning of band gap and physical properties in lead-free perovskites Rb2AB6 (A = Te, Zr; B = Cl, Br) for optoelectronic applications",Optical and Quantum Electronics,journal,2026-07-17,article,en,composition,,experimental,0.1,Pabna University Of Science And Technology,0,closed,0
10.1002/smll.74390,10.1002/smll.74390,Performance Enhancement of All‐Inorganic CsPbI 3 Perovskite Solar Cells through Functional Additive and Buried Interface Engineering,Small,journal,2026-07-17,article,en,interfaces,,experimental,0.2,South China Normal University,0,green,1
10.48550/arxiv.2607.15538,10.48550/arxiv.2607.15538,Terahertz Time-Domain Spectroscopy as a Universal Defect Fingerprinting Tool for Organic Halide Perovskite Solar Cells,arXiv (Cornell University),repository,2026-07-17,preprint,en,defects,,review,0.2273,,0,green,1
10.3390/ma19143091,10.3390/ma19143091,Accelerating the Design of Double-Absorber Solar Cells: From Surrogate Model-Assisted Reinforcement Learning and Multi-Algorithm Optimization Comparison to Transfer Learning,Materials,journal,2026-07-17,article,en,composition,,theory,0.05,Nanjing University Of Posts And Telecommunications,0,gold,0
terahertz time domain spectroscopy as a universal defect fingerprinting tool for organic halide perovskite solar cells|maeng,,Terahertz Time-Domain Spectroscopy as a Universal Defect Fingerprinting Tool for Organic Halide Perovskite Solar Cells,arXiv (Cornell University),repository,2026-07-17,preprint,en,defects,,experimental,0.0909,Yonsei University,0,green,0
10.1016/j.surfin.2026.110151,10.1016/j.surfin.2026.110151,Repercussion of sulfur-doping on surface morphology and charge transport in Cs₃Bi₂I₉ perovskite inverted solar cells,Surfaces and Interfaces,journal,2026-07-18,article,en,composition,,experimental,0.0,,0,closed,0
10.1007/s11664-026-12987-8,10.1007/s11664-026-12987-8,High-Efficiency Lead-Free Rb2AgBiBr6 Perovskite Solar Cells: Computational Design and Optimization Using DFT and SCAPS-1D Simulations,Journal of Electronic Materials,journal,2026-07-18,article,en,composition,,theory,0.1,University Of Lahore,0,closed,0
10.1016/j.jpowsour.2026.240998,10.1016/j.jpowsour.2026.240998,Multi-dimensional modulation of buried interface by cobalt sulfamate in perovskite solar cells,Journal of Power Sources,journal,2026-07-18,article,en,interfaces,,experimental,0.2,Huaqiao University,0,closed,0
10.5281/zenodo.21431730,10.5281/zenodo.21431730,Eleven Core Constitutive Equations of Six-Dimensional Global Spin-Torsion Unified Framework,Zenodo (CERN European Organization for Nuclear Research),repository,2026-07-18,article,en,stability,,experimental,0.0152,,0,green,0
10.1016/j.micrna.2026.208841,10.1016/j.micrna.2026.208841,Numerical optimization of lead-free Cs2BiAgI6/Cs2PtI6 dual-absorber perovskite solar cells for improved photovoltaic performance,Micro and Nanostructures,journal,2026-07-18,article,en,composition,,experimental,0.1,Srm University,0,closed,0
10.5281/zenodo.21431543,10.5281/zenodo.21431543,Eleven Core Constitutive Equations of Six-Dimensional Global Spin-Torsion Unified Framework,Zenodo (CERN European Organization for Nuclear Research),repository,2026-07-18,article,en,stability,,experimental,0.0152,,0,green,0
10.1007/s10999-026-09949-7,10.1007/s10999-026-09949-7,Application of an isogeometric method on vibration control analysis of smart perovskite solar doubly-curved microshells,International Journal of Mechanics and Materials in Design,journal,2026-07-19,article,en,composition,,experimental,0.0,Thuyloi University,0,closed,0
10.1002/smll.74660,10.1002/smll.74660,Defect‐Healed Perovskite Quantum Dots for Optoelectronic Applications in Indoor Photovoltaics and Photoplethysmography,Small,journal,2026-07-19,article,en,defects,,experimental,0.2727,Korea University,0,hybrid,1
10.1007/s44503-026-00013-1,10.1007/s44503-026-00013-1,Stabilizing high-efficiency perovskite solar cells by homogenizing inter-grain recombination,Watt,journal,2026-07-20,article,en,defects,,experimental,0.0909,Hong Kong Polytechnic University,1,hybrid,0
10.1021/acs.langmuir.6c01092,10.1021/acs.langmuir.6c01092,Interface Defects and Recombination in HTL-Free and Bilayer Cs2SnI6 Perovskite Solar Cells: Numerical Modeling and Machine Learning Analysis,Langmuir,journal,2026-07-20,article,en,interfaces,,theory,0.16,North China Electric Power University,1,closed,0
10.1038/s41524-026-02211-w,10.1038/s41524-026-02211-w,Automated and Scalable SEM Image Analysis of Perovskite Solar Cell Materials via a Deep Segmentation Framework,npj Computational Materials,journal,2026-07-20,article,en,scale_up,,scale_up,0.1061,Shanghai Normal University,0,gold,1
10.1016/j.jechem.2026.07.019,10.1016/j.jechem.2026.07.019,Adaptive stress management via bioinspired rigid-flexible networks for flexible perovskite solar cells,Journal of Energy Chemistry,journal,2026-07-20,article,en,composition,,experimental,0.0,Ludong University,0,closed,0
10.1002/solr.70430,10.1002/solr.70430,Structure Optimization Strategy of PbI 2 Vacuum Deposition Process for Efficiency Enhancement of Perovskite Solar Cells,Solar RRL,journal,2026-07-20,article,en,composition,,experimental,0.0167,Hangzhou Dianzi University,0,closed,1
10.1002/aenm.71317,10.1002/aenm.71317,Sr/Pb Alloying Stabilizes Wide‐Bandgap Perovskites for Durable Fully‐Textured Perovskite/Silicon Tandem Solar Cells,Advanced Energy Materials,journal,2026-07-20,article,en,architecture,,experimental,0.0968,Tianjin University Of Technology,0,closed,1
10.1002/solr.70425,10.1002/solr.70425,Interface‐Driven Performance Enhancement in Perovskite Solar Cells Using Oxygen‐Tuned Cu‐Doped NiO x Hole Transport Layer,Solar RRL,journal,2026-07-20,article,en,interfaces,,experimental,0.24,Indian,0,closed,1
10.1016/j.mseb.2026.119686,10.1016/j.mseb.2026.119686,"Tunable structural, dielectric, and optical properties of cobalt doped bismuth ferrite nanoparticles synthesized via sol–gel method",Materials Science and Engineering B,journal,2026-07-20,article,en,composition,,experimental,0.0,Ahsanullah University Of Science And Technology,0,closed,0
10.1016/j.cej.2026.179671,10.1016/j.cej.2026.179671,Simultaneous enhancement of efficiency and stability in wide-bandgap perovskite solar cells by quinoxaline-based cathode interlayers,Chemical Engineering Journal,journal,2026-07-20,article,en,composition,,experimental,0.0,,0,closed,0
10.1002/adfm.77175,10.1002/adfm.77175,Interfacial Ionic Redistribution Induced by Sulfonate‐Anchored Dipotassium Salts Enables Efficient Buried Interface Engineering in Perovskite Solar Cells,Advanced Functional Materials,journal,2026-07-20,article,en,interfaces,,experimental,0.24,Hefei University Of Technology,0,closed,1
10.1021/acsaem.6c01671,10.1021/acsaem.6c01671,Mastering the Alternating Cation Interlayer-Derived Quasi-Two-Dimensional Tin Perovskite Platform: A Cascade of Structural and Electronic Refinements for Efficient and Robust Lead-Free Solar Cells,ACS Applied Energy Materials,journal,2026-07-20,article,en,composition,,experimental,0.3,Indian,0,closed,1
10.1021/acsmaterialslett.6c00479,10.1021/acsmaterialslett.6c00479,Improved Mechanical Adhesion Enabled by Bilayer Hole Transport Layers in Perovskite Solar Cells,ACS Materials Letters,journal,2026-07-20,article,en,interfaces,,experimental,0.18,Arizona State University,0,closed,1
10.1007/s12596-026-03201-3,10.1007/s12596-026-03201-3,Modeling of a two-terminal perovskite–silicon tandem solar cell using lead-free inorganic PSC: ideal and realistic performance limits,Journal of Optics,journal,2026-07-20,article,en,composition,architecture,experimental,0.1,University Of Lucknow,0,closed,0
10.46481/asr.2026.5.2.488,10.46481/asr.2026.5.2.488,Numerical optimization of photovoltaic performance of cesium titanium bromide perovskite solar cells using dual copper oxide hole transport layers,African Scientific Reports,journal,2026-07-20,article,en,interfaces,,theory,0.16,Federal University Of Technology Owerri,0,diamond,0
10.1016/j.matdes.2026.116635,10.1016/j.matdes.2026.116635,Unexpected side Cu corrosion at Cu/MoO3 interface in Cu-based n-i-p type perovskite solar cells,Materials & Design,journal,2026-07-20,article,en,interfaces,architecture,experimental,0.08,University Of Science And Technology Of China,0,gold,0
10.1016/j.solmat.2026.114580,10.1016/j.solmat.2026.114580,Kinetic stabilization of black-phase α-CsPbI3 via Mn–Mg Co-Doping: Multiscale theoretical insights,Solar Energy Materials and Solar Cells,journal,2026-07-20,article,en,composition,,experimental,0.0,Bandung,0,closed,0
10.1002/adfm.77193,10.1002/adfm.77193,A Universal Solid‐Phase Reaction Strategy for Lead Iodide Management in Wide‐Bandgap Perovskites Across Multiple Fabrication Methods,Advanced Functional Materials,journal,2026-07-20,article,en,architecture,,experimental,0.0484,Hebei University,0,closed,0
10.1002/smll.74792,10.1002/smll.74792,Integrated Molecular and Optical Materials Design for High‐Efficiency Perovskite/Si Tandem Cells,Small,journal,2026-07-21,article,en,architecture,,experimental,0.0968,Ulsan National,0,closed,0
10.1021/acsami.6c11168,10.1021/acsami.6c11168,Inhibiting Iodide Oxidation and Regulating Crystallization Synergistically Enable Efficient and Stable Air-Processed CsPbI2Br Perovskite Solar Cells,ACS Applied Materials & Interfaces,journal,2026-07-21,article,en,defects,,experimental,0.0455,Bohai University,0,closed,0
10.1016/j.polymer.2026.130522,10.1016/j.polymer.2026.130522,Elastomer strategies for perovskite solar cells: A review from functional layer perspective,Polymer,journal,2026-07-21,article,en,composition,,review,0.0,Nanchang University,0,closed,0
10.1016/j.solener.2026.114920,10.1016/j.solener.2026.114920,Enhancing the performance of lead-free CaZrS3 perovskite solar cells via interface and plasmonic engineering,Solar Energy,journal,2026-07-21,article,en,composition,,experimental,0.1,Hohai University,0,closed,0
10.1016/j.nanoen.2026.112231,10.1016/j.nanoen.2026.112231,Extractant-free closed-loop remanufacturing of all-inorganic perovskite solar cells from recovered metal halides and ITO substrates,Nano Energy,journal,2026-07-21,article,en,composition,,experimental,0.0,National Taipei University,0,closed,0
10.1016/j.optmat.2026.118360,10.1016/j.optmat.2026.118360,"DMSO-induced, annealing-free crystallization for high-performance carbon-electrode perovskite solar cells",Optical Materials,journal,2026-07-21,article,en,composition,,experimental,0.0,Yan'an University,0,closed,0
10.1016/j.nxener.2026.100793,10.1016/j.nxener.2026.100793,Cs₂AgBiBr₆ lead-free perovskite solar cells: A numerical and ML approach to optimize HTLs for enhanced PV performance,Next Energy,journal,2026-07-21,article,en,composition,,theory,0.1167,Islamic University,0,gold,0
10.1007/s40820-026-02291-9,10.1007/s40820-026-02291-9,Artificial Intelligence-Guided Cosolvent Design for High-Performance Perovskite/Silicon Tandem Solar Cells,Nano-Micro Letters,journal,2026-07-21,article,en,architecture,,experimental,0.0968,City University Of Hong Kong,0,gold,1
10.1021/acs.jpcc.6c02746,10.1021/acs.jpcc.6c02746,Mechanistic Insights into Ultrafast Charge Transfer between CsPbBr3 Nanocrystals and 8-Aminoquinoline via Surface and Diffusion Pathways,The Journal of Physical Chemistry C,journal,2026-07-21,article,en,composition,,experimental,0.0,Vidyasagar University,0,closed,0
10.1038/s41467-026-75825-9,10.1038/s41467-026-75825-9,Enhancing Phonon Group Velocities and Interfacial Heat Conduction for Efficient and Stable Perovskite Solar Cells,Nature Communications,journal,2026-07-21,article,en,stability,,experimental,0.0455,Chengdu University Of Technology,0,gold,0
10.1016/j.ccr.2026.218341,10.1016/j.ccr.2026.218341,"Geometric design and optimization of MXene–perovskite solar cell: fundamentals, challenges, applications, and future prospects",Coordination Chemistry Reviews,journal,2026-07-21,article,en,composition,,experimental,0.0,Hanseo University,0,closed,0
10.1016/j.nxener.2026.100811,10.1016/j.nxener.2026.100811,"Stability and degradation mechanisms of perovskite solar cells: Physics, kinetics, and mitigation strategies toward commercialization",Next Energy,journal,2026-07-21,article,en,defects,stability,review,0.1364,Icfai Foundation For Higher Education,0,gold,0
10.1007/s42114-026-01958-6,10.1007/s42114-026-01958-6,Conjugated anion modulation for extended defect passivation at buried interfaces in perovskite solar cells,Advanced Composites and Hybrid Materials,journal,2026-07-21,article,en,defects,,experimental,0.2273,Korea University,0,hybrid,1
10.1002/aenm.71305,10.1002/aenm.71305,A Multisite Molecular Salt Enables Surface Passivation and Energetics Management for Efficient Inverted Perovskite Solar Cells,Advanced Energy Materials,journal,2026-07-21,article,en,defects,,experimental,0.25,Hebei Normal University,0,closed,1
10.1002/anie.1676645,10.1002/anie.1676645,Beyond Self‐Assembled Molecules: Hydrogen‐Bonding‐Regulated Crystallization of Wide‐Bandgap Perovskite for High‐Performance Perovskite‐Silicon Tandem Photovoltaics,Angewandte Chemie International Edition,journal,2026-07-21,article,en,architecture,,experimental,0.1452,,0,closed,1
10.1016/j.mssp.2026.111003,10.1016/j.mssp.2026.111003,"Pressure-induced modulation of opto-electro-mechanical properties of Na2AgBiX6 (X = Cl, Br, I) double perovskites for photovoltaic applications",Materials Science in Semiconductor Processing,journal,2026-07-22,article,en,composition,,experimental,0.0,Sichuan Normal University,0,closed,0
10.1016/j.solcom.2026.100176,10.1016/j.solcom.2026.100176,Unveiling the role of doping in lead-free FASnI₃ perovskite solar cells through computational analysis,Solar Compass,journal,2026-07-22,article,en,composition,,experimental,0.1,,0,gold,0
10.1016/j.nanoen.2026.112235,10.1016/j.nanoen.2026.112235,Manipulating ion migration for enhanced performance and durability of perovskite photovoltaics,Nano Energy,journal,2026-07-22,article,en,defects,,experimental,0.1364,,0,closed,0
10.1016/j.cej.2026.179785,10.1016/j.cej.2026.179785,"3-mercapto-1,2,4-triazole for inhibiting iodide oxidation and passivating defects in air-processed perovskite solar cells",Chemical Engineering Journal,journal,2026-07-22,article,en,composition,,experimental,0.0,Tianjin Normal University,0,closed,0
10.1016/j.cej.2026.179654,10.1016/j.cej.2026.179654,Interface engineering with a trifluoromethoxy additive enables 24.27% efficient Sn-Pb perovskite solar cells for high-performance all-perovskite tandems,Chemical Engineering Journal,journal,2026-07-22,article,en,architecture,,experimental,0.0968,,0,closed,0
10.1002/adfm.77164,10.1002/adfm.77164,Coordination‐Retarded Crystallization via Amino Acid Amide Hydrochloride for >26% Antisolvent‐Free Perovskite Solar Cells,Advanced Functional Materials,journal,2026-07-22,article,en,stability,defects,experimental,0.1364,Wuhan University Of Technology,0,closed,1
10.3390/nano16140898,10.3390/nano16140898,Machine Learning-Driven Advances in Perovskite Materials and Solar Cells,Nanomaterials,journal,2026-07-22,article,en,stability,,theory,0.0606,Beijing,0,gold,0
10.1002/ange.1676645,10.1002/ange.1676645,Beyond Self‐Assembled Molecules: Hydrogen‐Bonding‐Regulated Crystallization of Wide‐Bandgap Perovskite for High‐Performance Perovskite‐Silicon Tandem Photovoltaics,Angewandte Chemie,journal,2026-07-22,article,en,architecture,interfaces,experimental,0.0968,,0,closed,0
10.1002/adma.74247,10.1002/adma.74247,Thermally Independent Interfacial Reconstruction for Phase‐Pure n = 1 2D Perovskites With Mixed‐Orientation Surface Architecture,Advanced Materials,journal,2026-07-22,article,en,stability,,experimental,0.0606,Wuhan Textile University,0,green,1
10.3389/fenrg.2026.1865588,10.3389/fenrg.2026.1865588,Interface-programmed nano energy systems for coupled solar conversion and thermoelectric power: a critical mini-review and translational roadmap,Frontiers in Energy Research,journal,2026-07-22,review,en,,,,,Mbarara University Of Science And Technology,0,gold,0
10.1016/j.chemphys.2026.113400,10.1016/j.chemphys.2026.113400,"First-principles study of the electronic and optical properties of anti-perovskite A₃OX (A = Li, Na; X = Cl, Br) for solar cell applications",Chemical Physics,journal,2026-07-22,article,en,composition,,theory,0.0,,0,closed,0
10.1038/s41586-026-10919-4,10.1038/s41586-026-10919-4,Electronic-resonance enhanced molecule for perovskite solar cells,Nature,journal,2026-07-22,article,en,composition,,experimental,0.0,Soochow University,0,closed,0
10.1002/eem2.70481,10.1002/eem2.70481,Research Progress of Three‐Terminal Perovskite/Silicon Tandem Solar Cells Based on Back‐Contact Silicon,Energy & environment materials,journal,2026-07-22,article,en,architecture,,review,0.1452,Shanghai Jiao Tong University,0,hybrid,1
10.1007/s12648-026-04124-2,10.1007/s12648-026-04124-2,"Alloying enhanced structural, electronic, elastic and optical properties of CaHf1-xGexS3 (x = 0.00, 0.25, 0.50, 0.75, and 1.00) chalcogenide perovskites for Optoelectronic Applications: First Principle Study",Indian Journal of Physics,journal,2026-07-22,article,en,composition,,experimental,0.0333,Arba Minch University,0,closed,0
10.1016/j.nxener.2026.100812,10.1016/j.nxener.2026.100812,Perovskite solar cells: Global advances and prospects for scientific and industrial development in Argentina,Next Energy,journal,2026-07-22,article,en,composition,,experimental,0.0,,0,gold,0
10.5281/zenodo.21481851,10.5281/zenodo.21481851,Eleven Core Constitutive Equations of Six-Dimensional Global Spin-Torsion Unified Framework,Zenodo (CERN European Organization for Nuclear Research),repository,2026-07-22,article,en,stability,,experimental,0.0152,,0,green,0
10.1016/j.commatsci.2026.114957,10.1016/j.commatsci.2026.114957,"DFT screening of alloying and strain effects on the electronic, optical, and photovoltaic-related descriptors of Sn2SbS2Cl3(1 − x)I3x chalcohalides",Computational Materials Science,journal,2026-07-22,article,en,composition,,theory,0.0333,,0,closed,0
10.48550/arxiv.2607.19789,10.48550/arxiv.2607.19789,"Numerical exploration on unveiling the photovoltaic potential of MgXS3(X = Ti, Zr, Hf) chalcogenide perovskites",arXiv (Cornell University),repository,2026-07-22,preprint,en,composition,,theory,0.0667,,0,green,1
numerical exploration on unveiling the photovoltaic potential of mgxs3 x ti zr hf chalcogenide perovskites|rahman,,"Numerical exploration on unveiling the photovoltaic potential of MgXS3(X = Ti, Zr, Hf) chalcogenide perovskites",arXiv (Cornell University),repository,2026-07-22,preprint,en,composition,,experimental,0.0,,0,green,0
10.1021/acsaem.6c02224,10.1021/acsaem.6c02224,Interfacial Engineering of P3HT via UV–Ozone Treatment for Indoor Perovskite Photovoltaics: Balancing Interface Quality and Charge Transport,ACS Applied Energy Materials,journal,2026-07-23,article,en,interfaces,,experimental,0.08,Dankook University,1,closed,1
10.1021/acsaelm.6c01103,10.1021/acsaelm.6c01103,Dual-Functional Amino Acid Mediated Buried SAM Interfaces for Efficient Inverted Perovskite Solar Cells,ACS Applied Electronic Materials,journal,2026-07-23,article,en,interfaces,defects,experimental,0.3,Council Of Scientific And Industrial Research,0,closed,0
10.1021/acs.nanolett.6c01978,10.1021/acs.nanolett.6c01978,"Stabilizing Metal Oxide Free n-i-p Perovskite Solar Cells by Electron-Transporting, Strong-Dipole Self-Assembled Molecule",Nano Letters,journal,2026-07-23,article,en,architecture,,experimental,0.0645,Nanjing Tech University,0,closed,0
10.1002/adma.74220,10.1002/adma.74220,Dynamic Strain Regulation Via Photoresponsive Fullerenes Enables High‐Performance and UV‐Robust Perovskite Solar Cells,Advanced Materials,journal,2026-07-23,article,en,defects,interfaces,experimental,0.1136,Tsinghua University,0,green,1
10.1021/acsami.6c09922,10.1021/acsami.6c09922,Molecular Additive Engineering for Process-Humidity Robustness and Reproducible Fabrication of Perovskite Solar Cells and Modules,ACS Applied Materials & Interfaces,journal,2026-07-23,article,en,stability,,experimental,0.1212,University Of Toledo,0,hybrid,1
10.1002/adfm.77137,10.1002/adfm.77137,Crosslinking‐Induced Chelation and Stress Compression for High‐Efficiency All‐Inorganic CsPbBr 3 Perovskite Solar Cells,Advanced Functional Materials,journal,2026-07-23,article,en,defects,,experimental,0.2273,Qingdao University Of Science And Technology,0,closed,1
10.1557/s43580-026-01716-2,10.1557/s43580-026-01716-2,Temperature-dependence of optical parameters of organo-lead-halide perovskites determined using spectroscopic ellipsometry,MRS Advances,journal,2026-07-23,article,en,architecture,scale_up,scale_up,0.0484,Budapest University Of Technology And Economics,0,hybrid,0
10.1088/2631-8695/ae8fa6,10.1088/2631-8695/ae8fa6,Unveiling interface recombination pathways in Cs 2 AgBiBr 6 based photovoltaics for performance optimization,Engineering Research Express,journal,2026-07-23,article,en,composition,defects,experimental,0.0833,Bml Munjal University,0,hybrid,0
10.1002/advs.76653,10.1002/advs.76653,Exploiting Bulk Photovoltaic Effect in a Polar Hybrid Perovskite Towards Self‐Powered Detection of Weak Ultraviolet Polarized Light,Advanced Science,journal,2026-07-23,article,en,stability,,experimental,0.0303,Hong Kong Polytechnic University,0,gold,0
10.1002/aenm.71320,10.1002/aenm.71320,Durable Core‐Shell Nanoporous Catalysts Enabling pH‐Universal and Ampere‐Level Water Splitting,Advanced Energy Materials,journal,2026-07-23,article,en,,,,,Qufu Normal University,0,closed,0
10.1002/ange.6443941,10.1002/ange.6443941,Synergistic Effect of Chirality and Symmetry Reduction Enables Metal‐Free Perovskite Single Crystal With Stable Self‐Driven X‐ray Detection,Angewandte Chemie,journal,2026-07-23,article,en,composition,,experimental,0.0,Soochow University,0,closed,0
10.1002/anie.6443941,10.1002/anie.6443941,Synergistic Effect of Chirality and Symmetry Reduction Enables Metal‐Free Perovskite Single Crystal With Stable Self‐Driven X‐ray Detection,Angewandte Chemie International Edition,journal,2026-07-23,article,en,composition,,experimental,0.0,Soochow University,0,closed,0
10.1016/j.fraope.2026.100724,10.1016/j.fraope.2026.100724,Tuning processing parameters for enhanced performance in CsGeI3 based perovskite solar cells: First principle calculations and SCAPS–1D,Franklin Open,journal,2026-07-23,article,en,composition,,theory,0.0667,,0,gold,0
10.26434/chemrxiv.15006468/v1,10.26434/chemrxiv.15006468/v1,Facile Spontaneous Perovskite Passivation Driven by Rapid Chemisorption,ChemRxiv,repository,2026-07-23,preprint,en,defects,,experimental,0.1818,National,0,green,1
10.1002/adfm.77308,10.1002/adfm.77308,Halide Perovskite Integrated Photovoltaic Cathodes Incorporating Pt on ZIF‐8‐Derived Carbon for Solar Hydrogen Production,Advanced Functional Materials,journal,2026-07-23,article,en,scale_up,,experimental,0.0303,Yonsei University,0,hybrid,1
10.1016/j.jpcs.2026.114012,10.1016/j.jpcs.2026.114012,Ultra-thin efficient solar absorbers based on new abundant lead-free hybrid vacancy-ordered double perovskites (NH4)2Ti(BrxI1−x)6: A computational study,Journal of Physics and Chemistry of Solids,journal,2026-07-24,article,en,composition,,experimental,0.1,Ibb University,0,closed,0
10.1142/s0217979226502188,10.1142/s0217979226502188,"First-principles investigation of Er-based perovskite Oxides ErXO 3 (X=Os, Fe, Ru) for optoelectronic and energy conversion applications",International Journal of Modern Physics B,journal,2026-07-24,article,en,stability,,theory,0.0303,Imam Mohammad Ibn Saud Islamic University,0,closed,0
10.1002/ange.2924886,10.1002/ange.2924886,Precise Iodide‐Trap Strategy for Photothermally Stable Spiro‐OMeTAD‐Based Perovskite Solar Cells,Angewandte Chemie,journal,2026-07-24,article,en,defects,,experimental,0.2045,Nanchang University,0,closed,0
10.3390/inorganics14080196,10.3390/inorganics14080196,Perovskite Solar Cell Efficiency and Thermal-Stability Enhancement via Interfacial Engineering: A Numerical Analysis,Inorganics,journal,2026-07-24,article,en,interfaces,,theory,0.12,Qassim University,0,gold,0
10.1007/s00339-026-09887-3,10.1007/s00339-026-09887-3,Effect of mixed ZnS-CuS nanoparticles on charge transport and performance of perovskite solar cells,Applied Physics A,journal,2026-07-24,article,en,composition,,experimental,0.0,Comsats University Islamabad,0,closed,0
10.1002/anie.2924886,10.1002/anie.2924886,Precise Iodide‐Trap Strategy for Photothermally Stable Spiro‐OMeTAD‐Based Perovskite Solar Cells,Angewandte Chemie International Edition,journal,2026-07-24,article,en,defects,,experimental,0.2045,Nanchang University,0,closed,1
10.1088/1361-648x/ae9021,10.1088/1361-648x/ae9021,Electronic structure and charge transfer at heterogeneous functional interfaces in energy conversion devices,Journal of Physics Condensed Matter,journal,2026-07-24,article,en,interfaces,,theory,0.08,University Of Naples Federico Ii,0,hybrid,0
10.1002/solr.70435,10.1002/solr.70435,Multisite Polymer Regulates Crystallization for Low‐Strain Perovskite Film,Solar RRL,journal,2026-07-24,article,en,defects,,experimental,0.0455,Ningbo University Of Technology,0,closed,1
10.1038/s41560-026-02116-4,10.1038/s41560-026-02116-4,High-performance perovskite/silicon tandem solar cells enabled by multifunctional titanium oxynitride recombination layers,Nature Energy,journal,2026-07-24,article,en,architecture,,experimental,0.0968,Soochow University,0,closed,0
10.1126/sciadv.adt5183,10.1126/sciadv.adt5183,Photoinduced metastable cation disorder in metal halide double perovskites,Science Advances,journal,2026-07-24,article,en,composition,,theory,0.1333,Yale University,0,gold,0
10.3390/molecules31152586,10.3390/molecules31152586,Research Progress on Template Methods for Perovskite Nanomaterials in Solar Energy Conversion,Molecules,journal,2026-07-24,article,en,stability,,review,0.0455,Hainan University,0,gold,0
10.5281/zenodo.21525647,10.5281/zenodo.21525647,Eleven Core Constitutive Equations of Six-Dimensional Global Spin-Torsion Unified Framework,Zenodo (CERN European Organization for Nuclear Research),repository,2026-07-24,article,en,stability,,experimental,0.0152,,0,green,0
10.17868/strath.00096872,10.17868/strath.00096872,Improved solar cell performance of 1.68 eV perovskite absorber through scaffold and solvent engineering for scalable two-step hybrid deposition,Strathprints: The University of Strathclyde institutional repository (University of Strathclyde),repository,2026-07-24,article,en,scale_up,,experimental,0.1061,,0,green,0
10.1002/adfm.77373,10.1002/adfm.77373,"Multi‐Bonding Molecular Interface Bridges Enable Synergistic Defect Passivation, Strain Relaxation, and Accelerated Electron Extraction in Perovskite Solar Cells",Advanced Functional Materials,journal,2026-07-24,article,en,defects,,experimental,0.2955,Xi'an Polytechnic University,0,closed,1
10.1002/adfm.77378,10.1002/adfm.77378,Amphoteric Anion‐Mediated Crystallization and Universal Defect Passivation for High‐Efficiency and Stable Perovskite Solar Cells,Advanced Functional Materials,journal,2026-07-24,article,en,defects,,experimental,0.2727,Southern University Of Science And Technology,0,closed,1
10.48550/arxiv.2607.22261,10.48550/arxiv.2607.22261,Composition Anisotropy Drives Large Bulk Photovoltaic Fields Along the Non-polar Vertical Direction in 2D Hybrid Perovskite Ferroelectrics,arXiv (Cornell University),repository,2026-07-24,preprint,en,composition,,experimental,0.0333,,0,green,1
10.3390/nano16150913,10.3390/nano16150913,Quantum Dot Strategies Toward Performance Improvement of Perovskite Solar Cells,Nanomaterials,journal,2026-07-24,article,en,defects,,review,0.1818,Guangdong University Of Technology,0,gold,0
10.1021/acsami.6c06005,10.1021/acsami.6c06005,Performance Enhancement of Solution-Processed Submicrometer CISSe Solar Cells via Rear Interfacial Passivation and Light Trapping Enabled by Random SiO2 Nanospheres,ACS Applied Materials & Interfaces,journal,2026-07-24,article,en,defects,,experimental,0.1818,Guilin University Of Aerospace Technology,0,closed,1
10.1021/acsaenm.6c00736,10.1021/acsaenm.6c00736,MWCNT-Bridged Interface Engineering of Stable Lead-Free Hybrid Perovskites with Enhanced Charge Transport as Promising Next-Generation Photovoltaic Absorbers,ACS Applied Engineering Materials,journal,2026-07-24,article,en,composition,,experimental,0.1,Rani Channamma University Belagavi,0,closed,0
10.1021/acs.langmuir.6c02524,10.1021/acs.langmuir.6c02524,Simultaneous Buried and Top-Interface Passivation Enabled by Fluorinated Ionic Liquids for Efficient Inverted CsPbI2Br Perovskite Solar Cells,Langmuir,journal,2026-07-24,article,en,interfaces,defects,experimental,0.22,Chengdu University Of Information Technology,0,closed,0
composition anisotropy drives large bulk photovoltaic fields along the non polar vertical direction in 2d hybrid perovskite ferroelectrics|hu,,Composition Anisotropy Drives Large Bulk Photovoltaic Fields Along the Non-polar Vertical Direction in 2D Hybrid Perovskite Ferroelectrics,arXiv (Cornell University),repository,2026-07-24,preprint,en,composition,,experimental,0.0,,0,green,0
10.1007/s12596-026-03232-w,10.1007/s12596-026-03232-w,Plasmonic enhancement of perovskite solar cells using embedded Au nanowires: an FDTD study,Journal of Optics,journal,2026-07-25,article,en,composition,,experimental,0.0,Islamic Azad University Mahshahr,0,closed,0
10.1016/j.cej.2026.179939,10.1016/j.cej.2026.179939,A DFT prescreened multifunctional heterocyclic additive enabling high performance perovskite solar cells,Chemical Engineering Journal,journal,2026-07-25,article,en,composition,,theory,0.0333,University Of,0,closed,0
10.1002/adom.71505,10.1002/adom.71505,Grain Boundary Electrostatic Regulation Suppresses Halide Segregation and Boosts Photovoltage in Wide‐Bandgap Perovskite Solar Cells,Advanced Optical Materials,journal,2026-07-25,article,en,defects,,experimental,0.2045,Ningbo University,0,closed,0
10.1016/j.hybadv.2026.100721,10.1016/j.hybadv.2026.100721,Interface-engineered HTL-free mixed-cation perovskite solar cells with ZnO/BaSnO3 bilayer electron transport architecture: A SCAPS-1D investigation toward near-ideal photovoltaic performance,Hybrid Advances,journal,2026-07-25,article,en,interfaces,,theory,0.36,Federal University Of Technology Owerri,0,gold,1
10.1016/j.egyai.2026.100856,10.1016/j.egyai.2026.100856,Cross-laboratory generalization failure in perovskite solar cell machine learning: A diagnostic protocol and evaluation threshold,Energy and AI,journal,2026-07-25,article,en,architecture,,theory,0.0645,Macquarie University,0,gold,0
10.1016/j.tramat.2026.100398,10.1016/j.tramat.2026.100398,Hybrid perovskite toughened by covalent organic framework fibers for mechanically reliable solar cells,Transactions of Materials Research,journal,2026-07-25,article,en,defects,,experimental,0.0682,Northwestern Polytechnical University,0,hybrid,0
10.1002/smll.74887,10.1002/smll.74887,Minimizing Interfacial Defects at 3D/2D Perovskite Heterojunction for Efficient and Stable Solar Cells,Small,journal,2026-07-25,article,en,composition,,experimental,0.1,Zhejiang Sci-tech University,0,closed,0
10.5281/zenodo.21557261,10.5281/zenodo.21557261,Eleven Core Constitutive Equations of Six-Dimensional Global Spin-Torsion Unified Framework,Zenodo (CERN European Organization for Nuclear Research),repository,2026-07-25,article,en,stability,,experimental,0.0152,,0,green,0
10.1016/j.jmgm.2026.109528,10.1016/j.jmgm.2026.109528,Halide-driven band engineering in double perovskites Cs2LiIrX6 (X = Cl/ Br) for photovoltaic and thermoelectric applications; DFT study,Journal of Molecular Graphics and Modelling,journal,2026-07-25,article,en,composition,,theory,0.05,Prince Sultan University,0,closed,0
10.1016/j.biomaterials.2026.124490,10.1016/j.biomaterials.2026.124490,Bioelectronic hydrogel driven by perovskite solar cells promotes healing of drug-resistant bacteria-infected wounds,Biomaterials,journal,2026-07-25,article,en,composition,,experimental,0.0,Southwest University,0,closed,0
10.1016/j.solener.2026.114948,10.1016/j.solener.2026.114948,L-cysteine modified PEDOT:PSS enables efficient and stable Sn-Pb mixed perovskite solar cells,Solar Energy,journal,2026-07-25,article,en,composition,,experimental,0.0,Jiangsu University,0,closed,0
10.1002/smtd.70855,10.1002/smtd.70855,Controlled Grain Growth Deposition for Enhanced Bulk and Interfacial Defect Passivation in Vacuum‐Deposited FAPbI 3 Perovskite Solar Cells,Small Methods,journal,2026-07-25,article,en,defects,,experimental,0.2955,Chungnam National University,0,green,0
10.1038/s41467-026-75990-x,10.1038/s41467-026-75990-x,Three-dimensional distribution of amino groups improves perovskite crystallization and defect passivation in high-performance photovoltaics,Nature Communications,journal,2026-07-25,article,en,defects,,experimental,0.2273,Qingdao,0,gold,1
10.1002/smll.74816,10.1002/smll.74816,Inkjet‐Printed SiO x N y Barrier Film for Encapsulation of Perovskite Solar Cells,Small,journal,2026-07-25,article,en,stability,,experimental,0.1515,Suzhou University Of Science And Technology,0,closed,1
10.1080/10426507.2026.2705933,10.1080/10426507.2026.2705933,"Near Shockley–Queisser limit performance in A 2 GaSbCl 6 (A = Rb, Cs) double perovskites: a multiscale computational study for solar cell application","Phosphorus, sulfur, and silicon and the related elements",journal,2026-07-25,article,en,interfaces,composition,theory,0.12,Government Of Khyber Pakhtunkhwa,0,closed,0
10.1002/smtd.70891,10.1002/smtd.70891,Progress on Synergistic Enhancement of Perovskite Solar Cell Efficiency and Stability via Defect Engineering and Carrier Dynamics Optimization,Small Methods,journal,2026-07-25,article,en,defects,,theory,0.1591,Xi'an Polytechnic University,0,green,0
10.1007/s44498-026-00134-9,10.1007/s44498-026-00134-9,"The coming photovoltaic glass wave: techno-economic sensitivity, learning effects, and material flow insights",Journal of Industrial Ecology,journal,2026-07-25,article,en,scale_up,,scale_up,0.1667,Helmholtz Institute Erlangen-nürnberg,0,hybrid,1
10.1002/smll.74811,10.1002/smll.74811,Fully Unlocking Additive's Effects for High‐Performance Perovskite Photovoltaics by Incorporating During Crystallization,Small,journal,2026-07-25,article,en,defects,,experimental,0.1136,Southern University Of Science And Technology,0,closed,1
10.1021/acsenergylett.6c01307,10.1021/acsenergylett.6c01307,Sulfolane-Based Solvent Polishing of Perovskite Films for Optimized Solar Cells,ACS Energy Letters,journal,2026-07-25,article,en,defects,,experimental,0.0682,University Of Stuttgart,0,hybrid,0
10.1021/acsami.6c09672,10.1021/acsami.6c09672,In Situ Hole-Transport Layer Formation and Concurrent Passivation for FA0.9Cs0.1PbI3 Perovskite Solar Cells,ACS Applied Materials & Interfaces,journal,2026-07-25,article,en,interfaces,,experimental,0.3,Hefei Institutes Of Physical Science,0,closed,1
10.1021/acsenergylett.6c01517,10.1021/acsenergylett.6c01517,Multidentate Fullerene Boosts the Thermal Stability of Perovskite Solar Cells,ACS Energy Letters,journal,2026-07-25,article,en,stability,,experimental,0.1061,Southern University Of Science And Technology,0,closed,1
10.1016/j.hybadv.2026.100722,10.1016/j.hybadv.2026.100722,Performance enhancement of hybrid organic–inorganic CH3NH3SnI3 and CH3NH3PbI3 perovskite solar cells: A comprehensive optimization study,Hybrid Advances,journal,2026-07-26,article,en,composition,interfaces,theory,0.0667,American University Of The Middle East,0,gold,1
10.1002/smtd.70894,10.1002/smtd.70894,Large Language Model Guided Discovery of Hole Transport Layer Dopants for Efficient and Stable Perovskite Photovoltaics,Small Methods,journal,2026-07-26,article,en,interfaces,,experimental,0.12,Peking University,0,bronze,0
10.26434/chemrxiv-2025-128tn/v2,10.26434/chemrxiv-2025-128tn/v2,A Composition-Dependent Stress–Diffusion Framework Identifies Humidity-Tolerant Processing Windows in Hybrid Perovskite Solar Cells,ChemRxiv,repository,2026-07-26,preprint,en,stability,,experimental,0.0758,,0,green,1
10.1016/j.cej.2026.180028,10.1016/j.cej.2026.180028,Solvent-anchored slow-crystallization mitigates stress inheritance in two-step processed perovskite solar cells,Chemical Engineering Journal,journal,2026-07-27,article,en,composition,,experimental,0.0,Suzhou University Of Science And Technology,0,closed,0
10.1002/solr.70437,10.1002/solr.70437,Interface Passivation and Morphology Regulation of Fullerene‐Based Perovskite Solar Cells for Enhancing Device Performance by phenethylammonium iodide,Solar RRL,journal,2026-07-27,article,en,defects,,theory,0.2045,Shanghai University,0,closed,1
10.3390/opt7040053,10.3390/opt7040053,Hybrid Plasmonic Materials and Architectures for Advanced Optoelectronic Systems,Optics,journal,2026-07-27,article,en,interfaces,architecture,review,0.04,Universidad De Sonora,0,gold,0
10.1002/adfm.77374,10.1002/adfm.77374,Hydrazinylbenzoic Acid Bifunctional Groups Synergistically Regulate the Crystallization of Wide‐Bandgap Perovskites for Efficient and Stable Solar Cells,Advanced Functional Materials,journal,2026-07-27,article,en,composition,,experimental,0.0667,Shaanxi Normal University,0,closed,0
10.25159/3005-2602/21936,10.25159/3005-2602/21936,Effects of Quantum Confinement on Thermodynamic Properties of Ideal Fermion Gases at the Nanoscale,Nano-Horizons Journal of Nanosciences and Nanotechnologies,journal,2026-07-27,article,en,composition,,experimental,0.0,Institute For Nuclear Science And Technology,0,diamond,0
10.1002/adma.74243,10.1002/adma.74243,Intermediate‐Site Anchoring Ligands Enable Robust Nonlayered Interfacial Passivation for Efficient and Stable Air‐Processed Perovskite Solar Cells,Advanced Materials,journal,2026-07-27,article,en,defects,,experimental,0.25,Nanjing University Of Aeronautics And Astronautics,0,closed,1
10.1007/s13233-026-00541-8,10.1007/s13233-026-00541-8,Halide-stable wide-bandgap perovskite solar cells via carbazole–phosphine oxide interface engineering,Macromolecular Research,journal,2026-07-27,article,en,interfaces,,experimental,0.08,Pukyong National University,0,closed,0
10.5281/zenodo.21623745,10.5281/zenodo.21623745,Eleven Core Constitutive Equations of Six-Dimensional Global Spin-Torsion Unified Framework,Zenodo (CERN European Organization for Nuclear Research),repository,2026-07-27,article,en,stability,,experimental,0.0152,,0,green,0
10.1016/j.mtener.2026.102367,10.1016/j.mtener.2026.102367,Self-adaptive interfacial nanostructures for efficient inverted perovskite photovoltaic devices,Materials Today Energy,journal,2026-07-27,article,en,composition,,experimental,0.0,National Yang Ming Chiao Tung University,0,closed,0
10.1002/aenm.71312,10.1002/aenm.71312,Redox‐Buffering PEAI‐CeO x Passivation Suppresses Thermo‐Mechanical Degradation in Perovskite Solar Cells Under Rapid Thermal Cycling,Advanced Energy Materials,journal,2026-07-27,article,en,defects,stability,experimental,0.1818,Korea Research,0,closed,1
10.1002/aenm.71358,10.1002/aenm.71358,Maximum Stability Point Tracking Stabilizes Wide‐Bandgap Mixed‐Halide Perovskite Solar Cells,Advanced Energy Materials,journal,2026-07-27,article,en,stability,,experimental,0.0909,Seoul National University,0,closed,1
10.54503/0002-3035-2026-61.2-262,10.54503/0002-3035-2026-61.2-262,Изготовление и исследование тандемных солнечных элементов перовскит/кремний с прослойкой черного кремния,Proceedings of NAS RA Physics,journal,2026-07-27,article,en,architecture,,experimental,0.0484,,0,closed,0
10.1038/s41586-026-10929-2,10.1038/s41586-026-10929-2,Phase-homogeneous mixed-halide perovskites for stable tandem photovoltaics,Nature,journal,2026-07-27,article,en,architecture,,experimental,0.0968,Northwestern University,0,closed,0
10.1002/adom.71508,10.1002/adom.71508,Ultrafast Photoinduced Charge Separation in Quasi‐2D Perovskites Enables Enhanced Photocurrent Generation,Advanced Optical Materials,journal,2026-07-27,article,en,interfaces,,experimental,0.04,Indian,0,closed,0
10.5445/ir/1000195689,10.5445/ir/1000195689,Polymorphic Effects and Optoelectronic Excellence in Mixed-Pb/Sn Halide Perovskites for Next-Generation Solar Harvesting,KITopen,repository,2026-07-27,article,en,composition,,theory,0.0,,0,green,0
10.1016/j.checir.2026.100110,10.1016/j.checir.2026.100110,Hydrometallurgy as a solvent-based route to solar cell circularity,Chem Circularity,journal,2026-07-27,article,en,composition,,review,0.0,New York University,0,hybrid,0
10.1002/smll.74696,10.1002/smll.74696,Synergistic Graphene Polishing Enabling van der Waals Anchors for Efficient and Robust Carbon‐Based Perovskite Solar Cells,Small,journal,2026-07-27,article,en,interfaces,,experimental,0.08,Arizona State University,0,closed,0
10.1002/aenm.71336,10.1002/aenm.71336,Lewis Base–Zwitterion Dual Additives Enable Efficient Blade‐Coated Tin‐lead Perovskite Solar Cells and Tandems,Advanced Energy Materials,journal,2026-07-27,article,en,scale_up,composition,experimental,0.0758,Jinan University,0,closed,1
10.1002/pssa.70458,10.1002/pssa.70458,Impact of the Top Electrode Material on the Stability of Inverted Lead Halide Perovskite Solar Cells: A Comparative Study,physica status solidi (a),journal,2026-07-27,article,en,stability,,experimental,0.0758,Harbin,0,bronze,0
10.1051/e3sconf/202672702010/pdf,10.1051/e3sconf/202672702010/pdf,"Environmental impacts of photovoltaic module recycling: Technologies, carbon footprint and sustainability aspects",Springer Link (Chiba Institute of Technology),repository,2026-07-27,article,en,scale_up,,review,0.1818,Technical University Of Sofia,0,green,0
10.1021/acsaem.6c01749,10.1021/acsaem.6c01749,All-Inorganic Metal-Halide Perovskite Epitaxy: CsSnI3/Ag(100) at the Atomic Scale,ACS Applied Energy Materials,journal,2026-07-27,article,en,composition,,theory,0.0,Technical University Of Munich,0,hybrid,1
10.4238/zrhteg16,10.4238/zrhteg16,PERFORMANCE ANALYSIS OF LEAD-FREE SOLAR CELL IN DIFFERENT THERMAL CONDITIONS USING SCAPS 1-D,Genetics and Molecular Research,journal,2026-07-27,article,en,composition,,theory,0.1,Seva Mandir,0,hybrid,0
10.1007/s11082-026-09050-5,10.1007/s11082-026-09050-5,Data-driven performance optimization of lead-free $$\mathrm {Cs_2AgBi_{0.75}Sb_{0.25}Br_6}$$ perovskite solar cells using SCAPS-1D and machine learning,Optical and Quantum Electronics,journal,2026-07-28,article,en,composition,,theory,0.1,Bangladesh University Of Engineering And Technology,1,closed,0
10.1016/j.mtphys.2026.102179,10.1016/j.mtphys.2026.102179,Fully 2D Dion-Jacobson perovskite photovoltaics for low Earth orbit space missions,Materials Today Physics,journal,2026-07-28,article,en,composition,,experimental,0.0,Alsalam University College,1,closed,0
10.26599/nre.2026.9120259,10.26599/nre.2026.9120259,Stable wide bandgap perovskite solar cells: From photo-induced phase segregation mechanisms to suppression strategies,Nano Research Energy,journal,2026-07-28,article,en,defects,,review,0.1364,,0,diamond,1
10.1002/solr.70427,10.1002/solr.70427,Recent Advances of Quasi‐Two‐Dimensional Perovskite Solar Cells,Solar RRL,journal,2026-07-28,article,en,composition,stability,review,0.0833,University Of South China,0,closed,0
10.1007/s11082-026-09054-1,10.1007/s11082-026-09054-1,Beyond single absorbers: novel inverted lead-free $$\hbox {FASnI}_3$$/$$\hbox {AgCdF}_3$$ dual-absorber perovskite solar cells featuring effective ETL/HTL material and computational performance optimization,Optical and Quantum Electronics,journal,2026-07-28,article,en,interfaces,,experimental,0.16,University Of Biskra,0,closed,0
10.1002/aelm.70483,10.1002/aelm.70483,Monolithic Dispersion Element‐Free Optical Spectrometer Fabricated by Combinatorial Inkjet‐Printing of Metal Halide Perovskites,Advanced Electronic Materials,journal,2026-07-28,article,en,scale_up,,experimental,0.0606,Helmholtz-zentrum Berlin Für Materialien Und Energie,0,gold,0
10.1007/s10895-026-04889-z,10.1007/s10895-026-04889-z,Investigating Charge-Carrier Dynamics in Heteroatom-Functionalized Triphenylamine Hole Transport Materials for Perovskite Solar Cells,Journal of Fluorescence,journal,2026-07-28,article,en,interfaces,,experimental,0.08,University Of Okara,0,closed,0
10.1016/j.cej.2026.180060,10.1016/j.cej.2026.180060,Conjugated polydentate ligand buffering for buried Interface passivation in inverted perovskite solar cells,Chemical Engineering Journal,journal,2026-07-28,article,en,interfaces,,experimental,0.2,Beihang University,0,closed,0
10.1002/smll.74903,10.1002/smll.74903,"Dual Dynamic Covalent Bond Adaptive Networks for High‐Performance, HTL‐Free Carbon‐Based Perovskite Solar Cells",Small,journal,2026-07-28,article,en,defects,interfaces,experimental,0.1136,Dalian University Of Technology,0,closed,1
10.1016/j.hazadv.2026.101436,10.1016/j.hazadv.2026.101436,A detailed first-principles study of structural and optoelectronic properties of K3Bi2I9 for PV applications,Journal of Hazardous Materials Advances,journal,2026-07-28,article,en,composition,architecture,theory,0.05,Manipur University,0,gold,0
10.26434/chemrxiv.15006632/v1,10.26434/chemrxiv.15006632/v1,Multilayer Assembly of Perovskite Heterostructures via Colloidal Suspensions,ChemRxiv,repository,2026-07-28,preprint,en,composition,architecture,experimental,0.0333,Institute For Small Business Economics,0,green,1
10.1007/s42247-026-01474-9,10.1007/s42247-026-01474-9,Ce-doped ZnO ETLs: enhancing optoelectronic properties for efficient HTL-free Cs0.10MA0.90Pb(I0.90Br0.10)3-based perovskite solar cells,Emergent Materials,journal,2026-07-28,article,en,interfaces,,experimental,0.08,National University Of Sciences And Technology,0,closed,0
10.1002/cssc.70917,10.1002/cssc.70917,Stabilizing Buried Interface by Introducing a Multifunctional Poly(hexamethylenebiguanide) Hydrochloride for Efficient Perovskite Solar Cells,ChemSusChem,journal,2026-07-28,article,en,interfaces,,experimental,0.2,Taiyuan University Of Technology,0,green,0
10.1002/adts.70482,10.1002/adts.70482,Improved Performance of Lead‐Free CsGeI 3 Perovskite Solar Cell With 2D Materials: GW Calculation and SCAPS‐1D Guided Design and Optimization,Advanced Theory and Simulations,journal,2026-07-28,article,en,composition,,theory,0.0167,,0,closed,0
10.5281/zenodo.21637060,10.5281/zenodo.21637060,SCIENTIFIC ANALYSIS AND FUTURE POSSIBILITIES OF SOLAR PANELS,Zenodo (CERN European Organization for Nuclear Research),repository,2026-07-28,article,en,architecture,,experimental,0.0484,,0,green,0
10.5281/zenodo.21637059,10.5281/zenodo.21637059,SCIENTIFIC ANALYSIS AND FUTURE POSSIBILITIES OF SOLAR PANELS,Zenodo (CERN European Organization for Nuclear Research),repository,2026-07-28,article,en,architecture,,experimental,0.0484,,0,green,0
10.1016/j.solener.2026.114953,10.1016/j.solener.2026.114953,Efficiency enhancement of perovskite solar cells using engineered radiative cooling through photonic multilayer film,Solar Energy,journal,2026-07-28,article,en,composition,,experimental,0.0,Indian,0,closed,0
10.48550/arxiv.2607.25951,10.48550/arxiv.2607.25951,An Investigation into the Effect of Mobile Ions on the Steady State Performance of Perovskite Solar Cells,arXiv (Cornell University),repository,2026-07-28,preprint,en,architecture,,experimental,0.0645,,0,green,1
10.1002/smtd.70860,10.1002/smtd.70860,All‐Vacuum Engineering of SnO 2 ‐Based Buried Interfaces for Scalable and Thermally Stable Perovskite Photovoltaics,Small Methods,journal,2026-07-28,article,en,scale_up,,scale_up,0.1061,Collaborative Innovation Center Of Chemistry For Energy Materials,0,green,0
10.1002/solr.70423,10.1002/solr.70423,Synergistic Molecular Engineering of Novel Self‐Assembled Monolayer for Perovskite Solar Cells,Solar RRL,journal,2026-07-28,article,en,interfaces,,experimental,0.1,North China Electric Power University,0,closed,0
10.1002/solr.70432,10.1002/solr.70432,Flexible Monolithic 2‐Terminal Kesterite Cu 2 ZnSnSe 4 /Perovskite Tandem Solar Cells,Solar RRL,journal,2026-07-28,article,en,architecture,defects,experimental,0.0968,Korea,0,closed,0
10.1002/solr.70433,10.1002/solr.70433,Quantifying Perovskite Solar Cell Degradation via Machine Learning From Spatially Resolved Multimodal Luminescence Time Series,Solar RRL,journal,2026-07-28,article,en,stability,,theory,0.0758,Politecnico Di Torino,0,hybrid,1
an investigation into the effect of mobile ions on the steady state performance of perovskite solar cells|cowley,,An Investigation into the Effect of Mobile Ions on the Steady State Performance of Perovskite Solar Cells,arXiv (Cornell University),repository,2026-07-28,preprint,en,composition,,experimental,0.0,University Of Bath,0,green,0
10.1007/s40843-026-4366-1,10.1007/s40843-026-4366-1,Annealing in a liquefied medium: a stress-free route for efficient and stable perovskite solar cells,Science China Materials,journal,2026-07-28,article,en,composition,,experimental,0.0,Nanjing University Of Posts And Telecommunications,0,closed,0
10.1021/acsaelm.6c00654,10.1021/acsaelm.6c00654,Illumination-Dependent Photocarrier Dynamics in Perovskite Solar Cells Decoded through Electro-Optic Dual-Probe Analysis,ACS Applied Electronic Materials,journal,2026-07-28,article,en,composition,,experimental,0.0,Indian,0,closed,0
10.1021/acsenergylett.6c00992,10.1021/acsenergylett.6c00992,In-Operando Thermal Cycling of All-Perovskite Tandem Solar Cells,ACS Energy Letters,journal,2026-07-28,article,en,architecture,,experimental,0.1935,University At Buffalo State University Of New York,0,closed,1
10.1021/acs.jpcc.6c03355,10.1021/acs.jpcc.6c03355,MgO and SrO Coalloyed NiO for Enhancing Hole Extraction in Perovskite Solar Cells: A First-Principles Study,The Journal of Physical Chemistry C,journal,2026-07-28,article,en,interfaces,,theory,0.12,Fudan University,0,closed,0
10.1021/acsami.6c10019,10.1021/acsami.6c10019,Solution-Processed Ge−Sn (1:1) Perovskite Solar Cells with a DMSO-Free Solvent System and GeCl2-Dioxane Additives,ACS Applied Materials & Interfaces,journal,2026-07-28,article,en,stability,,experimental,0.0455,Madan Mohan Malaviya University Of Technology,0,closed,0
10.1021/acsaelm.6c00796,10.1021/acsaelm.6c00796,Ordered Interfacial Dipole Layer Formed by Sodium Oleate to Modify Buried Interface Defects of Perovskite Solar Cells,ACS Applied Electronic Materials,journal,2026-07-28,article,en,interfaces,,experimental,0.28,Lanzhou Jiaotong University,0,closed,0
10.1021/acsanm.6c02122,10.1021/acsanm.6c02122,"Self-Powered, Vis-IR-THz Ultrabroadband Photodetector and Fourier Single-Pixel Imaging Based on MAPbI3 Heterojunction",ACS Applied Nano Materials,journal,2026-07-29,article,en,composition,,experimental,0.0,Tianjin University,0,green,0
10.1016/j.mtener.2026.102370,10.1016/j.mtener.2026.102370,From physical adsorption to chemical bonding: Advances in the anchoring stability of self-assembled monolayers in perovskite solar cells,Materials Today Energy,journal,2026-07-29,article,en,composition,,experimental,0.0,China University Of Geosciences (beijing),0,closed,0
10.1016/j.surfin.2026.110244,10.1016/j.surfin.2026.110244,Evaluating phosphonic acid additives for improved stability in carbon-based printable perovskite solar cells,Surfaces and Interfaces,journal,2026-07-29,article,en,composition,,experimental,0.0,University Of Oulu,0,closed,0
10.21203/rs.3.rs-10431661/v1,10.21203/rs.3.rs-10431661/v1,"Band-Gap Engineering in Cubic MgTiX₃ (X = S, Se) Chalcogenide Perovskites: A DFT Study for Photovoltaic and Photodetection Applications",Research Square,repository,2026-07-29,preprint,en,composition,,theory,0.0,University Of Lagos,0,green,0
10.1016/j.mseb.2026.119727,10.1016/j.mseb.2026.119727,Simulation-based investigation of Cs₂TiF₆ perovskite for building-integrated photovoltaic applications,Materials Science and Engineering B,journal,2026-07-29,article,en,composition,,theory,0.0,Netaji Subhas University Of Technology,0,closed,0
10.5281/zenodo.21677744,10.5281/zenodo.21677744,EL_Emission_Area_to_IV,Zenodo (CERN European Organization for Nuclear Research),repository,2026-07-29,article,en,composition,,experimental,0.0,Indian,0,green,0
10.1002/adfm.77311,10.1002/adfm.77311,Decoupling Bulk Crystallization and Interfacial Passivation via Steric Engineering for Efficient Inverted Perovskite Solar Cells,Advanced Functional Materials,journal,2026-07-29,article,en,defects,stability,experimental,0.1364,Huaqiao University,0,hybrid,0
10.5281/zenodo.21677743,10.5281/zenodo.21677743,EL_Emission_Area_to_IV,Zenodo (CERN European Organization for Nuclear Research),repository,2026-07-29,article,en,composition,,experimental,0.0,Indian,0,green,0
10.1016/j.matdes.2026.116705,10.1016/j.matdes.2026.116705,Kinetic regulation of PbI2–FAI conversion enables efficient and stable α-FAPbI3 perovskite solar cells,Materials & Design,journal,2026-07-29,article,en,stability,,experimental,0.0455,The University Of Melbourne,0,gold,0
10.1126/sciadv.aei2945,10.1126/sciadv.aei2945,Noncoplanar multidentate contacts reinforce buried interface for perovskite/silicon tandem solar cells,Science Advances,journal,2026-07-29,article,en,interfaces,,theory,0.2,Nanjing University,0,gold,1
10.1016/j.vacuum.2026.115701,10.1016/j.vacuum.2026.115701,Zn2+-mediated structural reinforcement and emission enhancement in CsPbI3 quantum dots toward stable and efficient optoelectronics,Vacuum,journal,2026-07-29,article,en,composition,,experimental,0.0,Shandong University Of Science And Technology,0,closed,0
10.1002/adom.71479,10.1002/adom.71479,Lead‐Free Chiral Hybrid Metal Halides for Circularly Polarized Light‐Emitting Diodes,Advanced Optical Materials,journal,2026-07-29,article,en,scale_up,,review,0.0303,Max Planck,0,closed,0
10.1126/sciadv.aef6600,10.1126/sciadv.aef6600,Radiation-resilient monolithic wide-bandgap perovskite/p-type heterojunction silicon tandem solar cells for space photovoltaics,Science Advances,journal,2026-07-29,article,en,architecture,,experimental,0.0968,Tianjin University,0,gold,1
10.1021/acsomega.6c01439,10.1021/acsomega.6c01439,Stoichiometric MACl/PbCl2 Additive Engineering for Improved Reproducibility and Carrier Lifetime in FA/Cs Mixed-Halide Perovskite Solar Cells,ACS Omega,journal,2026-07-29,article,en,composition,,experimental,0.1667,Xlim,0,gold,0
10.70716/reswara.v4i3.736,10.70716/reswara.v4i3.736,Mechanism-Driven Performance Limitations in FASnI₃ Perovskite Solar Cells: A SCAPS-1D Study of the ITO/ZnO/FASnI₃/NiO/Pt Architecture,RESWARA Jurnal Riset Ilmu Teknik,journal,2026-07-29,article,en,composition,,theory,0.0667,National,0,hybrid,0
10.20517/energymater.2026.102,10.20517/energymater.2026.102,Reconstructing the perovskite surface with a homogeneous electric potential by reducing localized charge for efficient and durable perovskite solar cells,Energy Materials,journal,2026-07-30,article,en,defects,,experimental,0.1591,,0,closed,1
10.1016/j.commatsci.2026.114973,10.1016/j.commatsci.2026.114973,"Mechanisms of band alignment and charge transfer in interfacial termination-dependent heterojunctions between CsPbBr3 and TiO2, SnO2, and ZnO electron-transport layers",Computational Materials Science,journal,2026-07-30,article,en,interfaces,,experimental,0.08,Jilin University,0,closed,0
10.1002/pssa.70459,10.1002/pssa.70459,Enhancing the Performance of Lead‐Free Perovskite Solar Cells Through Interfacial Engineering and Doping of Charge Transport Layers,physica status solidi (a),journal,2026-07-30,article,en,interfaces,,theory,0.24,University Of Hassan Ii Casablanca,0,closed,0
10.1016/j.nxmate.2026.102969,10.1016/j.nxmate.2026.102969,"Machine learning-accelerated inverse design of energy materials: A critical review of graph neural networks, physics-informed models, and generative AI for batteries, perovskite solar cells, and electrocatalysts",Next Materials,journal,2026-07-30,article,en,composition,,theory,0.0,Nnamdi Azikiwe University,0,gold,0
10.1088/1402-4896/ae8ecd,10.1088/1402-4896/ae8ecd,First-principles study of multifunctional organic molecule passivation on FAPbI 3 perovskite surface for enhanced stability and optoelectronic properties,Physica Scripta,journal,2026-07-30,article,en,defects,,theory,0.1818,Henan University Of Technology,0,closed,0
10.1002/anie.1678852,10.1002/anie.1678852,Molecular Tailoring of Self‐Assembled Monolayers Derived From Asymmetric Benzothienoindole for Efficient and Stable Inverted Perovskite Solar Cells and Modules,Angewandte Chemie International Edition,journal,2026-07-30,article,en,stability,scale_up,scale_up,0.0455,Jiangxi Normal University,0,closed,1
10.1002/solr.70434,10.1002/solr.70434,Beyond Exact Current Matching: Fabrication‐Tolerant Design of All‐Perovskite Tandem Solar Cells via Surrogate Modeling and Diode‐Based J – V Reconstruction,Solar RRL,journal,2026-07-30,article,en,architecture,,experimental,0.1935,University Of Tehran,0,closed,1
10.1007/s12596-026-03238-4,10.1007/s12596-026-03238-4,Advanced device engineering using WO₃/CBTS interfaces for lead-free perovskite solar cells,Journal of Optics,journal,2026-07-30,article,en,composition,,experimental,0.1,Madan Mohan Malaviya University Of Technology,0,closed,0
10.1002/solr.70447,10.1002/solr.70447,Boosting Carrier Transport in Carbon‐Based Hole‐Transport‐Layer‐Free Perovskite Solar Cells via 2D/3D Interfacial Structural Configuration,Solar RRL,journal,2026-07-30,article,en,stability,scale_up,experimental,0.0303,Jingdezhen Ceramic Institute,0,closed,1
10.1002/adma.74316,10.1002/adma.74316,Asymmetric Lamellar Templating of the Perovskite/C 60 Interface for Scalable Inverted Perovskite Photovoltaics,Advanced Materials,journal,2026-07-30,article,en,scale_up,,scale_up,0.1061,Gwangju,0,hybrid,1
10.1126/science.aeg1730,10.1126/science.aeg1730,Plasma surface engineering for efficient and stable perovskite solar cells and modules,Science,journal,2026-07-30,article,en,defects,scale_up,scale_up,0.1136,Of The People's Republic Of China,0,closed,1
10.1002/ange.1018855,10.1002/ange.1018855,Strengthened Charge‐Selective Perovskite/SAM Heterocontact for Efficient and Durable Perovskite Solar Cells via Interfacial Reconfiguration,Angewandte Chemie,journal,2026-07-30,article,en,interfaces,,experimental,0.12,East China Normal University,0,closed,0
10.1038/s41566-026-01979-z,10.1038/s41566-026-01979-z,Modulating p–n transition of two-dimensional perovskites for efficient and stable perovskite/Si tandem photovoltaics,Nature Photonics,journal,2026-07-30,article,en,architecture,,experimental,0.0968,Shanghai Jiao Tong University,0,closed,0
10.1007/s43939-026-00871-5,10.1007/s43939-026-00871-5,Numerical optimization and machine learning analysis of chalcogenide based perovskite solar cells via absorber layer engineering using SCAPS-1D,Discover Materials,journal,2026-07-30,article,en,interfaces,,theory,0.12,Jaypee,0,gold,0
10.1002/solr.70444,10.1002/solr.70444,Synergistic Enhancement of Efficiency and Stability in Triple‐Cation Perovskite Solar Cells via Optimal Cadmium Sulfide Quantum Dots Incorporation,Solar RRL,journal,2026-07-30,article,en,composition,defects,experimental,0.0833,Koç University,0,closed,0
10.1109/jphotov.2026.3714150,10.1109/jphotov.2026.3714150,Cs 2 PtI 6 Perovskite Solar Cells Reimagined: The Synergistic Role of MoS 2 Interlayer and Transport Layers Variability in Enhancing Performance,IEEE Journal of Photovoltaics,journal,2026-07-30,article,en,composition,,experimental,0.0333,Yıldız Technical University,0,closed,0
10.4028/p-v39noe,10.4028/p-v39noe,Numerical Modelling of a Perovskite Solar Cell: Optical and Electrical Properties,Key engineering materials,book series,2026-07-30,article,en,interfaces,,experimental,0.12,Mohamed I University,0,hybrid,0
10.1016/j.cocom.2026.e01414,10.1016/j.cocom.2026.e01414,Next-generation II–VI-based double perovskites A2CaB'O6 for high-efficiency solar cells and White-LEDs: Investigating ab initio electronic structure for enhanced optoelectronic performance,Computational Condensed Matter,journal,2026-07-30,article,en,composition,,theory,0.0,Université De Mostaganem,0,closed,0
10.1002/smll.74806,10.1002/smll.74806,PFN‐Br Modified Buried Interface Enhanced Charge Extraction in Inverted Wide‐Bandgap Perovskite Solar Cells,Small,journal,2026-07-30,article,en,interfaces,,experimental,0.24,Science And Technology,0,closed,1
10.1002/anie.1018855,10.1002/anie.1018855,Strengthened Charge‐Selective Perovskite/SAM Heterocontact for Efficient and Durable Perovskite Solar Cells via Interfacial Reconfiguration,Angewandte Chemie International Edition,journal,2026-07-30,article,en,interfaces,,experimental,0.12,East China Normal University,0,closed,1
10.1007/s12596-026-03157-4,10.1007/s12596-026-03157-4,"Exploring the structural, opto-electronic, mechanical responses of BaScO₂X (Br, Cl) oxyhalides for photovoltaics and solar energy conversion applications",Journal of Optics,journal,2026-07-30,article,en,composition,,experimental,0.0,Kohat University Of Science And Technology,0,closed,0
10.1002/ange.1678852,10.1002/ange.1678852,Molecular Tailoring of Self‐Assembled Monolayers Derived From Asymmetric Benzothienoindole for Efficient and Stable Inverted Perovskite Solar Cells and Modules,Angewandte Chemie,journal,2026-07-30,article,en,stability,scale_up,scale_up,0.0455,Jiangxi Normal University,0,closed,0
10.1126/science.aed8175,10.1126/science.aed8175,"n-Type polymer layers enable efficient, scalable, and thermally stable perovskite solar modules",Science,journal,2026-07-30,article,en,scale_up,stability,scale_up,0.1061,City University Of Hong Kong,0,closed,1
10.1002/adma.74416,10.1002/adma.74416,Ternary Cooperative Interface With Electronegative Phosphine Bridges Enables Efficient and Stable Inverted Perovskite Solar Cells,Advanced Materials,journal,2026-07-30,article,en,interfaces,,experimental,0.2,Nanjing Tech University,0,closed,1
10.4028/p-m3i0mf,10.4028/p-m3i0mf,"Structural, Electronic, and Optical Properties of Br-Substituted Halide Perovskite KGeBr3-xClx (x = 0, 1, 2, 3): A DFT Study",Key engineering materials,book series,2026-07-30,article,en,composition,,theory,0.0833,,0,hybrid,0
10.5281/zenodo.21698741,10.5281/zenodo.21698741,Eleven Core Constitutive Equations of Six-Dimensional Global Spin-Torsion Unified Framework,Zenodo (CERN European Organization for Nuclear Research),repository,2026-07-30,article,en,stability,,experimental,0.0152,,0,green,0
10.1002/adfm.77381,10.1002/adfm.77381,Carbonyl‐Mediated Hydrogen Bonding in Substituent‐Asymmetric Carbazole Phosphonic Acid Enables Robust Molecular Contacts in Blade‐Coated Inverted Perovskite Solar Cells,Advanced Functional Materials,journal,2026-07-30,article,en,stability,interfaces,experimental,0.0909,Zhejiang University,0,closed,0
10.1016/j.nxmate.2026.102787,10.1016/j.nxmate.2026.102787,"A validated hybrid transfer-matrix-method (TMM) and drift–diffusion (DD) solver for perovskite solar cells with Wentzel–Kramers–Brillouin (WKB) contact tunneling, traps, and mobile-ion effects",Next Materials,journal,2026-07-30,article,en,defects,,theory,0.0682,Military Technical College,0,gold,0
10.1007/s11696-026-05382-4,10.1007/s11696-026-05382-4,"First-principles study of photovoltaic and photocatalytic potential of Tl2NaMI6 (M = Sb, Bi) double perovskites",Chemical Papers,journal,2026-07-30,article,en,composition,,theory,0.0,University Of Science And Technology Bannu,0,closed,0
10.1021/acs.jpcc.6c01554,10.1021/acs.jpcc.6c01554,Microscopic Mechanism of Lattice Thermal Transport in All-Inorganic Perovskites CsSnBr3 and CsCaBr3: A First-Principles Study,The Journal of Physical Chemistry C,journal,2026-07-30,article,en,composition,,theory,0.0167,Chinese Academy Of Engineering,0,closed,0
10.1021/acsami.6c05331,10.1021/acsami.6c05331,Dual-Site Interface Passivation by Sulfur-Based Small Molecules for the Simultaneous Enhancement of Efficiency and Stability in Inverted Perovskite Solar Cells,ACS Applied Materials & Interfaces,journal,2026-07-30,article,en,defects,,experimental,0.1818,Jilin Normal University,0,closed,1
10.1021/acsnano.6c08922,10.1021/acsnano.6c08922,Impact of Perovskite Surface Termination Dependent Molecular Interaction on Interfacial Energetics and Phase Stability,ACS Nano,journal,2026-07-30,article,en,composition,,experimental,0.1,Sun Yat-sen University,0,closed,1
10.1021/acs.jpclett.6c01907,10.1021/acs.jpclett.6c01907,Regulating the Vacancy Chemical Environment to Accelerate Hole Transfer and Suppress Charge Recombination at the MAPbI3/NiO Interface: A Quantum Dynamics Study,The Journal of Physical Chemistry Letters,journal,2026-07-30,article,en,defects,,theory,0.2045,Inner Mongolia University,0,closed,1
10.1021/acsenergylett.6c00885,10.1021/acsenergylett.6c00885,Energy-Independent Barrier Strategy Stabilizes Proton-Irradiated Perovskite Solar Cells against Outgassing,ACS Energy Letters,journal,2026-07-30,article,en,stability,,experimental,0.0303,University Of Stuttgart,0,hybrid,0
10.1021/acsenergylett.6c01837,10.1021/acsenergylett.6c01837,Dynamic Stress and Strain Evolution and Engineering Strategies to Enhance Operational Durability in Perovskite Solar Cells,ACS Energy Letters,journal,2026-07-30,article,en,stability,defects,review,0.0909,University Of Alabama,0,closed,1
10.1016/j.cej.2026.180151,10.1016/j.cej.2026.180151,Molecular bridging at the buried interface enables defect passivation and enhanced charge transport in efficient n-i-p perovskite solar cells,Chemical Engineering Journal,journal,2026-07-31,article,en,defects,interfaces,experimental,0.2273,Wuhan University Of Technology,1,closed,0
10.1002/adma.74407,10.1002/adma.74407,Geometric Artifacts in Time‐of‐Flight Mobility Measurements of Perovskite Single Crystals,Advanced Materials,journal,2026-07-31,article,en,composition,,experimental,0.0,University Of North Carolina At Chapel Hill,1,closed,0
10.1002/adom.202503386,10.1002/adom.202503386,Composition Engineering‐Induced Phase Transition and Nonlinear Bandgap Behavior of Tin‐Lead Mixed Perovskites for Near‐Infrared Light‐Emitting Diodes,Advanced Optical Materials,journal,2026-07-31,article,en,composition,,experimental,0.05,Collaborative Innovation Center Of Advanced Microstructures,1,closed,0
10.5281/zenodo.21198849,10.5281/zenodo.21198849,Eleven Core Constitutive Equations of Six-Dimensional Global Spin-Torsion Unified Framework,Zenodo (CERN European Organization for Nuclear Research),repository,2026-07-31,article,en,stability,,experimental,0.0152,,0,green,0
10.1016/j.solmat.2026.114597,10.1016/j.solmat.2026.114597,Computational and experimental evaluation of bismuth modification in CsPbX3 (X = I− or Br−): Impact on structural and optical properties,Solar Energy Materials and Solar Cells,journal,2026-07-31,article,en,composition,,theory,0.0333,Universidade Federal Do Rio Grande Do Norte,0,hybrid,1
10.1134/s1063782626601317,10.1134/s1063782626601317,Synergistic Optimization of Charge Transport Layers for High-Efficiency Pb-Free CsSnI3 Perovskite Solar Cells,Semiconductors,journal,2026-07-31,article,en,interfaces,,theory,0.16,Yancheng,0,closed,0
10.5281/zenodo.21719729,10.5281/zenodo.21719729,"# ""SOLAR-ELECTRIC MOBILITY FOR SUSTAINABLE CITIES: A Comprehensive Framework for Design Optimization, Performance Analysis, Energy Management, and Environmental Impact Assessment of Solar-Powered Electric Vehicles"" ---",Zenodo (CERN European Organization for Nuclear Research),repository,2026-07-31,preprint,en,stability,,theory,0.1061,Public Health Dayton & Montgomery County,0,green,1
10.1002/gch2.70135,10.1002/gch2.70135,"Just Transition Toward Clean Energy Access With Focus on Lead‐Based Perovskite Solar Cell Technology: Lessons, Experiences, and Future Perspectives",Global Challenges,journal,2026-07-31,article,en,composition,,review,0.0,Egerton University,0,gold,0
10.1142/s0217979226502280,10.1142/s0217979226502280,Pressure-driven lattice stiffening and thermodynamic stability in hybrid lead halide perovskites: A unified DFT–EOS–machine learning study,International Journal of Modern Physics B,journal,2026-07-31,article,en,composition,,theory,0.0333,Bansal,0,closed,0
10.1142/s0217984926501939,10.1142/s0217984926501939,"A first-principles study on the structural, optoelectronic, thermoelectric, elastic and thermodynamic functionality of lead-free direct bandgap double perovskites Rb 2 LiIrX 6 (X = Cl/Br)",Modern Physics Letters B,journal,2026-07-31,article,en,,,,,Twitter (united States),0,closed,0
10.5281/zenodo.21719728,10.5281/zenodo.21719728,"# ""SOLAR-ELECTRIC MOBILITY FOR SUSTAINABLE CITIES: A Comprehensive Framework for Design Optimization, Performance Analysis, Energy Management, and Environmental Impact Assessment of Solar-Powered Electric Vehicles"" ---",Zenodo (CERN European Organization for Nuclear Research),repository,2026-07-31,preprint,en,stability,,theory,0.1061,Public Health Dayton & Montgomery County,0,green,1
10.1038/s41566-026-01972-6,10.1038/s41566-026-01972-6,Stable low-dimensional perovskitoids for high-performance all-perovskite tandem solar cells,Nature Photonics,journal,2026-07-31,article,en,architecture,,experimental,0.1935,,0,closed,0
10.33003/fjs-2026-1012-5665,10.33003/fjs-2026-1012-5665,Influence of Thermal Energy and Electronic Structure on the Refractive Index and Extinction Coefficient of MAPbI3 Perovskite Solar Cell Materials,FUDMA Journal of Sciences,journal,2026-07-31,article,en,stability,,experimental,0.0303,Yobe State University,0,diamond,0
10.5281/zenodo.21716031,10.5281/zenodo.21716031,Eleven Core Constitutive Equations of Six-Dimensional Global Spin-Torsion Unified Framework,Zenodo (CERN European Organization for Nuclear Research),repository,2026-07-31,article,en,stability,,experimental,0.0152,,0,green,0
10.1002/advs.76977,10.1002/advs.76977,Suppressing Morphological and Energetic Disorder in Copper Antimony Sulfide‐based Hole‐Transporting Materials via Ligand–Precursor Engineering for Efficient and Stable Perovskite Solar Cells,Advanced Science,journal,2026-07-31,article,en,stability,,experimental,0.0455,Karamanoğlu Mehmetbey University,0,gold,0
10.1002/adfm.77427,10.1002/adfm.77427,A Vapor‐Assisted Repair Strategy for Printing Durable and Reproducible Perovskite Photovoltaics,Advanced Functional Materials,journal,2026-07-31,article,en,stability,scale_up,scale_up,0.0455,Nanchang University,0,closed,0
10.1016/j.physb.2026.419154,10.1016/j.physb.2026.419154,SCAPS-1D simulation and data-driven optimization of lead-free FASnI3/Sb2S3 dual-absorber perovskite solar cells,Physica B Condensed Matter,journal,2026-07-31,article,en,composition,,theory,0.1,Nanjing University Of Posts And Telecommunications,0,closed,0
10.1002/adma.74382,10.1002/adma.74382,Resolving Nanoscale Heterogeneities in Lead Halide Perovskites Through Low‐Dose Concurrent 4D‐STEM‐EDX Mapping,Advanced Materials,journal,2026-07-31,article,en,composition,,experimental,0.0667,Diamond Light Source,0,hybrid,1
10.1134/s1063782626601226,10.1134/s1063782626601226,Impact of Inorganic Hole Transport Layers on the Efficiency of Tin-Based Perovskite Solar Cells: a Simulation Study,Semiconductors,journal,2026-07-31,article,en,interfaces,,theory,0.2,Marwadi University,0,closed,0
10.1002/gch2.70125,10.1002/gch2.70125,"Environmental Impacts of Perovskite Solar Cell Materials: Transparency and Reproducibility Gaps, and Reporting Recommendations",Global Challenges,journal,2026-07-31,article,en,scale_up,,experimental,0.0606,Université De Bordeaux,0,gold,0
10.1002/adom.71544,10.1002/adom.71544,"Transcending the Speed‐Detectivity Trade‐Off via Self‐Powered, Lead‐Free Pyroelectric Germanium Perovskite Photodetectors",Advanced Optical Materials,journal,2026-07-31,article,en,composition,,experimental,0.0167,National Tsing Hua University,0,closed,0
10.1002/smll.74999,10.1002/smll.74999,Bisphosphonate Self‐Assembled Molecules Enhance Anchoring Strength and Perovskite Passivation Toward High‐Efficiency Perovskite/Silicon Tandem Solar Cells,Small,journal,2026-07-31,article,en,interfaces,,experimental,0.2,Soochow University,0,closed,1
10.1016/j.jallcom.2026.190178,10.1016/j.jallcom.2026.190178,"A3Sb2X9-based perovskites in optoelectronics device: Progress, challenges and opportunities",Journal of Alloys and Compounds,journal,2026-07-31,article,en,composition,,experimental,0.0,University Of Shanghai For Science And Technology,0,closed,0
10.1002/adfm.77486,10.1002/adfm.77486,Recent Advancing Progress of Inverted Perovskite Solar Cells Through Functional Buried Interface Engineering,Advanced Functional Materials,journal,2026-07-31,article,en,interfaces,,review,0.24,Soochow University,0,closed,1
10.1134/s1063783426600949,10.1134/s1063783426600949,B-Site Engineering in Terbium-Based Perovskites: Unveiling TbRuO3 and TbOsO3 for High-Performance Optoelectronics—A DFT Study,Physics of the Solid State,journal,2026-07-31,article,en,composition,,theory,0.0333,Northwest University,0,diamond,0
luminescencia inducida por radiaci n uv y emisi n de par en perovskitas basadas en srcoo|rani,,Luminescencia inducida por radiación UV y emisión de PAR en perovskitas basadas en SrCoO₃,Magazine Portal Bibliotech Digital (Universidad Nacional de Colombia),repository,2026-07-31,article,en,composition,,experimental,0.0,Lovely Professional University,0,green,0
propiedades pticas y estructurales de pel culas de perovskita bazno3 preparadas mediante el m todo de deposici n qu mica en ba o para aplicaciones en semiconductores|mohammed,,PROPIEDADES ÓPTICAS Y ESTRUCTURALES DE PELÍCULAS DE PEROVSKITA BaZnO3 PREPARADAS MEDIANTE EL MÉTODO DE DEPOSICIÓN QUÍMICA EN BAÑO PARA APLICACIONES EN SEMICONDUCTORES,Magazine Portal Bibliotech Digital (Universidad Nacional de Colombia),repository,2026-07-31,article,en,composition,,experimental,0.0,,0,green,0
10.1021/acsenergylett.6c01489,10.1021/acsenergylett.6c01489,Proton Transfer Complex-Confined Self-Assembled Monolayer for Thermally Stable Inverted Perovskite Solar Cells,ACS Energy Letters,journal,2026-07-31,article,en,interfaces,,experimental,0.28,Northwestern Polytechnical University,0,closed,1
